Year	Ordinance No.	Preprocessed Title	SDGs
2016	002-2016	approv temporari closur use various road citi baguio panagbenga festiv	11
2016	003-2016	approv use remain balanc account code no budget baguio citi fire station payment arrear water bill amount	
2016	004-2016	approv request innov market event waiver amus tax elev electron music festiv park lot baguio convent center march	
2016	005-2016	approv request waltrix product ovat product waiver amus tax waiver fee instal market collater materi issuanc special permit concert boyc avenu univers baguio gym februari	
2016	006-2016	approv request concoct bar resto exempt payment amus tax event entitl concoct present franco featur rise nation artist auto bike show baguio convent center februari	
2016	007-2016	approv request dmd memoir event organ suppli specialist exempt payment amus tax citi fee free use baguio convent center music drama popepular pa ano kung pinoy si kiko januari	
2016	008-2016	approv request team lakay tap team inc exempt payment amus tax free use baguio convent center mix martial art mma event februari	
2016	009-2016	realign amount project rehabilit riprap interior regidor molinta resid latus resid annual invest plan aip construct public comfort room basement old barangay hall pacdal barangay baguio citi	11
2016	010-2016	realign amount project rehabilit flood control along balili river local develop fund citi baguio construct propos main sewer line connect purok lower magsaysay barangay baguio citi	11
2016	011-2016	approv request hilltop assembl god exempt payment amus tax free use baguio convent center breakthrough concert novemb subject condit	
2016	012-2016	approv request car baguio german shepherd dog club incorpor exempt payment amus tax free use melvin jone burnham park baguio citi venu rd landesgruppen dog show april	
2016	013-2016	author supplement budget involv amount nineti million two hundr sixti thousand peso augment develop invest prioriti project citi baguio	
2016	014-2016	establish inaugur institut june foundat day baguio citi nation high school appropri fund centenni celebr purpos	
2016	016-2016	transfer fund citi environ park manag offic	
2016	017-2016	chang project titl construct overpass supplement budget citi baguio fiscal year ordin number seri read follow rehabilit repair citi hall bcpo overpass amount	11
2016	018-2016	environment code citi baguio	11, 12, 13, 15
2016	019-2016	transfer fund sangguniang panlungsod citi council	
2016	020-2016	repeal ordin number seri measur integr thereto purpos adopt new sport incent ordin citi baguio	
2016	021-2016	institution baguio veteran assist fund provid implement guidelin therefor	1, 10
2016	023-2016	realign amount project rehabilit retain wall road protect fenc annual invest plan aip construct barangay evacu center upper floor flea market build new lucban barangay baguio citi	11
2016	024-2016	chang project titl cover shade sk ground annual invest program aip fenc sk ground poliw barangay baguio citi amount	
2016	025-2016	chang project titl rehabilit drainag besid dacanay resid annual invest plan citi baguio rehabilit drainag besid dacanay resid pass resid purok padr burgo barangay baguio citi amount	11
2016	026-2016	chang project titl construct cover court annual invest plan aip citi baguio improv multipurpos hall quezon hill proper barangay gate rail quezon hill proper baguio citi amount	11
2016	027-2016	chang project titl eros control project along purok justic villag construct canal purok ii near refuerzo resid bakakeng nort sur amount bakakeng nort sur barangay baguio citi rehabilit flood control rehabilit flood control construct wait shed liteng pacdal amount pacdal barangay baguio citi supplement annual invest plan aip citi baguio	11
2016	028-2016	realign amount project instal sewerlin purok supplement annual invest plan aip continu construct barangay multi purpos hall san antonio villag barangay baguio citi	6
2016	028-2016	chang locat project construct cbao build supplement annual invest plan aip citi baguio ceo motorpool compound dps compound barangay amount	11
2016	030-2016	approv merger project improv alley block amount supplement annual invest plan aip project construct pathway block amount annual invest program project construct cover canal block amount middl quirino hill barangay baguio citi	
2016	031-2016	approv request baguio act one product free use baguio convent center free use stage rehears exempt payment amus tax music entitl parabl lost sheep held juli subject condit	
2016	032-2016	transfer fund citi human resourc manag offic	
2016	033-2016	approv request citi legal offic total amount repres payment fuel consumpt period august novemb oblig budget fuel oil lubric expens account code no citi legal offic	
2016	034-2016	author charg various amount appropri earmark posit remain unfil citi build architectur offic	
2016	035-2016	author charg current appropri earmark personnel benefit account code no amount payment magna carta benefit retir employe last citi health servic offic	
2016	036-2016	approv request innov market event exempt payment amus tax free use baguio convent center ground baguio citi venu bright night danc music festiv decemb subject condit	
2016	037-2016	approv request sonni product exempt payment amus tax ticket sale citi baguio cosponsor ms baguio pageant septemb	
2016	038-2016	transfer fund offic civil registri	
2016	039-2016	approv request baguio krayonz product event exempt payment amus tax waiver rental fee baguio convent center baguio citi venu astig ako go lang ng go battl champ season august per report recommend sangguniang panlungsod committe appropri financ rd indors date august	
2016	040-2016	transfer fund offic citi librari	
2016	041-2016	approv request hilltop assembl god exempt payment amus tax free use baguio convent center baguio citi venu breakthrough concert novemb per report recommend sangguniang panlungsod committe tourism special event park playground rd indors date august	
2016	042-2016	approv author charg various account current appropri sangguniang panlungsod citi council payment termin leav salari wage regular personnel econom relief allow year end bonus late citi vice mayor daniel fariña	8
2016	043-2016	approv request hotel restaur associ baguio hrab relat hold th annual hotel restaur tourism week	8
2016	044-2016	approv request ghana bergano foundat incorpor exempt payment amus tax free use baguio convent center citi baguio cosponsor instrumento iii novemb	
2016	045-2016	approv author charg various account current appropri payment loyalti benefit termin leav commut retir employe last citi health servic offic	
2016	047-2016	chang project titl continu drainag canal belview purok annual invest plan citi baguio rehabilit damag drainag canal belview near erod road opposit mrs conchita garcia resid purok irisan barangay baguio citi amount	11
2016	048-2016	realign amount project titl construct roof wash area day care center annual invest plan citi baguio instal electr wire construct cabinet day care center multipurpos hall kitchen lourd subdivis extens barangay baguio citi	4
2016	049-2016	realign amount project construct livelihood center baguio citi annual invest plan appropri amount project partit local histori area citi librari baguio citi	8
2016	050-2016	transfer fund citi health servic offic	
2016	051-2016	realign amount account code train expens account code travel expens foreign citi social welfar develop offic	
2016	052-2016	approv request baguio act one product citi govern baguio cosponsor event baguio act one annual choir competit exempt payment amus tax	
2016	053-2016	amend section ordin number seri honor centenarian citi baguio	
2016	055-2016	transfer fund offic citi prosecutor	16
2016	056-2016	transfer fund veterinari offic	
2016	057-2016	approv various request sarcell product event includ exempt payment amus tax citi govern baguio cosponsor jump joy opportun busi success event held easter colleg gym baguio citi novemb	
2016	058-2016	realign amount project construct second floor livelihood center build supplement annual invest plan appropri amount project repair renov dizon manzanillo multi purpos hall baguio citi dizon manzanillo subdivis barangay baguio citi	8
2016	059-2016	transfer fund various account baguio citi polic offic	
2016	060-2016	approv request baguio act one product inc free use baguio convent center exempt payment amus tax music show parabl lost sheep subject condit	
2016	061-2016	amend ordin number seri amend certain provis ordin number ordin control regul tree cut provid fee penalti violat thereof	15
2016	063-2016	adopt revis comprehens zone regul citi baguio otherwis known comprehens zone ordin citi baguio provid administr enforc amend thereof repeal ordin conflict therewith	11
2016	064-2016	chang project titl locat road improv hilario boleyley purita teodoro purok upper pinget road improv hilario boleyley purita teodoro purok upper pinget supplement annual invest plan aip citi baguio amount pinget barangay baguio citi	11
2016	065-2016	transfer fund offic citi prosecutor	16
2016	072-2016	author annual budget citi baguio fiscal year total amount one billion seven hundr seventi six million two hundr thirteen thousand one hundr forti seven peso cover various expenditur oper citi govern baguio fiscal year appropri necessari fund purpos	
2017	001-2017	grant amnesti relief penalti fine surcharg interest arrear delinqu real properti taxpay baguio citi	
2017	002-2017	closur panagbenga grand open parad drum lyre competit feb	
2017	002-A-2017	closur burnham lake drive juan luna drive jan mar baguio bloom event	
2017	002-B-2017	venu use let thousand flower bloom famili program feb	
2017	002-C-2017	road closur event setup feb street parad sponsor booth	
2017	002-D-2017	closur road use melvin jone ground feb panagbenga float parad	11
2017	002-E-2017	closur session road adjac road booth exhibit feb mar	11
2017	002-F-2017	temporari bus rerout baguio convent center feb	
2017	002-G-2017	use wright park mar poni boy day contest program	
2017	002-H-2017	use various park athlet bowl panagbenga close mar	
2017	003-2017	amend ordin no seri updat permit inspect secur oper rule hotel board hous dormitori tenement unit	
2017	004-2017	establish search best child friend polic station baguio includ mechan criteria fund guidelin	16
2017	006-2017	approv request citi social welfar develop offic purchas commut van relief servic oper	
2017	007-2017	chang aip project titl construct wait shed tanod outpost mercuri street upper quezon hill	11
2017	008-2017	prohibit inter municip puj pick passeng within baguio citi design jeepney rout	11
2017	009-2017	author charg cover suppli expens offic municip trial court citi	16
2017	011-2017	mandat cctv instal busi establish prerequisit obtain busi permit	16
2017	012-2017	author citi administr offic charg unpaid telephon bill cash incent honoraria current appropri	
2017	013-2017	prohibit discrimin enforc equal law without discrimin base religion ethnic sexual orient gender ident health status disabl age provid penalti program combat stigma	5, 10, 16
2017	015-2017	transfer appropri mainten oper expens environ sanitari servic haul citi garbag monitor condit	11, 12
2017	016-2017	requir food establish offer half rice portion half price promot rice conserv reduc food wastag	12
2017	017-2017	approv temporari closur juan luna drive day product fair organ citi social welfar develop offic	8
2017	018-2017	exempt mr eliseo cabusao jr environment code conduct exploratori bore possibl excav monitor share term	13
2017	019-2017	approv citi co sponsorship israel philippin festiv april author use melvin jone amus tax exempt suspens number code guest	
2017	020-2017	creat salari grade plantilla item citi environ park manag offic pollut control duti	11
2017	021-2017	creat salari grade plantilla item citi civil registri offic supervis examin certif court represent duti	
2017	022-2017	approv request citi social welfar develop offic day period extens ongo product fair march april without extens	
2017	023-2017	prohibit imperson misrepresent use reserv space pwds senior citizen public privat establish baguio impos fine set implement mechan	10
2017	024-2017	establish citywid annual event recogn differ abl person set date activ fund alloc lgu budget	10
2017	025-2017	institution format baguio senior citizen cooper establish pharmaci conveni store set monitor implement guidelin	
2017	026-2017	mandat public display sign inform pwds discount vat exempt entitl ra provid penalti non complianc	10
2017	027-2017	realign fund road garden construct improv multipurpos hall pinget barangay aip	
2017	028-2017	realign irisan tourism park fund improv mini park purok irisan due unimpl site project	11
2017	029-2017	chang titl focus project aip construct sewer line purok purok	6
2017	030-2017	chang project titl senior citizen offic daycar construct daycar center senior citizen offic phase aip	
2017	031-2017	amend aip realign complet multi purpos hall instead children park project	
2017	031-A-2017	chang prior realign project ord no complet multi purpos hall imelda marco barangay use fund	
2017	032-2017	realign cy aip project guard hous compact cypress construct guard hous compact st patrick hous open space purok upper irisan	11
2017	033-2017	approv free use athlet bowl amus tax exempt baguio summer car show festiv may	
2017	034-2017	prohibit use sale distribut advertis cigarett tobacco product certain place impos penalti amend ordin no	3
2017	036-2017	approv free use baguio convent center amus tax exempt concert benefit czhryrus dave saura child stage lymphoma	
2017	037-2017	author charg train represent medicin expens consult servic iso accredit citi health servic offic	
2017	038-2017	revert previous motor vehicl repair oblig realloc purchas new cargo truck crane citi engin offic	
2017	039-2017	author charg termin leav account salari save retir resign citi health servic employe	
2017	040-2017	author fund transport per diem accommod citi health offic deleg attend hiv train quezon citi	3
2017	041-2017	approv fee waiver special busi permit particip st nms care deaf festiv held cap auditorium may	10
2017	042-2017	declar right patient includ access care inform consent privaci medic record visit grievanc system prescrib penalti implement rule	3
2017	043-2017	establish first week june citi environ week defin committe activ fund recognit guidelin	11, 13, 15
2017	044-2017	amend ordin no seri exempt bhws bnss bnao bhrao pay polic medic mayor clearanc fee offici person purpos	3
2017	045-2017	approv day vehicular closur portion gibraltar road safeti construct communiti review	11
2017	047-2017	mandat barangay creat pwd desk committe prescrib duti structur penalti monitor guidelin	10
2017	048-2017	approv reassign medicin subscript train expens cy payment	
2017	049-2017	realign origin alloc craft product center five barangay project involv repair construct cover open ground	
2017	050-2017	approv day road closur morn star street pavement rehabilit prescrib safeti coordin requir	11
2017	051-2017	realign origin alloc craft product center five barangay project involv repair construct cover open ground	
2017	052-2017	realign aip improv canal improv turn point purok malaya dominican mirador barangay	
2017	053-2017	transfer salari wage overtim pay sangguniang panlungsod employe	8
2017	055-2017	ban unauthor public convey vehicl colorum empow local polic defin penalti	11
2017	056-2017	author water expens citi general servic offic charg current appropri	
2017	057-2017	approv tax delinqu waiver school site name late prudencio rimando	
2017	058-2017	state fund sourc continu capit outlay commut van purchas ordin no seri	
2017	060-2017	financi assist displac resid marawi citi baguio citi drrm fund	10
2017	062-2017	requir public privat school teach non teach personnel baguio undergo regular disast risk reduct train	13
2017	063-2017	chang aip project titl construct dap ay roof cover dap ay purok gibraltar barangay	11
2017	064-2017	chang titl various barangay project construct multipurpos barangay hall bid purpos	
2017	065-2017	chang project titl roof school quadrangl roof walkway roxa nation high school imelda marco barangay	
2017	066-2017	correct cy budget entri electr partial payment npc own lot baguio sewerag treatment plant locat	6
2017	067-2017	revert continu develop fund general fund realloc slope repair road project various barangay	11
2017	068-2017	requir higher educ institut baguio maintain annual campus secur report prescrib data polici review process	4
2017	069-2017	requir secur guard offic consult baguio undergo local train emerg respons traffic control crime report	
2017	070-2017	chang aip project titl improv barangay view deck construct tanod outpost view deck middl quirino hill barangay	
2017	071-2017	author payment step increment zone inspector ii virgilio tumayan person servic salari wage budget	8
2017	072-2017	author charg salari wage account decemb payment general servic offic	8
2017	073-2017	realign sewer line instal cover pathwalk project andrada tandoc fernandez area	
2017	074-2017	realign drainag along yarcia soriano resid drainag near maricel de leon resid	
2017	075-2017	realign erod pathway near esican resid rehabilit alley upper liteng	11
2017	076-2017	chang project titl cy aip continu drainag canal jame paraan resid joel palangeo resid continu pathway jame paraan resid joel palangeo resid camp barangay fund develop fund	
2017	077-2017	approv gratuiti pay qualifi job order contract servic worker servic	8
2017	080-2017	approv discount amus tax co sponsorship firework display venu use condit septemb event	
2017	081-2017	realign cy aip continu pathway gutter mr esteban mallari resid continu cross drainag canal gutter front resid purok irisan barangay	
2017	082-2017	approv exempt amus tax ticket sale pre pageant sept grand coron night sept miss baguio organ sonni product part citi th charter anniversari	
2017	083-2017	author transfer print expens insur vehicl repair citi veterinari offic	
2017	084-2017	approv tax exempt ticket sale th season hip hop competit caus held august	
2017	086-2017	approv co sponsorship tax exempt discount car club event beneficiari babi aki hero de los santo	
2017	087-2017	transfer fund build repair consult sanitari plumb audit comfort room refurbish	6
2017	088-2017	author payment fuel consumpt novemb citi general servic offic use budget	
2017	089-2017	realign fund machineri repair pay auto insur new vehicl civil registri offic	
2017	090-2017	chang aip titl road drainag concret tire path gumangan road	
2017	091-2017	transfer fund copper street extens road project instead pavement multi purpos hall	11
2017	092-2017	transfer mercuri street road canal project riprap canal bronz street	11
2017	093-2017	chang aip project titl open concret canal riprap concret canal bronz street upper quezon hill barangay	11
2017	094-2017	chang aip project titl drainag system magsaysay avenu rehabilit improv waterway camda barangay	
2017	095-2017	chang aip project titl complet forest nurseri develop forest nurseri ambuklao road	15
2017	100-2017	revert train expens travel expens pay cswdo particip sent bangkok train	
2017	101-2017	revert project id rehabilit pavement upper rock quarri barangay	
2017	102-2017	chang aip project titl repair drainag sewer repair drainag canal citi camp central barangay	
2017	103-2017	chang aip project titl cover canal gladiola st rehabilit drainag canal camella st	
2017	104-2017	chang aip project titl claudio lms denr calderon street lms denr	
2017	105-2017	approv temporari closur session road assumpt road octob univers baguio halloween parad event	
2017	106-2017	grant month salari equival minimum welfar assist citi offici employe includ job order contract base length servic condit	8
2017	108-2017	realign cy develop fund pathway rehabilit purok pathway rehabilit purok citi camp central barangay	
2017	109-2017	realign drainag canal rail orchid street purok drainag canal cherri blossom street purok cy aip	
2017	110-2017	realign cy aip screen along tributari go citi camp lagoon improv various drainag canal lower rock quarri	
2017	111-2017	realign cy aip road improv roxa casiwen pia road extens improv	
2017	112-2017	realign cy aip slope protect purok drainag system rehabilit purok west modernsit	
2017	113-2017	amend cy aip project titl repaint rewir first floor ceil improv day care center pacdal barangay	
2017	114-2017	correct project locat claridad road concret upper magsaysay lower magsaysay base citi engin offic verif	11
2017	115-2017	approv transfer salari budget termin leav benefit late councilor roberto ortega	
2017	116-2017	realign across various equip account augment motor vehicl purchas citi prosecutor budget	16
2017	117-2017	transfer fuel oil lubric expens repair mainten transport equip build bcpo	
2017	118-2017	realign drainag rehabilit construct evacu center multipurpos hall ferdinand barangay	11
2017	119-2017	realign amount project titl improv alley step mr medina resid mr ilagan resid purok calendar year annual inves program improv alley step alley canal cervania resid abello resid purok citi camp proper barangay baguio citi	11
2017	121-2017	chang titl road san carlo height elementari school road purok go san carlo height elem school	
2017	122-2017	transfer sewer canal project phase two construct sidewalk along manriqu street	
2017	123-2017	realign drug medicin transport repair activ suppli citi health servic offic	3
2017	124-2017	realign motor vehicl account support transport need citi assessor offic	
2017	125-2017	realign foot bridg pathway rail evelyn lalu resid concret pathway inc compound san lui villag	
2017	126-2017	realign pathway ferrer bolido resid rehabilit road camacho resid downward magnolia alley san lui villag	
2017	127-2017	realign road construct cosalan compound rehabilit dilapid road near carreon resid purok jasmin road san lui villag	11
2017	129-2017	amend ordin no chang titl transfer fund citi health servic offic iso consult expens	
2017	130-2017	realign canal mang usan awingan resid continu drainag canal bryan lonogan ben oredina camp barangay	
2017	131-2017	realign rehabilit deepwel ferguson cross purchas instal cctvs andr bonifacio barangay	
2017	132-2017	realign amount project titl construct cover court stage front barangay multi purpos hall annual invest program citi baguio project titl declog canal andr bonifacio barangay andr bonifacio barangay baguio citi	11
2018	002-2018	ordin approv temporari closur use various road rout victori liner buse celebr panagbenga festiv subject condit	
2018	003-2018	ordin mandat funer parlor citi baguio employ femal embalm mortician perform duti accord sex deceas	5
2018	004-2018	ordin realign amount project addit fund construct barangay multi purpos hall san antonio villag construct drainag canal marianito montano hilario caccam san antonio barangay baguio citi	11
2018	005-2018	ordin realign amount project rehabilit sewerlin along ganzon alley gayot resid cervant resid construct rehabilit sewerlin road locat micael street old forestri compound engin hill barangay baguio citi	6
2018	006-2018	ordin realign amount project titl construct roof stage within cover court fund calendar year annual invest program construct roof canopi exist cover court partial baguio central elementari school baguio citi	
2018	007-2018	ordin realign amount project titl continu rehabilit sewer line purok fermin resid rey resid calendar year annual invest program restor slope protect near barangay hall east bayan park barangay baguio citi	6
2018	008-2018	ordin realign amount project titl continu construct improv alley stairway lead north sanitari camp calendar year annual invest program improv stairway back barangay hall leonila hill west bayan park barangay baguio citi	11
2018	009-2018	ordin realign amount project titl repair renov dizon manzanillo multi purpos hall ordin number seri continu multi purpos hall build dizon manzanillo subdivis barangay baguio citi	11
2018	010-2018	ordin chang project titl concret kenneth pucdo road near gasic resid locat monticello fund calendar year annual invest program amount concret road near fiscal lagdao resid locat monticello camp barangay baguio citi	
2018	011-2018	ordin realign amount project titl continu drainag canal maskit resid creek barangay calendar year annual invest program riprap widen pathway georg tabek georg chao wil resid lopito nabulay pio masegman resid bontoc villag camp barangay baguio citi	
2018	012-2018	ordin approv request author charg current appropri earmark overtim night pay account code amount payment overtim render concern employe period novemb decemb sangguniang panlungsod	
2018	013-2019	ordin approv temporari closur vehicular traffic session road rotunda mabini street junction front philippin nation bank jollibe immedi float parad februari midnight march conduct session road bloom part celebr panagbenga festiv subject condit set ordin number seri	11
2018	014-2018	ordin chang project titl rehabilit polic villag main road lead san carlo elementari school locat purok fund calendar year annual invest program amount rehabilit feeder road polic villag main road go locat purok irisan barangay baguio citi	
2018	015-2018	ordin approv request author charg current appropri amount payment unpaid telephon expens internet subscript expens year baguio citi fire station	
2018	016-2018	ordin approv creation posit tourism oper assist sg offic administr citi govern baguio includ qualif standard duti respons salari person servic expenditur	8
2018	017-2018	ordin approv creation posit sport develop offic iv sg offic administr citi govern baguio includ qualif standard duti respons salari person servic expenditur	
2018	018-2018	ordin amend section ordin number seri approv temporari closur use various road rout victori liner buse celebr panagbenga festiv subject condit	
2018	019-2018	ordin realign amount project titl improv roadsid park near polic station calendar year supplement annual invest program concret road woodsgat phase ii mbca metropolitan baptist church camp barangay baguio citi	11
2018	020-2018	ordin approv request author charg current appropri amount account code number account code number payment subsist allow travel allow personnel citi social welfar develop offic	
2018	021-2018	ordin prohibit gender base street public space harass baguio citi prescrib penalti thereof purpos	5
2018	022-2018	ordin establish lactat breastfeed station workplac citi govern public offic busi establish mall famili orient busi citi baguio	3
2018	023-2018	ordin amend ordin number seri amend ordin number seri set curfew hour minor roam play street road plaza park public place establish baguio citi provid purpos	16
2018	024-2018	ordin realign amount project titl roadsid improv garden cepmo annual invest program specif roadsid improv project salud mitra lower magsaysay session governor pack road baguio citi	
2018	026-2018	ordin realign amount project titl road improv pia road extens ordin number seri construct drainag canal cover sarok camp barangay baguio citi	11
2018	027-2018	ordin amend ordin number seri clean air ordin citi baguio includ provis account offens pollut vehicl shall reset year not count accumul consider normal wear tear vehicl beyond control motorist	3, 11, 13
2018	031-2018	ordin realign amount project titl construct drainag canal cover mrs dominga oyagon mrs maria uyan resid locat tapinao annual invest program rehabilit exist pathway jennif puddunan resid purok loakan apugan barangay baguio citi	
2018	032-2018	ordin approv creation posit local disast risk reduct manag offic iv sg citi disast risk reduct manag offic citi govern baguio includ qualif standard duti respons salari person servic expenditur	13
2018	033-2018	ordin approv request origin inc discount amus tax rental fee cosponsorship citi govern baguio set ten food stall ten non food stall event fightcon overdr held march baguio athlet bowl	
2018	034-2018	ordin realign amount project fund annual invest plan cover court construct baguio citi nation high school rizal annex gibraltar barangay construct rizal nation high school two storey classroom gibraltar	
2018	035-2018	ordin institution conduct urban farmer month celebr everi may everi year citi baguio provid fund therefor	2
2018	036-2018	ordin govern conduct participatori legisl citi baguio provid guidelin public involv legisl propos mechan public summit consult stakehold engag ordin defin term outlin process invit accredit group establish particip strategi requir collat util public input legisl report also set account measur non complianc	16
2018	037-2018	ordin realign amount save project construct rillera build supplement annual budget instal roof rillera build block iii block iii block iv block iv tobacco section second hand proper section citi market baguio citi	
2018	038-2018	ordin grant discount sigma beta soror payment amus tax event traffic jam rush hour held februari subject condit organ shall submit financi report certif justif show beneficiari cordillera women educ action research center receiv share event proceed	
2018	039-2018	ordin approv request author charg various expenditur appropri general servic offic includ	
2018	040-2018	ordin realign amount project continu main drainag canal creek line calendar year annual invest plan project complet multi purpos cover court santo rosario valley barangay baguio citi	
2018	042-2018	ordin approv temporari closur road san roqu villag barangay baguio citi vehicular traffic implement rehabilit repair	11
2018	043-2018	ordin adopt use energi save technolog renew energi instal use citi govern own build facil park road overpass govern project citi baguio	7
2018	044-2018	ordin declar unlaw person make caus excess unnecessari unusu loud sound audio devic within residenti area public street baguio citi especi specif exempt penalti implement guidelin	
2018	045-2018	ordin approv request charg current appropri repair mainten transport equip account code amount full payment repair mainten govern vehicl bear plate no sjv sangguniang panlungsod citi council	
2018	046-2018	ordin realign amount project titl improv dap ay bontoc villag annual invest program improv dap ay beam wall continu dap ay improv roof camp barangay baguio citi	
2018	047-2018	ordin approv request charg current appropri citi plan develop offic represent expens account code payment addit cost meal serv citi develop council meet held novemb	
2018	048-2018	ordin approv request charg current appropri citi human resourc manag offic amount suppli materi expens prize cover cost two plaqu cash award not includ oblig submiss	
2018	050-2018	ordin realign amount project construct joaquin smith nation high school pta offic calendar year annual invest plan project roof school stage joaquin smith nation high school	
2018	051-2018	ordin realign amount project complet polic outpost legarda road corner citi camp alley calendar year annual invest plan repaint intern extern barangay hall barangay cover court citi camp proper barangay baguio citi	
2018	052-2018	ordin chang project titl open road concret canal penafiel resid dela cruz resid riprap annual invest program amount open road rip rap muyarga resid penafiel resid upper quezon hill barangay baguio citi	11
2018	053-2018	ordin institution search best perform barangay citi baguio provid guidelin purpos	16
2018	054-2018	ordin approv request author charg current appropri citi build architectur offic amount earmark mainten oper expens account code payment cost cloth materi use tinatik art christma tree	
2018	055-2018	ordin approv request charg current appropri offic citi assessor amount earmark retir gratuiti account code cover cash incent mr lui ortencio retir effect januari render year govern servic	
2018	056-2018	ordin realign amount project improv drainag sidewalk main road general lim street annual invest plan concret dilapid portion general lim street burnham legarda barangay baguio citi follow recommend barangay citi engin offic	
2018	057-2018	ordin chang project titl rehabilit wash road caus typhoon lando purok kalkalan besid mr bagar resid annual invest plan rehabilit road purok kalkalan pinsao project barangay baguio citi retain fund sourc citi disast risk reduct manag fund	13
2018	058-2018	ordin chang project titl construct box culvert cross drain avillanosa resid miguel resid purok annual invest plan improv drainag canal purok irisan barangay baguio citi total alloc fund develop fund	
2018	059-2018	ordin approv temporari closur sotero laurel street corner upper general luna road corner upper bonifacio street vehicular traffic dismantl tower crane goshen land tower april subject condit includ routin traffic manag altern rout signag coordin polic barangay offici	11
2018	060-2018	ordin declar institution st friday decemb everi year employe summit citi govern baguio provid fund thereof purpos	
2018	061-2018	ordin approv request author charg current appropri citi legal offic amount earmark print public expens account code payment publish summon public civil case no philippin daili inquir issu novemb	16
2018	062-2018	ordin approv request author charg appropri offic clerk court municip trial court citi amount earmark represent expens account code augment defici oblig request year	16
2018	063-2018	ordin amend section ordin number seri citi baguio approv temporari closur sotero laurel street corner upper general luna road sotero laurel corner upper bonifacio street vehicular traffic dismantl tower crane goshen land tower locat along upper general luna road baguio citi	11
2018	064-2018	ordin approv request author charg sum appropri citi build architectur offic cbao earmark salari wage regular account code payment salari month decemb termin leav engr framar degay former engin civil engin thereat	
2018	065-2018	ordin declar interior road happi home old lucban baguio citi one way flow vehicular passag entri point along magsaysay avenu front lucban elementari school exit point along magsaysay avenu front eleg hotel provid penalti violat thereof	11
2018	066-2018	ordin approv request charg appropri citi treasuri offic subscript expens account code cover cost newspap subscript request citi treasur recommend approv committe appropri financ	
2018	067-2018	ordin realign amount project construct drainag canal cover sarok camp barangay ordin no seri improv road drainag canal amistad still within camp barangay baguio citi fund	
2018	068-2018	ordin realign amount project rehabilit drainag time transit termin annual invest plan new project rehabilit canal cover along makati locat slaughter hous compound sto niño barangay baguio citi	
2018	069-2018	ordin support conduct extens medic servic exclus women disabl appropri fund thereof	3, 5, 10
2018	070-2018	ordin realign amount project site develop engin sanitari landfil esl purchas develop integr solid wast dispos site calendar year annual invest plan improv dairi farm transfer station dairi farm depart agricultur barangay dontogan baguio citi	11, 12
2018	072-2018	ordin approv request author charg current appropri citi budget offic earmark salari wage regular account code amount payment unoblig salari period may mr dant rotor	
2018	074-2018	ordin realign fund annual invest plan amount project titl rehabilit drainag canal slope protect along adiwang road purok rehabilit drainag canal grate purok tello street dontogan barangay baguio citi	
2018	075-2018	ordin disallow grant exempt outright deni applic except varianc non conform use commerci institut build relat park lot requir within central busi district area citi baguio set guidelin implement articl viii ordin number seri	11
2018	076-2018	ordin requir busi owner oper citi baguio instal reflector tape eye catch marker glass door glass panel busi establish purpos public safeti provid fine violat thereof	11
2018	077-2018	ordin amend ordin number seri ordin regul oper recreat vehicl burnham park fix rate therefor provid purpos amend	
2018	079-2018	ordin approv request author charg amount appropri citi engin offic earmark salari wage account code payment termin leav benefit personnel benefit mr napoleon ocampo sr former labor ii thereat	8
2018	080-2018	ordin approv transfer fund amount citi disast risk reduct manag offic appropri earmark repair mainten transport equip account code augment fund insur expens account code	13
2018	081-2018	ordin amend titl section ordin number seri approv request author charg current appropri citi budget offic earmark salari wage regular account code amount payment unoblig salari period march mr dant rotor	
2018	082-2018	ordin approv request author charg amount current appropri citi build architectur offic earmark salari wage account code payment employ share various benefit engr framar degay former engin	
2018	083-2018	ordin amend section ordin number seri approv request author charg various expenditur appropri general servic offic	
2018	084-2018	ordin approv transfer fund amount citi civil registri offic appropri earmark general servic account code repair mainten transport equip account code use purchas tire servic vehicl	
2018	085-2018	ordin approv request author charg amount appropri citi veterinari offic earmark repair mainten machineri equip account code defray payment repair submers deep well pump	
2018	086-2018	ordin chang project titl open continu road right way iron street go copper street annual invest plan amount continu road copper street extens iron street upper quezon hill barangay baguio citi	11
2018	087-2018	ordin amend section section ordin number seri honor centenarian citi baguio amend	
2018	088-2018	ordin chang project titl rehabilit elpidio quirino elementari school cover court room includ septic tank fund annual invest plan amount rehabilit elpidio quirino elementari school cover court comfort room includ septic tank irisan barangay baguio citi	
2018	090-2018	ordin chang project titl improv senior citizen hall annual invest plan amount senior citizen comfort room sto niño slaughterhous compound barangay baguio citi	
2018	091-2018	ordin chang project titl construct barangay multi purpos hall annual invest plan amount improv barangay multi purpos build citi camp proper barangay baguio citi	11
2018	092-2018	ordin approv request ccc event product relat event dream maymay entrata edward barber concert live baguio held septemb univers baguio cardin gym baguio citi includ waiver amus tax amount instal fee market collater approv issuanc special permit	
2018	093-2018	ordin chang project titl open continu road right way iron street go copper street annual invest plan amount continu road copper street extens iron street upper quezon hill barangay baguio citi	11
2018	094-2018	ordin chang project titl construct day care center senior citizen offic fund annual invest plan amount improv basketbal court padr burgo barangay baguio citi	
2018	095-2018	ordin approv transfer fund amount municip trial court citi offic clerk court appropri earmark travel expens account code represent expens account code	16
2018	096-2018	ordin approv transfer fund amount offic sangguniang panlungsod current appropri earmark advertis expens account code repair mainten build structur account code author disburs new account	
2018	097-2018	ordin approv request author charg total amount current appropri citi build architectur offic earmark consult servic account code payment suppli instal christma light rose garden amount yuletid lantern along central busi district road amount account code	
2018	098-2018	ordin approv request author charg amount baguio convent center trust fund account code payment salari seven employe job order status citi offic administr	8
2018	099-2018	ordin provid local addit assist solo parent children citi baguio includ discount essenti good servic train program death benefit creation barangay solo parent assist desk penalti non complianc falsif	1, 5, 10
2018	100-2018	ordin chang project titl road improv annual invest plan amount continu road improv purok near awingan resid irisan barangay baguio citi	11
2018	102-2018	ordin grant mortuari assist bereav famili deceas incumb elect appoint barangay offici citi baguio includ monetari benefit process procedur via special servic divis fund provis elig term exclus base caus death requir documentari submiss	10
2018	103-2018	ordin realign amount project rehabilit canal time transit front canaria resid main canal annual invest plan rehabilit canal locat purok makati slaughter hous compound sto niño barangay baguio citi	
2018	105-2018	ordin grant amnesti electr connect victim calam citi baguio includ waiver build permit requir affect structur previous connect electr servic condon fee submiss certifi document altern inspect provis exclud commerci build jurid entiti	11
2018	107-2018	ordin realign amount project concret cement canal front ellen dayag resid purok citi disast risk reduct manag fund concret cover canal joanna adangla lui resid purok upper pinget pinget barangay	13
2018	108-2018	ordin realign amount project rehabilit sewerlin urbano street first road palma second road palma annual invest plan rout sewerlin urbano corner palma card bank palma urbano barangay baguio citi	6
2018	109-2018	ordin realign project concret cement riprap road near basketbal court purok lower pinget riprap basketbal court wall adjac senior citizen garden purok pinget barangay baguio citi	11
2018	110-2018	ordin grant exempt payment amus tax hotel restaur associ baguio hrab event mr ms hrab pre pageant septemb mr ms hrab coron night octob venu various competit octob octob th annual hotel restaur tourism week celebr baguio citi	8
2018	113-2018	ordin approv request waltrix product viva live inc jfq resourc inc relat event jadin revolut live baguio held octob univers baguio gymnasium baguio citi includ citi govern co sponsorship waiver amus tax amount waiver instal fee market collater issuanc special permit	
2018	115-2018	ordin chang project titl improv road drainag canal amistad ordin number seri construct canal cover amistad camp barangay baguio citi fund amount develop fund	11
2018	117-2018	ordin chang name social develop center balenben irisan baguio citi bahay pag asa former social develop center appropri gender sensit build improv complianc republ act provid standard accredit requir separ repeal claus effect provis local govern code	5
2018	121-2018	ordin temporari closur side session road portion assumpt road octob conduct rd karkarna ti rabii halloween parad	
2018	122-2018	ordinanceinstitution last week may everi year nation data privaci awar week citi baguio provid fund purpos	16
2018	123-2018	ordinanceinstitution local govern support brigada eskwela citi baguio particip program activ resourc alloc use facil personnel support fund public school mainten work	4
2018	124-2018	ordin approv request charg current appropri citi engin offic account code purchas thirti piec spark plug	
2018	125-2018	ordin approv transfer fund current appropri citi environ park manag offic amount tax duti licens account code consult servic account code payment incur expens conduct emiss inventori greenhous gas inventori	
2018	126-2018	ordin approv transfer fund offic citi administr bureau jail manag penolog femal male dormitori amount specifi expenditur current oper capit outlay account	16
2018	127-2018	ordin approv transfer fund current appropri citi social welfar develop offic amount train expens account code travel expens foreign account code registr fee transport expens particip th recoveri symposium hanoi vietnam	10
2018	128-2018	ordin institution everi month novemb everi year baguio citi creativ art festiv provid fund thereof purpos	
2018	128-2018	ordin institution everi month novemb everi year baguio citi creativ art festiv provid fund thereof purpos	
2018	129-2018	ordin requir privat public establish provid basic life support servic employ personnel train cardiopulmonari resuscit cpr administ cpr autom extern defibril a event emerg respect establish	3
2018	130-2018	ordin approv request charg current appropri sangguniang panlungsod earmark termin leav benefit account code amount salari wage regular account code amount payment termin leav benefit salari period septemb ms eme puno former administr aid iii util worker ii casual	8
2018	131-2018	ordin realign amount project construct canal anthoni maskit juliet caban nag resid bontoc villag citi disast risk reduct manag fund construct drainag canal langit resid lorenzo resid purok camp barangay baguio citi	13
2018	132-2018	ordin realign amount project construct alley urdhi upper qm annual invest plan construct malaya road infront malaya multi purpos hall tabiando resid dominican mirador barangay baguio citi	11
2018	134-2018	ordin realign amount project construct improv pathway purok annual invest plan rehabilit road purok panta san vicent barangay baguio citi	
2018	135-2018	ordin realign amount project road widen lagoon area annual invest plan improv lourd subdivis extens cover court lourd subdivis extens barangay baguio citi	
2018	136-2018	ordin declar th day juli everi year high urban citi agricultur fisheri council hucafc foundat day citi baguio	2
2018	137-2018	ordin approv seven percent tax incent gross receipt cinema admiss fee cinema hous oper citi baguio provid free movi admiss senior citizen person disabl pwds monday friday first screen last screen	
2018	138-2018	ordin realign fund offic suppli suppli materi expens advertis expens prize palarong pambarangay mainten oper expens citi mayor offic	
2018	139-2018	ordin approv transfer fund amount advertis expens account code fuel oil lubric expens account code mainten oper expens sangguniang panlungsod author disburs said account	
2018	140-2018	ordin approv transfer fund amount current appropri citi mayor offic earmark salari wage regular account code termin leav benefit account code payment termin leav benefit mr ryan dale mangusan	8
2018	141-2018	ordin approv transfer fund amount current appropri citi build architectur offic earmark salari wage regular account code overtim night pay account code payment overtim render various personnel plumb electr carpentri work dominican hill intern creativ citi construct christma tree rose garden burnham park	
2018	142-2018	ordin prohibit load unload station public util servic vehicl within perimet citi hall citi baguio provid penalti declar polici design temporari locat affect rout author citi depart formul implement guidelin	11
2018	143-2018	ordin approv transfer fund amount current appropri offic citi administr earmark salari wage regular account code retir gratuiti account code payment retir benefit mr benedicto alhambra former supervis tourism oper offic	8
2018	144-2018	ordin approv transfer fund amount current appropri school divis baguio citi depart educ cordillera administr region earmark repair mainten transport equip account code electr expens account code payment electr bill said offic	
2018	145-2018	ordin approv transfer fund total amount current appropri citi social welfar develop offic earmark salari wage regular account code overtim night pay account code amount termin leav benefit account code amount payment overtim pay render various personnel retir benefit employe retir said offic	8
2018	146-2018	ordin approv request charg baguio convent center trust fund account code payment salari seven employe job order status offic citi administr assign mainten upkeep support activ baguio convent center temporari ctseo oper athlet bowl	8
2018	147-2018	ordin approv request realign fund amount electr expens account code fuel oil lubric expens account code author charg loyalti benefit personnel current appropri personnel benefit account code citi engin offic	
2018	148-2018	ordin amend section ordin number seri author charg current appropri offic citi administr cover salari termin leav retir benefit mr benedicto alhambra includ amount account code	
2018	149-2018	ordin author annual budget citi baguio fiscal year total amount two billion one hundr seventi nine million five hundr thousand peso cover various expenditur oper citi govern baguio appropri necessari fund purpos	
2018	150-2018	ordin approv transfer fund amount electr expens account code water expens account code current appropri offic citi administr author disburs said account	
2018	151-2018	ordin approv request charg addit amount overtim night pay account code appropri earmark unfil posit salari wage regular account code citi build architectur offic overtim servic render fabric instal christma decor	8
2019	001-2019	ordin realign total amount project repair exist comfort room baguio citi nation high school rizal annex annual invest plan project construct rizal nation high school two storey classroom gibraltar barangay baguio citi	4, 6
2019	002-2019	ordin realign amount project improv barangay multipurpos hall local develop fund improv barangay multi purpos hall transfer kitchen demolit partit wall imelda villag barangay baguio citi	11
2019	003-2019	mandat construct compani constructor conduct busi within territori limit citi baguio provid independ construct safeti offic construct project site ensur complianc safeti standard requir law	8
2019	004-2019	ordin realign amount project construct drainag canal celeno resid go veteran compound calendar year supplement budget construct drainag canal padilla resid yade resid purok camp henri allen barangay baguio citi	11
2019	005-2019	ordin realign amount project construct pwd senior citizen ramp go multipurpos hall local develop fund improv function hall rd floor barangay hall upper rock quarri barangay baguio citi	11
2019	006-2019	ordin realign amount project repair collaps retain wall stairway bakakeng nation high school citi disast risk reduct manag fund restor improv erod fall alley purok bakakeng nort sur barangay baguio citi	13
2019	007-2019	ordin realign total amount two project local develop fund improv main road beyond miguel resid alic rosario resid go purok irisan barangay baguio citi	11
2019	008-2019	ordin realign amount project construct canal anthoni maskit juliet caban nag resid bontoc villag citi disast risk reduct manag fund construct drainag canal langit resid lorenzo resid purok camp barangay baguio citi	13
2019	009-2019	ordin realign amount project rehabilit pathway lao ang cario resid develop fund rehabilit road front jane tiong liteng pacdal barangay baguio citi	11
2019	010-2019	ordin chang project titl reloc water tank construct tank base multi purpos hall instal water tank multi purpos hall east bayan park barangay baguio citi	
2019	011-2019	ordin realign amount project construct evacu center second floor multipurpos hall phase local develop fund road widen lagoon area lourd subdivis extens barangay baguio citi	11
2019	012-2019	ordin chang project titl instal wait area asin health center capit outlay calendar year amount complet roof asin health center citi health offic baguio citi	3
2019	013-2019	ordin institution period octob everi year nation week overcom extrem poverti nwoep citi baguio creat committe purpos appropri fund therefor	1
2019	014-2019	ordin realign amount project addit fund rehabilit pta offic joaquin smith nation high school local develop fund construct stage roof joaquin smith nation high school asin road baguio citi	
2019	015-2019	ordin chang project titl continu sewerlin porta vaga go post offic rehabilit sewerlin ersao restaur porta vaga area session governor pack road barangay baguio citi construct rehabilit sewerlin purok lacsamana resid basketbal court purok rimando resid construct rehabilit sewerlin purok lacsamana resid basketbal court dps compound barangay baguio citi amount respect local develop fund	
2019	016-2019	provid guidelin implement assist individu crisi situat aic citi baguio	1
2019	017-2019	ordin chang project titl construct canal copper street soriano resid exist natur hole drainag put rail copper street extens front soriano resid drrm trust fund amount rehabilit natur sinkhol drainag purok upper quezon hill barangay baguio citi	11
2019	018-2019	ordin provid speed limit kind motor vehicl within territori jurisdict citi baguio provid penalti violat thereof collect road crash data appropri fund purpos	11
2019	019-2019	requir build owner establish park area owner manag alloc portion park space motorcycl bicycl	11
2019	020-2019	ordin realign amount project continu multi purpos hall san antonio villag local develop fund continu drainag canal along marianito montano caccam area purok san antonio villag baguio citi	11
2019	021-2019	ordin approv temporari closur use various road rout victori liner buse celebr panagbenga festiv subject condit	
2019	022-2019	ordin approv request author charg current appropri baguio citi polic offic amount earmark award reward expens account code	16
2019	023-2019	ordin chang project titl instal new sewerlin clement resid dep ed purok purok militari cut develop fund amount instal new sewerlin wagner road cross dep ed militari cut militari cut barangay baguio citi	
2019	024-2019	ordin approv request author charg current appropri citi build architectur offic total amount hazard pay account code overtim night pay account code payment personnel servic month decemb said offic	8
2019	025-2019	ordin revert general fund amount lump sum continu appropri earmark various project develop fund appropri fund various prioriti project certifi urgent citi engin	
2019	026-2019	ordin approv request author charg current appropri salari wage regular account code citi assessor offic amount payment termin leav benefit personnel benefit mr emmanuel valencia mr graciano gonzal	8
2019	027-2019	ordin chang titl continu improv pathway wait shed along purok develop fund amount improv pathway omel resid soliba resid along purok poliw barangay baguio citi	
2019	028-2019	ordin approv request author charg current appropri travel expens account code municip trial court citi first judici region baguio citi amount reimburs travel expens honor judg clarita casuga tabin	
2019	029-2019	ordin amend section ordin number seri provid retir benefit integr barangay tanod ibt shall two thousand peso everi year servic fund part annual budget baguio citi polic offic	
2019	030-2019	ordin realign amount project rehabilit de clog drainag canal purok multi purpos hall local disast risk reduct manag fund de clog canal improv alley purok sta escolastica villag barangay baguio citi	13
2019	031-2019	ordin realign amount project construct propos barangay satellit market purok besid new multi purpos hall local develop fund construct riprap within identifi playlot holi ghost extens barangay baguio citi	8
2019	032-2019	ordin chang project titl improv pathway purok along kolodzik lead marquez resid develop fund amount improv drainag canal purok along kolodzik lead marquez resid imelda villag barangay baguio citi	
2019	033-2019	ordin realign amount project restor erod riprap along dama de noch alley infront gorosp resid purok develop fund rehabilit dama de noch alley upper barangay baguio citi	11
2019	034-2019	ordin approv request author charg current appropri offic sangguniang panlungsod earmark fuel oil lubric expens account code amount payment gasolin fuel expens month decemb	
2019	035-2019	ordin chang project titl improv canal cover box culvert across miguel resid bilayon resid along purok develop fund amount improv canal grate bilayon resid pomay resid along purok poliw barangay baguio citi	
2019	036-2019	ordin chang project titl continu road copper street extens front nabutel resid nelia dizon resid go dela cruz resid iron street develop fund amount open pathway iron street copper street upper quezon hill barangay baguio citi	11
2019	037-2019	ordin chang project titl cover drainag canal locat purok tangco gatchalian frontag purok estepa lim resid pump station bridg boundari annual invest program amount cover canal purok sta escolastica villag barangay baguio citi	11
2019	038-2019	ordin chang project titl concret tire path connect purok purok near luke gomeyac resid develop fund amount improv pathway purok purok irisan barangay baguio citi	
2019	039-2019	ordin approv request waltrix product ekg product relat event sarah live held may univers baguio gym baguio citi	
2019	040-2019	ordin approv request author charg current appropri salari wage regular account code citi treasuri offic total amount payment salari differenti mr policarpio tamayo local treasuri oper offic iv said offic	8
2019	041-2019	ordin approv request author charg current appropri fuel oil lubric expens account code citi health servic offic amount payment gasolin consumpt month septemb decemb	
2019	042-2019	transfer fund citi human resourc manag offic	
2019	043-2019	realign total amount project construct tanod outpost amount construct senior citizen hall amount local develop fund construct tanod outpost dizon manzanillo subdivis barangay baguio citi	11
2019	044-2019	realign amount project construct comfort room basketbal court playground local develop fund construct extens retain wall drainag canal henrico apartell build manuel resid maya street	11
2019	045-2019	approv request author charg amount current appropri citi general servic offic personnel benefit account code payment salari benefit adjust mr pio lampac	
2019	046-2019	realign amount project construct comfort room block block adjac outpost develop fund continu unfinish comfort room basketbal court west quirino hill barangay baguio citi	11
2019	048-2019	ordin number seri creat public employ servic offic baguio citi	8
2019	049-2019	prohibit regul use mobil devic distract devic item walk cross street sidewalk citi baguio	11
2019	050-2019	enact code general ordin citi baguio	
2019	051-2019	approv request util unexpend capit outlay calendar year citi budget offic amount purchas one motor vehicl pursuant dilg mc no amend	
2019	052-2019	approv request author charg amount current appropri citi general servic offic account code overtim night pay payment overtim night differenti pay employe said offic decemb	
2019	053-2019	revert amount continu appropri earmark project develop fund appropri fund various prioriti project certifi urgent citi engin	
2019	054-2019	approv request author charg amount baguio convent center trust fund account code payment salari job order employe citi administr offic	8
2019	055-2019	approv request author charg amount current appropri citi environ park manag offic account code hazard pay payment hazard pay employe decemb author transfer fund amount account code tax duti licens account code insur expens payment motor vehicl insur	
2019	056-2019	revert general fund amount oblig account no obr no appropri fund propos electr rewir citi hall build	11
2019	057-2019	transfer fund citi veterinari offic repair mainten account construct corral structur	
2019	058-2019	transfer fund citi social welfar develop offic payment termin leav benefit former employe	
2019	059-2019	approv request profil entertain product inc pep relat event search mister miss summer capit pageant held august cap build camp john hay baguio citi	
2019	060-2019	approv temporari closur session road vehicular traffic use conduct one communiti outreach program held juli	
2019	061-2019	realign amount project improv day care center ordin number seri construct build extens back day care center pacdal barangay baguio citi	
2019	062-2019	approv request author charg disburs total amount current appropri sangguniang panlungsod account code year end bonus amount account code cash gift amount payment th month pay cash gift mr rhoy delo santo period januari novemb	
2019	063-2019	revert general fund amount oblig account no obr no appropri amount fund project replac bust citi streetlight light emit diod led streetlight various barangay citi baguio	11
2019	064-2019	approv request megajb film exempt payment amus tax digit movi entitl bugso	
2019	065-2019	approv closur session road vehicular traffic four sunday upon approv thereof subject condit	
2019	066-2019	realign amount project construct talipapa purok militari cut barangay local develop fund concret road wagner road purok militari cut barangay baguio citi	11
2019	067-2019	realign amount project construct concret pathway soledad kipong resid georg cayumba resid purok local develop fund continu cover canal includ pathway rail daniel tabek nabulay resid camp barangay baguio citi	11
2019	068-2019	realign amount project restor erod road shoulder near arac pat resid sitio luba disast risk reduct manag fund repair restor erod riprap near mateo magno resid upper apugan sto toma central school area barangay baguio citi	13
2019	069-2019	realign amount project construct slope protect besid road near edwin kelli resid sitio bili local develop fund continu restor erod road shoulder near salao resid sto toma central school area barangay baguio citi	11
2019	070-2019	approv request author charg amount current appropri citi build architectur offic account code km chang oil ford ecosport slh	
2019	071-2019	approv request author charg amount current appropri citi health servic offic account code cover payment gasolin consumpt septemb decemb	
2019	072-2019	approv request charg amount citi disast risk reduct fund complet payment contract award rianella print press	
2019	073-2019	approv request charg amount current appropri citi health servic offic profici test program water test laboratori year	
2019	074-2019	transfer fund municip trial court citi fuel oil lubric account subscript offic suppli expens	
2019	076-2019	amend section ordin no seri move linggo ng kabataan observ week august line intern youth day	
2019	077-2019	revert general fund surplus appropri cash award nonagenarian baguio citi	
2019	078-2019	realign cement barangay road purok improv multi purpos court purok cabinet hill teacher camp barangay	
2019	079-2019	realign repair rehabilit slope protect rehabilit riprap road purok bakakeng nort sur barangay	11
2019	080-2019	realign improv alley balacbac interior construct canal atab near lekyang resid sto toma proper barangay	11
2019	081-2019	institution mangan taku let eat cordillera food festiv everi second week april part sumvac summer vacat activ citi baguio	8
2019	082-2019	revert general fund surplus appropri instal sewerlin tobishima line pagaduan eateri slaughter hous compound	6
2019	083-2019	transfer fund citi librari offic subscript expens account travel expens account local train seminar	
2019	084-2019	amend ordin number seri honor centenarian citi baguio amend ordin number seri	
2019	085-2019	approv request hotel restaur associ baguio hrab exempt payment amus tax design event septemb octob	
2019	086-2019	hire servic filipino sign languag interpret aid constitu hear impair public citi govern event	10
2019	087-2019	institution everi th day august everi year intern day world indigen peopl citi baguio make annual activ citi govern baguio creat committe purpos appropri fund therefor	10
2019	088-2019	revert general fund amount appropri road repair project purok kia maligcong villag pinsao pilot barangay	11
2019	089-2019	approv request util unexpend capit outlay cy citi engin offic amount purchas four servic vehicl	
2019	090-2019	chang project titl develop fund construct various pathway continu long span pathway atok trail barangay baguio citi	
2019	091-2019	chang project titl road protect widen disast risk reduct manag fund amount construct canal spillway upper atok trail rehabilit drainag along barangay road near camcam resid atok trail barangay baguio citi	13
2019	092-2019	realign amount project instal fenc gate frontag senior citizen build develop fund rehabilit sewerlin quinto alley magalong resid upto castro resid engin hill baguio citi	11
2019	093-2019	realign amount project continu drainag canal badua bustard resid disast risk reduct manag fund construct instal box culvert locat bridg purok hillsid barangay baguio citi	13
2019	094-2019	realign amount project eros control riprap erod soil locat barangay park disast risk reduct manag fund rehabilit communiti water system north sanitari camp barangay baguio citi	13
2019	095-2019	approv extens closur session road vehicular traffic everi sunday decemb upon approv thereof subject condit set forth ordin number seri	
2019	096-2019	approv free use athlet bowl zen summit event fun run keep go run mental health subject condit	3
2019	097-2019	transfer citi legal offic mainten oper expens travel expens local	
2019	098-2019	prescrib guidelin accredit mobil protect communiti disast volunt provid fund thereof	13
2019	099-2019	transfer fund citi account offic train expens repair mainten transport equip due insuffici fund	
2019	100-2019	alloc citi drrm quick respons fund financi assist earthquak stricken municip mindanao	13
2019	101-2019	grant financi assist provinc batan charg drrm fund refer code citi govern baguio	13
2019	102-2019	revert surplus account general fund amount oblig account no salari wage regular citi mayor offic appropri amount cover peac order program differ barangay citi baguio	8
2019	103-2019	realign amount project continu barangay multi purpos hall annual invest program concret pathway sector greenwat villag barangay baguio citi	
2019	104-2019	transfer fund citi veterinari offic salari wage regular overtim night pay cover employe benefit	8
2019	105-2019	transfer fund citi engin offic augment settl current prior year person servic expens includ termin leav benefit	
2019	106-2019	transfer fund citi environ park manag offic	
2019	107-2019	approv request procur one servic vehicl amount account code no motor vehicl citi environ park manag offic	
2019	108-2019	approv request youth unit world uw intern exempt payment amus tax event hamon benefit concert decemb univers baguio gym	
2019	109-2019	approv temporari closur road vehicular traffic start north drive lane session road junction magsaysay avenu one lane harrison road adjac melvin jone grandstand jose abad santo drive baguio athlet bowl includ closur vehicular park baguio athlet bowl conduct saint loui univers th lantern parad decemb pm afternoon parad end	11
2019	110-2019	transfer fund citi treasuri offic	
2019	112-2019	amend ordin number seri rehabilit sewerlin quinto alley engin hill barangay magalong resid upto castro resid chang name implement offic citi build architectur offic citi environ park manag offic	11
2019	113-2019	chang project titl continu improv excav multi purpos hall senior citizen barangay irisan lot locat purok improv driveway road connect senior citizen build purok develop fund amount irisan barangay baguio citi	11
2019	114-2019	transfer fund offic citi administr	
2019	115-2019	transfer fund citi engin offic	
2019	118-2019	revert general fund amount reappropri amount fund complet project rehabilit slope protect drainag sto toma central barangay baguio citi	11
2019	120-2019	transfer fund citi human resourc manag offic	
2019	121-2019	transfer fund citi budget offic	
2019	122-2019	amend ordin number seri requir polici first come first serv public transact provid penalti violat	16
2019	123-2019	alloc amount citi disast risk reduct manag quick respons fund assist relief fund provinc apayao victim typhoon quiel ramon	13
2019	124-2019	alloc amount citi disast risk reduct manag quick respons fund assist relief fund provinc cagayan victim typhoon quiel ramon	13
2019	125-2019	transfer fund offic sangguniang panlungsod	
2020	002-2020	approv request charg baguio convent center trust fund salari seven administr aid job order status	8
2020	003-2020	approv payment step increment differenti four employe solid wast manag divis appropri citi general servic offic	8
2020	004-2020	approv use save vehicl purchas addit fund two motor vehicl cbao	
2020	005-2020	approv temporari closur use various road panagbenga festiv	
2020	006-2020	amend section ordin number seri specifi share fund senior pwds proport sector popul	1, 10
2020	007-2020	grant financi assist relief fund eight municip batanga affect taal volcano erupt	13
2020	008-2020	prohibit sale wet wipe similar babi product harm ingredi establish citi baguio	3, 12
2020	009-2020	chang project titl construct sewer line purok fermin rey resid annual invest plan amount construct sewerlin east bayan park barangay portion brookspoint barangay east bayan park barangay baguio citi	
2020	010-2020	approv payment termin leav benefit personnel benefit atti juliet sapl imperi citi legal offic salari budget	
2020	011-2020	temporari closur session road vehicular traffic four consecut sunday februari subject traffic air qualiti report	
2020	012-2020	youth class ordin citi baguio	
2020	013-2020	approv charg citi build architectur offic overtim night pay addit person servic	
2020	014-2020	approv charg salari budget loyalti incent award year servic ms eliza orduña	
2020	015-2020	revert general fund reappropri addit requir baguio host cordillera administr region athlet associ caraa meet	
2020	016-2020	approv schedul market valu land citi baguio prepar submit citi assessor includ market valu build machineri special class properti stagger implement real properti tax increas adjust factor base lot configur distanc use repeal prior inconsist ordin	
2020	017-2020	realign amount project demolit old magsaysay build construct collaps park along magsaysay avenu amend annual invest plan construct new satellit market gibraltar barangay baguio citi	11
2020	018-2020	grant financi assist relief fund amount citi disast risk reduct manag quick respons fund municip laurel provinc batanga	13
2020	019-2020	amend section ordin number seri reflect revis schedul activ road closur panagbenga festiv present baguio flower festiv foundat inc	11
2020	020-2020	amend ordin number seri chang approv amount procur one servic vehicl citi environ park manag offic	
2020	021-2020	requir wholesal agricultur crop dispos agricultur refus sourc point origin defin penalti design citi market divis citi treasur offic enforc agenc	11, 12
2020	022-2020	regul oper health bodybuild club physic fit center aerob slim salon gym citi baguio provid penalti violat thereof	3
2020	023-2020	approv transfer fund amount depart educ car divis baguio citi aip code capit outlay purchas water tank caraa billet school	4
2020	024-2020	chang project titl rehabilit aurora hill proper multi purpos hall annual invest plan continu improv nd floor aurora hill proper multi purpos build	
2020	025-2020	chang project titl complet multi purpos cover court annual invest plan continu multi purpos cover court sto rosario valley barangay	11
2020	026-2020	requir person secur written certif barangay requir commenc major roadway construct reconstruct lay util line water pipe line public improv project	
2020	027-2020	ordin prohibit park vehicl immacul concept street within south central aurora hill barangay baguio citi	11
2020	028-2020	amend ordin number seri reflect correct amount salari administr aid iii util worker ii sg job order status offic citi administr	8
2020	029-2020	realign amount project repair improv barangay road sarok near herminia pascua aip improv road drainag canal kalinga pelota camp barangay baguio citi	11
2020	030-2020	approv request author charg amount appropri citi disast risk reduct manag offic payment pldt bill cover august decemb	
2020	031-2020	approv request author charg total amount appropri citi librari offic account code salari wage regular amount account code retir life insur premium amount payment salari increment govern servic insur system premium respect ms may joyc dulnuan	8
2020	032-2020	realign amount project construct pathway aronchay resid oredina resid purok annual invest plan continu pathway anayasan resid tallongen resid purok camp barangay baguio citi	
2020	033-2020	approv request author charg total amount appropri bureau fire protect baguio citi fire station account code water expens amount electr expens amount payment util incur	
2020	034-2020	realign amount save project construct rehabilit sewerlin road locat micael street old forestri compound annual invest plan construct rehabilit sewer line engin hill barangay baguio citi	
2020	035-2020	regul chew spit betel quid moma public place sell moma product minor citi baguio impos penalti violat thereof provid fund therefor purpos	3
2020	036-2020	septag manag ordin citi baguio establish comprehens septag manag system cover design construct collect transport treatment guidelin format citi septag manag board duti servic provid stakehold penalti fund	6
2020	037-2020	revert general fund total amount charg mainten oper expens citi veterinari agricultur offic reappropri capit outlay improv meat inspect offic hog corral anim health servic offic	2
2020	038-2020	approv request citi build architectur offic util capit outlay continu appropri purchas motor vehicl said offic	11
2020	039-2020	revert general fund amount save reappropri amount measur program citi govern baguio deal corona virus diseas covid crisi citi baguio	3
2020	040-2020	appropri amount bayanihan grant citi municip corona virus diseas covid relat program project activ citi baguio	3
2020	043-2020	alloc certain amount citi govern baguio anti covid fund insur premium barangay frontlin includ tanod bhert servic unit recognit critic role pandem	3
2020	044-2020	penal act discrimin commit person affect covid includ medic personnel health worker essenti worker baguio citi fine penalti ensur safe space encourag transpar contact trace health aid	3
2020	045-2020	mandat wear face mask person within territori jurisdict baguio citi threat coronavirus diseas covid complet elimin declar state public health emerg provid penalti violat thereof	3
2020	046-2020	impos physic distanc activ citi baguio	3
2020	047-2020	revert general fund amount oblig number appropri fund project continu improv various drainag canal lower rock quarri	
2020	048-2020	realign total amount project construct canal front rueda resid hancock resid cross drainag tiptop riprap erod road siapno phase ii besid buenavista resid annual invest plan project construct canal front rueda resid hancock resid pacdal barangay baguio citi	11
2020	050-2020	revert general fund unutil amount project rehabilit pavement lexber height subdivis road amount annual invest plan reappropri amount project continu rehabilit pavement lexber height subdivis road camp barangay baguio citi	
2020	051-2020	approv request author charg total amount appropri citi engin offic ceo account code termin leav benefit amount account code personnel benefit amount payment termin leav benefit personnel benefit engr edward magalgalit engin ii mr aureliano campo jr construct mainten foreman ceo	
2020	052-2020	grant tax relief busi establish oper within citi baguio affect coronavirus diseas covid quarantin period	8
2020	053-2020	prescrib new normal oper busi establish transport facil work place school public place citi baguio threat coronavirus diseas covid	3
2020	054-2020	mandat rental holiday real properti build stall unit space use commerci busi industri purpos within citi baguio prevent oper enhanc communiti quarantin ecq general communiti quarantin gcq purpos	8
2020	055-2020	approv request author charg amount continu appropri offic citi administr account code motor vehicl util procur vehicl citi tourism special event offic	
2020	056-2020	approv request author charg total amount appropri citi environ park manag offic account code electr expens amount account code water expens amount payment unpaid electr consumpt cover period januari decemb unpaid cost materi water connect respect diplomat heritag hotel baguio citi	
2020	057-2020	approv transfer fund herein expenditur appropri account author disburs herebi approv	
2020	058-2020	amend section ordin number seri rule conduct hear matter disciplinari action administr complaint barangay offici	16
2020	059-2020	amend ordin number seri ordin penal illeg dispos refus excrement egesta remov destruct receptacl refus illeg obstruct waterway dump bodi water requir certain person institut establish provid receptacl refus keep surround clean pick litter provid amnesti prosecut furthermor amend purpos section ordin number amend ordin nrs	11, 12
2020	060-2020	amend section no chapter ordin number seri dog public anim pound	
2020	061-2020	approv transfer disburs fund citi veterinari agricultur offic	2
2020	062-2020	approv request author charg amount appropri offic administr account code salari wage regular payment salari ms christyl padullon period decemb	8
2020	063-2020	approv transfer disburs fund citi plan develop offic	
2020	064-2020	approv request author charg amount appropri citi veterinari agricultur offic account code motor vehicl util procur vehicl	2
2020	065-2020	approv request author charg amount appropri citi plan develop offic account code represent expens payment addit cost meal serv conduct citi micro small medium enterpris develop council plan workshop held novemb	
2020	066-2020	regul oper comput shop internet internet caf citi baguio provid penalti violat thereof purpos	
2020	067-2020	implement synchron system collect pay park fee park facil citi baguio requir collect upon exit avoid traffic congest defin term coverag set penalti provid complianc period facil owner	11
2020	068-2020	regul use certain road street within central busi district citi baguio impos park fee defin coverag zone time enforc vehicl type maximum park hour penalti enforc rule exempt includ provis job order collector trust fund alloc receipt content traffic manag implement rule regul repeal prior inconsist ordin	11
2020	069-2020	realign amount project instal solar panel multi purpos hall annual invest plan construct steel rail plant holder multi purpos hall lower quirino hill barangay baguio citi	11
2020	070-2020	realign amount project construct water drainag multi purpos hall annual invest plan sidewalk rail along first road reckon smart tower downward quezon hill proper barangay baguio citi	11
2020	071-2020	allow instal tip box public util vehicl citi baguio	8
2020	072-2020	amend section ordin number seri	
2020	073-2020	realign amount project upgrad fenc around reflect pool upper wright park pacdal annual invest plan construct canopi shed hors stabl gazebo wright park pacdal baguio citi	11
2020	074-2020	approv transfer disburs fund citi veterinari agricultur offic	2
2020	075-2020	alloc amount appropri citi govern baguio anti coronavirus diseas fund ordin number seri baguio revit action vibrant economi econom stimulus packag brave esp financi assist micro small medium enterpris msmes citi baguio	3
2020	076-2020	realign amount project barangay road rehabilit phase locat purok central front alfredo cong resid cynthia mana resid annual invest plan road rehabilit road concret san vicent tenerrac jeepney stage area road front patpatayan area dalmacio resid san vicent barangay baguio citi	11
2020	077-2020	realign amount project rehabilit stage instal canopi stage purok tennerac plaza annual invest plan rehabilit instal rail improv pathway locat behind tambiac bayeng resid purok tennerac san vicent barangay baguio citi	11
2020	078-2020	chang project titl construct pathway keg ay resid julio lawagan resid along purok annual invest plan improv canal keg ay resid julio lawagan resid along purok poliw barangay baguio citi	11
2020	079-2020	approv request author charg amount appropri offic administr account code baguio convent trust fund payment salari wage seven personnel job order status period juli decemb	8
2020	080-2020	approv request author charg amount appropri citi disast risk reduct manag offic cdrrmo account code fuel oil lubric expens payment fuel consumpt liter diesel cdrrmo vehicl plate no decemb	13
2020	081-2020	approv transfer fund amount account code repair mainten machineri equip account code water expens current appropri bureau fire protect baguio citi fire station cover increas water consumpt due fire suppress respons covid relat activ	
2020	082-2020	amend section ordin number seri specif titl item number product develop mushroom product strawberri product project develop conform resolut number seri approv supplement annual invest plan fiscal year	2, 8
2020	083-2020	realign amount project riprap along road near joni place annual invest plan riprap along upper purok mine view barangay baguio citi	
2020	084-2020	chang project titl transfer road right way origin lot lot kayang hilltop barangay baguio citi annual invest plan amount improv road back lot transfer road right way lot lot upper market subdivis barangay baguio citi	11
2020	085-2020	realign amount project riprap school wall rehabilit school main entranc annual invest plan rehabilit two classroom pinsao nation high school purok pinsao pilot project barangay baguio citi	
2020	086-2020	amend ordin number seri children welfar protect code citi baguio incorpor new nation law polici strengthen child right protect promot child respons environ revis code includ principl uncrc definit polici framework implement guidelin	16
2020	087-2020	appropri amount save origin project entitl construct drainag canal near pucsusan chapel purok pucsusan barangay fund continu second project improv project damag typhoon ompong	11
2020	088-2020	realign amount total balanc appropri citi mayor offic societi outstand citizen baguio various account code construct monument marker honor frontlin citi baguio	
2020	089-2020	approv author charg disburs total amount exist pag asa youth associ pya trust fund account code payabl use various pya youth relat program project children activ citi baguio includ capabl build infrastructur repair equip purchas project monitor advocaci materi socio cultur event strengthen barangay level youth organ	
2020	090-2020	approv request author charg amount appropri citi environ park manag offic account code electr expens payment unpaid electr consumpt dominican heritag park cover period novemb decemb	
2020	091-2020	approv request author charg amount appropri citi plan develop offic account code represent expens payment addit cost meal serv conduct region secretariat meet polici review held novemb	
2020	092-2020	approv request author charg amount appropri offic citi administr account code baguio convent trust fund payment salari wage four secur personnel period juli decemb	
2020	093-2020	approv request architect rafael genov chan behalf antonia genov temporari exempt payment month real properti tax citi govern baguio calendar day seven month start februari	
2020	094-2020	realign amount project multi purpos build evacu center storey structur annual invest plan improv cover court purok pinsao pilot project barangay baguio citi	11
2020	095-2020	realign amount project rehabilit small bridg carant compound annual invest plan rehabilit hang bridg drainag canal camp elementari school camp barangay baguio citi	11
2020	096-2020	chang project titl rehabilit major repair flood control structur rehabilit retain wall phase right gate aguinaldo elementari school entranc bright yellow street annual invest plan rehabilit retain wall phase gefa lower baguio citi	11
2020	097-2020	chang project titl construct drainag system declog canal along ferguson road annual invest plan amount improv road februari street guisad central barangay baguio citi	11
2020	098-2020	chang locat project titl rehabilit creek barangay boundari gefa boundari citi camp proper lower rock quarri annual invest plan citi camp central citi camp proper baguio citi	11
2020	099-2020	chang locat project titl rehabilit creek barangay boundari gefa boundari citi camp proper lower rock quarri annual invest plan citi camp central citi camp proper baguio citi	11
2020	100-2020	appropri fund commemor victori day septemb everi year citi baguio support republ act no	
2020	101-2020	revert general fund amount save subsidi public util jeepney driver citi baguio ordin number seri reappropri amount fund various project activ deem urgent necessari	
2020	102-2020	realign amount project drainag canal complet back sumadchat resid alcantara resid annual invest plan complet kitchen extens joint multi purpos hall imelda marco barangay baguio citi	11
2020	103-2020	approv request author charg amount appropri offic citi mayor account code salari wage regular payment termin leav retir gratuiti ms teresita leon licens inspector	8
2020	104-2020	approv transfer disburs fund citi human resourc manag offic amount cover termin leav benefit cash incent ms catalina zamora option retir	
2020	105-2020	amend ordin number seri gender equal develop code baguio citi incorpor new nation law polici strengthen child right protect promot child respons environ	5
2020	106-2020	approv request author charg amount appropri offic citi administr account code baguio convent trust fund payment salari three job order personnel august decemb	
2020	107-2020	impos use inform slip aim monitor contact trace purpos relat outbreak coronavirus diseas citi baguio	3
2020	108-2020	chang project titl construct flood control near small world school lexber annual invest plan construct flood control lexber camp barangay baguio citi	11
2020	109-2020	realign amount project construct cross drainag canal gold street infront baquiran resid soliven resid connect exist canal tin street reinforc concret canal cover copper street corner tacay road	11
2020	110-2020	realign amount project concret slab creek purok annual invest plan rehabilit creek purok guisad surong barangay baguio citi	11
2020	111-2020	approv request author charg amount appropri citi treasuri offic payment termin leav benefit claim ms vilma ferreol former administr aid iii util worker ii said offic retir govern servic effect juli	
2020	112-2020	realign amount project restor improv skate rink burnham park local develop fund redevelop bayan park aurora hill baguio citi	11
2020	113-2020	institution creation barangay agricultur fisheri committe bafc citi baguio implement agricultur fisheri program coordin citi nation agenc monitor project support urban farm initi includ composit function fund implement guidelin	2
2020	114-2020	approv request author charg amount appropri offic citi auditor account code repair mainten machineri equip payment addit cost purchas tire offic vehicl	
2020	115-2020	amend ordin number seri revert total amount general fund reappropri construct monument marker honor frontlin citi baguio citi environ park manag offic account code	11
2020	116-2020	approv transfer fund amount account code furnitur fixtur account code inform communic technolog equip current appropri citi civil registri offic purchas desktop comput	
2020	117-2020	approv request author charg amount appropri citi budget offic account code salari wage regular payment termin leav benefit personnel benefit ms blessill bendal	8
2020	118-2020	realign amount project construct sewer system left side nd kayang street hilltop annual invest plan rehabilit sidewalk palo palo brick along claridad street kayang hilltop barangay baguio citi	
2020	119-2020	amend ordin number seri author charg appropri citi human resourc manag offic account code salari wage regular payment termin leav benefit personnel benefit ms catalina zamora	8
2020	120-2020	approv request addit increas salari subsidi citi parent paid day care worker charg appropri citi social welfar develop offic account code	
2020	121-2020	approv request author charg amount appropri sangguniang panlungsod citi council account code represent expens payment snack meet baguio farmer citi veterinari agricultur offic cvao held decemb	
2020	122-2020	amend ordin number seri correct account code charg addit cost purchas tire offic vehicl repair mainten machineri equip repair mainten transport equip	
2020	123-2020	chang project titl rehabilit retain wall st xavier seminari construct comfort room turn point siapno liteng annual invest plan construct comfort room turn point siapno liteng pacdal barangay baguio citi	11
2020	124-2020	realign total amount appropri continu appropri depart educ school divis baguio citi account code offic suppli expens procur usb flash drive learner altern print modul	4
2020	125-2020	realign amount project construct flood control along bu river purok annual invest plan continu dap ay evacu center camp barangay baguio citi	13
2020	126-2020	realign amount project slope protect flood control measur purok sadjo annual invest plan construct drainag flood control lower purok sadjo loakan proper barangay baguio citi	11
2020	127-2020	chang project titl construct rehabilit drainag canal includ cross drain purok crystal cave go muller subdivis annual invest plan construct rehabilit drainag canal includ cover continu road construct purok crystal cave go muller subdivis bakakeng central barangay baguio citi	11
2020	128-2020	approv request citi social welfar develop offic cswdo author charg amount appropri account code offic suppli expens payment procur offic suppli second quarter baguio princ enterpris	
2020	129-2020	identifi landslid prone area citi baguio feasibl tree plant program appropri fund thereof defin object function citi offic fund sourc implement framework mitig landslid increas forest cover	13, 15
2020	130-2020	realign amount project continu devast road drainag canal purok annual invest plan rehabilit devast main drainag canal idogan purok irisan barangay baguio citi	11
2020	131-2020	realign amount project continu road improv bantay kawawa purok annual invest plan repair hang bridg lead gadgad resid purok irisan barangay baguio citi	11
2020	132-2020	realign amount project rehabilit pathway interior balacbac road annual invest plan rehabilit road interior balacbac road sto toma proper barangay baguio citi	11
2020	133-2020	approv request citi administr offic author charg disburs total amount appropri account code prize payment incent local athlet sea game world para bowl competit	
2020	134-2020	realign amount save project repair restor collaps roadsid retain wall purok iv near caoili resid lucnab barangay baguio citi complet gabion wall road level construct drainag canal protect road life properti	11
2020	135-2020	revert surplus account general fund amount save current appropri person servic mooe reappropri fund various citi expenditur includ salari differenti cash incent covid oper suppli train	
2020	136-2020	amend ordin number seri institution employe summit citi govern baguio three day event everi first week decemb includ coverag committe composit duti fund requir	
2020	137-2020	approv request citi health servic offic author charg appropri account code drug medicin expens payment various multi vitamin medhaus pharma inc	
2020	138-2020	approv request citi health servic offic author charg appropri account code mooe payment honorarium tb diagnost committe consult	
2020	139-2020	amend ordin number seri realign fund account code textbook instruct materi expens procur usb flash drive learner altern print modul	4
2020	140-2020	approv transfer account code water expens account code fuel oil lubric expens current appropri baguio citi jail male dorm bjmp car	
2020	141-2020	chang project titl continu child develop center purok magsaysay second supplement annual invest plan fiscal year amount construct child develop center purok magsaysay loakan proper barangay baguio citi	4
2020	142-2020	approv transfer fund amount account code travel expens local account code general servic current appropri citi plan develop offic fund cost servic three personnel	
2020	143-2020	realign amount project construct concret protect slope sector dominican hill extens near deogracia resid laigo resid annual invest plan construct concret drainag sector near deogracia resid llego resid dominican mirador barangay baguio citi	11
2020	144-2020	chang project titl construct comfort room turn point siapno liteng annual invest plan amount rehabilit beautif wait shed turn point siapno liteng pacdal barangay baguio citi	11
2020	145-2020	approv transfer fund amount account code offic equip account code ict equip account code militari polic secur equip current appropri citi civil registri offic purchas instal cctv	
2020	146-2020	approv transfer fund amount account code slaughterhous account code structur account code militari polic secur equip account code motor vehicl current appropri citi veterinari agricultur offic procur dog impound vehicl	
2020	147-2020	approv transfer fund amount account code repair mainten machineri equip account code repair mainten build structur current appropri citi veterinari agricultur offic fund repair renov meat process center arabica coffe process center	
2020	148-2020	grant financi assist amount citi disast risk reduct manag quick respons fund citi govern baguio provinc region ii bad hit typhoon rolli ulyss	13
2020	149-2020	amend ordin number seri grant exempt senior citizen person disabl pwds payment park fee subject condit includ resid driver status valid id present time limit	
2020	150-2020	approv request citi health servic offic author charg disburs amount appropri account code payment electr bill emerg medic servic period june decemb	
2020	151-2020	approv transfer fund amount account code train expens account code general servic current appropri offic citi auditor fund cost job order servic administr aid iii novemb decemb	
2020	153-2020	amend section ordin number seri exempt sangguniang kabataan offici chairman member secretari treasur barangay tanod integr barangay tanod lupong tagapamayapa barangay brigad payment court polic medic clearanc fee offici person purpos	16
2020	154-2020	revert general fund total amount oblig request channel devic pavement mark traffic safeti function reappropri payment jercon trade construct develop corp	
2020	155-2020	approv transfer account code prize account code repair mainten build structur amount account code repair mainten machineri equip amount current appropri citi social welfar develop offic	
2020	157-2020	approv request ms jovita ganongan offic charg dot car assist waiver fee conduct video shoot audio visual present titl mundo domest tourism campaign held novemb	8
2020	158-2020	approv temporari closur side session road vehicular traffic conduct micro small medium enterpris msme market showcas held decemb	
2020	159-2020	approv transfer account code train expens account code general servic current appropri citi plan develop offic fund engin geolog geohazard assess report propos social hous project luna irisan barangay	
2020	160-2020	ordin amend section ordin number seri	
2020	160-2020	amend section ordin number seri expand composit public privat partnership peopl initi select committe includ addit depart head repres civil societi organ	17
2020	161-2020	approv request charg appropri offic administr account code baguio convent trust fund payment salari wage ten job order personnel period januari june	8
2020	162-2020	author annual budget citi baguio fiscal year total amount cover various expenditur citi oper includ breakdown expens class general provis support document	
2020	163-2020	grant one time gratuiti pay job order jo contract servic cos worker citi govern baguio render servic pursuant administr order no amount rang base length servic	8
2020	164-2020	grant one time servic recognit incent sri qualifi offici employe citi govern baguio fiscal year not exceed subject condit administr order no	
2021	001-2021	mandat registr ownership agricultur fisheri machineri equip accord republ act no joint memorandum circular no depart agricultur depart interior local govern citi baguio	2
2021	002-2021	ordin establish baguio citi coffe process center appropri fund skill enhanc coffe grower farmer citi baguio	8
2021	003-2021	chang project titl construct multi purpos hall senior citizen offic besid pacdal barangay hall annual invest plan amount improv barangay multi purpos hall pacdal barangay baguio citi	
2021	004-2021	realign amount project construct pathway liteng nelson bañaga resid go banao villag annual invest plan cross drainag tiptop guillermo resid pale resid pacdal barangay baguio citi	
2021	005-2021	approv transfer fund citi plan develop offic	
2021	006-2021	approv request honor citi mayor benjamin magalong author charg amount appropri citi treasuri offic account code salari wage regular payment loyalti claim mr romeo cortez	8
2021	008-2021	amend section ordin number seri	
2021	009-2021	grant one time gratuiti pay job order jo contract servic cos worker citi govern baguio whose servic engag year	8
2021	010-2021	approv transfer fund citi engin offic	
2021	011-2021	approv request citi health servic offic author charg amount current appropri account code drug medicin expens payment medicin sobim pharmaceut product distribut	
2021	012-2021	approv request secretari sanggunian author charg total amount current appropri account code travel expens local payment travel allow toll fee gasolin expens incur year mr fidel castro administr aid vi clerk iii amount mr sheldon dulnuan administr aid iii driver amount offic sangguniang panlungsod	
2021	013-2021	alloc total amount appropri citi health servic offic increas month allow barangay health worker barangay nutrit scholar citi baguio effect januari	3
2021	015-2021	institution year observ safer internet day children citi baguio appropri fund thereof	16
2021	016-2021	modern expand servic baguio citi public librari alloc fund thereof	4
2021	017-2021	realign amount project improv raod purok annual invest plan improv road purok wagner road militari cut barangay baguio citi	11
2021	018-2021	amend ordin number ordin prohibit movi theatr admit children five year age	
2021	019-2021	ordin codifi legisl dog respons dog ownership ordin baguio citi	3
2021	020-2021	approv request author charg amount current appropri offic citi mayor account code salari wage regular payment termin leav retir gratuiti mr anthoni quioan administr aid vi util foreman administr divis offic citi mayor	8
2021	021-2021	approv request author charg amount current appropri offic citi mayor account code salari wage regular payment termin leav retir gratuiti mr anthoni quioan administr aid vi util foreman administr divis offic citi mayor	8
2021	022-2021	approv request citi social welfar develop offic cswdo reimburs amount month social worker social develop worker field month load requir chargeabl current appropri account code telephon expens reach client	10
2021	023-2021	creat barangay inform manag system barangay citi baguio purpos	16
2021	024-2021	creat barangay inform manag system barangay citi baguio purpos	16
2021	025-2021	amend section ordin number seri amend ordin number seri govern use uniform citi govern offici employe purpos	
2021	026-2021	author supplement budget total amount two hundr million peso fund continu coronavirus diseas covid oper citi baguio	
2021	027-2021	amend section nos ordin number seri mandat wear face mask person within territori jurisdict baguio citi threat coronavirus diseas covid complet elimin declar state public health emerg provid penalti violat thereof	3
2021	028-2021	amend section nos ordin number seri mandat wear face mask person within territori jurisdict baguio citi threat coronavirus diseas covid complet elimin declar state public health emerg provid penalti violat thereof	3
2021	029-2021	provid mental health care develpment well program citi baguio appropri fund thereof	3
2021	030-2021	amend appropri ordin number seri author supplement budget total amount two hundr million peso fund continu coronavirus diseas covid oper citi baguio	
2021	031-2021	ban golf cart pli public road street within territori jurisdict citi baguio provid penalti violat thereof	11
2021	031-2021	ban golf cart pli public road street within territori jurisdict citi baguio provid penalti violat thereof	11
2021	032-2021	ordin impos moratorium issuanc except ordin number seri adopt revis comprehens zone regul citi baguio otherwis known comprehens zone ordin citi baguio provid administr enforc amend thereof repeal ordin conflict therewith resolut number seri approv comprehens land use plan citi baguio citi baguio	11
2021	032-2021	ordin impos moratorium issuanc except ordin number seri adopt revis comprehens zone regul citi bgauio otherwis known comprehens zone ordin citi baguio provid administr enforc amend thereof repeal ordin conflict therewith resolut number seri approv comprehens land use plan citi baguio citi baguio	11
2021	033-2021	approv request citi disast risk reduct manag offic cdrrmo author charg amount current appropri account code fuel oil lubric expens payment liter diesel consum offic vehicl plate number naz decemb	13
2021	034-2021	approv request region trial court author charg amount current appropri account code telephon expens payment telephon expens incur fiscal year	
2021	035-2021	approv request citi health servic offic author charg current appropri amount account code hazard pay cover actual amount hazard pay paid month decemb employe amount account code electr expens payment electr consumpt month may novemb	
2021	036-2021	approv request citi build architectur offic author charg amount account code overtim night pay amount account code hazard pay current appropri payment person servic employe render overtim fiscal year	
2021	037-2021	amend section paragraph ordin number seri environ code citi baguio	11, 12, 13, 15
2021	038-2021	declar th day octob everi year end polio day citi baguio	3
2021	039-2021	amend section ordin number seri institution first week june year baguio citi environ week appropri fund therefor purpos	11, 13, 15
2021	040-2021	amend certain provis ordin number seri provid prevent control measur mitig dengu case citi baguio requir resid strengthen fight dengu appropri fund therefor prescrib penalti violat thereof otherwis known anti dengu ordin citi baguio	3
2021	042-2021	approv request citi administr offic author charg amount account code print public expens current appropri payment collater materi use ibagiw art galleri	
2021	043-2021	ordin exempt duli qualifi senior citizen person disabl pwd payment garbag fee requir secur clearanc certif relat servic citi baguio	
2021	044-2021	approv request citi veterinari agricultur offic author charg amount account code fuel oil lubric expens amount account code transport deliveri expens current appropri payment fuel consumpt deliveri fee liter diesel boiler machin locat citi abattoir	
2021	045-2021	approv request honor citi mayor benjamin magalong author charg amount account code fuel oil lubric expens current appropri citi administr offic payment unpaid fuel expens said offic month decemb	
2021	046-2021	ordin creat creativ baguio citi council cbcc	11
2021	047-2021	ordin adopt comprehens sport develop code citi baguio	3
2021	048-2021	amend ordin number seri declar citi govern polici investor citi baguio includ baguio citi export process zone bcepz camp john hay cjh give prefer qualifi bonafid resid baguio citi employ labor personnel	8
2021	049-2021	amend section no ordin number seri mandat wear face mask person within territori jurisdict baguio citi threat coronavirus diseas covid complet elimin declar state public health emerg provid penalti violat thereof	3
2021	049-2021	amend section no ordin number seri mandat wear face mask person within territori jurisdict baguio citi threat coronavirus diseas covid complet elimin declar state public health emerg provid penalti violat thereof	3
2021	050-2021	approv request honor citi mayor benjamin magalong author charg total amount current appropri citi treasuri offic account code suppli materi expens nylon rope acryl shield amount advertis expens tarpaulin amount represent expens meal snack amount payment unpaid expens said offic month decemb	
2021	051-2021	realign amount project improv stair purok annual invest plan improv stair purok brooksid barangay baguio citi	11
2021	052-2021	realign amount project construct cross drain canal purok annual invest plan construct cross drain canal purok brooksid barangay baguio citi	11
2021	053-2021	ordin mandat conduct semi annual train seminar meat vendor meat handler various law affect busi citi baguio	2
2021	054-2021	ordin provid relief issuanc certif final electr inspect cfei certif electr inspect cei electr servic connect period six month citi baguio	
2021	055-2021	author supplement budget total amount one million six hundr forti five thousand peso excess appropri develop fund appropri ordin number seri author annual budget citi baguio fiscal year total amount one billion nine hundr four million four hundr eighti two thousand four hundr fifti eight peso cover various expenditur oper citi govern baguio appropri necessari fund purpos amount fiscal year annual invest program fund various program project activit citi baguio	
2021	056-2021	approv request citi veterinarian brigit piok author charg amount account code repair mainten build structur current appropri citi veterinari agricultur offic cvao payment cost materi repair ground floor sangguniang kabataan build purok irisan barangay baguio citi use arabica coffe process center	
2021	057-2021	approv request special servic divis citi mayor offic author charg amount account code prize current appropri citi mayor offic payment cash award search best perform barangay special award lupon tagapamayapa incent award	
2021	058-2021	ordin renam portion perfecto street baguio citi junction lake drive junction harrison road dr margarita fernandez drive	
2021	059-2021	approv transfer fund citi build architectur offic	
2021	060-2021	approv request citi build offici architect johnni degay author charg amount account code telephon expens current appropri citi build architectur offic cbao payment telephon expens month may august	
2021	061-2021	approv request citi social welfar develop offic betti fangasan author charg amount account code fuel oil lubric expens current appropri citi social welfar develop offic cswdo payment unpaid oblig month novemb decemb	
2021	062-2021	approv request author charg amount current appropri citi treasuri offic account code salari wage regular payment termin leav benefit mr ayatollah gadaoni former revenu collect clerk ii said offic resign govern servic effect januari	8
2021	063-2021	ordin creat public order safeti divis posd citi mayor offic citi govern baguio defin duti function rule engag	
2021	064-2021	ordin institution valu restor enhanc program citi govern baguio purpos	16
2021	065-2021	approv transfer fund citi veterinari agricultur offic	
2021	066-2021	approv request author charg total amount current appropri offic sangguniang panlungsod account code salari wage regular payment termin leav benefit salari employe whose term end decemb	8
2021	067-2021	author supplement budget total amount two hundr nineti five million nine hundr six thousand eight hundr sixti peso cover fund requir various prioriti project citi baguio	
2021	067-2021	author supplement budget total amount two hundr nineti five million nine hundr six thousand eight hundr sixti peso cover fund requir various prioriti project citi baguio	
2021	068-2021	institution regular hule parang sa watawat ng pilipina program citi govern baguio baguio citi hall ground appoint day nation flag day period may june year enjoin learn institut govern agenc institut whose flag need proper honorari rite dispos replac citi baguio	
2021	069-2021	temporarili suspend second paragraph section ordin number seri regul use certain road street within central busi district citi baguio sixti percent gross total park regulatori fee collect thereof shall alloc pay wage benefit collector suppli oper cost covid pandem lift covid inter agenc task forc manag emerg infecti diseas subsequ repeal amend	
2021	070-2021	realign amount project continu pathway walkway rail bridg near bagno lacson resid travers salio delo rey bengao bansan resid simsim road maria basa annual invest plan rehabilit pathway drainag molinta go creek pacdal barangay baguio citi	11
2021	071-2021	chang project titl construct rehabilit main sewerlin annual invest plan amount thirti five million peso various project citi baguio	6
2021	072-2021	approv request ms maxima donio tax exempt parcel land identifi lot lrc psd cover tct no aggreg area forti four squar meter segreg use road right way locat no upper kitma road bakakeng central barangay baguio citi	11
2021	073-2021	approv request author charg amount current appropri offic sangguniang panlungsod account code salari wage regular payment termin leav benefit ms ligaya balatero former privat secretari said offic resign govern servic effect may	8
2021	074-2021	amend section ordin number seri institution conduct cooper month celebr everi octob everi year citi baguio provid fund thereof	
2021	075-2021	approv request author charg amount current appropri offic citi administr account code baguio convent trust fund payment salari various job order personnel period juli decemb new normal oper baguio convent center	
2021	076-2021	approv transfer fund citi build architectur offic	
2021	077-2021	ordin creat recogniz board baguio citi rbbc purpos	16
2021	078-2021	approv request author charg total amount current appropri citi health servic offic account code water expens amount account code fuel oil lubric expens amount payment unpaid expens not oblig previous year	
2021	079-2021	approv transfer fund citi social welfar develop offic	
2021	080-2021	amend provis ordin number seri creat apprais committe conduct fair apprais lot citi baguio	
2021	081-2021	approv request author charg amount current appropri citi social welfar develop offic cswdo account code donat payment colleg educ financi assist grant new grante nd semest school year	
2021	082-2021	approv request author charg amount current appropri citi treasuri offic account code salari wage regular payment termin leav benefit mr georg addaw jr former administr offic iii said offic retir govern servic effect juli	8
2021	083-2021	approv request author charg amount current appropri citi mayor offic account code internet subscript expens payment unbil websit host statement juli decemb host provid bitstop network servic inc bnsi	
2021	084-2021	approv request author transfer amount current appropri citi disast risk reduct manag offic cdrrmo account code salari wage regular account code termin leav benefit disburs payment termin leav benefit ms yolanda munar former local disast risk reduct manag offic iv said offic retir govern servic effect june	13
2021	085-2021	approv request mr morri mateo waiver payment real properti tax year present portion lot arpn locat bengao bakakeng central barangay baguio citi util general public access road area	11
2021	087-2021	ordin adopt prescrib standard requir meat shop citi baguio	2
2021	088-2021	amend certain provis ordin number seri tow ordin citi baguio	
2021	088-2021	amend certain provis ordin number seri tow ordin citi baguio	
2021	089-2021	ordin institution session road histori heritag festiv citi baguio appropri fund purpos	11
2021	090-2021	approv transfer fund citi civil registri offic	
2021	091-2021	author supplement budget total amount ten million eight hundr one thousand four peso current appropri citi administr offic account code prize amount account code mainten oper expens amount cover fund fulli equip baguio convent center	
2021	099-2021	ordin prohibit establish oper street gang recruit minor particip commiss street gang violenc instig communiti disord provid intervent mechan purpos	16
2021	100-2021	approv request author charg amount current appropri citi librari offic account code repair mainten build structur repair rehabilit comfort room said offic	
2021	101-2021	approv request author charg amount current appropri baguio citi polic offic account code repair mainten transport equip payment unsettl oblig previous year	
2021	102-2021	approv transfer realign fund citi assessor offic	
2021	103-2021	approv request author charg total amount current appropri offic sangguniang panlungsod account code salari wage regular payment termin leav benefit ms adrianwin latawan amount mr dominiqu aldwin recolcolin amount mr ohwi talosig amount	8
2021	104-2021	approv request author charg amount current appropri citi social welfar develop offic cswdo account code water expens payment outstand balanc water bill februari may said offic	
2021	105-2021	amend section ordin number seri establish violenc women children vawc desk barangay baguio citi provid guidelin thereof	5
2021	106-2021	ordin grant amnesti relief penalti fine charg unpaid due year citi baguio	
2021	107-2021	ordin implement no plate number no travel polici citi baguio provid penalti thereof	
2021	108-2021	ordin temporarili suspend implement ordin number seri ordin number seri amend updat final approv	
2021	109-2021	ordin reduc amount fine unpaid traffic violat issu decemb period three month citi baguio	16
2021	110-2021	amend ordin number seri approv request author charg amount current appropri citi mayor offic account code train expens payment meal incur conduct communiti base train nail care manicur pedicur juli basic hair cut septemb octob differ barangay citi baguio	
2021	111-2021	author supplement budget total amount two hundr fourteen million six hundr thousand peso fund various prioriti project identifi approv supplement invest plan aip citi baguio	
2021	112-2021	approv request author transfer amount current appropri citi mayor offic account code salari wage regular account code termin leav benefit disburs amount payment termin leav benefit ms marlen de castro former execut assist ii primarili confidenti staff said offic resign govern servic effect octob	8
2021	113-2021	approv request author transfer amount current appropri citi mayor offic account code salari wage regular account code termin leav benefit disburs amount payment termin leav benefit ms marlen de castro former execut assist ii primarili confidenti staff said offic resign govern servic effect octob	8
2021	114-2021	ordin institution citi epidemiolog surveil system baguio citi align republ act no otherwis known univers health care act	3
2021	115-2021	ordin institution univers health care citi baguio prescrib reform citi wide health care system appropri fund thereof	3
2021	116-2021	author annual budget citi baguio fiscal year total amount two billion three hundr nine million six hundr fifti five thousand six hundr fifti four peso cover various expenditur oper citi govern baguio appropri necessari fund purpos	
2021	117-2021	amend section nos ordin number seri provid proper identif govern servic vehicl citi baguio	
2021	118-2021	chang project titl extens daycar center play area children instal playpen rehabilit daycar center facil annual invest plan amount improv daycar facil honeymoon holyghost barangay baguio citi	
2021	119-2021	grant financi assist amount citi disast risk reduct quick respons manag fund annual budget citi govern baguio identifi various local govern unit sever hit affect typhoon odett	13
2021	120-2021	grant product incent amidst pandem bonus offici employe citi govern baguio	
2021	121-2021	grant one time gratuiti pay job order jo contract servic cos worker citi govern baguio whose servic engag year	8
2022	001-2022	approv request author charg amount current appropri citi administr offic cadmo account code baguio convent trust fund payment salari various job order personnel period januari june prepar full oper baguio convent cultur center meet incent confer exhibit new normal oper year	
2022	002-2022	ordin institution saleng pine tree festiv citi baguio	
2022	003-2022	ordin extend period six month applic ordin number seri ordin provid relief issuanc certif final electr inspect cfei certif electr inspect cei electr servic connect period six month citi baguio	
2022	004-2022	ordin set guidelin enact park ordin barangay citi baguio	
2022	005-2022	amend ordin number seri institution oper activ citi govern cultur troup danc choir purpos promot tourism host activ provid fund therefor amend ordin number seri	8
2022	006-2022	ordin creat baguio citi histor research council defin function appropri fund thereof	
2022	007-2022	ordin institution gawad lingap program glp citi baguio public elementari secondari student provid fund hereof	4
2022	008-2022	amend ordin number seri establish incent award program best barangay senior citizen unit	
2022	009-2022	approv request citi social welfar develop offic cswdo reimburs amount month social worker social develop worker field chargeabl current appropri account code telephon expens sustain month load requir reach client continu exist coronavirus diseas covid case citi baguio	10
2022	010-2022	amend certain provis ordin number seri nonagenarian centenarian award ordin citi baguio	
2022	011-2022	ordin institution baguio citi cooper develop council bccdc defin composit function respons appropri necessari fund thereof	8
2022	012-2022	ordin institution communiti base peer teach tutori program youth student citi baguio provid mechan implement provid fund thereof	4
2022	013-2022	ordin institution school live tradit slt part revit indigen cultur heritag student differ school citi baguio	11
2022	014-2022	ordin mandat person depriv liberti pdl undergo coronavirus diseas covid swab test commit releas baguio citi jail male femal dorm	3, 16
2022	015-2022	amend ordin number seri use face shield citi baguio pursuant inter agenc task forc manag emerg infecti diseas iatf eid resolut no seri	
2022	016-2022	ordin expand sexual transmit infect sti human immunodefici syndrom acquir immun defici syndrom hiv aid program citi baguio provid polici measur control prevent sti hiv aid institution local hiv aid coordin council provid fund thereof	3
2022	017-2022	approv request citi disast risk reduct manag offic cdrrmo charg total amount current appropri account code fuel oil lubric expens payment accumul fuel consumpt month novemb decemb offic vehicl	13
2022	018-2022	ordin author honor citi mayor benjamin magalong repres citi govern baguio exercis power emin domain pursu expropri proceed exist dirt road affect area squar meter own ms patricia van der horst ms rosita anton ms sofia baguista locat interior lower kitma bakakeng central barangay baguio citi public use purpos subject legal rule regul	11
2022	019-2022	approv temporari closur use various road citi baguio venu program activ panagbenga baguio flower festiv subject clarif amend	11
2022	020-2022	approv request citi administr offic charg amount current appropri account code repair mainten transport equip payment smoke test procedur offic vehicl bus plate number nao	11
2022	021-2022	approv request author charg total amount current appropri citi health servic offic account code hazard pay account code subsist allow account code laundri allow payment unpaid claim dr janet evangelin cantilla former medic offic iv said offic retir govern servic effect januari	
2022	022-2022	approv request author charg total amount current appropri citi health servic offic account code year end bonus account code cash gift payment unpaid claim mr michael mang usan former sanit inspector said offic resign govern servic effect june	
2022	023-2022	approv request author charg total amount current appropri citi health servic offic account code year end bonus account code cash gift payment unpaid claim ms melodi bautista former popul program worker ii said offic resign govern servic effect june	
2022	024-2022	approv request author charg amount current appropri citi health servic offic account code repair mainten transport equip payment repair mainten baguio citi emerg medic servic vehicl plate number skd naz	
2022	025-2022	amend section ordin number seri ordin adopt comprehens sport develop code citi baguio	11
2022	026-2022	approv request author charg amount current appropri citi administr offic account code mainten oper expens payment expenditur repres particip local golf player repres citi baguio st fil golf tournament held decemb baguio countri club golf cours	
2022	027-2022	approv request author charg amount current appropri citi social welfar develop offic account code food suppli expens payment reimburs oper silungan center	
2022	028-2022	approv request author transfer amount appropri citi build architectur offic account code offic equip account code motor vehicl disburs amount addit fund purchas two offic motor vehicl amount	
2022	029-2022	approv request author charg amount current appropri citi build architectur offic account code water expens payment water bill arrear accumul year	
2022	030-2022	approv request author charg amount current appropri citi environ park manag offic account code fuel oil lubric expens payment unpaid gasolin consumpt chainsaw decemb	
2022	031-2022	approv request author charg total amount current appropri citi health servic offic chso account code water expens payment water expens irisan health center period may june amount chso annex build period april decemb amount	
2022	032-2022	chang locat project titl satellit market section item ordin number seri camp barangay camp barangay baguio citi	
2022	033-2022	realign total amount project canal dela rosa deray purok amount construct new drainag canal passi resid langit resid purok amount construct pathway aronchay resid oredina resid purok amount cover exist canal mrs verena resid purok amount repair pathway manansala resid abaya resid amount drainag near school amount fund annual invest plan construct barangay road iglesia ni cristo church nabulay resid purok camp barangay baguio citi	11
2022	034-2022	approv request author charg amount account code motor vehicl continu appropri coronavirus diseas covid oper citi baguio provid ordin number seri author supplement budget total amount nineti four million two hundr nineti nine thousand three hundr eighti nine peso augment dwindl fund coronavirus diseas covid oper citi baguio procur one unit purpos offic motor vehicl offici use emerg medic servic em citi health servic offic	
2022	035-2022	realign amount fund item ordin number seri allot project aurora hill health center day care center project propos rehabilit multi purpos build includ day care center locat aurora hill proper barangay baguio citi	
2022	036-2022	approv request author charg amount current appropri citi environ park manag offic account code tax duti licens payment wastewat discharg fee wdf baguio sewag treatment plant bstp cover discharg period calendar year	6
2022	037-2022	approv request author transfer amount current appropri citi build architectur offic account code general servic account code janitori servic fund salari wage one labor assign mainten cleanli demolit divis said offic	
2022	038-2022	ordin grant rental holiday citi own real properti build stall unit space rent citi govern baguio general communiti quarantin gcq	8
2022	039-2022	ordin provid incent busi establish citi baguio employ qualifi senior citizen differ abl person	
2022	040-2022	approv request author charg amount current appropri citi social welfar develop offic cswdo account code mainten oper expens payment colleg educ financi assist grant unpaid grante school year	
2022	040-2022	approv request author charg amount current appropri citi social welfar develop offic cswdo account code donat payment colleg educ financi assist grant unpaid grante school year	
2022	041-2022	amend ordin number seri renam baguio convent center bcc baguio convent cultur center bccc establish oper manual use purpos	
2022	042-2022	institution everi last week octob everi year pastor appreci week citi baguio creat committe purpos appropri fund therefor	
2022	043-2022	approv request author transfer total amount current appropri offic sangguniang panlungsod account code train expens philippin councilor leagu pcl fund travel expens foreign represent expens account code travel expens local disburs augment appropri travel expens local said offic	
2022	044-2022	approv request author charg amount current appropri citi administr offic cadmo account code baguio convent trust fund payment salari various job order personnel period juli decemb full oper baguio convent cultur center meet incent confer exhibit	
2022	045-2022	chang project titl repair rehab repaint basketbal court roof perimet fenc purok convert evacu center annual invest plan amount repair rehabilit perimet fenc purok dps compound barangay baguio citi	11
2022	046-2022	realign amount project rehabilit sewerlin along bokawkan road develop fund construct sewerlin along purok purok padr burgo barangay baguio citi	6
2022	047-2022	author supplement budget total amount forti three thousand peso excess appropri citi prosecutor offic appropri ordin number seri amount fiscal year annual invest program transfer amount four hundr eight thousand peso cover represent allow person servic mainten oper expens	
2022	048-2022	approv request author transfer citi build architectur offic amount current appropri account code offic suppli expens account code travel expens disburs fund travel expens personnel said offic continu profession develop cpd unit	
2022	049-2022	grant financi assist amount citi disast risk reduct manag quick respons fund citi govern baguio municip banau provinc ifugao bad hit southwest monsoon	13
2022	050-2022	chang project titl construct drainag cover sarok road purok annual invest plan amount construct drainag sarok purok camp barangay baguio citi	11
2022	051-2022	realign amount project rehabilit pathway instal rail purok supitan pathway go teresa cacho resid annual invest plan concret improv creek purok tenerrac adelin bayo resid col ing resid bentayen resid san vicent barangay baguio citi	11
2022	052-2022	realign amount project sidewalk canopi near cascolan resid go espiritu resid annual invest plan repair pathway canopi cabacungan resid lapitan resid teodora alonzo barangay baguio citi	11
2022	053-2022	realign amount project fabric collaps wast contain mabini corner general luna besid barangay hall annual invest plan canopi instal assumpt road sidewalk kabayanihan barangay baguio citi	11, 12
2022	054-2022	realign amount project concret regul temporari park area vacant lot roadsid purok annual invest plan construct eros control riprap rehabilit stairway rail upper dagsian barangay baguio citi	11
2022	055-2022	realign amount current appropri citi human resourc manag offic earmark account code mainten oper expens account code machineri equip purchas band equip citi uni ti umili citi hall perform art group	
2022	056-2022	approv request author charg amount current appropri citi general servic offic gso account code electr expens payment unoblig amount fulli settl payment electr consumpt record archiv build locat new lucban barangay baguio citi period januari decemb total amount	
2022	057-2022	realign amount project improv drainag canal purok rail along munar compound annual invest plan construct retain wall eros protect purok simangan resid hillsid barangay baguio citi	11
2022	058-2022	grant financi assist amount citi disast risk reduct manag quick respons fund citi govern baguio differ municip provinc abra bad stricken earthquak	13
2022	059-2022	revert general fund amount remain fund project continu citi engin build improv phase ii amount continu citi engin build improv phase iii amount motorpool compound lower rock quarri barangay baguio citi reappropri amount project continu citi engin build improv phase motorpool compound lower rock quarri barangay baguio citi	11
2022	060-2022	ordin creat citi disast risk reduct manag offic depart citi govern baguio	13
2022	061-2022	author supplement budget total amount nineti seven million ten thousand peso fund various prioriti project identifi approv first st supplement annual invest program fiscal year citi govern baguio resolut number seri	
2022	062-2022	amend section ordin number seri amend ordin number seri appropri amount unappropri account general fund current fiscal year serv fund reward inform person group person give inform lead arrest prosecut convict drug pusher author heinous crime commit citi ten want crimin citi baguio	16
2022	063-2022	approv request author charg amount current appropri citi social welfar develop offic cswdo account code mainten oper expens payment colleg educ financi assist grant unpaid grante nd semest school year	
2022	064-2022	approv request author transfer citi legal offic amount current appropri account code motor vehicl account code repair mainten build structur addit budget renov propos new citi legal offic former citi general servic offic locat first floor baguio citi hall	
2022	065-2022	revert general fund unus amount five million peso local disast risk reduct manag fund trust fund reappropri amount project urban tree mainten manag baguio disast prevent adapt measur climat chang citi baguio	13
2022	066-2022	ordin author temporari closur portion jungl town road effect novemb make way excav pipe work citi hub project marcon builder	11
2022	067-2022	ordin establish barangay blood bank citi baguio provid fund therefor	3
2022	068-2022	approv request author charg amount annual budget burnham park trust fund account code electr expens payment electr expens account number benguet electr cooper beneco	
2022	069-2022	approv request author transfer citi human resourc manag offic chrmo current appropri total amount account code profession servic subscript expens suppli materi expens account code inform communic technolog equip cover fund requir much need equip print id card offici employe citi govern baguio	
2022	070-2022	amend item nos annex ordin number seri section ordin number seri	16
2022	071-2022	ordin enjoin busi establish local public transport citi baguio adopt qr ph digit payment line paleng qr ph program	
2022	072-2022	ordin creat baguio citi inform communic technolog council bcictc defin function appropri fund thereof	
2022	073-2022	institution comprehens geriatr program baguio citi provid fund thereof	3
2022	074-2022	approv request author charg total amount current appropri citi health servic offic chso account code salari wage regular payment termin leav benefit mr jame michael arc amount resign effect may ms grace dao ey amount resign effect novemb	
2022	075-2022	approv request author charg total amount current appropri citi engin offic ceo account code electr expens payment unpaid benguet electr cooper beneco account streetlight electr consumpt year result convers unmet hps streetlight meter led streetlight year	
2022	076-2022	approv request author charg total amount current appropri offic sangguniang panlungsod sp account code termin leav benefit salari wage regular year end bonus cash gift philhealth contribut payment termin leav benefit salari wage year end bonus cash gift philhealth contribut ms carmelita bayquen mr richard hadsan mr dionisio padio mr michael joseph tabanda whose term end juli cotermin staff	8
2022	077-2022	amend section ordin number seri environ code citi baguio	11, 12, 13, 15
2022	078-2022	ordin author grant servic recognit incent sri qualifi offici employe citi govern baguio fiscal year total amount thirti six million peso	
2022	078A-2022	ordin author grant gratuiti pay qualifi contract servic cos job order jo worker citi govern baguio fiscal year total amount two million seven hundr fifti thousand peso	8
2022	079-2022	grant financi assist amount citi disast risk reduct manag quick respons fund citi govern baguio differ municip citi region vi bangsamoro region muslim mindanao devast strong typhoon name paeng octob	13
2022	080-2022	grant one time rice assist qualifi offici employe citi govern baguio fiscal year	
2022	081-2022	author supplement budget total amount twenti seven million one hundr thousand peso fund various prioriti project identifi approv second nd supplement annual invest program fiscal year citi govern baguio resolut number seri	
2022	082-2022	author annual budget citi baguio calendar year total amount two billion four hundr twenti three million seven hundr eighti one thousand six hundr nine peso cover various expenditur oper citi govern baguio appropri necessari fund purpos	
2023	001-2023	mandat restaur similar establish citi baguio offer servic public provid access free potabl water custom	6
2023	002-2023	ordin adopt implement digit inhabit registr registr resid transient tourist public privat establish one stop shop mobil applic digit govern commerc servic abl use qr code onlin payment transact effect effici govern conveni public known baguio smart citi ecosystem ordin	16
2023	003-2023	approv temporari closur use various road rout victori line buse bus line celebr baguio flower festiv panagbenga subject condit	
2023	004-2023	chang project titl demolit reconstruct pacdal day care center annual invest plane amount construct rehabilit drainag anthoni simsim resid violeta tamog ong resid go creek pacdal barangay baguio citi	11
2023	005-2023	ordin declar first st friday octob everi year offici teacher day citi baguio institution outstand teacher award appropri fund thereof	4
2023	006-2023	ordin mandat citi social welfar develop offic cswdo child develop work requir parent guardian present child immun card upon enrol day care center citi baguio provid mechan child not immun partial immun	
2023	007-2023	approv request author charg amount discretionari fund citi mayor year upon replenish said budget alloc payment meal consist pm snack buffet lunch workshop develop nation action plan coronavirus diseas covid phase iv held baguio convent cultur center may incur addit expens due transfer venu baguio countri club	
2023	008-2023	approv request author charg total amount current appropri offic sangguniang panlungsod sp account code fuel oil lubric expens payment two statement account diesel consumpt govern offic vehicl plate no amount date januari plate no nga amount date januari	
2023	009-2023	realign amount project rout sewerlin bugallon street resid mrs raquel cruz annual invest plan improv rehabilit old sewerlin purok ledesma street resid realina tabora velasco famili go navarro alley purok interior ledesma street resid santo rusgal quiaño valmor niwani bainto ramo frigillana famili east modern site barangay baguio citi	
2023	010-2023	ordin provid free mainten medicin indig resid citi baguio appropri fund thereof	3
2023	011-2023	ordin establish polici prevent teenag pregnanc institution social protect program teenag parent children line execut order no address root caus teenag pregnanc provid social protect teenag mother children	3
2023	012-2023	approv request author charg total amount current appropri offic sangguniang panlungsod sp account code salari wage regular person econom relief allow pera retir life insur premium pag ibig contribut employe compens insur premium payment salari wage person econom relief allow retir life insur premium pag ibig contribut employe compens insur premium ms carmelita bayquen mr richard hadsan mr dionisio padio mr michael joseph tabanda whose term end juli cotermin staff	8
2023	013-2023	chang project titl complet evacu isol center locat view deck compound bound west quirino hill elementari school east san roqu church annual invest plan amount complet isol evacu center includ perimet fenc secur area locat view deck compound bound west quirino hill elementari school east san roqu church middl quirino hill barangay baguio citi	11
2023	014-2023	amend section ordin number seri amend ordin number seri regul use park space blue lane use person disabl pwds	10
2023	015-2023	ordin creat baguio citi cultur art council bccac defin function appropri fund thereof	11
2023	016-2023	approv request author charg amount current appropri citi environ park manag offic cepmo account code fuel oil lubric expens payment unpaid gasolin diesel oil consumpt vehicl equip period decemb	
2023	017-2023	approv request author charg total amount current appropri manag inform technolog divis mitd citi mayor offic account code internet subscript expens payment unbil websit host statement januari decemb host provid bitstop network solut inc bnsi	
2023	018-2023	approv free accommod entranc baguio botan garden identifi particip eco walk februari organ person disabl affair offic pdao	15
2023	019-2023	approv request author charg amount current appropri citi disast risk reduct manag offic cdrrmo account code fuel oil lubric expens full payment unpaid consumpt offic vehicl plate number ske incur decemb total amount	13
2023	020-2023	approv request author charg amount current appropri citi disast risk reduct manag offic cdrrmo account code fuel oil lubric expens payment fuel consumpt generat use groundbreak ceremoni kennon road decemb	13
2023	021-2023	approv request author charg amount current appropri citi environ park manag offic cepmo account code electr expens payment unpaid electr consumpt citi park field offic cover period novemb januari	
2023	022-2023	amend ordin number seri govern use uniform citi govern offici employe purpos amend ordin number seri ordin number seri	
2023	023-2023	ordin prescrib qualif standard posit supervis labor employ offic sg public employ servic offic peso citi mayor offic	8
2023	024-2023	approv request author charg total amount current appropri citi assessor offic account code fuel oil lubric expens payment unpaid fuel consumpt offic vehicl incur decemb	
2023	025-2023	ordin set one way traffic scheme along crystal pearl alley upper rock quarri barangay baguio citi dacoroon resid exit go sudayan street gonzal resid igadna resid	11
2023	026-2023	approv request author charg amount current appropri citi administr offic account code suppli materi expens payment token person chair purchas sinc given deleg member keepsak davao particular domest intern sister citi	
2023	027-2023	amend ordin number seri establish public util monitor program govern offic build provid incent reduct consumpt water electr	7, 12
2023	028-2023	ordin repeal ordin number seri requir present social secur system sss clearanc certif prior issuanc mayor permit busi licens permit employ busi establish agenc requir display sss certif said busi establish offic	
2023	029-2023	ordin govern oper manag mainten citi disast risk reduct manag offic cdrrmo build author collect fee use thereof	13
2023	030-2023	author supplement budget citi disast risk reduct manag fund trust fund total amount eight million peso procur necessari suppli equip facilit temporari stall affect vendor block baguio citi public market also restor roof livestock area thereat	13
2023	031-2023	realign amount project sidewalk recoveri improv upper burgo go sto toma magalang kingston magaysay annual invest plan project phase road right way sidewalk recoveri citi camp north sto toma road sto toma baguio citi	11
2023	032-2023	auhtor supplement budget total amount one hundr seventi eight million one hundr twenti thousand peso fund various prioriti project identifi approv first st supplement annual invest program calendar year citi govern baguio resolut number seri	
2023	033-2023	approv request author charg total amount current appropri citi social welfar develop offic cswdo account code salari wage regular account code pag ibig contribut account code employe compens insur premium payment govern adjust govern servic insur system gsis share pag ibig social insur fund sif newli appoint ms ellen william social welfar offic iv said offic month decemb	8
2023	034-2023	approv request author charg amount current appropri citi environ park manag offic cepmo account code retir life insur payment unpaid termin leav benefit mr andrew nacatab former forest said offic	
2023	035-2023	approv request author charg total amount current appropri citi mayor offic account code year end bonus amount account code cash gift amount payment year end bonus cash gift mr armand duran former administr aid iii driver said offic retir govern servic effect	
2023	036-2023	approv request author charg amount current appropri citi social welfar develop offic cswdo account code train expens payment gasolin jig world purchas order no use conduct participatori communiti build novemb	
2023	037-2023	approv request author charg amount current appropri citi social welfar develop offic cswdo account code motor vehicl purchas offic motor vehicl particular diesel passeng van engin displac cc engin not exceed four cylind	
2023	038-2023	approv request author charg total amount current appropri citi administr offic account code electr expens disburs payment electr compani bill incur swim pool facil month novemb amount decemb total amount	
2023	039-2023	ordin declar baguio citi charact citi adopt charact citi program purpos	
2023	040-2023	approv request mrk queen peac barangay baguio citi closur queen peac road afternoon may saturday even may sunday conduct barangay fiesta	
2023	041-2023	author supplement budget total amount seven million peso fund various prioriti project identifi approv first st supplement annual invest program calendar year citi govern baguio resolut number seri subject condit	
2023	042-2023	author supplement budget total amount fourteen million one hundr eighteen sis hundr peso fund various prioriti project identifi approv third rd supplement annual invest program calendar year citi govern baguio	
2023	043-2023	approv request author realign transfer school divis baguio citi amount four million peso account code repair mainten build structur account code build oblig request no date decemb cover fund requir project entitl modern educ facil repair upgrad divis offic comfort room facil person disabl	4
2023	044-2023	ordin adopt citi development approach mendic creat task forc purpos defin scope work function thereof	1, 10
2023	045-2023	amend section ordin number seri ordin provid citi govern baguio colleg scholarship program deserv student provid fund therefor purpos	
2023	046-2023	ordin amend section ordin number seri clarifi collect sewerag fee accord section said ordin actual user	
2023	047-2023	author supplement budget total amount twenti seven million peso fund project complet rehabilit mine view build identifi approv third rd supplement annual invest program calendar year citi govern baguio resolut number seri	11
2023	048-2023	approv request author charg total amount current appropri citi health servic offic chso account code hazard pay amount account code product incent allow amount payment defici hazard pay product incent allow period decemb ms myrna sabado nurs ii govern servic effect decemb	
2023	049-2023	approv request author charg amount current appropri citi treasuri offic cto capit outlay continu appropri procur offci motor vehicl	
2023	050-2023	amend ordin number seri unpaid termin benefit mr andrew nacatab shall charg current appropri citi environ park manag offic cepmo account code salari wage regular instead account code retir life insur	
2023	051-2023	ordin requir use life vest ride watercraft burnham park lake citi baguio	
2023	052-2023	amend ordin number seri amount shall charg account code no salari wage regular current appropri citi social welfar develop offic cswdo instead payment govern adjust govern servic insur system gsis newli appoint social welfar offic iv said offic ms ellen william month decemb	8
2023	053-2023	ordin adopt youth welfar empower code citi baguio	
2023	054-2023	amend provis ordin number seri code public safeti special celebr citi baguio	16
2023	055-2023	grant samahang taekwondo ng pilipina stp discount rental baguio convent cultur center bccc conduct nation taekwondo championship june citi baguio subject condit citi govern baguio shall co sponsor said event	
2023	056-2023	ordin allow offic senior citizen affair osca collect replac fee lost osca senior citizen id card lost osca senior citizen id citi govern baguio senior citizen	
2023	057-2023	ordin adopt institution disast risk reduct manag health drrm system baguio chso implement citi health servic offic chso	13
2023	058-2023	realign total amount project construct bdrrm storag room amount construct septic phase barangay multi purpos hall rimando road amount annual invest plan rehabilit stair construct canopi along interior malvar st aurora hill proper barangay baguio citi	11
2023	059-2023	realign amount project rehabilit hillsid day care center adjac hillsid high school annex purok annual invest plan improv barangay cultur art center stock room separ restroom male femal locat purok hillsid barangay baguio citi	
2023	060-2023	realign amount project improv multi purpos hall extens build purok annual invest plan construct day care center san antonio villag barangay baguio citi	11
2023	061-2023	approv request author charg total amount current appropri citi health servic offic chso account code salari wage regular payment unpaid retir benefit ms brigett angway amount ms maricav jursay amount retir employe chso	8
2023	062-2023	approv request author transfer citi veterinari agricultur offic cvao amount account code machineri equip account code water expens repair mainten machineri equip amount account code inform communic technolog equip account code suppli materi expens augment need daili water suppli need antiqu repair deep well system proper charg account multimedia projector need offic	
2023	063-2023	ordin provid polici strategi research sustain innov technolog transfer creativ innov allianc citi govern baguio econom industri non govern organ ngos educ institut provid fund therefor purpos	9
2023	064-2023	ordin prescrib polici institution volunt program citi baguio provid empower develop	
2023	065-2023	ordin rule regul entri handl sale fresh frozen process fish fisheri product citi baguio	2, 3
2023	066-2023	grant financi assist amount one million peso current appropri citi disast risk reduct manag quick respons fund citi govern baguio differ local govern unit lgus provinc orient mindoro declar state calam per resolut no seri due oil spill sunken ship mt princess empress februari	13
2023	067-2023	approv request author charg amount continu appropri baguio citi fire station code motor vehicl purchas servic vehicl support need station	
2023	068-2023	approv request payment unpaid bonus cash gift amount charg current appropri citi environ park manag offic cepmo account code salari wage regular mr andrew nacatab former forest said offic	
2023	069-2023	amend section ordin number seri ordin grant amnesti program period three month violat pertin provis tax ordin number ordin provid set rule regul govern administr apprais assess levi collect realti tax busi tax permit fee build lot rental citi baguio fee charg therefor pursuant provis local govern code baguio citi public market includ citi own satellit market slaughterhous compound	
2023	070-2023	approv request author transfer fund current appropri citi disast risk reduct manag offic cdrrmo amount account code communic equip account code suppli materi expens procur intercom	13
2023	071-2023	grant mr leo santeco co organ thirti percent discount rental baguio convent cultur center bccc event asian sport jiu jitsu feder asjjf baguio intern jiu jitsu open octob citi baguio subject condit citi govern baguio shall co sponsor said event	11
2023	072-2023	approv request author transfer citi mayor offic amount current appropri account code salari wage regular account code termin leav benefit payment termin leav benefit claim five primari confidenti staff two perman employe recent resign said offic	8
2023	073-2023	ordin amend section ordin number seri environ code citi baguio	11, 12, 13, 15
2023	074-2023	ordin amend section ordin number seri requir busi establish entertain night worker requir employe submit authent birth certif nation statist offic nso authent birth certif complianc work permit citi baguio	
2023	075-2023	approv request payment magna carta benefit total amount twenti eight million three hundr eight thousand peso qualifi employe citi health servic offic chso citi social welfar develop offic cswdo citi veterinari agricultur offic cvao period januari decemb	
2023	076-2023	approv request author charg amount current appropri citi social welfar develop offic cswdo account code motor vehicl purchas offic sport util vehicl suv engin displac not exceed cc diesel fed four cylind subject complianc requir	
2023	077-2023	amend provis ordin number seri prohibit regul use mobil devic distract devic item walk cross street sidewalk citi baguio	
2023	078-2023	amend provis ordin number seri prohibit regul use mobil devic distract devic item walk cross street sidewalk citi baguio	
2023	079-2023	author supplement budget total amount sixti five million eight hundr sixti five thousand peso fund various prioriti project identifi approv fourth th supplement annual invest program calendar year citi govern baguio	
2023	080-2023	grant request dr jose enrico lazaro presid philippin societi cell biolog fifti percent discount fee charg relat use baguio convent cultur center bccc venu upcom th intern th annual nation convent scientif meet subject condit citi govern baguio shall co sponsor said event	
2023	081-2023	amend provis ordin number seri ban park motor vehicl mark sale road citi baguio	11
2023	082-2023	approv request author charg amount current appropri offic sangguniang panlungsod follow account code salari wage regular person econom relief allow pera retir life insur premium pag ibig contribut philhealth contribut employe compens insur premium year end bonus cash gift bonus allow six cotermin employe whose term end juli	8
2023	083-2023	approv request author transfer fund current appropri citi human resourc manag offic chrmo account code mainten oper expens account code machineri equip amount procur keyboard use citi uni ti umili perform art group	
2023	084-2023	approv request author transfer fund current appropri citi mayor offic account code internet subscript expens account code repair mainten build structur amount disburs renov research develop hub rdh baguio citi polic offic bcpo subject procur law	16
2023	085-2023	amend section tax ordin number seri prescrib rule regul govern oper slaughterhous livestock meat inspect servic citi baguio amend section section tax ordin number	
2023	086-2023	amend section paragraph tax ordin number ordin provid set rule regul govern administr apprais assess levi collect realti tax busi tax permit fee build lot rental citi baguio fee charg therefor pursuant provis local govern code	
2023	087-2023	amend section tax ordin number ordin provid set rule regul govern administr apprais assess levi collect realti tax busi tax permit fee build lot rental citi baguio fee charg therefor pursuant provis local govern code amend tax ordin number	
2023	088-2023	ordin creat meat fisheri product monitor task forc citi baguio defin function	2
2023	089-2023	ordin prescrib new rule regul conduct fun run race citi baguio	
2023	090-2023	ordin institution mid autumn festiv citi baguio provid guidelin thereof	
2023	091-2023	auhtor annual budget citi govern citi govern baguio fiscal year total amount two hundr billion seven hundr forti five million two hundr seventi four thousand one hundr seventi one cover various expenditur oper citi govern baguio appropri necessari fund purpos	
2023	092-2023	approv request author charg total amount current appropri citi health servic offic chso account code repair mainten build structur repair mainten transport equip repair offic build	
2023	093-2023	ordin promot creation use mainten healthi open space communiti health environ initi citi baguio	11
2023	094-2023	amend section ordin number seri ordin provid citi govern baguio colleg educ financi assist grant program student provid fund therefor purpos amend ordin number seri amend section ordin number seri	
2023	095-2023	amend section tax ordin number ordin provid set rule regul govern administr apprais assess levi collect realti tax busi tax permit fee build lot rental citi baguio fee charg therefor pursuant provis local govern code amend tax ordin number amend section chapter vi tax ordin number tax ordin number amend item no section chapter vi tax ordin number	
2023	096-2023	ordin provid free meal baguio citi youth enrol differ higher educ institut citi baguio establish purpos free youth meal program appropri fund therefor	2
2023	097-2023	ordin strengthen exist satellit market establish addit district satellit market citi baguio alloc fund therefor purpos	
2023	098-2023	amend certain provis ordin number seri otherwis known baguio citi comprehens sport code	
2023	099-2023	ordin prescrib procedur administr complaint sk elect offici baguio	16
2023	100-2023	author supplement budget no total amount one hundr five thousand peso fund various program project activ ppas baguio citi bureau jail manag penolog bjmp femal dorm	5
2023	101-2023	grant cash incent offici employe citi govern baguio pursuant section articl ii section articl philippin constitut section viii xi local govern code relat execut order no latest suprem court decis	8
2023	102-2023	ordin appropri total amount three hundr thirti five thousand seven hundr thirti seven peso sixteen centavo satisfi monetari judgment award due spous nathaniel valencia glenda valencia	
2023	103-2023	institution baguio citi parent academi program defin purpos appropri fund thereof	4
2023	104-2023	ordin declar septemb everi year daniel burnham day citi baguio	
2023	105-2023	ordin declar second week decemb everi year architectur week citi baguio	11
2023	106-2023	author supplement budget no total amount nineti one million peso fund various prioriti project identifi approv seventh th supplement annual invest program calendar year citi govern baguio	
2023	107-2023	approv request author transfer fund current appropri citi build architect offic cbao account code general servic account code inform communic technolog equip amount purchas desktop comput intens cloud base geograph inform system gis workload process said offic	
2023	108-2023	approv request author charg total amount four hundr twenti seven thousand peso current appropri offic sangguniang panlungsod follow account code salari wage regular represent allow ra transport allow ta person econom relief allow pera retir life insur premium pag ibig contribut employe compens insur premium philhealth contribut year end bonus cash gift bonus allow payment benefit due attorney richard cariño five former offici employe said offic	8
2023	109-2023	approv request author charg total amount six hundr thousand peso current appropri offic sangguniang panlungsod account code salari wage regular payment salari differenti period june decemb honor councilor fred bagbagen isabelo cosalan jr betti lourd tabanda	8
2023	110-2023	ordin provid updat guidelin implement institution adopt park project citi baguio	
2023	111-2023	approv request author transfer fund current appropri baguio citi school divis offic account code suppli materi expens account code school build amount disburs construct comfort room dominican mirador elementari school baguio citi	
2023	112-2023	author supplement budget no total amount two hundr eight million seven hundr eighti three thousand six hundr twenti three peso fund various prioriti project identifi approv sixth th seventh th supplement annual invest program saip calendar year citi govern baguio	
2023	113-2023	approv request author charg total amount two hundr one thousand three hundr four peso current appropri smart citi command center sc supervis manag inform technolog divis citi mayor offic account code electr expens payment unpaid electr expens incur period august decemb due electr consumpt sc iot box cctvs air qualiti monitor devic instal various locat within citi baguio	
2024	001-2024	ordin institution baguio citi volkswagen appreci week citi baguio everi first week decemb everi year provid guidelin thereof	
2024	002-2024	ordin institution baguio citi cosplay festiv provid guidelin thereof	
2024	003-2024	ordin set guidelin baguio citi writer author publish furnish provid deposit copi book origin print produc publish citi baguio baguio citi public librari	
2024	004-2024	ordin renam portion asin road baguio citi particular naguilian asin road junction asin road san roqu san lui junction asin road recoleto loop	11
2024	005-2024	ordin creat baguio citi local blood council bclbc defin purpos function appropri fund thereof	3
2024	006-2024	ordin approv temporari closur use various road rout victori liner buse bus line celebr baguio flower festiv panagbenga subject condit	
2024	007-2024	ordin institution matak jen obda skill festiv citi baguio everi last week septemb everi year creat work committe purpos provid fund activ	
2024	008-2024	correct amend elig qualif posit engin ii provid section ordin number seri ordin creat posit engin ii electron engin sg citi build architectur offic cbao appropri fund therefor purpos	11
2024	009-2024	approv request author charg amount current appropri citi environ park manag offic cepmo account code electr expens payment unpaid electr consumpt citi park field offic cover period novemb januari	
2024	010-2024	approv request author charg total amount current appropri citi plan develop sustain offic cpdso program project comprehens land use plan clup comprehens develop plan cdp account code represent expens cost snack serv citi develop council meet held novemb	
2024	011-2024	approv request author charg current appropri citi administr offic cadmo expenditur oblig repres unpaid incent local athlet coach particip various sport event unpaid water bill swim pool subject avail fund	
2024	012-2024	approv request author charg amount continu appropri citi general servic offic cgso account code motor vehicl purchas offic passeng vehicl	
2024	013-2024	approv request rev fr victorino agcaoili co chairman bishop carlito cenzon foundat inc bcjcfi support waiver amus tax fee requir conduct th bishop otto cenzon golf tournament may camp john hay golf countri club citi baguio	
2024	014-2024	approv request author transfer fund current appropri citi veterinari agricultur offic cvao account code furnitur fixtur account code suppli materi expens amount disburs offic partit said offic	
2024	015-2024	institution ecolog wast manag sustain fair citi baguio	11, 12
2024	016-2024	approv request author transfer fund current appropri citi build architectur offic cbao account code machineri equip account code suppli materi expens amount disburs purchas steel cabinet use file confidenti document court case said offic	
2024	017-2024	approv request author transfer fund account code salari wage regular account code termin leav benefit amount charg amount account code product incent allow current appropri citi mayor offic cmo payment termin leav benefit perform enhanc incent year three perman employe recent resign said offic	8
2024	018-2024	ordin institution clean go claygo practic certain food serv establish citi baguio provid penalti violat thereof	11, 12
2024	019-2024	approv request author charg amount current appropri citi administr offic cadmo account code repair mainten transport equip payment item incur mainten servic vehicl mitsubishi estrada plate no ska said offic	
2024	020-2024	approv request author charg total amount current appropri citi administr offic account code suppli materi expens cover cost previous purchas item budget said offic custom folder barong ethnic cloth accent welcom token key citi	
2024	021-2024	author supplement budget no total amount two hundr eleven million thirti five thousand peso fund various program project activ approv st supplement annual invest program saip fiscal year citi govern baguio resolut number seri	
2024	022-2024	ordin adopt baguio citi local public transport rout plan lptrp subject full complianc applic law rule regul	
2024	023-2024	author supplement budget no total amount twenti two million five hundr seventi one thousand peso fund various program project activ approv st supplement annual invest program saip fiscal year citi govern baguio resolut number seri	
2024	024-2024	approv request author charg amount current appropri citi build architectur offic cbao account code salari wage regular earmark posit remain unfil payment overtim pay month novemb mr ariel valdez former casual electrician ii said offic	
2024	025-2024	ordin strengthen vaccin program citi baguio mobil communiti volunt known bakuna champion provid fund therefor purpos	3
2024	026-2024	ordin institution celebr health worker day may everi year citi baguio	3
2024	027-2024	approv request author transfer fund save citi mayor offic cmo account code salari wage regular account code termin leav benefit amount current appropri payment termin leav benefit two perman employe recent resign said offic	8
2024	028-2024	approv request author charg amount current appropri citi treasuri offic cto account code electr expens payment unpaid electr consumpt block extens citi market divis decemb decemb	
2024	029-2024	amend section ordin number seri ordin allow offic senior citizen affair osca collect replac fee lost osca senior citizen identif card offici receipt citi govern baguio senior citizen	
2024	030-2024	amend section ordin number seri grant one time rice allow qualifi offici employe citi govern baguio fiscal year	
2024	031-2024	ordin establish citi project monitor council cpmc outlin composit function provid fund purpos	11
2024	032-2024	realign amount project construct barangay road iglesia ni cristo church nabulay resid purok fund various project annual invest plan recoveri govern road front signey resid camp barangay baguio citi	11
2024	033-2024	approv request author charg total amount current appropri offic sangguniang panlungsod sp account code year end bonus cash gift bonus allow payment benefit mr jason sumad en former employe said offic	
2024	034-2024	approv request author charg amount current appropri citi health servic offic chso account code electr expens cover unpaid electr bill loakan health center present	
2024	035-2024	grant thirti percent discount rental baguio convent cultur center bccc event nd asian sport jiu jitsu feder asjjf baguio intern jiu jitsu open held octob citi baguio subject condit citi govern baguio shall co sponsor said event	
2024	036-2024	ordin creat administr board abat public nuisanc citi baguio	
2024	037-2024	approv request author charg amount current appropri citi disast risk reduct manag offic cdrrmo account code fuel oil lubric expens payment fuel use decemb newli purchas vehicl plate no sya said offic emerg use not oblig calendar year budget	13
2024	038-2024	approv request author charg amount current appropri offic sangguniang panlungsod sp account code termin leav benefit payment termin leav benefit employe resign casual staff not renew period juli decemb said offic	
2024	039-2024	approv request author transfer fund total amount current appropri citi mayor offic cmo account code offic equip ict equip account code mainten oper expens	
2024	040-2024	amend section ordin number seri amend ordin number seri ordin number seri	
2024	041-2024	approv request author charg amount current appropri citi social welfar develop offic cswdo account code salari wage regular payment termin benefit ms evangelin fanosan former social welfar offic said offic retir servic effect april	8
2024	042-2024	ordin grant anniversari bonus offici employe citi govern baguio occas celebr th charter anniversari baguio citi fiscal year	
2024	043-2024	ordin set one way traffic scheme along new lucban road new lucban extens road citi baguio implement project rehabilit sewer line road improv new lucban road new lucban barangay complet	11
2024	044-2024	ordin appropri initi amount one hundr fifti thousand peso purchas alcohol breath analyz aba drug test kit effect implement republ act no otherwis known anti drunk drug drive act citi baguio	3
2024	045-2024	ordin regul govern oper mainten malcolm squar peopl park baguio citi	11
2024	046-2024	ordin prescrib mandatori submiss citi health servic offic chso water test result posit find water test facil	6
2024	047-2024	author supplement budget no total amount eighteen million two hundr twenti three thousand nine hundr peso revers unexpend oblig calendar year surplus account general fund	
2024	048-2024	chang project titl complet street road develop carant street jacinto street annual invest plan amount complet street road develop jacinto street perfecto street citi baguio	11
2024	049-2024	approv request author charg amount current appropri citi veterinari agricultur offic cvao account code electr expens payment unpaid electr consumpt account number beneco electr bill period januari decemb oper share servic facil meat process center slaughterhous compound baguio citi	
2024	050-2024	ordin appropri fund medic allow amount not exceed seven thousand peso per annum qualifi govern offici employe citi govern baguio subsidi avail health mainten organ hmo type benefit begin fiscal year accord section execut order no seri	
2024	051-2024	approv request author charg amount current appropri burnham park offic account code electr expens payment rental cost three distribut transform instal energ benguet electr cooper inc beneco rose garden novemb suppli temporari power requir citi activ entitl enchant baguio christma decemb	
2024	052-2024	approv request waltrix product dmc entertain product manag support waiver amus tax waiver fee instal market collater materi issuanc special permit conduct concert british singer chloe foston carpent reborn tribut show band glasglow england septemb univers baguio cardin gym	
2024	053-2024	approv request addit fund sport fund amount twelv million peso use prepar particip athlet citi baguio annual grassroot program philippin sport commiss psc philippin youth game batang pinoy nation championship novemb puerto princesa palawan subject avail fund	
2024	054-2024	ordin institution local search natatang pamilyang pilipino npp program citi baguio	
2024	055-2024	ordin increas subsidi barangay citi baguio	
2024	056-2024	approv request hotel restaur associ baguio hrab tax exempt door ticket entranc fee annual hotel restaur tourism week mr ms hrab competit	8
2024	057-2024	author supplement budget no amount various project includ procur backho loader manlift boom truck tanker fire truck wood chipper enclosur kia barangay cover court	
2024	058-2024	ordin institution creation baguio citi micro small medium enterpris develop council msmedc	11
2024	059-2024	amend provis ordin number seri ordin institution gawad lingap program glp citi baguio public elementari secondari student provid fund hereof	4
2024	060-2024	ordin provid revis guidelin implement assist individu crisi situat aic citi baguio amend entireti ordin number seri provid guidelin implement assist individu crisi situat citi baguio	1
2024	060-2024	ordin provid revis guidelin implement assist individu crisi situat aic citi baguio amend entireti ordin number seri provid guidelin implement assist individu crisi situat citi baguio	1
2024	061-2024	ordin establish baguio citi integr cancer control program	3
2024	062-2024	ordin creat baguio citi men oppos violenc women everywher move organ appropri fund thereof purpos	5
2024	063-2024	ordin rollout train formul comprehens local juvenil intervent program cljip child right base local ordin provid fund purpos	16
2024	064-2024	author supplement budget no total amount seventeen million peso fund expens batang pinoy deleg particip	
2024	065-2024	approv request tax exempt special permit parent teacher associ pta brent intern school kind fee conduct charit shopper day event held novemb brent intern school baguio gym	4
2024	066-2024	author supplement budget no amount various project includ palarong pambarangay nutrit mental health project various infrastructur project	
2024	067-2024	grant financi assist amount one million peso current appropri citi disast risk reduct manag quick respons fund citi govern baguio provinc batan declar state calam due massiv devast brought typhoon julian	13
2024	068-2025	author supplement budget no total amount one million five hundr seventi three thousand peso payment estim back wage atti augustin laban iii approv th supplement annual invest program saip fiscal year citi govern baguio resolut number seri	
2024	069-2024	approv request author charg amount current appropri citi build architectur offic cbao earmark posit remain unfil payment monetari claim ms maria joenah catacutan former administr aid vi cash clerk ii resign govern servic effect august said offic	
2024	070-2024	amend section ordin number seri anti colorum ordin citi baguio	
2024	071-2024	author supplement budget no total amount five hundr thousand peso fund project continu develop livelihood center locat st basement multi purpos bldg park structur leonila hill west bayan park barangay approv th supplement annual invest program saip fiscal year citi govern baguio resolut number seri	8
2024	072-2024	author annual budget citi govern baguio fiscal year total amount three billion six hundr nineti two thousand peso cover various expenditur oper citi govern baguio appropri necessari fund purpos	
2024	073-2024	author supplement budget no total amount ten million peso fund project land bank purchas lot adjac asin district health center addit fund approv th supplement annual invest program saip fiscal year citi govern baguio resolut number seri	
2024	074-2024	approv request happi home old lucban barangay baguio citi closur right side road specif purok benitez area calango frontag happi home old lucban barangay baguio citi decemb morn decemb afternoon conduct barangay communiti garag sale	11
2024	075-2024	approv request happi home old lucban barangay closur right side road specif purok rodriguez area calango frontag happi home old lucban barangay baguio citi decemb friday morn decemb saturday even conduct barangay christma celebr	11
2024	076-2024	approv request fifti percent discount month kwarta temporari reloc occup second third floor rillera build baguio citi public market tax ordin craft author rate fee	11
2024	077-2024	amend section chapter vi tax ordin number amend tax ordin number specif servic provid citi health servic offic chso	
2024	078-2024	ordin protect right fundament freedom human right defend oper citi baguio establish protect mechan appropri fund purpos	16
2024	079-2024	amend certain provis ordin number seri baguio citi invest incent code bciic amend ordin number seri	
2024	080-2024	author supplement budget no total amount twenti seven million eight hundr thirti two thousand nine hundr eighti one peso fund various program project activ identifi approv sixth th supplement annual invest program calendar year citi govern baguio	
2024	081-2024	author supplement budget no total amount twenti seven million eight hundr thirti two thousand nine hundr eighti one peso fund various program project activ identifi approv sixth th supplement annual invest program calendar year citi govern baguio	
2024	082-2025	author supplement budget no amount six million two hundr thousand peso project promot inform signag tourism site baguio citi approv th supplement annual invest program saip fiscal year citi govern baguio resolut number seri	8
2024	083-2024	grant financi assist amount five hundr thousand peso current appropri citi disast risk reduct manag quick respons fund citi govern baguio provinc negro occident declar state calam due massiv devast brought erupt mount kanlaon	13
2024	084-2024	approv request author charg amount current appropri citi mayor offic account code salari wage regular payment termin leav benefit mr cj marzan former secur agent primarili confidenti said offic	8
2024	085-2024	approv request author charg amount current appropri citi mayor offic cmo account code repair mainten transport equip payment repair cost batteri offic servic vehicl bear plate number sjv settl oblig diltex mart	
2024	086-2024	approv request author charg amount continu appropri offic sangguniang panlungsod sp account code motor vehicl purchas two addit offic passeng vehicl	
2024	087-2024	author supplement budget no total amount one hundr twenti million peso approv nd supplement invest program saip fiscal year fund project improv upgrad rehabilit baguio athlet bowl approv resolut number seri	
2025	001-2025	grant financi assist amount three hundr thousand peso current appropri citi disast risk reduct manag quick respons fund citi govern baguio camp barangay municip tuba benguet aid recoveri rehabilit effort follow destruct brought structur fire affect multipl famili	13
2025	002-2025	approv request waltrix product support waiver amus ta waiver fee instal market collater materi issuanc special permit conduct event maki concert seri januari friday univers baguio cardin gym	
2025	003-2025	ordin alloc space front philippin nation red cross baguio citi chapter offic build along harrison road park entri exit ambul unit client avail servic	
2025	004-2025	ordin approv temporari closur use various road rout victori liner buse bus line celebr baguio flower festiv panagbenga subject condit	
2025	005-2025	ordin grant thirti percent discount rental baguio convent cultur center bccc includ use light sound system full led wall stage tabl chair event titl fif philippin nd nelson totan classic charlott tibawen assist head luzon fit intern feder fif held april citi baguio provid citi govern baguio shall co host said event	11
2025	006-2025	amend certain provis ordin number seri provid mental health care development well program citi baguio appropri fund thereof insert section penalti therein	3
2025	007-2025	ordin simplifi requir issuanc certif final electr inspect cfei certif electr inspect cei citi govern baguio citi build offici independ electr servic connect residenti structur citi baguio	11
2025	008-2025	approv request author charg amount current appropri citi build architectur offic cbao account code mainten oper expens payment cost electr materi use christma villag	
2025	009-2025	approv request author charg amount current appropri citi social welfar develop offic cswdo account code salari wage regular payment termin benefit ms marlen erot former social welfar aid said offic retir servic effect octob	8
2025	010-2025	consolid anti mosquito born diseas ordin citi baguio	3
2025	011-2025	realign amount project enclosur kia barangay cover court construct amen use evacu center barangay fund various project annual invest plan construct evacu center complet amen besid kia cover court kia barangay baguio citi	11
2025	012-2025	approv request exempt govern fee tax associ use area along session road panagbenga festiv period februari march conduct initi dedic public health welfar topic hiv mental health smoke free practic inform educ communic iec promot rais awar provid essenti servic communiti	
2025	014-2025	approv request author charg amount current appropri citi mayor offic account code termin leav benefit payment termin benefit ms janet aguirr former licens offic ii permit licens divis citi mayor offic pld cmo	
2025	015-2025	approv request author charg amount current appropri citi mayor offic account code extraordinari miscellan expens payment cost incur punong barangay levi lloyd orcal south central aurora hill barangay baguio citi offici repres citi govern baguio citi plan develop sustain offic cpdso offici particip sdg hous sustain forum held novemb cairo egypt	
2025	016-2025	ordin grant relief surcharg interest local transfer tax real properti citi baguio	
2025	017-2025	ordin invit resid baguio citi la trinidad itogon sablan tuba tublay blistt baguio botan garden march april free visit post panagbenga gestur gratitud citi govern baguio	
2025	018-2025	approv use malcolm squar offici venu labor day kadiwa farmer market april may waiv rental fee well fee levi use electr special permit	2, 8
2025	019-2025	ordin set one way traffic scheme torr bugallon street west modernsit barangay baguio citi implement project basic infrastructur program bip construct road torr bugallon road barangay west modernsit baguio citi complet	
2025	020-2025	approv request happi home old lucban barangay council closur right side road specif purok benitez area calango frontag happi home old lucban barangay baguio citi march morn march afternoon conduct livelihood activ women organ barangay celebr women month	11
2025	021-2025	ordin waiv eighti percent share administr fine impos presidenti decre no build construct without permit prior effect said decre revis implement rule regul purpos	
2025	022-2025	approv request author charg amount current appropri citi human resourc manag offic chrmo account code suppli materi expens payment suppli plaqu procur pinder art design studio purchas order no	
2025	023-2025	approv request author charg amount current appropri citi build architectur offic cbao account code salari wage regular salari save earmark posit remain unfil said offic payment overtim pay month novemb	
2025	024-2025	approv request author charg total amount current appropri citi veterinari agricultur offic cvao account code gsis premium philhealth premium payment unclaim salari termin leav benefit mr jervin bruce canao mr redner dayotao separ citi govern baguio effect august august respect	
2025	025-2025	amend ordin number seri approv request waltrix product support waiver amus tax waiver fee instal market collater materi issuanc special permit conduct event maki concert seri januari friday univers baguio cardin gym	
2025	026-2025	peopl council ordin peopl particip govern ordin citi baguio amend ordin number seri govern conduct participatori legisl citi baguio purpos	16
2025	027-2025	institution commemor gregoria de jesus known lakambini ng katipunan wife nation hero andr bonifacio th birth anniversari year provid program recognit signific contribut philippin histori appropri fund therefor	5
2025	028-2025	approv request author charg total amount current appropri citi health servic offic chso various personnel servic ps account payment unpaid personnel benefit mr rr dela cruz mr john gerald pagui en mr mark stefan pacio resign employe said offic	
2025	029-2025	approv request author charg total amount current appropri citi assessor offic account code salari wage regular person econom relief allow year end bonus cash gift retir life insur premium pag ibig contribut philhealth contribut employe compens insur premium payment unpaid salari wage ms cecilia aspira former administr aid iv said offic retir govern servic effect novemb	8
2025	030-2025	approv request ms joann uraga line product personnel cnca product waiver amus tax waiver fee instal market collater materi approv issuanc special permit event tj monterd sarili nate mundo concert june saturday june sunday univers baguio ub cardin gym baguio citi	
2025	031-2025	ordin extend free access baguio botan garden resid baguio citi la trinidad itogon sablan tuba tublay blistt april may	
2025	032-2025	approv request san lorenzo ruiz parish loakan proper baguio citi discount rental fee venu upcom fundrais concert entitl love word journey toward uncondit love schedul may sunday baguio convent cultur center	
2025	033-2025	approv request mrr queen peac barangay council closur queen peac road mrr queen peac barangay baguio citi may saturday afternoon may sunday even conduct barangay fiesta theme kultura kalikasan pagkakaisa para sa kinabukasan	
2025	034-2025	approv request atti marissa madrid dacayanan co convenor sang atan blistt bike festiv relat conduct rd sang atan blistt bike festiv may june across various locat citi baguio	
2025	035-2025	grant author ms rosario alberto race director hold fun run event behalf baguio general hospit medic center bghmc physic fit committe june saturday morn subject condit	
2025	036-2025	approv request author charg amount current appropri citi mayor offic earli warn surveil system account code salari wage casual contractu payment termin leav benefit amiel john flore former casual employe said offic resign decemb	13
2025	037-2025	ordin institution market encount open activ everi first sunday octob everi year celebr cooper month citi baguio provid opportun cooper showcas product servic	
2025	038-2025	ordin institution women offici day wofad barangay execut legisl offic citi govern baguio part celebr women month march everi year citi baguio	5
2025	039-2025	amend section ordin number seri ordin provid citi govern baguio colleg educ financi assist grant program student provid fund therefor purpos amend ordin number seri amend section ordin number seri	
2025	040-2025	author supplement budget no amount twenti five million peso project maharlika livelihood complex rehabilit interim oper oper budget maharlika livelihood complex three month period start may approv resolut number seri	
2025	041-2025	amend section ordin number seri ordin institution saleng pine tree festiv citi baguio	
2025	042-2025	ordin approv baguio citi integr termin bcit project condit	11
2025	043-2025	ordin institution communiti artscap adapt dugad mi barangay stori visual perform art form creativ express citi baguio	11
2025	044-2025	approv request author charg total amount five hundr thousand peso current appropri citi general servic offic cgso account code electr expens payment unpaid electr bill various facil citi govern baguio incur year	
2025	045-2025	approv request author charg amount current appropri citi human resourc manag offic chrmo account code termin leav benefit payment termin benefit ms joann domingo former administr assist ii said offic	
2025	046-2025	author supplement budget no total amount one hundr fourteen million four hundr sixti eight thousand one hundr twenti five peso fund various program project activ item nos identifi approv first st supplement annual invest program calendar year citi govern baguio	
2025	047-2025	approv request author charg amount continu appropri citi general servic offic cgso account code motor vehicl purchas util vehicl use asset properti manag divis said offic subject complianc requir	
2025	048-2025	chang project titl recoveri road right way along magsaysay avenu lyman ogilbi centrum build toward roxa road appropri ordin number seri among prioriti approv first st supplement annual invest program fiscal year citi govern baguio resolut number seri amount recoveri road right way along magsaysay avenu lyman ogilbi centrum build toward roxa road phase ii citi baguio	11
2025	049-2025	approv request author charg amount current appropri citi treasuri offic cto account code salari wage regular payment addit loyalti award mr dominador abella jr th year loyalti awarde	8
2025	050-2025	approv request author charg amount thirti thousand one hundr thirti eight peso current appropri citi treasuri offic account code electr expens payment unpaid electr bill calendar year	
2025	051-2025	ordin institution barangay pagbasa program citi baguio defin purpos appropri fund thereof	4
2025	052-2025	author supplement budget no total amount twenti four million peso fund various program project activ item nos identifi approv first st supplement annual invest program calendar year citi govern baguio	
2025	053-2025	approv request author charg amount current appropri citi administr offic cadmo account code water expens amount account code prize amount payment unpaid water bill swim pool unpaid incent athlet calendar year respect	
2025	054-2025	approv request author charg amount current appropri citi plan develop sustain offic cpdso account code fuel oil lubric expens payment fuel use decemb vehicl plate no said offic	
2025	055-2025	approv request depart agricultur da waiv special permit fee young farmer challeng booth conduct young farmer challeng batch nation award ceremoni juli baguio convent cultur center baguio citi	2
2025	056-2025	approv request author charg amount current appropri manag inform technolog divis citi mayor offic mitd cmo account code internet subscript expens cover unoblig zoom pro account expens mitd period novemb decemb	
2025	057-2025	approv request author charg amount current appropri citi mayor offic account code train expens cultur art program fund requir unpaid meal serv particip baguio imagin coach workshop product develop held septemb baguio convent cultur center	
2025	058-2025	approv request charg amount current appropri citi build architectur offic cbao account code salari wage regular earmark posit remain unfil said offic payment monetari claim ar arsenio glenn martin rillera former architect ii said offic resign effect februari	
2025	059-2025	approv request immedi temporari road closur along san carlo height purok irisan barangay baguio citi repair erod crib wall time project complet	11
2025	060-2025	author supplement budget no total amount one hundr nineti three million seven hundr sixti six thousand two hundr peso follow sourc drrm trust fund botan trust fund unappropri surplus cover various program project activ various offic third rd supplement annual invest program saip calendar year citi govern baguio resolut number seri date june	
2025	061-2025	approv request author charg total amount forti six thousand eight hundr forti six peso current appropri citi health servic offic chso earmark various personnel servic ps account pay various personnel benefit resign employe said offic	
2025	062-2025	ordin grant six month free access baguio botan garden baguio citi la trinidad itogon sablan tuba tublay blistt resid august januari testament communiti partnership sustain tourism	8
2025	063-2025	ordin provid guidelin grant cash subsidi elig solo parent citi baguio	1
2025	064-2025	approv request duck sport music product inc consider waiver amus tax conduct event ben ben live baguio travel across dimens tour august camp john hay convent center	
2025	065-2025	ordin establish baguio citi anim care adopt center provid fund thereof	
2025	066-2025	approv request mb sky product free use baguio convent cultur center bccc grand final venu littl miss baguio part baguio charter day celebr septemb cash prize amount top three winner	
2025	067-2025	approv request author charg amount current appropri citi engin offic ceo earmark various personnel servic ps account pay personnel benefit separ employe said offic	
2025	068-2025	ordin grant one time non extend relief surcharg interest delinqu busi taxpay citi baguio	
2025	069-2025	approv request author charg amount current appropri citi administr offic cadmo account code repair mainten transport equip payment unpaid expens year item mainten offic servic vehicl mitsubishi xpander pr no	
2025	070-2025	approv request waiv amus tax ticket sell miss baguio preliminari grand coron night schedul septemb respect	
2025	071-2025	approv request brent intern school baguio exempt payment tax due fundrais activ brent christma bazaar novemb brent memori gymnasium	
2025	072-2025	approv request author charg amount current appropri citi build architectur offic cbao earmark posit remain unfil payment salari personnel econom relief allow pera period octob ar mari angelin vinluan former architect ii said offic	
2025	073-2025	approv request author util save current appropri citi engin offic ceo earmark personnel servic ps amount sixti seven thousand five hundr forti seven peso payment benefit employe said offic resign servic	
2025	074-2025	ordin grant full amus tax exempt hotel restaur associ baguio hrab two specifi event citi baguio	
2025	075-2025	grant financi assist fund amount two million peso citi disast risk reduct manag quick respons fund citi govern baguio bogo citi san remigio medellin daanbantayan northern provinc cebu devast power magnitud earthquak septemb	13
2025	076-2025	amend certain provis ordin number seri creat barangay inform manag system barangay citi baguio purpos	
2025	077-2025	grant financi assist fund total amount two million five hundr thousand peso citi disast risk reduct manag quick respons fund citi govern baguio provinc masbat davao orient declar state calam subject complianc commiss audit coa circular no inter local govern unit lgu financi transact	13
2025	078-2025	approv request author charg amount current appropri baguio citi polic offic bcpo account code repair mainten transport equip payment five piec tire tire valv govern servic vehicl plate no sjg issu polic station bcpo	
2025	079-2025	ordin award philippin nation flag deceas baguio citi public school teacher public child develop worker wake funer servic	4
2025	080-2025	ordin mandat conduct feasibl studi establish baguio citi hospit	3
2025	081-2025	institution implement pag angat pangkabuhayan program ps citi baguio establish guidelin therefor	8
2025	082-2025	approv request author charg amount current appropri offic sangguniang panlungsod sp account code salari wage regular represent allow ra transport allow ta person econom relief allow pera retir life insur premium pag ibig contribut employe compens insur premium philhealth contribut payment salari wage benefit engr isabelo cosalan jr former sp member said offic	8
2025	083-2025	approv request author charg amount current appropri citi treasuri offic payment claim perform base bonus pbb collect negoti agreement cna incent mr noel flora former revenu collect clerk ii said offic	
2025	084-2025	approv request author charg amount current appropri offic sangguniang panlungsod sp account code termin leav benefit payment termin pay mr alexand soriano sr former employe said offic	
2025	085-2025	approv request util exist budget alloc citi civil registri offic account code motor vehicl amount procur offic servic motor vehicl	
2025	086-2025	sanit code baguio citi	6
2025	087-2025	approv request baguio diocesan associ parish prex parish renew experi secretari bdapp waiver fee remain balanc use baguio athlet bowl novemb th prex nation convent	
2025	088-2025	author supplement budget no total amount sixti nine million peso follow sourc new revenu unappropri surplus cover various program project activ various offic fifth th supplement annual invest program saip calendar year citi govern baguio resolut number seri date septemb septemb respect	
2025	089-2025	amend section ordin number seri ordin increas subsidi barangay citi baguio	
2025	090-2025	author annual budget citi govern baguio fiscal year total amount three billion six hundr fifti one million five hundr nineti two thousand five hundr sixti peso cover various expenditur oper citi govern baguio appropri necessari fund purpos	
2025	091-2025	chang project titl complet outdoor bleacher athlet bowl appropri ordin number seri among project approv fifth th supplement annual invest program saip fiscal year citi govern baguio resolut number seri date septemb septemb respect amount upgrad rehabilit outdoor bleacher athlet bowl citi baguio	11
2025	092-2025	approv request author charg amount three hundr forti six thousand two hundr fifti peso current appropri citi health servic offic chso earmark suppli payment unpaid item previous year	
2025	093-2025	approv request author charg amount sixti thousand peso current appropri citi administr offic cadmo account code mainten oper expens payment expens incur gong festiv	
2025	094-2025	amend section ordin number seri amend ordin number seri ordin number seri number code	
2025	095-2025	ordin ration primarili confidenti cotermin casual posit sangguniang panlungsod citi council baguio	
2025	096-2025	ordin declar month june baguio citi social worker month june th everi year baguio citi social worker day recognit regist social worker citi baguio whether employ public privat sector annual observ	8
2025	097-2025	approv request use road area malcolm squar youth entrep fest experienc respons enterpris communiti decemb conduct baguio charact council public employ servic offic citi mayor offic peso cmo	
2025	098-2025	author supplement budget no total amount nineti five million peso follow sourc person servic ps mainten oper expens mooe various offic cover grant collect negoti agreement cna servic recognit incent sri qualifi offici employe citi govern baguio gratuiti pay contract servic job order worker calendar year	8
2025	099-2025	amend certain provis ordin number seri provid guidelin implement assist individu crisi situat aic citi baguio	
2025	100-2025	approv request author charg amount current appropri citi mayor offic cmo account code repair mainten transport equip payment repair mainten offic servic vehicl bear plate number snd	
2025	101-2025	approv request author charg amount two hundr fifti thousand peso current appropri baguio citi jail femal dormitori bcj fd account code repair mainten build structur payment complet project repair improv exist alley util quarantin isol cell baguio citi jail femal dormitori	16
2025	102-2025	ordin increas salari subsidi citi parent paid child develop worker eight thousand peso ten thousand peso per month effect januari	4, 8
2025	103-2025	ordin ration guidelin issuanc clearanc disposit land reserv workingmen villag purpos per proclam no date decemb revok proclam no date januari repeal purpos ordin number seri amend author collect certain fee	
2025	104-2025	ordin establish local senior social pension program citi baguio	1
2025	105-2025	grant financi assist fund total amount six hundr thousand peso citi disast risk reduct manag quick respons fund citi govern baguio provinc ifugao kalinga mountain provinc declar state calam subject complianc commiss audit coa circular no inter local govern unit lgu financi transact	13
2025	106-2025	author supplement budget no total amount twenti five million four hundr four thousand peso fund various project activ supplement annual invest plan saip chargeabl surplus account general fund appropri ordin number seri	
2026	001-2026	approv request author charg amount appropri baguio citi polic offic account code repair mainten build structur payment complet project titl renov polic station compac kennon road view deck	
2026	002-2026	approv request transfer fund total amount four hundr thousand peso appropri citi disast risk reduct manag offic cdrrmo account code rm build structur rm machineri equip account code machineri equip purchas automat voltag regul avr automat rescu devic ard elev	13
2026	003-2026	approv request author util amount two million six hundr fifti four thousand six peso citi treasuri offic continu appropri procur motor vehicl use perform offici offic function	
2026	004-2026	approv request author charg amount current appropri citi mayor offic account code salari wage casual contractu payment product enhanc incent pei casual employe citi mayor offic earli warn surveil system resign decemb	8
2026	005-2026	approv refund rental fee paid use baguio convent cultur center event baguio vogu fashion meet cultur held septemb	
2026	006-2026	approv request reschedul youth entrep fest experienc respons enterpris communiti januari use road area malcolm squar conduct baguio charact council public employ servic offic citi mayor offic peso cmo	8
2026	007-2026	ordin prohibit act onlin sexual abus exploit children osaec anti child sexual abus exploit materi acsaem citi baguio correspond penalti thereaft provid support environ survivor	5, 16
2026	008-2026	ordin approv temporari closur use various road rout victori liner buse bus line celebr baguio flower festiv panagbenga subject condit	
2026	009-2026	ordin implement republ act no otherwis known land transport traffic code requir use daytim run light motor vehicl oper public highway road park facil within baguio citi	11
2026	010-2026	ordin establish eye health program citi baguio	3
2026	011-2026	ordin promot literaci citi baguio creat purpos baguio citi literaci council defin primari purpos function appropri fund thereof	4
2026	012-2026	ordin increas honorarium head offic senior citizen affair osca amend section ordin number seri	
2026	013-2026	approv request waltrix product waiver amus tax waiver fee instal market collater materi issuanc special permit implement event cup joe concert februari univers baguio cardin gym	
2026	014-2026	approv request author refund aggreg amount six hundr sixti six thousand eight hundr thirti six peso various sublessor maharlika livelihood center mlc	
2026	015-2026	ordin adopt establish pansa nopen tayo circular economi framework guid inclus sustain develop citi baguio	11, 12
2026	016-2026	ordin author citi mayor baguio citi institut negoti expropri proceed acquisit portion road locat badihoy street guisad surong baguio citi long use access road resid view immin threat closur	11
2026	017-2026	approv request author charg amount eighteen thousand four hundr seventi two peso thirti five centavo current appropri citi social welfar develop offic cswdo account code salari wage regular employe compens insur premium philhealth contribut hazard pay subsist allow augment employe compens payment premium contribut month januari said offic	8
2026	018-2026	approv request author charg amount one hundr forti thousand peso current appropri citi librari offic account code repair mainten build structur payment complet project improv citi librari	
2026	019-2026	approv request author charg amount one million two hundr forti five thousand peso current appropri citi administr offic account code prize repres prize intend cover payment cash incent athlet southeast asian game togeth coach	
2026	020-2026	ordin enhanc baguio visitor inform travel assist visita offici tourism web base applic baguio citi outlin expand function use implement provid fund therefor	8
2026	021-2026	approv request author charg total amount current appropri citi build architectur offic cbao earmark posit remain unfil said offic payment monetari claim ar mari angelin vinluan former architect ii whose retir took effect may	
2026	022-2026	approv request author charg total amount current appropri citi environ park manag offic cepmo payment salari year end bonus cash gift various retire said offic	
2026	023-2026	approv request settlement agreement baguio water district bwd payment unpaid water charg amount incur construct work baguio citi sport complex swim pool sicat construct without prejudic citi govern baguio continu legal action said contractor recov said amount	
2026	024-2026	approv temporari road closur burnham lake drive harrison road abad santo drive kisad road chanum street citi baguio may sunday facilit conduct hari ng ahon season leg criterium race	11
2026	025-2026	author supplement budget no total amount six hundr fifti two million two hundr forti five thousand six hundr fifti peso unappropri surplus general fund realign chang titl trust fund fee collect republ act no fund various program project activ includ supplement annual invest program saip no resolut number seri date februari resolut number seri date februari respect	
2026	026-2026	ordin provid interim polici guidelin maharlika livelihood center mlc pend formul master develop plan establish local econom enterpris lee	8
2026	027-2026	ordin establish healthi public food procur polici citi baguio	2, 3, 12
2026	028-2026	approv request palma urbano barangay council temporari closur nacnac street palma urbano barangay baguio citi march april conduct barangay livelihood fair	
2026	029-2026	approv request waltrix product waiver amus tax waiver fee market collater issuanc special permit event wolfgang reunion concert march univers baguio cardin gym	
2026	030-2026	ordin appropri annual budget three hundr thousand peso implement republ act no otherwis known right person arrest detain custodi investig baguio citi purpos	16
2026	031-2026	grant fifti percent discount special permit world food expo wofex baguio schedul march baguio convent cultur center consider addit expens generat rental recognit signific contribut local economi entrepreneuri develop	
2026	032-2026	approv request author charg total amount current appropri citi treasuri offic account code person econom relief allow pag ibig contribut philhealth contribut employe compens insur premium retir life insur contribut cover unoblig unpaid salari person servic said offic year	8
2026	033-2026	approv request author charg amount current appropri citi social welfar develop offic cswdo cover unoblig unpaid termin leav benefit year	10
2026	034-2026	approv request author charg amount two hundr seventi five thousand three hundr peso current appropri citi health servic offic chso earmark various personnel servic ps account vacant plantilla posit item nos medic offic iv payment employe benefit personnel separ servic said offic	
2026	035-2026	approv request author charg amount current appropri citi administr offic account code represent expens cover unpaid expenditur lunch buffet offici philippin sport commiss psc baguio citi offici work committe batang pinoy award cash incent ceremoni turnov gym equip	
2026	036-2026	author supplement budget no total amount six hundr sixti six thousand eight hundr thirti six peso surplus maharlika livelihood center mlc fund program project activ item no refund maharlika livelihood center mlc tenant sublessor includ supplement annual invest program saip no resolut number seri	
2026	037-2026	approv request author charg amount seventi nine thousand four hundr eighti eight peso current appropri account code no membership due contribut organ general fund annual due fund requir payment citi membership fee iclei local govern sustain	
2026	038-2026	ordin waiv entranc fee accredit local tour guid tour oper travel agent tour coordin tour manag citi oper tourist site citi baguio encourag privat establish adopt	8
2026	039-2026	approv request baguio dialysi patient organ inc hold product fair may waiver local tax fee charg concessionair juan luna drive burnham park baguio citi	8
2026	040-2026	approv request depart labor employ cordillera administr region dole car waiver applic local tax fee charg particip micro small medium enterpris msmes conduct kadiwa ng pangulo job fair may may june june malcolm squar baguio citi	8
2026	041-2026	approv request waiver applic local tax fee charg extens conduct abatan ti sirib servic caravan youth solo parent concessionair malcolm squar livelihood fair youth entrepreneur along perfecto street april may citi baguio	8
2026	042-2026	approv request coalit baguio benguet laban sa korapsyon waiver local tax fee charg use igorot park burnham park baguio citi venu mayo uno labor day program may	16
2026	043-2026	ordin institution baguio citi skateboard day citi baguio provid guidelin thereof	
2026	044-2026	ordin establish emerg medic servic council baguio citi defin power function provid fund therefor	3
2026	045-2026	approv request author charg total amount two hundr thousand peso current appropri citi plan develop sustain offic cpdso account code mainten oper expens payment cash prize alloc various award categori impact week initi design cultiv youth led innov promot sustain develop practic strengthen communiti driven solut within citi baguio	
2026	046-2026	approv request author charg amount two million four hundr seventi four thousand eight hundr seventi one peso continu appropri citi librari offic account code motor vehicl purchas new motor vehicl citi librari offic	
2026	047-2026	ordin amend enhanc ordin number seri requir contractor public util compani repair road facil instal reflector earli warn devic proper place work area prevent accid involv motorist pedestrian especi night pertain instal reflector earli warn devic road repair construct site	
2026	048-2026	approv request author charg total amount eighti seven thousand five hundr peso current appropri special servic divis citi mayor offic ssd cmo account code rent expens payment rent expens incur punong barangay meet citi mayor depart head held march baguio convent cultur center account code prize prize award top seven barangay search best perform barangay held novemb	
2026	049-2026	approv request author charg amount eighteen thousand three hundr seventi five peso current appropri citi tourism cultur art offic account code rent expens payment rental fee cenro baguio tourism servic center rest area	
2026	050-2026	author supplement budget no amount fifti six million peso local govern support fund lgsf fund assist indig individu famili food assist rice distribut project includ second nd supplement annual invest program saip resolut number seri date april	
2026	051-2026	author supplement budget no total amount three hundr seventi nine million three hundr fifti three thousand fifti five peso various sourc fund various program project activ various offic citi annual invest program aip resolut number seri date novemb supplement annual invest program saip no pursuant resolut number seri resolut number seri resolut number seri date februari april april respect	
2026	052-2026	amend ordin number seri provid increas honorarium qualifi senior citizen render servic offic senior citizen citi baguio	
2026	053-2026	ordin institution oper pag aywanan senior citizen center communiti base model elder care famili support baguio citi	1
2026	054-2026	approv request transfer fund amount one hundr forti eight thousand eight hundr peso current appropri citi administr offic account code represent expens account code suppli materi author charg amount support request citi administr payment expens incur archeri equip not process book account close	
2026	055-2026	approv request author charg unbook oblig citi engin offic amount one hundr fifteen thousand peso repres unpaid expens year current appropri said offic account code repair mainten machineri equip payment expens incur calibr equip materi test qualiti control divis	
2026	056-2026	approv request author charg amount seven hundr forti one thousand peso repres unpaid expens year current appropri citi engin offic ceo account code repair mainten infrastructur asset payment expens incur repair mainten traffic signal light not process book account close	
2026	057-2026	ordin provid appoint registr accredit retent grant incent barangay health worker bhws citi baguio creat citi bhw registr accredit committe bhw crac	
2026	058-2026	ordin mandat road safeti protocol vehicl roadworthi check escort cost reimburs heavi vehicl steep terrain road baguio citi	3, 11
2026	059-2026	author supplement budget no amount one million four hundr sixti thousand peso citi disast risk reduct manag cdrrm fund fund program project activ item no restor damag ceil roof eav flash window addit steel support irisan multi purpos hall includ supplement annual invest program saip no pursuant resolut number seri	13
2026	060-2026	author use citi disast risk reduct manag quick respons fund cdrrm qrf citi govern baguio amount three million peso financi assist earthquak affect local govern unit lgus mindanao devast declar state calam due damag magnitud offshor earthquak subject complianc commiss audit coa circular no inter local govern unit lgu financi	13
2026	061-2026	approv request author charg total amount current appropri citi environ park manag offic cepmo account code year end bonus account code employe compens insur premium payment unpaid year end bonus employe compens insur premium sif employe said offic retir govern servic	
2026	062-2026	approv request author charg total amount payment secur janitori servic maharlika livelihood center mlc period octob decemb current appropri citi general servic offic cgso account code secur servic account code janitori servic	
2026	063-2026	ordin mandat event organ util public land street plaza govern own space implement wast manag scheme provid penalti violat thereof	
2026	064-2026	ordin adopt child budget expenditur tag track cbett institution alloc tag monitor fund children purpos	17
2026	065-2026	ordin implement baguio citi sustain tourism summit conduct everi three year	8
2026	066-2026	ordin establish baguio citi sanit septag wastewat manag system author collect revis sanit fee servic charg fee repeal purpos ordin number seri also known septag manag ordin citi baguio section ordin number seri amend also known environ code citi baguio provis ordin inconsist herewith purpos	6
2026	067-2026	approv request author charg total amount thirti four million one hundr fifteen thousand peso chargeabl disast risk reduct manag fund drrmf special trust fund accumul various year differ program project activ relat implement flood control slope protect drainag rehabilit road restor procur project citi baguio	13
2026	068-2026	ordin institution palarong pambarangay citi baguio provid fund therefor purpos	
2026	069-2026	ordin prescrib payment garbag fee citi baguio accord republ act no otherwis known ecolog solid wast act repeal purpos section tax ordin number provid mechan collect impos penalti violat	11, 12
2026	070-2026	approv request cnca product waltrix product waiver amus tax waiver fee instal market collater materi issuanc special permit concert entitl featur opm artist tj monterd kz tandingan direct john prat held juli univers baguio cardin gym	
2026	071-2026	author supplement budget no amount one million three hundr thirti three thousand peso chargeabl unappropri surplus fund implement refund maharlika livelihood center mlc tenant sublessor citi supplement annual invest program saip no resolut number seri	
2026	072-2026	author supplement budget no amount seven million eight hundr eighti thousand chargeabl unappropri surplus fund implement smoke free task forc annual oper plan aip refer code citi supplement annual invest program saip no resolut number seri subject submiss sangguniang panlungsod citi council baguio breakdown amount appropri	
2026	073-2026	revis gender develop gad code citi baguio	5
2026	074-2026	approv conduct abatan ti sirib youth fair august along perfecto street front need front tiong san harrison malcolm squar barangay baguio citi one offici activ linggo ng kabataan celebr citi baguio temporari use identifi portion perfecto street provid safe access strateg venu fair	
2026	075-2026	approv request transfer fund amount one hundr fifti one thousand five hundr fourteen peso current account citi treasuri offic account code salari wage regular save vacant posit administr offic sg item no account code termin leav benefit author charg amount payment termin leav benefit ms sandra vivian logronio	8