Year	Ordinance No.	Title	SDG 1 score	SDG 1	SDG 2 score	SDG 2	SDG 3 score	SDG 3	SDG 4 score	SDG 4	SDG 5 score	SDG 5	SDG 6 score	SDG 6	SDG 7 score	SDG 7	SDG 8 score	SDG 8	SDG 9 score	SDG 9	SDG 10 score	SDG 10	SDG 11 score	SDG 11	SDG 12 score	SDG 12	SDG 13 score	SDG 13	SDG 14 score	SDG 14	SDG 15 score	SDG 15	SDG 16 score	SDG 16	SDG 17 score	SDG 17
2016	002-2016	APPROVING THE TEMPORARY CLOSURE AND USE OF VARIOUS ROADS IN THE CITY OF BAGUIO FOR THE 2016 PANAGBENGA FESTIVAL	0.0159661174	FALSE	0.0181730092	FALSE	0.011416018	FALSE	0.0162056088	FALSE	0.0144970119	FALSE	0.0102279186	FALSE	0.0175566077	FALSE	0.0302984715	FALSE	0.062332809	FALSE	0.0305952132	FALSE	0.839132249	TRUE	0.0167994797	FALSE	0.0773851275	FALSE	0.0153102279	FALSE	0.0309890509	FALSE	0.0263671875	FALSE	0.0422228277	FALSE
2016	003-2016	APPROVING THE USE OF THE REMAINING BALANCE UNDER ACCOUNT CODE NO. 766 IN THE 2015 BUDGET OF THE BAGUIO CITY FIRE STATION FOR THE PAYMENT OF ARREARS OF WATER BILLS IN THE AMOUNT OF ₱11,667.20.	0.0282421708	FALSE	0.0171945095	FALSE	0.0167820752	FALSE	0.0142350197	FALSE	0.0114566684	FALSE	0.415935278	FALSE	0.0447427332	FALSE	0.0239664614	FALSE	0.0434761643	FALSE	0.0310731828	FALSE	0.358430803	FALSE	0.0485811532	FALSE	0.0491917729	FALSE	0.0271003544	FALSE	0.0525160134	FALSE	0.120124668	FALSE	0.0961093	FALSE
2016	004-2016	APPROVING THE REQUEST OF INNOVATORS MARKETING/EVENTS FOR WAIVER OF AMUSEMENT TAX FOR THE ELEVATE – Electronic Music Festival AT THE PARKING LOT OF THE BAGUIO CONVENTION CENTER ON 05 MARCH 2016.	0.0211971402	FALSE	0.0314065814	FALSE	0.00568899512	FALSE	0.0844999254	FALSE	0.061821878	FALSE	0.00433537364	FALSE	0.0151027739	FALSE	0.255041242	FALSE	0.110296458	FALSE	0.185950041	FALSE	0.0947471261	FALSE	0.0252081156	FALSE	0.0681009591	FALSE	0.00695428252	FALSE	0.0142801404	FALSE	0.11272037	FALSE	0.163836926	FALSE
2016	005-2016	APPROVING THE REQUESTS OF WALTRIX PRODUCTIONS AND OVATION PRODUCTIONS FOR WAIVER OF AMUSEMENT TAX, FOR WAIVER OF FEES FOR INSTALLATION OF MARKETING COLLATERAL MATERIALS, AND FOR THE ISSUANCE OF SPECIAL PERMITS FOR THE CONCERT BOYCE AVENUE AT THE UNIVERSITY OF BAGUIO GYM ON 22 FEBRUARY 2016.	0.0204616189	FALSE	0.0160931051	FALSE	0.0125316381	FALSE	0.106796443	FALSE	0.0389198363	FALSE	0.00419235229	FALSE	0.0167664289	FALSE	0.0951658189	FALSE	0.099026829	FALSE	0.0699105	FALSE	0.186384469	FALSE	0.0237619579	FALSE	0.0251128376	FALSE	0.0085926652	FALSE	0.0231581628	FALSE	0.243546069	FALSE	0.219319224	FALSE
2016	006-2016	APPROVING THE REQUEST OF CONCOCTIONS BAR AND RESTO FOR EXEMPTION FROM THE PAYMENT OF AMUSEMENT TAX FOR THE EVENT ENTITLED "CONCOCTION PRESENTS: FRANCO" FEATURING A RISING NATIONAL ARTIST AND THE AUTO AND BIKE SHOW AT THE BAGUIO CONVENTION CENTER ON 06 TO 07 FEBRUARY 2016.	0.0390757024	FALSE	0.0225527585	FALSE	0.00980863	FALSE	0.0553664863	FALSE	0.0838763416	FALSE	0.00489774346	FALSE	0.0180670023	FALSE	0.324629962	FALSE	0.0504928529	FALSE	0.292525411	FALSE	0.101286829	FALSE	0.0476195812	FALSE	0.0451140106	FALSE	0.0141380131	FALSE	0.0406988263	FALSE	0.495257169	FALSE	0.140699357	FALSE
2016	007-2016	APPROVING THE REQUESTS OF THE DMD MEMOIRS EVENTS ORGANIZING AND SUPPLIES SPECIALIST FOR EXEMPTION FROM THE PAYMENT OF AMUSEMENT TAX AND OTHER CITY FEES AND FOR THE FREE USE OF THE BAGUIO CONVENTION CENTER FOR THEIR MUSICAL DRAMA #POPEPULAR, PA'ANO KUNG PINOY SI KIKO? ON 18 TO 21 JANUARY 2016.	0.028363198	FALSE	0.00917711854	FALSE	0.00770258904	FALSE	0.0629559755	FALSE	0.0346756577	FALSE	0.00556269288	FALSE	0.00871995091	FALSE	0.148523	FALSE	0.0342842937	FALSE	0.146885037	FALSE	0.434592813	FALSE	0.0131309032	FALSE	0.0310243666	FALSE	0.00967472792	FALSE	0.0146307945	FALSE	0.175676972	FALSE	0.063688159	FALSE
2016	008-2016	APPROVING THE REQUESTS OF TEAM LAKAY TAP TEAM INC. FOR EXEMPTION FROM THE PAYMENT OF AMUSEMENT TAX AND THE FREE USE OF THE BAGUIO CONVENTION CENTER FOR THE MIXED MARTIAL ARTS (MMA) EVENT ON 27 FEBRUARY 2016.	0.0336283743	FALSE	0.0325460136	FALSE	0.0127615035	FALSE	0.0467676222	FALSE	0.137596488	FALSE	0.00370404124	FALSE	0.0151209831	FALSE	0.186869025	FALSE	0.0282114744	FALSE	0.0897782445	FALSE	0.039322108	FALSE	0.0173972547	FALSE	0.0345923305	FALSE	0.00475916266	FALSE	0.0153206289	FALSE	0.553006411	TRUE	0.105030119	FALSE
2016	009-2016	REALIGNING THE AMOUNT OF ₱200,000.00 FROM THE PROJECT REHABILITATION AND RIPRAPPING AT INTERIOR REGIDOR BETWEEN MOLINTAS RESIDENCE AND LATUS RESIDENCE UNDER THE 2015 ANNUAL INVESTMENT PLAN (AIP) TO CONSTRUCTION OF PUBLIC COMFORT ROOM AT THE BASEMENT OF THE OLD BARANGAY HALL, AT PACDAL BARANGAY, BAGUIO CITY.	0.0355356336	FALSE	0.0121194422	FALSE	0.0102080405	FALSE	0.0143609345	FALSE	0.0122458339	FALSE	0.00705221295	FALSE	0.0126985312	FALSE	0.0553480387	FALSE	0.0670573711	FALSE	0.0269622207	FALSE	0.840398312	TRUE	0.0187741518	FALSE	0.044995904	FALSE	0.0105174482	FALSE	0.0370708108	FALSE	0.026337862	FALSE	0.0656472743	FALSE
2016	010-2016	REALIGNING THE AMOUNT OF ₱1,351,311.77 FROM THE PROJECT REHABILITATION OF FLOOD CONTROL ALONG BALILI RIVER UNDER THE 2014 LOCAL DEVELOPMENT FUND OF THE CITY OF BAGUIO TO CONSTRUCTION OF THE PROPOSED MAIN SEWER LINE CONNECTION AT PUROK 1, AT LOWER MAGSAYSAY BARANGAY, BAGUIO CITY.	0.0206214488	FALSE	0.0138491392	FALSE	0.00709986687	FALSE	0.0164881349	FALSE	0.00915062428	FALSE	0.213992625	FALSE	0.00633478165	FALSE	0.0149158537	FALSE	0.029676944	FALSE	0.0154107511	FALSE	0.552144706	TRUE	0.0239894688	FALSE	0.0537129939	FALSE	0.0489161	FALSE	0.0597812235	FALSE	0.013856411	FALSE	0.0257528126	FALSE
2016	011-2016	APPROVING THE REQUESTS OF THE HILLTOP ASSEMBLY OF GOD FOR EXEMPTION FROM THE PAYMENT OF AMUSEMENT TAX AND FREE USE OF THE BAGUIO CONVENTION CENTER FOR THE BREAKTHROUGH CONCERT 2015 ON 08 NOVEMBER 2015, SUBJECT TO CONDITIONS.	0.0508761108	FALSE	0.0328455865	FALSE	0.00839266181	FALSE	0.0709428787	FALSE	0.0770992041	FALSE	0.00541597605	FALSE	0.0137012899	FALSE	0.253381371	FALSE	0.0331231654	FALSE	0.246906132	FALSE	0.137808025	FALSE	0.0262179375	FALSE	0.0527545512	FALSE	0.00899356604	FALSE	0.0250307918	FALSE	0.381595492	FALSE	0.107303977	FALSE
2016	012-2016	APPROVING THE REQUESTS OF THE CAR-BAGUIO GERMAN SHEPHERD DOG CLUB, INCORPORATED FOR EXEMPTION FROM THE PAYMENT OF AMUSEMENT TAX AND THE FREE USE OF THE MELVIN JONES, BURNHAM PARK, BAGUIO CITY, AS VENUE FOR THE 53RD LANDESGRUPPEN DOG SHOW ON 24 APRIL 2016.	0.0339335799	FALSE	0.035908252	FALSE	0.0080806911	FALSE	0.0349333286	FALSE	0.0265591443	FALSE	0.00638765097	FALSE	0.00861805677	FALSE	0.144980311	FALSE	0.0410828292	FALSE	0.136322081	FALSE	0.453930974	FALSE	0.050627619	FALSE	0.0330137908	FALSE	0.0170138776	FALSE	0.0854011476	FALSE	0.246102512	FALSE	0.11830762	FALSE
2016	013-2016	AUTHORIZING A SUPPLEMENTAL BUDGET INVOLVING AN AMOUNT OF NINETY MILLION TWO HUNDRED SIXTY THOUSAND PESOS (P90,260,000.00) TO AUGMENT THE 2015 DEVELOPMENT/INVESTMENT PRIORITY PROJECTS OF THE CITY OF BAGUIO.	0.0215202868	FALSE	0.0101771355	FALSE	0.0130505562	FALSE	0.0134970844	FALSE	0.00780952	FALSE	0.005926162	FALSE	0.0107218325	FALSE	0.0362285078	FALSE	0.159354746	FALSE	0.0369740427	FALSE	0.446010053	FALSE	0.0168586969	FALSE	0.0422455072	FALSE	0.00668853521	FALSE	0.0178795457	FALSE	0.031801641	FALSE	0.224035263	FALSE
2016	014-2016	ESTABLISHING, INAUGURATING AND INSTITUTING 16 JUNE 1916 AS THE FOUNDATION DAY OF THE BAGUIO CITY NATIONAL HIGH SCHOOL, APPROPRIATING FUNDS FOR ITS 2016 CENTENNIAL CELEBRATION, AND FOR OTHER PURPOSES.	0.0338417292	FALSE	0.0177490413	FALSE	0.0180676281	FALSE	0.242770672	FALSE	0.0402182043	FALSE	0.00471371412	FALSE	0.00787872076	FALSE	0.0267084241	FALSE	0.0449465215	FALSE	0.0966434479	FALSE	0.13048026	FALSE	0.00668936968	FALSE	0.0375386477	FALSE	0.0051862	FALSE	0.00817164779	FALSE	0.0968927145	FALSE	0.152628571	FALSE
2016	016-2016	TRANSFER OF FUNDS IN THE CITY ENVIRONMENT AND PARKS MANAGEMENT OFFICE	0.018850565	FALSE	0.0117427111	FALSE	0.00495144725	FALSE	0.0065511167	FALSE	0.00493446	FALSE	0.0080986619	FALSE	0.00795814395	FALSE	0.0246169269	FALSE	0.0358937085	FALSE	0.0225689113	FALSE	0.716163278	TRUE	0.0261195302	FALSE	0.0944873691	FALSE	0.0174293816	FALSE	0.100116313	FALSE	0.0160897076	FALSE	0.0348208547	FALSE
2016	017-2016	CHANGING THE PROJECT TITLE CONSTRUCTION OF OVERPASS IN THE SUPPLEMENTAL BUDGET OF THE CITY OF BAGUIO FOR FISCAL YEAR 2015 UNDER ORDINANCE NUMBERED 46, SERIES OF 2015, TO READ AS FOLLOWS REHABILITATION/REPAIR OF CITY HALL TO BCPO OVERPASS AMOUNTING TO P4,600,000.00.	0.0250078142	FALSE	0.0145042241	FALSE	0.0195632577	FALSE	0.0216606259	FALSE	0.0122229457	FALSE	0.0108497441	FALSE	0.0129755139	FALSE	0.0333862603	FALSE	0.0688343048	FALSE	0.0479056239	FALSE	0.75831008	TRUE	0.0145111382	FALSE	0.0651981831	FALSE	0.010119617	FALSE	0.0211150646	FALSE	0.0717183948	FALSE	0.130386263	FALSE
2016	018-2016	ENVIRONMENTAL CODE OF THE CITY OF BAGUIO	0.0192133486	FALSE	0.0260501206	FALSE	0.0055487752	FALSE	0.0116030574	FALSE	0.0123434663	FALSE	0.00811356306	FALSE	0.00942605734	FALSE	0.0423072875	FALSE	0.0430119336	FALSE	0.0550793111	FALSE	0.656065	TRUE	0.0319956839	FALSE	0.153110743	FALSE	0.0245627761	FALSE	0.0706600547	FALSE	0.0571474135	FALSE	0.0657118	FALSE
2016	019-2016	TRANSFER OF FUNDS IN THE SANGGUNIANG PANLUNGSOD (CITY COUNCIL).	0.0328018665	FALSE	0.0190449357	FALSE	0.0106152	FALSE	0.0178656578	FALSE	0.0175162852	FALSE	0.00768953562	FALSE	0.00807672739	FALSE	0.0583049655	FALSE	0.0465812087	FALSE	0.145716548	FALSE	0.58904469	TRUE	0.0111604035	FALSE	0.0448880196	FALSE	0.0108197331	FALSE	0.0155716538	FALSE	0.0540600419	FALSE	0.0915539265	FALSE
2016	020-2016	REPEALING ORDINANCE NUMBERED 092, SERIES OF 1994, AND OTHER MEASURES INTEGRATED THERETO AND FOR THE PURPOSE ADOPTING A NEW SPORTS INCENTIVE ORDINANCE FOR THE CITY OF BAGUIO.	0.0315514803	FALSE	0.0228910744	FALSE	0.00839170814	FALSE	0.0310326815	FALSE	0.0338009298	FALSE	0.0059555769	FALSE	0.00517854095	FALSE	0.0761796534	FALSE	0.0538106561	FALSE	0.155966461	FALSE	0.206498176	FALSE	0.0099729	FALSE	0.0517525673	FALSE	0.00576716661	FALSE	0.0107698739	FALSE	0.162289411	FALSE	0.164497763	FALSE
2016	021-2016	INSTITUTIONALIZING THE BAGUIO VETERANS ASSISTANCE FUND AND PROVIDING THE IMPLEMENTING GUIDELINES THEREFOR.	0.0753850639	FALSE	0.0348015726	FALSE	0.0389279425	FALSE	0.0221236944	FALSE	0.033716619	FALSE	0.0051176846	FALSE	0.00843915343	FALSE	0.0800573528	FALSE	0.0732815266	FALSE	0.216602594	FALSE	0.0219896436	FALSE	0.0193313956	FALSE	0.0480099022	FALSE	0.00549155474	FALSE	0.0168529153	FALSE	0.119833767	FALSE	0.534237504	TRUE
2016	023-2016	REALIGNING THE AMOUNT OF ₱1,500,000.00 FROM THE PROJECT REHABILITATION OF RETAINING WALL ROAD PROTECTION WITH FENCE UNDER THE 2015 ANNUAL INVESTMENT PLAN (AIP) TO CONSTRUCTION OF BARANGAY EVACUATION CENTER AT THE UPPER FLOOR/S OF THE FLEA MARKET BUILDING AT NEW LUCBAN BARANGAY, BAGUIO CITY.	0.0258465111	FALSE	0.00918838382	FALSE	0.0116766691	FALSE	0.0111136138	FALSE	0.00982528925	FALSE	0.00912326574	FALSE	0.00985971093	FALSE	0.0291340947	FALSE	0.046377629	FALSE	0.0194711983	FALSE	0.833102524	TRUE	0.01478073	FALSE	0.0370795131	FALSE	0.0130464435	FALSE	0.0397672057	FALSE	0.0189254284	FALSE	0.0407606959	FALSE
2016	024-2016	CHANGING THE PROJECT TITLE COVERING SHADE OF SK GROUND UNDER THE 2015 ANNUAL INVESTMENT PROGRAM (AIP) TO FENCING OF SK GROUND, AT POLIWES BARANGAY, BAGUIO CITY, AMOUNTING TO P100,000.00.	0.0290124714	FALSE	0.0146733224	FALSE	0.00582313538	FALSE	0.0149322748	FALSE	0.0125104487	FALSE	0.00462606549	FALSE	0.00708776712	FALSE	0.0653833151	FALSE	0.16569975	FALSE	0.0349818766	FALSE	0.318985	FALSE	0.0307323635	FALSE	0.0508302748	FALSE	0.00494930148	FALSE	0.0347256958	FALSE	0.0341296792	FALSE	0.229144275	FALSE
2016	025-2016	CHANGING THE PROJECT TITLE REHABILITATION OF DRAINAGE BESIDE DACANAY RESIDENCE IN THE 2015 ANNUAL INVESTMENT PLAN OF THE CITY OF BAGUIO TO REHABILITATION OF DRAINAGE BESIDE DACANAY RESIDENCE PASSING THROUGH THE RESIDENCES OF PUROK 5 AND 6 AT PADRE BURGOS BARANGAY, BAGUIO CITY AMOUNTING TO P1,200,000.00.	0.0476881266	FALSE	0.0165391564	FALSE	0.0103374422	FALSE	0.0142261684	FALSE	0.014244616	FALSE	0.00776550174	FALSE	0.00803715	FALSE	0.0552920401	FALSE	0.0639162064	FALSE	0.031526	FALSE	0.803057313	TRUE	0.0169740319	FALSE	0.0346836746	FALSE	0.0100931823	FALSE	0.0340957642	FALSE	0.0200553238	FALSE	0.0624760091	FALSE
2016	026-2016	CHANGING THE PROJECT TITLE CONSTRUCTION OF COVERED COURT IN THE 2014 ANNUAL INVESTMENT PLAN (AIP) OF THE CITY OF BAGUIO TO IMPROVEMENT OF MULTIPURPOSE HALL OF QUEZON HILL PROPER BARANGAY-GATE AND RAILINGS AT QUEZON HILL PROPER, BAGUIO CITY AMOUNTING TO P100,000.00.	0.0255253017	FALSE	0.00909173489	FALSE	0.0106853545	FALSE	0.0118775964	FALSE	0.0103456974	FALSE	0.00663602352	FALSE	0.0105480254	FALSE	0.0474599302	FALSE	0.0989539325	FALSE	0.0240656137	FALSE	0.756848812	TRUE	0.0150965154	FALSE	0.0334916115	FALSE	0.00883600116	FALSE	0.0231848061	FALSE	0.022657156	FALSE	0.0832268298	FALSE
2016	027-2016	CHANGING THE PROJECT TITLES EROSION CONTROL PROJECT ALONG PUROK 2, JUSTICE VILLAGE TO CONSTRUCTION OF CANAL AT PUROK II NEAR REFUERZO RESIDENCE AT BAKAKENG NORTE/SUR AMOUNTING TO P310,000.00 AT BAKAKENG NORTE/SUR BARANGAY, BAGUIO CITY AND REHABILITATION OF FLOOD CONTROL TO REHABILITATION OF FLOOD CONTROL AND CONSTRUCTION OF WAITING SHED AT LITENG, PACDAL AMOUNTING TO P900,000.00 AT PACDAL BARANGAY, BAGUIO CITY BOTH IN THE 2015 SUPPLEMENTAL ANNUAL INVESTMENT PLAN (AIP) OF THE CITY OF BAGUIO.	0.0298331678	FALSE	0.00857308507	FALSE	0.00765571	FALSE	0.00878951	FALSE	0.00814840198	FALSE	0.0179927349	FALSE	0.00865498185	FALSE	0.023137033	FALSE	0.0425416231	FALSE	0.0173727572	FALSE	0.769088626	TRUE	0.0177688599	FALSE	0.109967202	FALSE	0.0147466362	FALSE	0.0480858088	FALSE	0.0190488696	FALSE	0.0442084074	FALSE
2016	028-2016	REALIGNING THE AMOUNT OF P100,000.00 FROM THE PROJECT INSTALLATION OF SEWERLINES AT PUROKS 1, 2 AND 3 UNDER THE 2015 SUPPLEMENTAL ANNUAL INVESTMENT PLAN (AIP) TO CONTINUATION OF THE CONSTRUCTION OF THE BARANGAY MULTI-PURPOSE HALL, AT SAN ANTONIO VILLAGE BARANGAY, BAGUIO CITY.	0.00691255927	FALSE	0.0174601674	FALSE	0.00280955434	FALSE	0.0116512179	FALSE	0.00564700365	FALSE	0.158212125	FALSE	0.0085042417	FALSE	0.0413956642	FALSE	0.161418617	FALSE	0.0104560852	FALSE	0.140442729	FALSE	0.0934644938	FALSE	0.0207366645	FALSE	0.0273742378	FALSE	0.034480989	FALSE	0.00988039374	FALSE	0.0498936474	FALSE
2016	028-2016	CHANGING THE LOCATION OF THE PROJECT CONSTRUCTION OF CBAO BUILDING UNDER THE 2015 SUPPLEMENTAL ANNUAL INVESTMENT PLAN (AIP) OF THE CITY OF BAGUIO FROM CEO MOTORPOOL COMPOUND TO DPS COMPOUND BARANGAY IN THE AMOUNT OF P20,000,000.00.	0.0239072144	FALSE	0.00855279	FALSE	0.00896692276	FALSE	0.0172169209	FALSE	0.0113929212	FALSE	0.00619915128	FALSE	0.0123400688	FALSE	0.09843117	FALSE	0.248729408	FALSE	0.0312708318	FALSE	0.597173154	TRUE	0.0210671127	FALSE	0.0442534387	FALSE	0.00902250409	FALSE	0.0211946368	FALSE	0.0213222504	FALSE	0.152394354	FALSE
2016	030-2016	APPROVING THE MERGER OF THE PROJECT IMPROVEMENT OF ALLEY AT BLOCK 7 IN THE AMOUNT OF P100,000.00 UNDER THE 2015 SUPPLEMENTAL ANNUAL INVESTMENT PLAN (AIP) AND THE PROJECT CONSTRUCTION OF PATHWAY AT BLOCK 7 IN THE AMOUNT OF P100,000.00 UNDER THE 2015 ANNUAL INVESTMENT PROGRAM TO THE PROJECT CONSTRUCTION OF COVERED CANAL AT BLOCK 3, IN THE AMOUNT OF P200,000.00 AT MIDDLE QUIRINO HILL BARANGAY, BAGUIO CITY.	0.0249987245	FALSE	0.00836706161	FALSE	0.00957146287	FALSE	0.016438663	FALSE	0.00807008147	FALSE	0.0282045603	FALSE	0.00673335791	FALSE	0.03588	FALSE	0.213698387	FALSE	0.0242047906	FALSE	0.426691949	FALSE	0.0283695459	FALSE	0.0118578672	FALSE	0.0121150911	FALSE	0.0341174901	FALSE	0.0313131511	FALSE	0.203685284	FALSE
2016	031-2016	APPROVING THE REQUESTS OF THE BAGUIO ACT ONE PRODUCTIONS FOR THE FREE USE OF THE BAGUIO CONVENTION CENTER, FREE USE OF THE STAGE FOR REHEARSALS, AND EXEMPTION FROM PAYMENT OF AMUSEMENT TAX FOR THE MUSICAL ENTITLED PARABLE OF THE LOST SHEEP TO BE HELD ON 31 JULY 2016, SUBJECT TO CONDITIONS.	0.0221436322	FALSE	0.0226904154	FALSE	0.00865975	FALSE	0.10121575	FALSE	0.0551247895	FALSE	0.00446417928	FALSE	0.0110164881	FALSE	0.13754037	FALSE	0.0208654404	FALSE	0.163828552	FALSE	0.065464884	FALSE	0.0165985525	FALSE	0.0229370296	FALSE	0.00733837485	FALSE	0.0157162547	FALSE	0.346886516	FALSE	0.06203866	FALSE
2016	032-2016	TRANSFER OF FUNDS IN THE CITY HUMAN RESOURCE MANAGEMENT OFFICE	0.0384406745	FALSE	0.0303325653	FALSE	0.00360023975	FALSE	0.00839880109	FALSE	0.00989541411	FALSE	0.00572645664	FALSE	0.00816255808	FALSE	0.459576488	FALSE	0.148253113	FALSE	0.0802713335	FALSE	0.0906033218	FALSE	0.0691271722	FALSE	0.0321343541	FALSE	0.00523555279	FALSE	0.0317437947	FALSE	0.0253705382	FALSE	0.20726192	FALSE
2016	033-2016	APPROVING THE REQUEST OF THE CITY LEGAL OFFICE THAT THE TOTAL AMOUNT OF P15,468.21, REPRESENTING PAYMENT FOR FUEL CONSUMPTIONS FOR THE PERIOD OF AUGUST 10, 14, 16, 20, 24, 27, 2015 AND NOVEMBER 16, 2015 BE OBLIGATED FROM THE 2016 BUDGET UNDER FUEL, OIL AND LUBRICANTS EXPENSES (ACCOUNT CODE NO. 5-02-03-090) OF THE CITY LEGAL OFFICE.	0.0057964623	FALSE	0.020082593	FALSE	0.0103161335	FALSE	0.00315597653	FALSE	0.00489279628	FALSE	0.0135522485	FALSE	0.699422121	TRUE	0.0404244363	FALSE	0.0429066718	FALSE	0.016207099	FALSE	0.0260161757	FALSE	0.110139817	FALSE	0.0363638699	FALSE	0.0159902573	FALSE	0.0222903788	FALSE	0.059097141	FALSE	0.0359473526	FALSE
2016	034-2016	AUTHORIZING TO CHARGE VARIOUS AMOUNTS AGAINST APPROPRIATION EARMARKED FOR POSITIONS THAT REMAIN UNFILLED IN THE CITY BUILDINGS AND ARCHITECTURE OFFICE.	0.0503840446	FALSE	0.0139126778	FALSE	0.00595840812	FALSE	0.0149312615	FALSE	0.0268708169	FALSE	0.00584843755	FALSE	0.0066216588	FALSE	0.0521519184	FALSE	0.0217874944	FALSE	0.117586464	FALSE	0.655785501	TRUE	0.0070399344	FALSE	0.0386559367	FALSE	0.00904882	FALSE	0.0158011913	FALSE	0.035046488	FALSE	0.0249472857	FALSE
2016	035-2016	AUTHORIZING TO CHARGE FROM CURRENT APPROPRIATIONS EARMARKED FOR OTHER PERSONNEL BENEFITS (ACCOUNT CODE NO. 5-01-04-990) THE AMOUNT OF P20,000.00 FOR PAYMENT OF THE MAGNA CARTA BENEFITS OF A RETIRED EMPLOYEE LAST 2015 IN THE CITY HEALTH SERVICES OFFICE.	0.0410250723	FALSE	0.00641977787	FALSE	0.0606262088	FALSE	0.0728415847	FALSE	0.0238136947	FALSE	0.00353643298	FALSE	0.00641751289	FALSE	0.0514042079	FALSE	0.0459858179	FALSE	0.117913783	FALSE	0.0949623883	FALSE	0.00702008605	FALSE	0.0119183362	FALSE	0.00385513902	FALSE	0.00683397055	FALSE	0.0950306654	FALSE	0.210734606	FALSE
2016	036-2016	APPROVING THE REQUESTS OF THE INNOVATORS MARKETING/EVENTS FOR EXEMPTION FROM THE PAYMENT OF AMUSEMENT TAX AND THE FREE USE OF THE BAGUIO CONVENTION CENTER GROUNDS, BAGUIO CITY, AS VENUE FOR THE BRIGHT NIGHTS: A DANCE MUSIC FESTIVAL FROM 01 TO 04 DECEMBER 2016, SUBJECT TO CONDITIONS.	0.0330784023	FALSE	0.0136543512	FALSE	0.0168119073	FALSE	0.135032892	FALSE	0.0806762	FALSE	0.00625300407	FALSE	0.0107505918	FALSE	0.148303807	FALSE	0.055785954	FALSE	0.225963593	FALSE	0.329831094	FALSE	0.0154056847	FALSE	0.0339339674	FALSE	0.0098670125	FALSE	0.0181698799	FALSE	0.22783339	FALSE	0.161644071	FALSE
2016	037-2016	APPROVING THE REQUESTS OF THE SONNY T. PRODUCTION FOR EXEMPTION FROM THE PAYMENT OF AMUSEMENT TAX ON TICKET SALES AND FOR THE CITY OF BAGUIO TO COSPONSOR THE MS. BAGUIO 2016 PAGEANT ON 17 SEPTEMBER 2016.	0.0216113329	FALSE	0.0260027945	FALSE	0.0047301054	FALSE	0.0422002077	FALSE	0.0462175906	FALSE	0.0050573647	FALSE	0.0133847296	FALSE	0.403744161	FALSE	0.0647687316	FALSE	0.141909868	FALSE	0.145193338	FALSE	0.0259249806	FALSE	0.0321173966	FALSE	0.00684306026	FALSE	0.015242517	FALSE	0.123022914	FALSE	0.0907259	FALSE
2016	038-2016	TRANSFER OF FUNDS IN THE OFFICE OF THE CIVIL REGISTRY	0.0966464	FALSE	0.0652372241	FALSE	0.0136365891	FALSE	0.0165128708	FALSE	0.0641408	FALSE	0.00428420305	FALSE	0.0150144696	FALSE	0.116570115	FALSE	0.0579480827	FALSE	0.206819415	FALSE	0.0793287754	FALSE	0.0212301016	FALSE	0.0664740503	FALSE	0.00644436479	FALSE	0.0214842558	FALSE	0.185257226	FALSE	0.27851361	FALSE
2016	039-2016	APPROVING THE REQUESTS OF THE BAGUIO KRAYONZ PRODUCTION AND EVENTS FOR EXEMPTION FROM THE PAYMENT OF AMUSEMENT TAX AND WAIVER OF RENTAL FEES OF THE BAGUIO CONVENTION CENTER, BAGUIO CITY AS VENUE FOR THE ASTIG AKO GO LANG NG GO BATTLE OF THE CHAMP SEASON 3 ON 29 AUGUST 2016 AS PER REPORT AND RECOMMENDATIONS OF THE SANGGUNIANG PANLUNGSOD COMMITTEE ON APPROPRIATIONS AND FINANCE IN ITS 3RD INDORSEMENT DATED 12 AUGUST 2016.	0.0418409407	FALSE	0.0159589946	FALSE	0.00867846608	FALSE	0.0319184065	FALSE	0.0358636379	FALSE	0.0042988658	FALSE	0.00791797	FALSE	0.314879954	FALSE	0.0683524	FALSE	0.147709668	FALSE	0.2016128	FALSE	0.0214697123	FALSE	0.0239112973	FALSE	0.0061352551	FALSE	0.0143690407	FALSE	0.233614	FALSE	0.178661793	FALSE
2016	040-2016	TRANSFER OF FUNDS IN THE OFFICE OF THE CITY LIBRARY	0.0308922827	FALSE	0.0199488401	FALSE	0.0115452409	FALSE	0.0719605088	FALSE	0.0175940096	FALSE	0.00422182679	FALSE	0.0156734586	FALSE	0.0776874125	FALSE	0.0717400312	FALSE	0.142810076	FALSE	0.343957603	FALSE	0.0114532411	FALSE	0.0401080847	FALSE	0.00590643287	FALSE	0.0126395524	FALSE	0.0708321333	FALSE	0.167727709	FALSE
2016	041-2016	APPROVING THE REQUESTS OF THE HILLTOP ASSEMBLY OF GOD FOR EXEMPTION FROM THE PAYMENT OF AMUSEMENT TAX AND THE FREE USE OF THE BAGUIO CONVENTION CENTER, BAGUIO CITY, AS VENUE FOR THE BREAKTHROUGH CONCERT ON 05 TO 06 NOVEMBER 2016 AS PER REPORT AND RECOMMENDATIONS OF THE SANGGUNIANG PANLUNGSOD COMMITTEE ON TOURISM, SPECIAL EVENTS, PARKS AND PLAYGROUND IN ITS 3RD INDORSEMENT DATED 15 AUGUST 2016.	0.0392135382	FALSE	0.0205758512	FALSE	0.00744098425	FALSE	0.0147382319	FALSE	0.0239048898	FALSE	0.00840187073	FALSE	0.00944975	FALSE	0.564331055	TRUE	0.0740712881	FALSE	0.0992790163	FALSE	0.381275237	FALSE	0.10729447	FALSE	0.0228068233	FALSE	0.0253443718	FALSE	0.0676218569	FALSE	0.0863455236	FALSE	0.0994713902	FALSE
2016	042-2016	APPROVING THE AUTHORITY TO CHARGE FROM VARIOUS ACCOUNTS IN THE CURRENT APPROPRIATIONS OF THE SANGGUNIANG PANLUNGSOD (CITY COUNCIL) FOR PAYMENT OF THE TERMINAL LEAVE, SALARIES AND WAGES-REGULAR, PERSONNEL ECONOMIC RELIEF ALLOWANCE, AND YEAR-END BONUS OF THE LATE CITY VICE-MAYOR DANIEL T. FARIÑAS.	0.0643032491	FALSE	0.0133400559	FALSE	0.00478848815	FALSE	0.023656249	FALSE	0.0276797414	FALSE	0.0047390461	FALSE	0.0101599395	FALSE	0.634522676	TRUE	0.059781909	FALSE	0.148648947	FALSE	0.048951149	FALSE	0.0178907812	FALSE	0.0202310085	FALSE	0.00445100665	FALSE	0.00894290209	FALSE	0.0336817801	FALSE	0.0789275467	FALSE
2016	043-2016	APPROVING THE REQUESTS OF THE HOTEL AND RESTAURANT ASSOCIATION OF BAGUIO (HRAB) RELATIVE TO THE HOLDING OF THEIR 13TH ANNUAL HOTEL AND RESTAURANT TOURISM WEEK.	0.0202967823	FALSE	0.109770447	FALSE	0.00779816508	FALSE	0.0157185793	FALSE	0.0596294701	FALSE	0.0113776326	FALSE	0.014944762	FALSE	0.724681258	TRUE	0.066380769	FALSE	0.130148768	FALSE	0.0200930834	FALSE	0.111686677	FALSE	0.0348463356	FALSE	0.0196453035	FALSE	0.0266022682	FALSE	0.0486019254	FALSE	0.076592952	FALSE
2016	044-2016	APPROVING THE REQUESTS OF THE GHANA BERGANO FOUNDATION, INCORPORATED FOR EXEMPTION FROM THE PAYMENT OF AMUSEMENT TAX, AND FOR THE FREE USE OF THE BAGUIO CONVENTION CENTER, AND FOR THE CITY OF BAGUIO TO COSPONSOR THE INSTRUMENTO III ON 24 AND 25 NOVEMBER 2016.	0.0383296311	FALSE	0.0118509233	FALSE	0.00852841139	FALSE	0.0361776948	FALSE	0.0193233192	FALSE	0.00748473406	FALSE	0.00961095095	FALSE	0.1071091	FALSE	0.0482825339	FALSE	0.177963674	FALSE	0.396417439	FALSE	0.0154956877	FALSE	0.0276970565	FALSE	0.0110036135	FALSE	0.0175522268	FALSE	0.209926844	FALSE	0.141476959	FALSE
2016	045-2016	APPROVING THE AUTHORITY TO CHARGE FROM VARIOUS ACCOUNTS IN THE CURRENT APPROPRIATIONS FOR PAYMENT OF THE LOYALTY BENEFIT AND THE TERMINAL LEAVE COMMUTATION OF A RETIRED EMPLOYEE LAST 2015 IN THE CITY HEALTH SERVICES OFFICE.	0.0590136647	FALSE	0.00778332353	FALSE	0.0264391899	FALSE	0.0664004683	FALSE	0.0210392177	FALSE	0.00414001942	FALSE	0.00666171312	FALSE	0.0689306557	FALSE	0.0521653593	FALSE	0.161929697	FALSE	0.221604377	FALSE	0.00663083792	FALSE	0.0222581327	FALSE	0.0038434267	FALSE	0.00696948171	FALSE	0.0441915095	FALSE	0.14503184	FALSE
2016	047-2016	CHANGING THE PROJECT TITLE CONTINUATION OF DRAINAGE CANAL AFTER BELVIEW, PUROK 24-A IN THE 2016 ANNUAL INVESTMENT PLAN OF THE CITY OF BAGUIO TO REHABILITATION OF DAMAGED DRAINAGE CANAL AFTER BELVIEW NEAR THE ERODED ROAD OPPOSITE MRS. CONCHITA GARCIA'S RESIDENCE AT PUROK 24-A AT IRISAN BARANGAY, BAGUIO CITY AMOUNTING TO P500,000.00.	0.0309386849	FALSE	0.0136550665	FALSE	0.0135209858	FALSE	0.0164197087	FALSE	0.0163421333	FALSE	0.0269086957	FALSE	0.00993675	FALSE	0.0364833176	FALSE	0.0579493046	FALSE	0.0193894207	FALSE	0.87499243	TRUE	0.0187558532	FALSE	0.0250410438	FALSE	0.0229381323	FALSE	0.0466486812	FALSE	0.016335547	FALSE	0.0342412591	FALSE
2016	048-2016	REALIGNING THE AMOUNT OF P100,000.00 FROM PROJECT TITLE CONSTRUCTION OF ROOFING AND WASHING AREA OF THE DAY CARE CENTER IN THE 2014 ANNUAL INVESTMENT PLAN OF THE CITY OF BAGUIO TO INSTALLATION OF ELECTRICAL WIRINGS AND CONSTRUCTION OF CABINETS IN THE DAY CARE CENTER AND MULTIPURPOSE HALL KITCHEN AT LOURDES SUBDIVISION EXTENSION BARANGAY, BAGUIO CITY.	0.0198304355	FALSE	0.0127894282	FALSE	0.00869911909	FALSE	0.0210054517	FALSE	0.0132215619	FALSE	0.0118342042	FALSE	0.0146737695	FALSE	0.0631328523	FALSE	0.0986349583	FALSE	0.0188164413	FALSE	0.833630443	TRUE	0.0242955089	FALSE	0.0219058394	FALSE	0.0136851072	FALSE	0.0350934267	FALSE	0.0174272656	FALSE	0.0348589718	FALSE
2016	049-2016	REALIGNING THE AMOUNT OF P100,000.00 FROM THE PROJECT CONSTRUCTION OF LIVELIHOOD CENTER, BAGUIO CITY, UNDER THE 2013 ANNUAL INVESTMENT PLAN AND APPROPRIATING THE SAME AMOUNT FOR THE PROJECT PARTITION OF THE LOCAL HISTORY AREA OF THE CITY LIBRARY, BAGUIO CITY.	0.0376592278	FALSE	0.0110467076	FALSE	0.0107515454	FALSE	0.0205120146	FALSE	0.00992411375	FALSE	0.00653845072	FALSE	0.00956049562	FALSE	0.0661182702	FALSE	0.0783558488	FALSE	0.0399535894	FALSE	0.834879637	TRUE	0.0194253922	FALSE	0.0225743651	FALSE	0.0104376972	FALSE	0.0340743065	FALSE	0.0206085443	FALSE	0.0598149598	FALSE
2016	050-2016	TRANSFER OF FUNDS IN THE CITY HEALTH SERVICES OFFICE.	0.0574036241	FALSE	0.0221678019	FALSE	0.0296418369	FALSE	0.0391991436	FALSE	0.025737077	FALSE	0.00496608	FALSE	0.0085221827	FALSE	0.0739829838	FALSE	0.0762437	FALSE	0.0867230594	FALSE	0.249369532	FALSE	0.00977987051	FALSE	0.0305285454	FALSE	0.00299349427	FALSE	0.00849703	FALSE	0.0307349265	FALSE	0.188367158	FALSE
2016	051-2016	REALIGNING THE AMOUNT OF P250,000.00 FROM ACCOUNT CODE 5-02-02-010 (TRAINING EXPENSES) TO ACCOUNT CODE 5-02-01-020 (TRAVELING EXPENSES-FOREIGN) IN THE CITY SOCIAL WELFARE AND DEVELOPMENT OFFICE.	0.0929793417	FALSE	0.018586874	FALSE	0.00578293204	FALSE	0.0219356716	FALSE	0.0189596117	FALSE	0.00337874889	FALSE	0.00567990541	FALSE	0.222129285	FALSE	0.0405857265	FALSE	0.344214976	FALSE	0.223504663	FALSE	0.0111097097	FALSE	0.0248622596	FALSE	0.00593191385	FALSE	0.013676703	FALSE	0.0260617435	FALSE	0.0847812295	FALSE
2016	052-2016	APPROVING THE REQUESTS OF THE BAGUIO ACT ONE PRODUCTIONS FOR THE CITY GOVERNMENT OF BAGUIO TO COSPONSOR THE EVENT BAGUIO ACT ONE ANNUAL CHOIR COMPETITION AND FOR EXEMPTION FROM THE PAYMENT OF AMUSEMENT TAX.	0.0258317888	FALSE	0.016196698	FALSE	0.00763571262	FALSE	0.081071347	FALSE	0.0583332777	FALSE	0.00587943196	FALSE	0.0116550624	FALSE	0.122494787	FALSE	0.0355796218	FALSE	0.195068657	FALSE	0.373804122	FALSE	0.0130523145	FALSE	0.0425627828	FALSE	0.0102859735	FALSE	0.014572978	FALSE	0.29054752	FALSE	0.0688786507	FALSE
2016	053-2016	AMENDING SECTION 4.2 OF ORDINANCE NUMBERED 45, SERIES OF 2013 [HONORING THE CENTENARIANS OF THE CITY OF BAGUIO]	0.0561879873	FALSE	0.031853497	FALSE	0.00872442126	FALSE	0.0416981	FALSE	0.0480206907	FALSE	0.0051035881	FALSE	0.006696105	FALSE	0.06814605	FALSE	0.0228878558	FALSE	0.280467033	FALSE	0.214767158	FALSE	0.00752919912	FALSE	0.0726239681	FALSE	0.00793483853	FALSE	0.0133344829	FALSE	0.213460356	FALSE	0.0868819952	FALSE
2016	055-2016	TRANSFER OF FUNDS IN THE OFFICE OF THE CITY PROSECUTOR	0.0212806761	FALSE	0.0126546323	FALSE	0.0101484358	FALSE	0.016384989	FALSE	0.0593956709	FALSE	0.00380855799	FALSE	0.0109783411	FALSE	0.0855894387	FALSE	0.0224728882	FALSE	0.103434175	FALSE	0.0617718697	FALSE	0.0103979111	FALSE	0.0228505433	FALSE	0.0047442317	FALSE	0.0111333728	FALSE	0.666522861	TRUE	0.0771244168	FALSE
2016	056-2016	TRANSFER OF FUNDS IN THE VETERINARY OFFICE	0.0563896596	FALSE	0.169354916	FALSE	0.00777599216	FALSE	0.0239556134	FALSE	0.0467697084	FALSE	0.00358745456	FALSE	0.00579571724	FALSE	0.239746064	FALSE	0.0670466125	FALSE	0.057967484	FALSE	0.018398881	FALSE	0.0352454185	FALSE	0.0614152253	FALSE	0.00522699952	FALSE	0.021910876	FALSE	0.0308610201	FALSE	0.143692076	FALSE
2016	057-2016	APPROVING THE VARIOUS REQUESTS OF THE SARCELLE PRODUCTION AND EVENTS INCLUDING THE EXEMPTION FROM THE PAYMENT OF AMUSEMENT TAX AND FOR THE CITY GOVERNMENT OF BAGUIO TO COSPONSOR THE JUMP FOR J.O.B.S. (JOYFUL OPPORTUNITIES, BUSINESS AND SUCCESS) EVENT TO BE HELD AT EASTER COLLEGE GYM, BAGUIO CITY, ON 12 NOVEMBER 2016.	0.0248965621	FALSE	0.0178963542	FALSE	0.00681492686	FALSE	0.0492915809	FALSE	0.0548544228	FALSE	0.00513136387	FALSE	0.0136606693	FALSE	0.432717472	FALSE	0.0775941908	FALSE	0.100830972	FALSE	0.21916312	FALSE	0.0345770121	FALSE	0.0277330875	FALSE	0.00900101662	FALSE	0.0197353661	FALSE	0.320438296	FALSE	0.124007285	FALSE
2016	058-2016	REALIGNING THE AMOUNT OF P200,000.00 FROM THE PROJECT CONSTRUCTION OF SECOND FLOOR OF LIVELIHOOD CENTER BUILDING UNDER THE 2015 SUPPLEMENTAL ANNUAL INVESTMENT PLAN AND APPROPRIATING THE SAME AMOUNT FOR THE PROJECT REPAIR/RENOVATION OF THE DIZON-MANZANILLO MULTI-PURPOSE HALL, BAGUIO CITY OF DIZON-MANZANILLO SUBDIVISION BARANGAY, BAGUIO CITY.	0.05116117	FALSE	0.0162126422	FALSE	0.00851357	FALSE	0.0121669173	FALSE	0.0115225613	FALSE	0.00619539618	FALSE	0.00885298848	FALSE	0.084300518	FALSE	0.0910383165	FALSE	0.0249775052	FALSE	0.782389522	TRUE	0.0292899609	FALSE	0.0225973129	FALSE	0.00844913721	FALSE	0.0470468104	FALSE	0.0167301893	FALSE	0.060548842	FALSE
2016	059-2016	TRANSFER OF FUNDS OF VARIOUS ACCOUNTS IN THE BAGUIO CITY POLICE OFFICE	0.0307246447	FALSE	0.0191464722	FALSE	0.00943428278	FALSE	0.0170921683	FALSE	0.0662907064	FALSE	0.00281840563	FALSE	0.00894764066	FALSE	0.126735538	FALSE	0.0294502974	FALSE	0.213761032	FALSE	0.0966265202	FALSE	0.0089340806	FALSE	0.0322951078	FALSE	0.00421917439	FALSE	0.0112358034	FALSE	0.273296773	FALSE	0.0960133076	FALSE
2016	060-2016	APPROVING THE REQUESTS OF THE BAGUIO ACT ONE PRODUCTIONS, INC. FOR THE FREE USE OF THE BAGUIO CONVENTION CENTER AND EXEMPTION FROM PAYMENT OF AMUSEMENT TAX FOR THE MUSICAL SHOW PARABLE OF THE LOST SHEEP, SUBJECT TO CONDITIONS.	0.0611320138	FALSE	0.0575549304	FALSE	0.00809958577	FALSE	0.0629755259	FALSE	0.0813916326	FALSE	0.00570890307	FALSE	0.0183015764	FALSE	0.307262301	FALSE	0.0417815745	FALSE	0.160391718	FALSE	0.0575900674	FALSE	0.0360258222	FALSE	0.031088829	FALSE	0.00665795803	FALSE	0.0267279148	FALSE	0.409715086	FALSE	0.132038504	FALSE
2016	061-2016	FURTHER AMENDING ORDINANCE NUMBERED 06, SERIES OF 2010 [AMENDING CERTAIN PROVISIONS OF ORDINANCE NUMBERED 54-87 (AN ORDINANCE TO CONTROL AND REGULATE TREE CUTTING AND PROVIDING FEES AND PENALTIES FOR VIOLATION THEREOF)].	0.0148003101	FALSE	0.0268234015	FALSE	0.00812485814	FALSE	0.0173805058	FALSE	0.0647807717	FALSE	0.00345480442	FALSE	0.00671741366	FALSE	0.0518471897	FALSE	0.0151613057	FALSE	0.090572685	FALSE	0.0108084679	FALSE	0.0191298425	FALSE	0.0256232023	FALSE	0.00531175733	FALSE	0.0247686803	FALSE	0.528860152	TRUE	0.0633292794	FALSE
2016	063-2016	ADOPTING THE REVISED COMPREHENSIVE ZONING REGULATIONS FOR THE CITY OF BAGUIO, OTHERWISE KNOWN AS THE COMPREHENSIVE ZONING ORDINANCE FOR THE CITY OF BAGUIO, AND PROVIDING FOR THE ADMINISTRATION, ENFORCEMENT AND AMENDMENT THEREOF, AND FOR THE REPEAL OF ALL ORDINANCES IN CONFLICT THEREWITH.	0.0339148045	FALSE	0.0100369453	FALSE	0.0203834772	FALSE	0.0231195092	FALSE	0.0225678682	FALSE	0.00674775243	FALSE	0.00801858306	FALSE	0.0249064267	FALSE	0.0319433212	FALSE	0.0936398506	FALSE	0.338343501	FALSE	0.00849244	FALSE	0.0489189625	FALSE	0.00858101249	FALSE	0.0126282871	FALSE	0.324838221	FALSE	0.142657965	FALSE
2016	064-2016	CHANGING THE PROJECT TITLE/LOCATION FROM ROAD IMPROVEMENT FROM HILARIO BOLEYLEY TO PURITA TEODORO AT PUROK 2 UPPER PINGET TO ROAD IMPROVEMENT FROM HILARIO BOLEYLEY TO PURITA TEODORO AT PUROK 11 UPPER PINGET, UNDER THE 2015 SUPPLEMENTAL ANNUAL INVESTMENT PLAN (AIP) OF THE CITY OF BAGUIO IN THE AMOUNT OF P200,000.00 AT PINGET BARANGAY, BAGUIO CITY.	0.0313604176	FALSE	0.00669515133	FALSE	0.0125385523	FALSE	0.0109608769	FALSE	0.0108180046	FALSE	0.00590437651	FALSE	0.00800800323	FALSE	0.079942584	FALSE	0.153408468	FALSE	0.0172204673	FALSE	0.632355094	TRUE	0.0183837414	FALSE	0.0260599852	FALSE	0.00942337513	FALSE	0.020811379	FALSE	0.0171697438	FALSE	0.102467388	FALSE
2016	065-2016	TRANSFER OF FUNDS IN THE OFFICE OF THE CITY PROSECUTOR	0.0212806761	FALSE	0.0126546323	FALSE	0.0101484358	FALSE	0.016384989	FALSE	0.0593956709	FALSE	0.00380855799	FALSE	0.0109783411	FALSE	0.0855894387	FALSE	0.0224728882	FALSE	0.103434175	FALSE	0.0617718697	FALSE	0.0103979111	FALSE	0.0228505433	FALSE	0.0047442317	FALSE	0.0111333728	FALSE	0.666522861	TRUE	0.0771244168	FALSE
2016	072-2016	AUTHORIZING THE ANNUAL BUDGET OF THE CITY OF BAGUIO FOR FISCAL YEAR 2017 IN THE TOTAL AMOUNT OF ONE BILLION SEVEN HUNDRED SEVENTY SIX MILLION TWO HUNDRED THIRTEEN THOUSAND AND ONE HUNDRED FORTY SEVEN PESOS (P1,776,213,147.00) COVERING THE VARIOUS EXPENDITURES FOR THE OPERATION OF THE CITY GOVERNMENT OF BAGUIO FOR FISCAL YEAR 2017 AND APPROPRIATING THE NECESSARY FUNDS FOR THE PURPOSE.	0.0315059721	FALSE	0.0115040839	FALSE	0.0154695809	FALSE	0.013449043	FALSE	0.0090456605	FALSE	0.00575128198	FALSE	0.0109094083	FALSE	0.0479275286	FALSE	0.0740516186	FALSE	0.0826043189	FALSE	0.483044326	FALSE	0.0131064951	FALSE	0.0311730206	FALSE	0.00625661	FALSE	0.0162613988	FALSE	0.0907084942	FALSE	0.199811935	FALSE
2017	001-2017	GRANTING AMNESTY OR RELIEF ON PENALTIES, FINES, SURCHARGES, INTERESTS, AND/OR ARREARS TO DELINQUENT REAL PROPERTY TAXPAYERS IN BAGUIO CITY	0.10591045	FALSE	0.0102936924	FALSE	0.00627070665	FALSE	0.0161877275	FALSE	0.115303814	FALSE	0.00482144952	FALSE	0.00660705566	FALSE	0.0681525469	FALSE	0.00794407725	FALSE	0.395109	FALSE	0.0202621818	FALSE	0.00637930632	FALSE	0.0172384977	FALSE	0.00488448143	FALSE	0.0109015107	FALSE	0.335123807	FALSE	0.0267927945	FALSE
2017	002-2017	CLOSURE FOR PANAGBENGA GRAND OPENING PARADE AND DRUM & LYRE COMPETITION ON FEB 1	0.0116653442	FALSE	0.0429077744	FALSE	0.00849744678	FALSE	0.0366160274	FALSE	0.11934033	FALSE	0.00328794122	FALSE	0.0190417469	FALSE	0.158094317	FALSE	0.0354707241	FALSE	0.078815788	FALSE	0.0702349842	FALSE	0.0148394108	FALSE	0.0435762405	FALSE	0.00539115071	FALSE	0.0117604733	FALSE	0.0691503584	FALSE	0.0424551666	FALSE
2017	002-A-2017	CLOSURE OF BURNHAM LAKE DRIVE AND JUAN LUNA DRIVE FROM JAN 19 TO MAR 5 FOR BAGUIO BLOOMS EVENT	0.011422962	FALSE	0.0354860425	FALSE	0.00341290236	FALSE	0.00921139121	FALSE	0.0197962523	FALSE	0.0117982328	FALSE	0.0110435486	FALSE	0.0210625231	FALSE	0.0291543901	FALSE	0.0178195834	FALSE	0.302337289	FALSE	0.0247809887	FALSE	0.457635045	FALSE	0.0535029471	FALSE	0.0569312572	FALSE	0.0149465501	FALSE	0.0223770142	FALSE
2017	002-B-2017	VENUE USE FOR “LET A THOUSAND FLOWERS BLOOM” & FAMILY PROGRAMS ON FEB 11–12	0.0277286172	FALSE	0.379525602	FALSE	0.0101439059	FALSE	0.0647499	FALSE	0.21491906	FALSE	0.00634092093	FALSE	0.0188627243	FALSE	0.0982256532	FALSE	0.0328497	FALSE	0.0750420094	FALSE	0.0229524672	FALSE	0.031332016	FALSE	0.106455982	FALSE	0.00659108162	FALSE	0.0317971706	FALSE	0.0229850411	FALSE	0.0285745561	FALSE
2017	002-C-2017	ROAD CLOSURE AND EVENT SETUP ON FEB 24–25 FOR STREET PARADE AND SPONSOR BOOTHS	0.0136230886	FALSE	0.0520425141	FALSE	0.00965476	FALSE	0.0254848301	FALSE	0.10599032	FALSE	0.0053820312	FALSE	0.0136565864	FALSE	0.0978912711	FALSE	0.0341972709	FALSE	0.0409298837	FALSE	0.246647745	FALSE	0.0118565261	FALSE	0.0911476612	FALSE	0.00790438056	FALSE	0.0151694417	FALSE	0.0364484191	FALSE	0.0301123559	FALSE
2017	002-D-2017	CLOSURE OF ROADS AND USE OF MELVIN JONES GROUNDS ON FEB 26 FOR PANAGBENGA FLOAT PARADE	0.0215045214	FALSE	0.0366067886	FALSE	0.0138672292	FALSE	0.0243298411	FALSE	0.0270347893	FALSE	0.0110163093	FALSE	0.0143437684	FALSE	0.0388697684	FALSE	0.0591047108	FALSE	0.0176087916	FALSE	0.741876245	TRUE	0.0183751881	FALSE	0.0589137077	FALSE	0.0246473849	FALSE	0.0293780863	FALSE	0.0145182908	FALSE	0.0328099728	FALSE
2017	002-E-2017	CLOSURE OF SESSION ROAD AND ADJACENT ROADS FOR BOOTHS AND EXHIBITIONS FROM FEB 27 TO MAR 5	0.0240811706	FALSE	0.0425231755	FALSE	0.0127850771	FALSE	0.0522605777	FALSE	0.0452180803	FALSE	0.00768181682	FALSE	0.0145951509	FALSE	0.0596509576	FALSE	0.0456481874	FALSE	0.0519030094	FALSE	0.73331821	TRUE	0.0163538456	FALSE	0.0785615742	FALSE	0.0126952827	FALSE	0.0302086473	FALSE	0.0374775827	FALSE	0.0370848179	FALSE
2017	002-F-2017	TEMPORARY BUS REROUTING TO BAGUIO CONVENTION CENTER ON FEB 1, 25, AND 26	0.0184898973	FALSE	0.0412553847	FALSE	0.0108547211	FALSE	0.0423710346	FALSE	0.0255880654	FALSE	0.00581219792	FALSE	0.0170953572	FALSE	0.0408402383	FALSE	0.038657546	FALSE	0.0561718345	FALSE	0.415725708	FALSE	0.0134008229	FALSE	0.086096257	FALSE	0.0102503598	FALSE	0.0181058645	FALSE	0.028740555	FALSE	0.0553086698	FALSE
2017	002-G-2017	USE OF WRIGHT PARK ON MAR 4 FOR PONY BOY’S DAY CONTEST AND PROGRAM	0.0293903351	FALSE	0.104048043	FALSE	0.00568771362	FALSE	0.167982042	FALSE	0.322706044	FALSE	0.0090444684	FALSE	0.0222991109	FALSE	0.161951274	FALSE	0.0261758566	FALSE	0.198378563	FALSE	0.059122175	FALSE	0.0155121982	FALSE	0.1117706	FALSE	0.0121225119	FALSE	0.0172053576	FALSE	0.0532436371	FALSE	0.0315787792	FALSE
2017	002-H-2017	USE OF VARIOUS PARKS AND ATHLETIC BOWL FOR PANAGBENGA CLOSING ON MAR 5	0.0262212455	FALSE	0.117571354	FALSE	0.00516712666	FALSE	0.0140417814	FALSE	0.020092696	FALSE	0.00796574354	FALSE	0.0235436857	FALSE	0.0533356667	FALSE	0.0456276536	FALSE	0.0356387496	FALSE	0.478252202	FALSE	0.0438040495	FALSE	0.191063076	FALSE	0.0166246593	FALSE	0.0599867702	FALSE	0.0208934844	FALSE	0.0406522453	FALSE
2017	003-2017	AMENDING ORDINANCE NO. 513 SERIES OF 1969 TO UPDATE PERMIT, INSPECTION, SECURITY, AND OPERATIONAL RULES FOR HOTELS, BOARDING HOUSES, DORMITORIES, AND TENEMENT UNITS	0.0178892314	FALSE	0.0213784277	FALSE	0.00770458579	FALSE	0.0565727055	FALSE	0.0871268809	FALSE	0.00317963958	FALSE	0.00681740046	FALSE	0.143043905	FALSE	0.0236336887	FALSE	0.0642091	FALSE	0.185904682	FALSE	0.00838568807	FALSE	0.0557095408	FALSE	0.0103181	FALSE	0.00934866071	FALSE	0.114162803	FALSE	0.0355504751	FALSE
2017	004-2017	ESTABLISHING THE “SEARCH FOR THE BEST CHILD-FRIENDLY POLICE STATION” IN BAGUIO INCLUDING MECHANICS, CRITERIA, AND FUNDING GUIDELINES	0.0348117352	FALSE	0.0260414481	FALSE	0.0144105852	FALSE	0.0197162926	FALSE	0.216412812	FALSE	0.00331294537	FALSE	0.00973561406	FALSE	0.257018566	FALSE	0.0355351567	FALSE	0.202574462	FALSE	0.016764164	FALSE	0.011721462	FALSE	0.0328466	FALSE	0.00396952033	FALSE	0.00843545794	FALSE	0.277220309	FALSE	0.129396647	FALSE
2017	006-2017	APPROVING THE REQUEST OF THE CITY SOCIAL WELFARE AND DEVELOPMENT OFFICE TO PURCHASE A COMMUTER VAN FOR RELIEF AND SERVICE OPERATIONS	0.0772103667	FALSE	0.023519218	FALSE	0.0062956512	FALSE	0.015707314	FALSE	0.0181081	FALSE	0.00556880236	FALSE	0.00842523575	FALSE	0.101023912	FALSE	0.0382425189	FALSE	0.471213937	FALSE	0.23277089	FALSE	0.012904793	FALSE	0.0473946631	FALSE	0.00610384345	FALSE	0.0194008946	FALSE	0.0303138793	FALSE	0.0847100616	FALSE
2017	007-2017	CHANGING AIP PROJECT TITLE TO “CONSTRUCTION OF WAITING SHED AND TANOD OUTPOST AT MERCURY STREET, UPPER QUEZON HILL”	0.0190424919	FALSE	0.0230688155	FALSE	0.00625500083	FALSE	0.0357954204	FALSE	0.0426742435	FALSE	0.00711473823	FALSE	0.0104691684	FALSE	0.0783883631	FALSE	0.0434026718	FALSE	0.0348163247	FALSE	0.641646504	TRUE	0.0129827261	FALSE	0.0853666961	FALSE	0.0181248784	FALSE	0.0212880969	FALSE	0.0156412125	FALSE	0.0194714963	FALSE
2017	008-2017	PROHIBITING INTER-MUNICIPALITY PUJs FROM PICKING UP PASSENGERS WITHIN BAGUIO CITY’S DESIGNATED JEEPNEY ROUTES	0.0130946338	FALSE	0.0309960246	FALSE	0.00476333499	FALSE	0.0503125489	FALSE	0.074193716	FALSE	0.00471621752	FALSE	0.0196204185	FALSE	0.132779151	FALSE	0.0469294488	FALSE	0.118589073	FALSE	0.0513840318	FALSE	0.011018306	FALSE	0.0929231048	FALSE	0.00749886036	FALSE	0.00677418709	FALSE	0.0211845338	FALSE	0.0402176082	FALSE
2017	009-2017	AUTHORIZING CHARGE OF ₱2,409.96 TO COVER SUPPLY EXPENSES IN THE OFFICE OF THE MUNICIPAL TRIAL COURT IN CITIES	0.0237323642	FALSE	0.0145867169	FALSE	0.0111849308	FALSE	0.0196604729	FALSE	0.0983144939	FALSE	0.00471794605	FALSE	0.0140634775	FALSE	0.128254622	FALSE	0.0249443948	FALSE	0.0542373955	FALSE	0.0394732356	FALSE	0.0138739347	FALSE	0.0227553844	FALSE	0.00552207232	FALSE	0.0105659068	FALSE	0.772645831	TRUE	0.0619018376	FALSE
2017	011-2017	MANDATING CCTV INSTALLATION FOR BUSINESS ESTABLISHMENTS AS A PREREQUISITE TO OBTAINING BUSINESS PERMITS	0.0248995125	FALSE	0.0462722182	FALSE	0.00430861115	FALSE	0.0493713021	FALSE	0.139784157	FALSE	0.00494116545	FALSE	0.0122430027	FALSE	0.255553126	FALSE	0.0540632308	FALSE	0.247587144	FALSE	0.0254476368	FALSE	0.0150005817	FALSE	0.175318688	FALSE	0.0085323751	FALSE	0.0109788179	FALSE	0.0729589462	FALSE	0.0757372677	FALSE
2017	012-2017	AUTHORIZING CITY ADMINISTRATOR’S OFFICE TO CHARGE ₱93,841.82 FOR UNPAID TELEPHONE BILLS, CASH INCENTIVES, AND HONORARIA FROM CURRENT APPROPRIATIONS	0.0747627914	FALSE	0.026272893	FALSE	0.00460919738	FALSE	0.0483376682	FALSE	0.0815426409	FALSE	0.00373160839	FALSE	0.00590232	FALSE	0.117564946	FALSE	0.0206842721	FALSE	0.304227412	FALSE	0.0996730626	FALSE	0.0061840117	FALSE	0.0640873611	FALSE	0.00626975298	FALSE	0.00876891613	FALSE	0.0492625833	FALSE	0.0424834192	FALSE
2017	013-2017	PROHIBITING DISCRIMINATION AND ENFORCING EQUALITY BEFORE THE LAW WITHOUT DISCRIMINATION BASED ON RELIGION, ETHNICITY, SEXUAL ORIENTATION AND GENDER IDENTITY, HEALTH STATUS, DISABILITY, AND AGE; PROVIDING PENALTIES AND PROGRAMS TO COMBAT STIGMA	0.018024534	FALSE	0.0105208158	FALSE	0.0151996017	FALSE	0.0307706594	FALSE	0.74039048	TRUE	0.0072966516	FALSE	0.00708112121	FALSE	0.0379335284	FALSE	0.00935432315	FALSE	0.0834333	FALSE	0.00828757882	FALSE	0.00567796826	FALSE	0.00903669	FALSE	0.00878578424	FALSE	0.00798931718	FALSE	0.0847774148	FALSE	0.00936034322	FALSE
2017	015-2017	TRANSFERRING APPROPRIATION OF ₱75,000,000 FROM “OTHER MAINTENANCE AND OPERATING EXPENSES” TO “ENVIRONMENT/SANITARY SERVICES” FOR HAULING OF CITY GARBAGE UNDER MONITORING CONDITIONS	0.0327283442	FALSE	0.0963916779	FALSE	0.002291888	FALSE	0.00697004795	FALSE	0.00862923265	FALSE	0.00732326508	FALSE	0.00556203723	FALSE	0.0533391535	FALSE	0.0249604285	FALSE	0.0256659985	FALSE	0.236470729	FALSE	0.045119971	FALSE	0.0786516666	FALSE	0.0116793513	FALSE	0.116531134	FALSE	0.0104540586	FALSE	0.0211256146	FALSE
2017	016-2017	REQUIRING FOOD ESTABLISHMENTS TO OFFER HALF-RICE PORTIONS FOR HALF THE PRICE TO PROMOTE RICE CONSERVATION AND REDUCE FOOD WASTAGE	0.0217018723	FALSE	0.822979331	TRUE	0.00922620296	FALSE	0.0136456788	FALSE	0.0193635225	FALSE	0.0149666369	FALSE	0.0149284899	FALSE	0.0197578073	FALSE	0.018996954	FALSE	0.0112283826	FALSE	0.0149674118	FALSE	0.0773027241	FALSE	0.0442098975	FALSE	0.0122296214	FALSE	0.064473182	FALSE	0.00947296619	FALSE	0.0171866715	FALSE
2017	017-2017	APPROVING TEMPORARY CLOSURE OF JUAN LUNA DRIVE FOR 15 DAYS FOR THE PRODUCTIVITY FAIR ORGANIZED BY THE CITY SOCIAL WELFARE AND DEVELOPMENT OFFICE	0.0945339501	FALSE	0.0277788937	FALSE	0.00364106894	FALSE	0.0140951872	FALSE	0.0285384655	FALSE	0.00607076287	FALSE	0.00761213899	FALSE	0.385405719	FALSE	0.0367576778	FALSE	0.456218362	FALSE	0.087228775	FALSE	0.0199614465	FALSE	0.0294634402	FALSE	0.0072245	FALSE	0.0161336362	FALSE	0.0236182511	FALSE	0.0534730554	FALSE
2017	018-2017	EXEMPTING MR. ELISEO A. CABUSAO JR. FROM THE ENVIRONMENTAL CODE TO CONDUCT EXPLORATORY BORING AND POSSIBLE EXCAVATION WITH MONITORING AND SHARING TERMS	0.0148515403	FALSE	0.0334025323	FALSE	0.00288707018	FALSE	0.0087172389	FALSE	0.0137265027	FALSE	0.00804299116	FALSE	0.00692227483	FALSE	0.0383572	FALSE	0.0287700593	FALSE	0.0639180839	FALSE	0.043423593	FALSE	0.0804721117	FALSE	0.54332304	TRUE	0.0501006246	FALSE	0.166100234	FALSE	0.0308221877	FALSE	0.0532497168	FALSE
2017	019-2017	APPROVING THE CITY’S CO-SPONSORSHIP OF THE ISRAEL-PHILIPPINES FESTIVAL ON APRIL 27–29, 2017 AND AUTHORIZING USE OF MELVIN JONES, AMUSEMENT TAX EXEMPTION, AND SUSPENSION OF NUMBER CODING FOR GUESTS	0.0286614895	FALSE	0.0150728822	FALSE	0.0063675344	FALSE	0.0601557493	FALSE	0.0291853547	FALSE	0.00621476769	FALSE	0.00746256113	FALSE	0.0929575861	FALSE	0.0385590196	FALSE	0.157949567	FALSE	0.316526949	FALSE	0.0154896975	FALSE	0.0492221415	FALSE	0.0108621418	FALSE	0.0170927644	FALSE	0.186956763	FALSE	0.0985603333	FALSE
2017	020-2017	CREATING A SALARY GRADE 18 PLANTILLA ITEM IN THE CITY ENVIRONMENT AND PARKS MANAGEMENT OFFICE FOR POLLUTION CONTROL DUTIES	0.0183925629	FALSE	0.0107393861	FALSE	0.00697523355	FALSE	0.00688985	FALSE	0.0064266324	FALSE	0.00865003467	FALSE	0.00958877802	FALSE	0.0236570239	FALSE	0.0420062244	FALSE	0.0134946704	FALSE	0.747998118	TRUE	0.0326236188	FALSE	0.0960584879	FALSE	0.0177012682	FALSE	0.117720008	FALSE	0.0166230202	FALSE	0.0315124691	FALSE
2017	021-2017	CREATING A SALARY GRADE 24 PLANTILLA ITEM IN THE CITY CIVIL REGISTRY OFFICE FOR SUPERVISION, EXAMINATION, CERTIFICATION, AND COURT REPRESENTATION DUTIES	0.0329215229	FALSE	0.0116395652	FALSE	0.0123580396	FALSE	0.0301334262	FALSE	0.0452586412	FALSE	0.00473612547	FALSE	0.0101606548	FALSE	0.0416399539	FALSE	0.0274875462	FALSE	0.123293161	FALSE	0.444759905	FALSE	0.00645518303	FALSE	0.0591163337	FALSE	0.0101347268	FALSE	0.0110977888	FALSE	0.165321469	FALSE	0.0758357644	FALSE
2017	022-2017	APPROVING THE REQUEST OF THE CITY SOCIAL WELFARE AND DEVELOPMENT OFFICE FOR 15 DAYS PERIOD EXTENSION OF THE ONGOING PRODUCTIVITY FAIR FROM 24 MARCH 2017 TO 08 APRIL 2017 WITHOUT FURTHER EXTENSIONS.	0.0698261559	FALSE	0.0301936269	FALSE	0.00357666612	FALSE	0.0139039159	FALSE	0.0283067226	FALSE	0.0051010251	FALSE	0.00873118639	FALSE	0.336973727	FALSE	0.041646868	FALSE	0.384274721	FALSE	0.0871204436	FALSE	0.017896384	FALSE	0.0395870209	FALSE	0.00556406379	FALSE	0.0138807893	FALSE	0.0237873793	FALSE	0.0607891679	FALSE
2017	023-2017	PROHIBITING IMPERSONATION OR MISREPRESENTATION TO USE RESERVED SPACES FOR PWDs/SENIOR CITIZENS IN PUBLIC & PRIVATE ESTABLISHMENTS IN BAGUIO; IMPOSING FINES AND SETTING IMPLEMENTATION MECHANISMS	0.028567642	FALSE	0.00865155458	FALSE	0.00604650378	FALSE	0.0172481239	FALSE	0.0572180748	FALSE	0.00418686867	FALSE	0.00636974	FALSE	0.0480413437	FALSE	0.0127708316	FALSE	0.327400208	FALSE	0.0156015456	FALSE	0.00726190209	FALSE	0.0150723159	FALSE	0.00406122208	FALSE	0.00911656	FALSE	0.478209108	FALSE	0.0369180739	FALSE
2017	024-2017	ESTABLISHING CITYWIDE ANNUAL EVENTS RECOGNIZING DIFFERENTLY-ABLED PERSONS; SETTING DATES, ACTIVITIES, AND FUNDING ALLOCATION FROM LGU BUDGET	0.0329302251	FALSE	0.0194994509	FALSE	0.0143653452	FALSE	0.0211690962	FALSE	0.017973721	FALSE	0.00462979078	FALSE	0.0161704719	FALSE	0.0463660955	FALSE	0.0636929	FALSE	0.135986865	FALSE	0.217038065	FALSE	0.0127995014	FALSE	0.142827034	FALSE	0.00633263588	FALSE	0.014285475	FALSE	0.083851546	FALSE	0.214349926	FALSE
2017	025-2017	INSTITUTIONALIZING FORMATION OF BAGUIO SENIOR CITIZENS COOPERATIVE TO ESTABLISH A PHARMACY & CONVENIENCE STORE; SETTING MONITORING AND IMPLEMENTATION GUIDELINES	0.0110778213	FALSE	0.0752348602	FALSE	0.0100778937	FALSE	0.0549568534	FALSE	0.035405159	FALSE	0.0129080713	FALSE	0.00951191783	FALSE	0.23338443	FALSE	0.232953548	FALSE	0.0528017879	FALSE	0.0230718255	FALSE	0.0513669848	FALSE	0.0145565569	FALSE	0.00274640322	FALSE	0.0110837817	FALSE	0.0483802855	FALSE	0.22274965	FALSE
2017	026-2017	MANDATING PUBLIC DISPLAY OF SIGNS INFORMING PWDs OF DISCOUNT AND VAT EXEMPTION ENTITLEMENTS UNDER RA 7277; PROVIDING PENALTIES FOR NON-COMPLIANCE	0.0305128694	FALSE	0.0123446882	FALSE	0.0079831779	FALSE	0.0125792921	FALSE	0.0643104911	FALSE	0.00373023748	FALSE	0.00647935271	FALSE	0.0356119275	FALSE	0.0111845136	FALSE	0.141482145	FALSE	0.0141891837	FALSE	0.00823804736	FALSE	0.0271456242	FALSE	0.00576156378	FALSE	0.0106332	FALSE	0.550262	TRUE	0.041959703	FALSE
2017	027-2017	REALIGNING FUNDS FROM “ROAD GARDEN CONSTRUCTION” TO “IMPROVEMENT OF MULTIPURPOSE HALL” IN PINGET BARANGAY UNDER 2012 AIP	0.0220175385	FALSE	0.0497122407	FALSE	0.00405195355	FALSE	0.0236911476	FALSE	0.0356124043	FALSE	0.0060287118	FALSE	0.0104605854	FALSE	0.136025935	FALSE	0.0627429485	FALSE	0.0254160166	FALSE	0.341169596	FALSE	0.0229240358	FALSE	0.0821538568	FALSE	0.00679826736	FALSE	0.0297069252	FALSE	0.0124234557	FALSE	0.0281556845	FALSE
2017	028-2017	REALIGNING IRISAN TOURISM PARK FUNDS TO “IMPROVEMENT OF MINI PARK AT PUROK 15, IRISAN” DUE TO UNIMPLEMENTED SITE PROJECT	0.0177972615	FALSE	0.0517486036	FALSE	0.00344926119	FALSE	0.014243573	FALSE	0.0472663045	FALSE	0.0092201829	FALSE	0.0133435726	FALSE	0.656115472	TRUE	0.0828436911	FALSE	0.0716213	FALSE	0.037923336	FALSE	0.0906715691	FALSE	0.0467594564	FALSE	0.0191572011	FALSE	0.0300656855	FALSE	0.0172006786	FALSE	0.0371053219	FALSE
2017	029-2017	CHANGING TITLE AND FOCUS OF ₱1,000,000 PROJECT UNDER 2013 AIP TO “CONSTRUCTION OF SEWER LINE FROM PUROK 3 TO PUROK 2”	0.00442916155	FALSE	0.0726643503	FALSE	0.00157091022	FALSE	0.00907462835	FALSE	0.0110968947	FALSE	0.0847905	FALSE	0.0134197772	FALSE	0.0705025792	FALSE	0.13073048	FALSE	0.0125644207	FALSE	0.0142173469	FALSE	0.135732234	FALSE	0.0337189138	FALSE	0.0216905773	FALSE	0.0191467404	FALSE	0.00584840775	FALSE	0.0254281163	FALSE
2017	030-2017	CHANGING PROJECT TITLE FROM “SENIOR CITIZENS OFFICE ON DAYCARE” TO “CONSTRUCTION OF DAYCARE CENTER AND SENIOR CITIZENS OFFICE (PHASE I)” UNDER 2015 AIP	0.0325140953	FALSE	0.0609341264	FALSE	0.0083630383	FALSE	0.0331808925	FALSE	0.136743963	FALSE	0.00446847081	FALSE	0.00766584277	FALSE	0.363697708	FALSE	0.0658123195	FALSE	0.150509864	FALSE	0.0310206413	FALSE	0.0200330019	FALSE	0.053394556	FALSE	0.00433447957	FALSE	0.0112994611	FALSE	0.0369066298	FALSE	0.100662529	FALSE
2017	031-2017	AMENDING 2012 AIP TO REALIGN ₱400,000 FOR “COMPLETION OF MULTI-PURPOSE HALL” INSTEAD OF “CHILDREN’S PARK” PROJECT	0.0307207406	FALSE	0.0994318128	FALSE	0.00345596671	FALSE	0.0372214615	FALSE	0.0679107606	FALSE	0.0058400929	FALSE	0.015735805	FALSE	0.145323932	FALSE	0.0467422	FALSE	0.0763514042	FALSE	0.147818267	FALSE	0.0284710228	FALSE	0.118271798	FALSE	0.00582513213	FALSE	0.0347358	FALSE	0.0293490589	FALSE	0.0379062	FALSE
2017	031-A-2017	CHANGING PRIOR REALIGNED PROJECT UNDER ORD. NO. 17 S. 2012 TO “COMPLETION OF MULTI-PURPOSE HALL” FOR IMELDA MARCOS BARANGAY USING 2011 FUNDS	0.0384356976	FALSE	0.102226287	FALSE	0.00976643	FALSE	0.0488341451	FALSE	0.161081046	FALSE	0.00613045692	FALSE	0.0175457299	FALSE	0.172144026	FALSE	0.0692661703	FALSE	0.0449737608	FALSE	0.327839494	FALSE	0.0231390297	FALSE	0.149739623	FALSE	0.00820559263	FALSE	0.0247961879	FALSE	0.0429009795	FALSE	0.0598646104	FALSE
2017	032-2017	REALIGNING ₱400,000.00 FROM CY2012 AIP PROJECT “GUARD HOUSE–COMPACT AT CYPRESS” TO “CONSTRUCTION OF GUARD HOUSE COMPACT AT ST. PATRICK HOUSING OPEN SPACE” IN PUROK 20, UPPER IRISAN	0.0336556733	FALSE	0.025011301	FALSE	0.00497370958	FALSE	0.0206788778	FALSE	0.0277067125	FALSE	0.00543943048	FALSE	0.0126911402	FALSE	0.0887653828	FALSE	0.0401009321	FALSE	0.0390871763	FALSE	0.67708379	TRUE	0.0157535076	FALSE	0.061960578	FALSE	0.0100584924	FALSE	0.0353283286	FALSE	0.0199058354	FALSE	0.0243725479	FALSE
2017	033-2017	APPROVING FREE USE OF ATHLETIC BOWL AND AMUSEMENT TAX EXEMPTION FOR THE BAGUIO SUMMER CAR SHOW FESTIVAL FROM MAY 4–7, 2017	0.0707341135	FALSE	0.110346228	FALSE	0.00496655703	FALSE	0.0922322571	FALSE	0.0709271133	FALSE	0.00685808063	FALSE	0.0139218867	FALSE	0.143752068	FALSE	0.0318137109	FALSE	0.185019851	FALSE	0.125017375	FALSE	0.0288504064	FALSE	0.182051957	FALSE	0.0103679299	FALSE	0.0316364765	FALSE	0.116907567	FALSE	0.0808105469	FALSE
2017	034-2017	PROHIBITING USE, SALE, DISTRIBUTION, AND ADVERTISEMENT OF CIGARETTES AND TOBACCO PRODUCTS IN CERTAIN PLACES; IMPOSING PENALTIES AND AMENDING ORDINANCE NO. 08 (2008)	0.0204692781	FALSE	0.0182458162	FALSE	0.677508056	TRUE	0.02076	FALSE	0.04364869	FALSE	0.0050779283	FALSE	0.0141500533	FALSE	0.0129981935	FALSE	0.0124507248	FALSE	0.0254834	FALSE	0.0112067759	FALSE	0.0105513036	FALSE	0.00753167272	FALSE	0.00780183077	FALSE	0.00578308105	FALSE	0.128827274	FALSE	0.0611696541	FALSE
2017	036-2017	APPROVING FREE USE OF BAGUIO CONVENTION CENTER AND AMUSEMENT TAX EXEMPTION FOR CONCERT TO BENEFIT CZHRYRUS DAVE SAURA, A CHILD WITH STAGE 4 LYMPHOMA	0.0846782625	FALSE	0.0491261184	FALSE	0.00547689199	FALSE	0.0750074685	FALSE	0.0502685	FALSE	0.00718361139	FALSE	0.0121414959	FALSE	0.138130277	FALSE	0.0268941522	FALSE	0.191099942	FALSE	0.217388272	FALSE	0.0289926231	FALSE	0.0778808296	FALSE	0.0124827623	FALSE	0.0446436703	FALSE	0.178085864	FALSE	0.0703158379	FALSE
2017	037-2017	AUTHORIZING ₱336,500.00 CHARGE AGAINST TRAINING, REPRESENTATION, AND MEDICINE EXPENSES FOR CONSULTANCY SERVICES FOR ISO ACCREDITATION OF THE CITY HEALTH SERVICES OFFICE	0.0367612243	FALSE	0.0125940442	FALSE	0.0312931538	FALSE	0.0986467	FALSE	0.0290483832	FALSE	0.00310635567	FALSE	0.0055000484	FALSE	0.0499965847	FALSE	0.0712142885	FALSE	0.0948324203	FALSE	0.114671737	FALSE	0.00786376	FALSE	0.025693655	FALSE	0.00301602483	FALSE	0.00716006756	FALSE	0.0694563091	FALSE	0.253441781	FALSE
2017	038-2017	REVERTING ₱3,339,131.00 FROM PREVIOUS MOTOR VEHICLE REPAIR OBLIGATIONS AND REALLOCATING FOR PURCHASE OF NEW CARGO TRUCK WITH CRANE FOR CITY ENGINEERING OFFICE	0.0108316839	FALSE	0.0126655102	FALSE	0.00811106	FALSE	0.0178297758	FALSE	0.00884306431	FALSE	0.0103821754	FALSE	0.0202207267	FALSE	0.0405295193	FALSE	0.17320329	FALSE	0.0158658922	FALSE	0.644669831	TRUE	0.0238111615	FALSE	0.029992938	FALSE	0.0159379244	FALSE	0.0211226046	FALSE	0.0124334991	FALSE	0.0578253567	FALSE
2017	039-2017	AUTHORIZING ₱1,200,000.00 CHARGE FROM TERMINAL LEAVE ACCOUNT AND SALARY SAVINGS FOR RETIRED/RESIGNED CITY HEALTH SERVICES EMPLOYEES	0.0445523262	FALSE	0.017978996	FALSE	0.0154732764	FALSE	0.0653702	FALSE	0.0386726856	FALSE	0.00282129645	FALSE	0.0111628175	FALSE	0.142533302	FALSE	0.0571091771	FALSE	0.135367632	FALSE	0.122183651	FALSE	0.00824323297	FALSE	0.0354406834	FALSE	0.00287666917	FALSE	0.00666931272	FALSE	0.0492153168	FALSE	0.142376691	FALSE
2017	040-2017	AUTHORIZING FUNDS FOR TRANSPORTATION, PER DIEM, AND ACCOMMODATION OF CITY HEALTH OFFICE DELEGATES TO ATTEND HIV TRAINING IN QUEZON CITY	0.0590871274	FALSE	0.0324510336	FALSE	0.0766875744	FALSE	0.0757211447	FALSE	0.312149167	FALSE	0.00387915969	FALSE	0.00528159738	FALSE	0.0592905581	FALSE	0.028393656	FALSE	0.0741492212	FALSE	0.117121637	FALSE	0.00605177879	FALSE	0.0220326185	FALSE	0.00446596742	FALSE	0.00730529428	FALSE	0.0644916	FALSE	0.0841485858	FALSE
2017	041-2017	APPROVING FEE WAIVER FOR SPECIAL BUSINESS PERMIT FOR PARTICIPANTS IN 1ST NMS-CARES DEAF FESTIVAL HELD AT CAP AUDITORIUM FROM MAY 19–21, 2017	0.0180179179	FALSE	0.0143443346	FALSE	0.00775498152	FALSE	0.278330982	FALSE	0.136690527	FALSE	0.00391161442	FALSE	0.00640714169	FALSE	0.0395705402	FALSE	0.0115697086	FALSE	0.390421093	FALSE	0.0137722492	FALSE	0.00477540493	FALSE	0.0338678062	FALSE	0.00664931536	FALSE	0.00717005134	FALSE	0.0695300698	FALSE	0.0285443962	FALSE
2017	042-2017	DECLARING THE RIGHTS OF PATIENTS INCLUDING ACCESS TO CARE, INFORMED CONSENT, PRIVACY, MEDICAL RECORDS, VISITATION, AND GRIEVANCE SYSTEM; PRESCRIBING PENALTIES AND IMPLEMENTATION RULES	0.0129234195	FALSE	0.0112361014	FALSE	0.0136461854	FALSE	0.0248158872	FALSE	0.114723921	FALSE	0.00537309051	FALSE	0.00664678216	FALSE	0.0222629607	FALSE	0.00924795866	FALSE	0.138076395	FALSE	0.00841036439	FALSE	0.0084117651	FALSE	0.0131972134	FALSE	0.00642934442	FALSE	0.0101647377	FALSE	0.669522047	TRUE	0.0275664926	FALSE
2017	043-2017	ESTABLISHING FIRST WEEK OF JUNE AS CITY ENVIRONMENT WEEK; DEFINING COMMITTEE, ACTIVITIES, FUNDING, AND RECOGNITION GUIDELINES	0.0149838626	FALSE	0.0122669339	FALSE	0.00793227553	FALSE	0.0110684633	FALSE	0.00836855173	FALSE	0.00619149208	FALSE	0.0104349256	FALSE	0.02241081	FALSE	0.0359885097	FALSE	0.0415070057	FALSE	0.632829905	TRUE	0.0160669088	FALSE	0.204987198	FALSE	0.0148405135	FALSE	0.0373709798	FALSE	0.0315608978	FALSE	0.055218637	FALSE
2017	044-2017	AMENDING ORDINANCE NO. 17 SERIES OF 1993 TO EXEMPT BHWs, BNSs, BNAOs, BHRAOs FROM PAYING POLICE, MEDICAL, AND MAYOR’S CLEARANCE FEES FOR OFFICIAL OR PERSONAL PURPOSES	0.018117547	FALSE	0.0197285116	FALSE	0.0101031661	FALSE	0.031835109	FALSE	0.091786325	FALSE	0.00454324484	FALSE	0.00680315495	FALSE	0.0634786487	FALSE	0.0187858343	FALSE	0.0872629	FALSE	0.0536282361	FALSE	0.00922051072	FALSE	0.0353964269	FALSE	0.00780940056	FALSE	0.0100836158	FALSE	0.570338249	TRUE	0.0646273196	FALSE
2017	045-2017	APPROVING 60-DAY VEHICULAR CLOSURE OF PORTION OF GIBRALTAR ROAD FOR SAFETY DURING CONSTRUCTION AND COMMUNITY REVIEW	0.0112759471	FALSE	0.020714283	FALSE	0.0078458488	FALSE	0.0126989782	FALSE	0.0121333	FALSE	0.00935977697	FALSE	0.015674293	FALSE	0.0221322477	FALSE	0.0510396957	FALSE	0.0196887255	FALSE	0.742165387	TRUE	0.0194122493	FALSE	0.0939329565	FALSE	0.0151485503	FALSE	0.0350578129	FALSE	0.0207324028	FALSE	0.0339599848	FALSE
2017	047-2017	MANDATING ALL BARANGAYS TO CREATE A PWD DESK AND COMMITTEE; PRESCRIBING DUTIES, STRUCTURE, PENALTIES, AND MONITORING GUIDELINES	0.019049257	FALSE	0.0108786523	FALSE	0.00897988677	FALSE	0.0215919316	FALSE	0.0707423091	FALSE	0.00360137224	FALSE	0.00754416	FALSE	0.0368637741	FALSE	0.0102795064	FALSE	0.126835614	FALSE	0.0134087503	FALSE	0.00701341033	FALSE	0.0260458887	FALSE	0.00626850128	FALSE	0.00781807303	FALSE	0.626629233	TRUE	0.0264653862	FALSE
2017	048-2017	APPROVING REASSIGNMENT OF ₱216,000 FROM MEDICINES AND ₱512 FROM SUBSCRIPTIONS TO TRAINING EXPENSES FOR CY2016 PAYMENTS	0.032443285	FALSE	0.071919322	FALSE	0.018250674	FALSE	0.132691443	FALSE	0.103050858	FALSE	0.002997756	FALSE	0.00884491205	FALSE	0.200381339	FALSE	0.0706959069	FALSE	0.110037893	FALSE	0.0120127499	FALSE	0.0146453977	FALSE	0.0276920199	FALSE	0.00290498137	FALSE	0.00787523389	FALSE	0.0513976216	FALSE	0.181548119	FALSE
2017	049-2017	REALIGNING ₱1,000,000 ORIGINALLY ALLOCATED TO CRAFT & PRODUCTION CENTER INTO FIVE BARANGAY PROJECTS INVOLVING REPAIRS, CONSTRUCTION, AND COVERED OPEN GROUNDS	0.0188863277	FALSE	0.0240920186	FALSE	0.00330904126	FALSE	0.016806066	FALSE	0.00961139798	FALSE	0.00617641211	FALSE	0.0155628026	FALSE	0.133532226	FALSE	0.192292899	FALSE	0.0135341883	FALSE	0.485030383	FALSE	0.0652852654	FALSE	0.0462151468	FALSE	0.00939011574	FALSE	0.0613205135	FALSE	0.016359657	FALSE	0.0764327049	FALSE
2017	050-2017	APPROVING 35-DAY ROAD CLOSURE OF MORNING STAR STREET FOR PAVEMENT REHABILITATION; PRESCRIBING SAFETY AND COORDINATION REQUIREMENTS	0.0325732231	FALSE	0.0198923945	FALSE	0.0284691453	FALSE	0.0155434012	FALSE	0.0204837322	FALSE	0.00615912676	FALSE	0.00593698025	FALSE	0.0154139698	FALSE	0.0200312734	FALSE	0.0180846453	FALSE	0.64809382	TRUE	0.0110668242	FALSE	0.0346328318	FALSE	0.00925177336	FALSE	0.0354840755	FALSE	0.0234009326	FALSE	0.0391792655	FALSE
2017	051-2017	REALIGNING ₱1,000,000 ORIGINALLY ALLOCATED TO CRAFT & PRODUCTION CENTER INTO FIVE BARANGAY PROJECTS INVOLVING REPAIRS, CONSTRUCTION, AND COVERED OPEN GROUNDS	0.0188863277	FALSE	0.0240920186	FALSE	0.00330904126	FALSE	0.016806066	FALSE	0.00961139798	FALSE	0.00617641211	FALSE	0.0155628026	FALSE	0.133532226	FALSE	0.192292899	FALSE	0.0135341883	FALSE	0.485030383	FALSE	0.0652852654	FALSE	0.0462151468	FALSE	0.00939011574	FALSE	0.0613205135	FALSE	0.016359657	FALSE	0.0764327049	FALSE
2017	052-2017	REALIGNING ₱150,000 FROM 2014 AIP “IMPROVEMENT OF CANAL...” TO “IMPROVEMENT OF TURNING POINT AT PUROK 7 (MALAYA)” IN DOMINICAN-MIRADOR BARANGAY	0.034307152	FALSE	0.0903121829	FALSE	0.00322595239	FALSE	0.0363426507	FALSE	0.0500471294	FALSE	0.0217173398	FALSE	0.0179701149	FALSE	0.247366637	FALSE	0.154278785	FALSE	0.0677597523	FALSE	0.0588572919	FALSE	0.0390150547	FALSE	0.0636135042	FALSE	0.0115193427	FALSE	0.014868021	FALSE	0.0247094333	FALSE	0.103639603	FALSE
2017	053-2017	TRANSFERRING ₱200,000 FROM SALARIES AND WAGES TO OVERTIME PAY FOR SANGGUNIANG PANLUNGSOD EMPLOYEES	0.0475805104	FALSE	0.0323483348	FALSE	0.00506347418	FALSE	0.022079587	FALSE	0.0730919838	FALSE	0.00564262271	FALSE	0.0201027989	FALSE	0.747730732	TRUE	0.0612268448	FALSE	0.0751030445	FALSE	0.0140224397	FALSE	0.0307738781	FALSE	0.025226891	FALSE	0.00691998	FALSE	0.0101102293	FALSE	0.0271604359	FALSE	0.0475363433	FALSE
2017	055-2017	BANNING UNAUTHORIZED PUBLIC CONVEYANCE VEHICLES (“COLORUM”); EMPOWERING LOCAL POLICE AND DEFINING PENALTIES	0.017000705	FALSE	0.0109263361	FALSE	0.00504502654	FALSE	0.02631253	FALSE	0.121830106	FALSE	0.00440645218	FALSE	0.00684049726	FALSE	0.0547182262	FALSE	0.00805026293	FALSE	0.391596258	FALSE	0.0115679502	FALSE	0.00647783279	FALSE	0.0215570927	FALSE	0.00658476353	FALSE	0.00850865245	FALSE	0.369535863	FALSE	0.0170018673	FALSE
2017	056-2017	AUTHORIZING ₱38,235 FOR 2016 WATER EXPENSES OF CITY GENERAL SERVICES OFFICE TO BE CHARGED TO CURRENT APPROPRIATIONS	0.0454041958	FALSE	0.0193903148	FALSE	0.00471815467	FALSE	0.0233419538	FALSE	0.0188195407	FALSE	0.0487805307	FALSE	0.0129882097	FALSE	0.0504489243	FALSE	0.0460030138	FALSE	0.169006824	FALSE	0.311347485	FALSE	0.0182270408	FALSE	0.0953899622	FALSE	0.0282623172	FALSE	0.0179924965	FALSE	0.0477539301	FALSE	0.0751938522	FALSE
2017	057-2017	APPROVING TAX DELINQUENCY WAIVER OF ₱6,160 FOR SCHOOL SITE UNDER THE NAME OF THE LATE PRUDENCIO RIMANDO	0.209144264	FALSE	0.0155202746	FALSE	0.00878956914	FALSE	0.0219805539	FALSE	0.149710745	FALSE	0.00470262766	FALSE	0.00481504202	FALSE	0.0576055348	FALSE	0.00624069571	FALSE	0.253893077	FALSE	0.0165397227	FALSE	0.00485789776	FALSE	0.0198754072	FALSE	0.0055835247	FALSE	0.00874948502	FALSE	0.225027978	FALSE	0.0213218927	FALSE
2017	058-2017	STATING FUND SOURCE AS “CONTINUING CAPITAL OUTLAY” FOR COMMUTER VAN PURCHASE IN ORDINANCE NO. 006 SERIES OF 2017	0.0498262942	FALSE	0.0569839478	FALSE	0.00961718	FALSE	0.0180749	FALSE	0.0267840326	FALSE	0.00646403432	FALSE	0.0128233433	FALSE	0.164313704	FALSE	0.163520664	FALSE	0.19464919	FALSE	0.0473032296	FALSE	0.0268822908	FALSE	0.111400574	FALSE	0.00626871	FALSE	0.0168926418	FALSE	0.0561057329	FALSE	0.465204954	FALSE
2017	060-2017	FINANCIAL ASSISTANCE TO DISPLACED RESIDENTS OF MARAWI CITY FROM BAGUIO CITY DRRM FUND	0.0451903641	FALSE	0.0122262537	FALSE	0.00460419059	FALSE	0.0130002201	FALSE	0.0394505858	FALSE	0.0053204596	FALSE	0.00510844588	FALSE	0.132589668	FALSE	0.0243426263	FALSE	0.614545166	TRUE	0.0424371362	FALSE	0.00870287418	FALSE	0.0314423442	FALSE	0.00757083297	FALSE	0.0119709373	FALSE	0.0521164536	FALSE	0.072750628	FALSE
2017	062-2017	REQUIRING ALL PUBLIC AND PRIVATE SCHOOL TEACHING AND NON-TEACHING PERSONNEL IN BAGUIO TO UNDERGO REGULAR DISASTER RISK REDUCTION TRAINING	0.017755717	FALSE	0.0137579143	FALSE	0.0129921138	FALSE	0.0219525099	FALSE	0.0151637495	FALSE	0.0086196959	FALSE	0.0139229	FALSE	0.0135172606	FALSE	0.0231223404	FALSE	0.0209892988	FALSE	0.0465583503	FALSE	0.0156486928	FALSE	0.866872072	TRUE	0.0229401886	FALSE	0.0170417428	FALSE	0.0197434127	FALSE	0.0337978303	FALSE
2017	063-2017	CHANGING 2013 AIP PROJECT TITLE FROM “CONSTRUCTION OF DAP-AY” TO “ROOF COVERING FOR DAP-AY” IN PUROK 3, GIBRALTAR BARANGAY	0.0166916549	FALSE	0.0362832546	FALSE	0.00530257821	FALSE	0.0334059	FALSE	0.0499618053	FALSE	0.00765621662	FALSE	0.028568	FALSE	0.156376392	FALSE	0.100411177	FALSE	0.0266986191	FALSE	0.621963799	TRUE	0.0291247368	FALSE	0.183875829	FALSE	0.0244528651	FALSE	0.0348880887	FALSE	0.0180260837	FALSE	0.0296455026	FALSE
2017	064-2017	CHANGING TITLES OF VARIOUS 2012 & 2015 BARANGAY PROJECTS TO “CONSTRUCTION OF MULTIPURPOSE BARANGAY HALL” FOR BIDDING PURPOSES	0.022537291	FALSE	0.0595174134	FALSE	0.00301578641	FALSE	0.0337104797	FALSE	0.0566781461	FALSE	0.00429365039	FALSE	0.00949528813	FALSE	0.197542727	FALSE	0.0955640376	FALSE	0.0731551647	FALSE	0.119043171	FALSE	0.0264256597	FALSE	0.149922371	FALSE	0.00741130114	FALSE	0.0194115043	FALSE	0.0223565698	FALSE	0.0600009859	FALSE
2017	065-2017	CHANGING PROJECT TITLE FROM “ROOFING OF SCHOOL’S QUADRANGLE” TO “ROOFING OF WALKWAY” AT ROXAS NATIONAL HIGH SCHOOL IN IMELDA MARCOS BARANGAY	0.0192885697	FALSE	0.0250275433	FALSE	0.00620523095	FALSE	0.082634747	FALSE	0.0548574328	FALSE	0.00537753105	FALSE	0.0161513984	FALSE	0.0620313883	FALSE	0.0303096473	FALSE	0.0353713632	FALSE	0.422042817	FALSE	0.0103316307	FALSE	0.07389	FALSE	0.00996050239	FALSE	0.0156393647	FALSE	0.0154191256	FALSE	0.013936609	FALSE
2017	066-2017	CORRECTING CY2016 BUDGET ENTRY FROM “ELECTRICITY” TO “PARTIAL PAYMENT FOR NPC-OWNED LOT WHERE BAGUIO SEWERAGE TREATMENT PLANT IS LOCATED”	0.0153391957	FALSE	0.429781109	FALSE	0.00909760594	FALSE	0.0163460076	FALSE	0.0205992162	FALSE	0.253309429	FALSE	0.0316503048	FALSE	0.0333714187	FALSE	0.040700525	FALSE	0.02312994	FALSE	0.00807184	FALSE	0.0912243128	FALSE	0.0234563947	FALSE	0.00743031502	FALSE	0.0146455169	FALSE	0.00896346569	FALSE	0.0371128023	FALSE
2017	067-2017	REVERTING ₱3,177,722.20 FROM CONTINUING DEVELOPMENT FUND TO GENERAL FUND AND REALLOCATING FOR SLOPE REPAIRS AND ROAD PROJECTS IN VARIOUS BARANGAYS	0.0438556373	FALSE	0.0162171423	FALSE	0.0114892125	FALSE	0.0161717534	FALSE	0.0108757913	FALSE	0.00834369659	FALSE	0.00515124202	FALSE	0.0437802374	FALSE	0.140369177	FALSE	0.0204278827	FALSE	0.624569535	TRUE	0.0235239267	FALSE	0.0213605165	FALSE	0.00697100163	FALSE	0.0367887318	FALSE	0.0166999698	FALSE	0.149606466	FALSE
2017	068-2017	REQUIRING HIGHER EDUCATION INSTITUTIONS IN BAGUIO TO MAINTAIN ANNUAL CAMPUS SECURITY REPORTS; PRESCRIBING DATA, POLICIES AND REVIEW PROCESSES	0.02129668	FALSE	0.0423601866	FALSE	0.010892272	FALSE	0.266559213	FALSE	0.0629015267	FALSE	0.00369140506	FALSE	0.00603115559	FALSE	0.0536552668	FALSE	0.0481848121	FALSE	0.0786751211	FALSE	0.0137609541	FALSE	0.00856882334	FALSE	0.0527268052	FALSE	0.00324645638	FALSE	0.00583261251	FALSE	0.0803862214	FALSE	0.131716818	FALSE
2017	069-2017	REQUIRING ALL SECURITY GUARDS, OFFICERS, AND CONSULTANTS IN BAGUIO TO UNDERGO LOCAL TRAININGS ON EMERGENCY RESPONSE, TRAFFIC CONTROL, AND CRIME REPORTING	0.0153720081	FALSE	0.00729465485	FALSE	0.0521740615	FALSE	0.0124406517	FALSE	0.0977342725	FALSE	0.00262728333	FALSE	0.00877609849	FALSE	0.0455489755	FALSE	0.0135937929	FALSE	0.0504589677	FALSE	0.0547830462	FALSE	0.00645074248	FALSE	0.0259740651	FALSE	0.00499510765	FALSE	0.0100643635	FALSE	0.469591171	FALSE	0.0555537641	FALSE
2017	070-2017	CHANGING 2017 AIP PROJECT TITLE FROM “IMPROVEMENT OF BARANGAY VIEW DECK” TO “CONSTRUCTION OF TANOD OUTPOST AT VIEW DECK” IN MIDDLE QUIRINO HILL BARANGAY	0.027520448	FALSE	0.0503987372	FALSE	0.00375911593	FALSE	0.0395346284	FALSE	0.0470102727	FALSE	0.0066781342	FALSE	0.0129340589	FALSE	0.120597273	FALSE	0.0643391	FALSE	0.0312791169	FALSE	0.327928573	FALSE	0.0200810432	FALSE	0.148866892	FALSE	0.0100431442	FALSE	0.0218059123	FALSE	0.0130367875	FALSE	0.0283421874	FALSE
2017	071-2017	AUTHORIZING ₱10,080 PAYMENT FOR STEP INCREMENT OF ZONING INSPECTOR II VIRGILIO H. TUMAYAN FROM PERSONAL SERVICES-SALARIES & WAGES BUDGET	0.0533497334	FALSE	0.0197542608	FALSE	0.00461834669	FALSE	0.0180000067	FALSE	0.0372979045	FALSE	0.00471970439	FALSE	0.0158008337	FALSE	0.746623814	TRUE	0.0744418502	FALSE	0.074012965	FALSE	0.0220657	FALSE	0.0294794142	FALSE	0.0360586941	FALSE	0.00649628043	FALSE	0.0102161169	FALSE	0.0225557685	FALSE	0.0717559159	FALSE
2017	072-2017	AUTHORIZING CHARGE OF ₱10,883 FROM SALARIES AND WAGES ACCOUNT FOR DECEMBER 2016 PAYMENT IN THE GENERAL SERVICES OFFICE	0.0355424	FALSE	0.0260353684	FALSE	0.0051433444	FALSE	0.0195001364	FALSE	0.0567872524	FALSE	0.00476452708	FALSE	0.0182926953	FALSE	0.718455195	TRUE	0.0588797331	FALSE	0.0871118605	FALSE	0.0111306608	FALSE	0.0294127166	FALSE	0.0239265859	FALSE	0.0065844059	FALSE	0.00918331742	FALSE	0.0303941965	FALSE	0.0611643493	FALSE
2017	073-2017	REALIGNING ₱200,000 FROM SEWER LINE INSTALLATION TO COVERED PATHWALK PROJECT FROM ANDRADA TO TANDOC-FERNANDEZ AREA	0.0056681931	FALSE	0.0317111	FALSE	0.00197190046	FALSE	0.0186185241	FALSE	0.0131849945	FALSE	0.0939320922	FALSE	0.0115868747	FALSE	0.0632196069	FALSE	0.0767200589	FALSE	0.0101376474	FALSE	0.14769429	FALSE	0.06764552	FALSE	0.0484617949	FALSE	0.0973346829	FALSE	0.0320658684	FALSE	0.00662109256	FALSE	0.0143924057	FALSE
2017	074-2017	REALIGNING ₱100,000 FROM DRAINAGE ALONG YARCIA–SORIANO RESIDENCE TO DRAINAGE NEAR MARICEL DE LEON RESIDENCE	0.0588228703	FALSE	0.0933169723	FALSE	0.00708898902	FALSE	0.0504232049	FALSE	0.105561465	FALSE	0.00739365816	FALSE	0.013032943	FALSE	0.10865736	FALSE	0.0252943337	FALSE	0.0891048908	FALSE	0.368304372	FALSE	0.0129480958	FALSE	0.144343168	FALSE	0.013499856	FALSE	0.0243594944	FALSE	0.0325995386	FALSE	0.0269207656	FALSE
2017	075-2017	REALIGNING ₱203,484.24 FROM ERODED PATHWAY NEAR ESICAN'S RESIDENCE TO REHABILITATION OF ALLEY AT UPPER LITENG	0.0452938676	FALSE	0.0360431969	FALSE	0.0102701485	FALSE	0.0250175893	FALSE	0.028625071	FALSE	0.0095357	FALSE	0.0121328831	FALSE	0.0399350524	FALSE	0.0239500403	FALSE	0.0353488028	FALSE	0.8225739	TRUE	0.0142596364	FALSE	0.0894866	FALSE	0.0165192485	FALSE	0.0458545089	FALSE	0.0272199214	FALSE	0.0206936598	FALSE
2017	076-2017	CHANGING PROJECT TITLE IN CY2014 AIP FROM “CONTINUATION OF DRAINAGE CANAL FROM JAMES PARAAN RESIDENCE TO JOEL PALANGEO RESIDENCE” TO “CONTINUATION OF PATHWAY FROM JAMES PARAAN RESIDENCE TO JOEL PALANGEO RESIDENCE” IN CAMP 8 BARANGAY; FUNDING OF ₱200,000 UNDER 2014 DEVELOPMENT FUND	0.0551439822	FALSE	0.0264073014	FALSE	0.0040987134	FALSE	0.0179417431	FALSE	0.018183589	FALSE	0.0279609561	FALSE	0.00295996666	FALSE	0.0442406833	FALSE	0.0475537181	FALSE	0.0511676073	FALSE	0.200629264	FALSE	0.0134075582	FALSE	0.0383233726	FALSE	0.00944849849	FALSE	0.0233085454	FALSE	0.0122680962	FALSE	0.0832259059	FALSE
2017	077-2017	APPROVING ₱2,000 OR ₱1,000 GRATUITY PAY FOR QUALIFIED JOB ORDER AND CONTRACT OF SERVICE WORKERS FOR 2016 SERVICE	0.0303507745	FALSE	0.0241724551	FALSE	0.00497609377	FALSE	0.024564147	FALSE	0.10122323	FALSE	0.00729364157	FALSE	0.0122106671	FALSE	0.73274076	TRUE	0.0517035127	FALSE	0.146619886	FALSE	0.0132914186	FALSE	0.0262090862	FALSE	0.0177411139	FALSE	0.0083322525	FALSE	0.0107552409	FALSE	0.0332748	FALSE	0.0460301638	FALSE
2017	080-2017	APPROVING 50% DISCOUNT ON AMUSEMENT TAX, CO-SPONSORSHIP, FIREWORKS DISPLAY, AND VENUE USE WITH CONDITIONS FOR SEPTEMBER 2, 2017 EVENT	0.00956109166	FALSE	0.0366685688	FALSE	0.00465834141	FALSE	0.0184368193	FALSE	0.022095561	FALSE	0.00522920489	FALSE	0.0280044973	FALSE	0.0887224674	FALSE	0.0995703638	FALSE	0.0159588754	FALSE	0.151746303	FALSE	0.0470070839	FALSE	0.0623070598	FALSE	0.00643783808	FALSE	0.0176880658	FALSE	0.0486622155	FALSE	0.0707345903	FALSE
2017	081-2017	REALIGNING ₱111,177.16 FROM CY2015 AIP “CONTINUATION OF PATHWAY WITH GUTTER BELOW MR. ESTEBAN MALLARI’S RESIDENCE” TO “CONTINUATION OF CROSS DRAINAGE CANAL WITH GUTTER IN FRONT OF SAME RESIDENCE” IN PUROK 3, IRISAN BARANGAY	0.0352913141	FALSE	0.0477904975	FALSE	0.00496697426	FALSE	0.0288151503	FALSE	0.0428545773	FALSE	0.0151722133	FALSE	0.00750756264	FALSE	0.0425343513	FALSE	0.0197234452	FALSE	0.0365062356	FALSE	0.450869411	FALSE	0.0107923746	FALSE	0.0641430318	FALSE	0.0163442791	FALSE	0.0270468593	FALSE	0.0151602924	FALSE	0.0128569305	FALSE
2017	082-2017	APPROVING EXEMPTION FROM AMUSEMENT TAX ON TICKET SALES FOR PRE-PAGEANT (SEPT 2) AND GRAND CORONATION NIGHT (SEPT 17) OF MISS BAGUIO 2017, ORGANIZED BY SONNY T. PRODUCTION AS PART OF THE CITY’S 108TH CHARTER ANNIVERSARY	0.0311179459	FALSE	0.055888474	FALSE	0.00726804137	FALSE	0.123718262	FALSE	0.308869481	FALSE	0.00753924251	FALSE	0.0165916681	FALSE	0.291390896	FALSE	0.0372774601	FALSE	0.0839317441	FALSE	0.137250453	FALSE	0.0207651854	FALSE	0.0503665209	FALSE	0.0106408894	FALSE	0.0151576698	FALSE	0.106200695	FALSE	0.0451882184	FALSE
2017	083-2017	AUTHORIZING TRANSFER FROM PRINTING EXPENSES TO INSURANCE (₱20K) AND VEHICLE REPAIRS (₱70K) IN CITY VETERINARY OFFICE	0.0313117802	FALSE	0.0471877754	FALSE	0.00677251816	FALSE	0.0428146124	FALSE	0.076262176	FALSE	0.00422731042	FALSE	0.00787344575	FALSE	0.52171582	TRUE	0.090673	FALSE	0.0316208899	FALSE	0.0932330191	FALSE	0.022826463	FALSE	0.0289850831	FALSE	0.00815880299	FALSE	0.012686193	FALSE	0.0376229286	FALSE	0.0668950379	FALSE
2017	084-2017	APPROVING TAX EXEMPTION FOR TICKET SALES FOR 4TH SEASON HIP-HOP COMPETITION FOR A CAUSE HELD ON AUGUST 28, 2017	0.0592311621	FALSE	0.043799758	FALSE	0.0124236941	FALSE	0.0529535413	FALSE	0.247958124	FALSE	0.00418847799	FALSE	0.0174341798	FALSE	0.148891091	FALSE	0.0187405944	FALSE	0.401699901	FALSE	0.0203046203	FALSE	0.00904560089	FALSE	0.0534337461	FALSE	0.00665733218	FALSE	0.0113560557	FALSE	0.232142299	FALSE	0.0775449872	FALSE
2017	086-2017	APPROVING CO-SPONSORSHIP, TAX EXEMPTION, AND DISCOUNTS FOR CAR CLUB EVENT WITH BENEFICIARY BABY AKI HERO DE LOS SANTOS	0.0828868747	FALSE	0.102610558	FALSE	0.019286871	FALSE	0.0252912343	FALSE	0.188882619	FALSE	0.00446751714	FALSE	0.0129088461	FALSE	0.208605587	FALSE	0.0504240692	FALSE	0.226720661	FALSE	0.0173516572	FALSE	0.0213468373	FALSE	0.0824995339	FALSE	0.0062969625	FALSE	0.0152725279	FALSE	0.253273606	FALSE	0.228476882	FALSE
2017	087-2017	TRANSFERRING FUNDS FROM BUILDING REPAIR TO CONSULTANCY FOR SANITARY AND PLUMBING AUDIT AND COMFORT ROOM REFURBISHMENT	0.0167436898	FALSE	0.219087094	FALSE	0.00682452321	FALSE	0.0149542093	FALSE	0.0089198947	FALSE	0.0104550719	FALSE	0.0107676983	FALSE	0.0590007901	FALSE	0.113773584	FALSE	0.0154024065	FALSE	0.156544119	FALSE	0.126865625	FALSE	0.0964062512	FALSE	0.00691068172	FALSE	0.0849022865	FALSE	0.0131167471	FALSE	0.0922426283	FALSE
2017	088-2017	AUTHORIZING PAYMENT OF FUEL CONSUMPTION FROM NOVEMBER 2016 IN CITY GENERAL SERVICES OFFICE USING 2017 BUDGET	0.00536903739	FALSE	0.0266286731	FALSE	0.00875517726	FALSE	0.00556266308	FALSE	0.00634542108	FALSE	0.0133692622	FALSE	0.738410413	TRUE	0.0295898318	FALSE	0.0331596732	FALSE	0.0146915615	FALSE	0.0183841884	FALSE	0.0513077974	FALSE	0.123007268	FALSE	0.0197709203	FALSE	0.0113322735	FALSE	0.0173525214	FALSE	0.0213148	FALSE
2017	089-2017	REALIGNING FUNDS FROM MACHINERY REPAIRS TO PAY AUTO INSURANCE FOR NEW VEHICLE IN CIVIL REGISTRY OFFICE	0.0198155642	FALSE	0.0348548889	FALSE	0.00662025809	FALSE	0.0203260183	FALSE	0.0919167399	FALSE	0.00451418757	FALSE	0.0305414796	FALSE	0.614073455	TRUE	0.0903002322	FALSE	0.0513907075	FALSE	0.0216402411	FALSE	0.0279858112	FALSE	0.0719565749	FALSE	0.00826755166	FALSE	0.00767624378	FALSE	0.0649423897	FALSE	0.075838238	FALSE
2017	090-2017	CHANGING 2016 AIP TITLE FROM ROAD WITH DRAINAGE TO CONCRETING OF TIRE PATH AT GUMANGAN ROAD	0.025172323	FALSE	0.1558761	FALSE	0.00599834323	FALSE	0.0317857265	FALSE	0.0875861049	FALSE	0.0193374455	FALSE	0.0137220919	FALSE	0.1188609	FALSE	0.0486693382	FALSE	0.0229911506	FALSE	0.209041655	FALSE	0.0296834707	FALSE	0.189672917	FALSE	0.0133898556	FALSE	0.0326938331	FALSE	0.0178136528	FALSE	0.0271647274	FALSE
2017	091-2017	TRANSFERRING ₱400K FUNDS TO COPPER STREET EXTENSION ROAD PROJECT INSTEAD OF PAVEMENT OF MULTI-PURPOSE HALL	0.0210372806	FALSE	0.022470355	FALSE	0.00827163458	FALSE	0.0172777474	FALSE	0.0126249492	FALSE	0.00828531384	FALSE	0.010198921	FALSE	0.032637924	FALSE	0.0908373	FALSE	0.0170058906	FALSE	0.703666568	TRUE	0.0215956867	FALSE	0.0332832932	FALSE	0.00852492452	FALSE	0.0318523347	FALSE	0.0149133205	FALSE	0.0595567524	FALSE
2017	092-2017	TRANSFERRING ₱100K FROM MERCURY STREET ROAD CANAL PROJECT TO RIPRAP CANAL ON BRONZE STREET	0.0293152332	FALSE	0.0220560133	FALSE	0.00468298793	FALSE	0.0242665112	FALSE	0.0243739784	FALSE	0.0204074085	FALSE	0.0207134485	FALSE	0.0733992755	FALSE	0.106035203	FALSE	0.0394887626	FALSE	0.72544229	TRUE	0.0208343565	FALSE	0.04286322	FALSE	0.0181624591	FALSE	0.0317067504	FALSE	0.0215502381	FALSE	0.0533036292	FALSE
2017	093-2017	CHANGING 2016 AIP PROJECT TITLE FROM “OPEN CONCRETE CANAL…” TO “RIPRAP WITH CONCRETE CANAL…” AT BRONZE STREET, UPPER QUEZON HILL BARANGAY	0.0211283267	FALSE	0.0250900686	FALSE	0.00455138087	FALSE	0.0318761468	FALSE	0.0338306129	FALSE	0.0102074742	FALSE	0.0147143006	FALSE	0.0793035924	FALSE	0.0571628809	FALSE	0.0319767594	FALSE	0.709366918	TRUE	0.0172532201	FALSE	0.0731920302	FALSE	0.0148321092	FALSE	0.0301973522	FALSE	0.0152962804	FALSE	0.0209674537	FALSE
2017	094-2017	CHANGING 2016 AIP PROJECT TITLE FROM “DRAINAGE SYSTEM AT MAGSAYSAY AVENUE” TO “REHABILITATION AND IMPROVEMENT OF WATERWAYS…” IN CAMDAS BARANGAY	0.016800344	FALSE	0.0403599441	FALSE	0.00378212333	FALSE	0.0285736024	FALSE	0.0280646682	FALSE	0.275507897	FALSE	0.0101647675	FALSE	0.0260364115	FALSE	0.0296635628	FALSE	0.0295890868	FALSE	0.144384146	FALSE	0.0197905302	FALSE	0.0361206234	FALSE	0.0204613507	FALSE	0.0218904018	FALSE	0.0106740892	FALSE	0.0166008174	FALSE
2017	095-2017	CHANGING 2011 AIP PROJECT TITLE FROM “COMPLETION OF FOREST NURSERY…” TO “DEVELOPMENT OF FOREST NURSERY…” AT AMBUKLAO ROAD	0.0261911452	FALSE	0.18837136	FALSE	0.00563636422	FALSE	0.0151273012	FALSE	0.0478456616	FALSE	0.00732570887	FALSE	0.00699618459	FALSE	0.0427108705	FALSE	0.0210010111	FALSE	0.047488749	FALSE	0.0581588447	FALSE	0.0387715101	FALSE	0.0931392312	FALSE	0.00877404213	FALSE	0.21155104	FALSE	0.0129235089	FALSE	0.0275481641	FALSE
2017	100-2017	REVERTING ₱120,000 FROM TRAINING EXPENSES TO TRAVELING EXPENSES TO PAY FOR 4 CSWDO PARTICIPANTS SENT TO BANGKOK TRAINING	0.0321978927	FALSE	0.0499694347	FALSE	0.0076636672	FALSE	0.0450215042	FALSE	0.0669401884	FALSE	0.00306457281	FALSE	0.0151584148	FALSE	0.362883598	FALSE	0.0714587271	FALSE	0.175096244	FALSE	0.0206612349	FALSE	0.0209477544	FALSE	0.106847167	FALSE	0.00538009405	FALSE	0.00996837	FALSE	0.0378354788	FALSE	0.158085734	FALSE
2017	101-2017	REVERTING ₱1,450,000 FROM PROJECT ID 2015-229 TO “REHABILITATION OF PAVEMENT AT UPPER ROCK QUARRY BARANGAY”	0.0242767334	FALSE	0.0259458721	FALSE	0.00260439515	FALSE	0.0111973584	FALSE	0.0182025135	FALSE	0.0039281249	FALSE	0.00456219912	FALSE	0.0968076885	FALSE	0.0390472114	FALSE	0.0203410983	FALSE	0.316588461	FALSE	0.0326550901	FALSE	0.0942042768	FALSE	0.0110639334	FALSE	0.0645685792	FALSE	0.0137560964	FALSE	0.0245431662	FALSE
2017	102-2017	CHANGING 2016 AIP PROJECT TITLE FROM “REPAIR OF DRAINAGE SEWER…” TO “REPAIR OF DRAINAGE CANALS…” IN CITY CAMP CENTRAL BARANGAY	0.0124336183	FALSE	0.0557369888	FALSE	0.00146135688	FALSE	0.0185021758	FALSE	0.0172725618	FALSE	0.070489347	FALSE	0.0101917684	FALSE	0.0671782494	FALSE	0.05591923	FALSE	0.0238353908	FALSE	0.131481797	FALSE	0.0326693952	FALSE	0.0454784334	FALSE	0.018838197	FALSE	0.0193893909	FALSE	0.00822499394	FALSE	0.0168271959	FALSE
2017	103-2017	CHANGING 2016 AIP PROJECT TITLE FROM “COVERED CANAL AT GLADIOLA ST.” TO “REHABILITATION OF DRAINAGE CANAL AT CAMELLA ST.”	0.0230582654	FALSE	0.033818841	FALSE	0.00211957097	FALSE	0.0132206082	FALSE	0.0163855553	FALSE	0.0217713416	FALSE	0.00403577089	FALSE	0.0626796186	FALSE	0.0574238598	FALSE	0.0348433554	FALSE	0.11966148	FALSE	0.0223948956	FALSE	0.0301216245	FALSE	0.0121262968	FALSE	0.0303404033	FALSE	0.00781393051	FALSE	0.0493522286	FALSE
2017	104-2017	CHANGING 2017 AIP PROJECT TITLE FROM “T. CLAUDIO TO LMS-DENR” TO “F. CALDERON STREET TO LMS-DENR”	0.036145	FALSE	0.0607248843	FALSE	0.00565066934	FALSE	0.0541633964	FALSE	0.0899835229	FALSE	0.00529745221	FALSE	0.0140978992	FALSE	0.293916166	FALSE	0.129930943	FALSE	0.0623622239	FALSE	0.0928419828	FALSE	0.0237517059	FALSE	0.10361287	FALSE	0.00578847528	FALSE	0.0157434642	FALSE	0.0245237947	FALSE	0.0977567732	FALSE
2017	105-2017	APPROVING TEMPORARY CLOSURE OF SESSION ROAD AND ASSUMPTION ROAD ON OCTOBER 27, 2017 FOR UNIVERSITY OF BAGUIO’S HALLOWEEN PARADE EVENT	0.025929302	FALSE	0.0581363142	FALSE	0.00983476639	FALSE	0.0856051445	FALSE	0.152519166	FALSE	0.00378480554	FALSE	0.00712254643	FALSE	0.0690776706	FALSE	0.0191806555	FALSE	0.126534522	FALSE	0.127987623	FALSE	0.00815889239	FALSE	0.040291816	FALSE	0.00566872954	FALSE	0.0139569342	FALSE	0.0860311389	FALSE	0.0353803039	FALSE
2017	106-2017	GRANTING MONTHLY SALARY EQUIVALENT OR MINIMUM ₱10K WELFARE ASSISTANCE TO ALL CITY OFFICIALS AND EMPLOYEES INCLUDING JOB ORDER CONTRACTS BASED ON LENGTH OF SERVICE AND CONDITIONS	0.0398912132	FALSE	0.0143429339	FALSE	0.00358486176	FALSE	0.0266683102	FALSE	0.0589748621	FALSE	0.00395470858	FALSE	0.0103483498	FALSE	0.647705078	TRUE	0.0469423831	FALSE	0.166480184	FALSE	0.0392687321	FALSE	0.0172426403	FALSE	0.0310278237	FALSE	0.00637942553	FALSE	0.0102321804	FALSE	0.0543687642	FALSE	0.0597863495	FALSE
2017	108-2017	REALIGNING CY2009 DEVELOPMENT FUND FOR “PATHWAY REHABILITATION AT PUROK 4” TO “PATHWAY REHABILITATION AT PUROK 3” IN CITY CAMP CENTRAL BARANGAY	0.0451090634	FALSE	0.0238892138	FALSE	0.00527378917	FALSE	0.0194705129	FALSE	0.022112608	FALSE	0.00512108207	FALSE	0.00389435887	FALSE	0.148521423	FALSE	0.0761926472	FALSE	0.0695871711	FALSE	0.205883026	FALSE	0.0157822967	FALSE	0.022655338	FALSE	0.00430005789	FALSE	0.0159216523	FALSE	0.014803648	FALSE	0.0936989784	FALSE
2017	109-2017	REALIGNING ₱100K FROM “DRAINAGE CANAL WITH RAILINGS AT ORCHID STREET, PUROK I” TO “DRAINAGE CANAL AT CHERRY BLOSSOM STREET, PUROK I” UNDER CY2017 AIP	0.0317175388	FALSE	0.0599981546	FALSE	0.00233513117	FALSE	0.021365732	FALSE	0.0354150832	FALSE	0.0155792534	FALSE	0.00864413381	FALSE	0.129850507	FALSE	0.0466777682	FALSE	0.049144	FALSE	0.269127458	FALSE	0.0186833739	FALSE	0.0557990968	FALSE	0.0151194036	FALSE	0.0271914601	FALSE	0.0147458613	FALSE	0.0351315141	FALSE
2017	110-2017	REALIGNING ₱1,000,000 FROM CY2015 AIP “SCREENS ALONG TRIBUTARIES GOING TO CITY CAMP LAGOON” TO “IMPROVEMENT OF VARIOUS DRAINAGE CANALS” AT LOWER ROCK QUARRY	0.0176084936	FALSE	0.022256881	FALSE	0.00269803405	FALSE	0.00879332423	FALSE	0.0110144913	FALSE	0.0277325809	FALSE	0.00384473801	FALSE	0.0184888244	FALSE	0.0187896192	FALSE	0.0177165568	FALSE	0.445753455	FALSE	0.0165303946	FALSE	0.0496302247	FALSE	0.119752288	FALSE	0.0806438923	FALSE	0.00935915112	FALSE	0.0139533579	FALSE
2017	111-2017	REALIGNING ₱1,000,000 FROM CY2015 AIP “ROAD IMPROVEMENT FROM ROXAS TO CASIWEN” TO “PIAS ROAD EXTENSION IMPROVEMENT”	0.0223730803	FALSE	0.0401629806	FALSE	0.00620886683	FALSE	0.0314233	FALSE	0.0323219597	FALSE	0.00600883365	FALSE	0.00902035832	FALSE	0.0393023193	FALSE	0.0392628908	FALSE	0.0274590254	FALSE	0.193340182	FALSE	0.0109086335	FALSE	0.0765273571	FALSE	0.00448903441	FALSE	0.0144693553	FALSE	0.00950142741	FALSE	0.029689014	FALSE
2017	112-2017	REALIGNING ₱1,000,000 FROM CY2016 AIP “SLOPE PROTECTION AT PUROK 7” TO “DRAINAGE SYSTEM REHABILITATION AT PUROK 5” IN WEST MODERNSITE	0.0403708518	FALSE	0.053022027	FALSE	0.0053409338	FALSE	0.0109539926	FALSE	0.01691553	FALSE	0.0167130232	FALSE	0.00637793541	FALSE	0.0364850461	FALSE	0.022467941	FALSE	0.0252075493	FALSE	0.479369879	FALSE	0.0214886367	FALSE	0.116215229	FALSE	0.0154729187	FALSE	0.0864364803	FALSE	0.0168942213	FALSE	0.0294214487	FALSE
2017	113-2017	AMENDING CY2017 AIP PROJECT TITLE FROM “REPAINTING AND REWIRING OF FIRST FLOOR CEILING…” TO “IMPROVEMENT OF DAY CARE CENTER” IN PACDAL BARANGAY	0.0274343491	FALSE	0.0545036793	FALSE	0.00585591793	FALSE	0.063750118	FALSE	0.077029258	FALSE	0.005571872	FALSE	0.0110405385	FALSE	0.19554162	FALSE	0.0565307438	FALSE	0.0276400447	FALSE	0.0983890891	FALSE	0.015750885	FALSE	0.0413836837	FALSE	0.00340136886	FALSE	0.00948768854	FALSE	0.017878443	FALSE	0.0304527283	FALSE
2017	114-2017	CORRECTING PROJECT LOCATION FOR “CLARIDAD ROAD CONCRETING” FROM UPPER MAGSAYSAY TO LOWER MAGSAYSAY BASED ON CITY ENGINEERING OFFICE VERIFICATION	0.0193374455	FALSE	0.0166854858	FALSE	0.00674650073	FALSE	0.0263010263	FALSE	0.0190463364	FALSE	0.00852847099	FALSE	0.0086209774	FALSE	0.0401769	FALSE	0.0545962751	FALSE	0.0318561494	FALSE	0.723781824	TRUE	0.0121774673	FALSE	0.0645143092	FALSE	0.0124388635	FALSE	0.0193614662	FALSE	0.0124619007	FALSE	0.026650846	FALSE
2017	115-2017	APPROVING TRANSFER OF ₱262,336.42 FROM SALARIES BUDGET TO TERMINAL LEAVE BENEFITS FOR LATE COUNCILOR ROBERTO C. ORTEGA	0.0376750529	FALSE	0.0439694226	FALSE	0.00727182627	FALSE	0.024741143	FALSE	0.059502542	FALSE	0.00324171782	FALSE	0.0181677938	FALSE	0.437195599	FALSE	0.076089561	FALSE	0.218138129	FALSE	0.0166767538	FALSE	0.0216133296	FALSE	0.0813447237	FALSE	0.00555053353	FALSE	0.00930377841	FALSE	0.089532584	FALSE	0.204361618	FALSE
2017	116-2017	REALIGNING ₱134,500.00 ACROSS VARIOUS EQUIPMENT ACCOUNTS TO AUGMENT MOTOR VEHICLE PURCHASE UNDER THE CITY PROSECUTOR’S 2017 BUDGET	0.0232374072	FALSE	0.0147765875	FALSE	0.00913894176	FALSE	0.0247296393	FALSE	0.0526555181	FALSE	0.00329202414	FALSE	0.0145317316	FALSE	0.106419623	FALSE	0.0362208784	FALSE	0.0972157121	FALSE	0.127894819	FALSE	0.0141900182	FALSE	0.0389622152	FALSE	0.00586459041	FALSE	0.0163317323	FALSE	0.570425153	TRUE	0.112795085	FALSE
2017	117-2017	TRANSFER OF ₱1,000,000 FROM FUEL, OIL, AND LUBRICANTS EXPENSES TO REPAIR AND MAINTENANCE OF TRANSPORTATION EQUIPMENT AND BUILDINGS AT BCPO	0.00424921513	FALSE	0.0273205042	FALSE	0.00551202893	FALSE	0.00388345122	FALSE	0.00432872772	FALSE	0.014875412	FALSE	0.350884736	FALSE	0.0530356467	FALSE	0.222002238	FALSE	0.00481808186	FALSE	0.0295264721	FALSE	0.197530329	FALSE	0.0146564841	FALSE	0.012301147	FALSE	0.0292423666	FALSE	0.0090700388	FALSE	0.0378888249	FALSE
2017	118-2017	REALIGNING ₱1,000,000 FROM DRAINAGE REHABILITATION TO CONSTRUCTION OF EVACUATION CENTER AT MULTIPURPOSE HALL OF FERDINAND BARANGAY	0.035752058	FALSE	0.0466614962	FALSE	0.0213789046	FALSE	0.0295807421	FALSE	0.0527291298	FALSE	0.0122099519	FALSE	0.0186426342	FALSE	0.0469885767	FALSE	0.0244404674	FALSE	0.046323508	FALSE	0.665834308	TRUE	0.00959852338	FALSE	0.102466613	FALSE	0.0204123259	FALSE	0.026824832	FALSE	0.0381515324	FALSE	0.0290679336	FALSE
2017	119-2017	REALIGNING THE AMOUNT OF ₱100,000.00 FROM THE PROJECT TITLE 'IMPROVEMENT OF ALLEY STEPS FROM MR. MEDINA RESIDENCE DOWN TO MR. ILAGAN RESIDENCE OF PUROK 5' UNDER CALENDAR YEAR 2016 ANNUAL INVESMENT PROGRAM TO 'IMPROVEMENT OF ALLEY STEPS AND ALLEY CANALS FROM CERVANIA RESIDENCE DOWN TO ABELLO RESIDENCE AT PUROK 5' OF CITY CAMP PROPER BARANGAY, BAGUIO CITY.	0.0519753098	FALSE	0.0280192494	FALSE	0.0111895502	FALSE	0.0216827691	FALSE	0.0230875313	FALSE	0.0123531222	FALSE	0.0109512806	FALSE	0.0315704942	FALSE	0.0278415978	FALSE	0.0372529924	FALSE	0.868765891	TRUE	0.0144634843	FALSE	0.0390187204	FALSE	0.0175061524	FALSE	0.0551432371	FALSE	0.0276484787	FALSE	0.0274162	FALSE
2017	121-2017	CHANGING TITLE FROM “ROAD TO SAN CARLOS HEIGHTS ELEMENTARY SCHOOL” TO “ROAD AT PUROK 22 GOING TO SAN CARLOS HEIGHTS ELEM. SCHOOL”	0.0184066	FALSE	0.0414761603	FALSE	0.00563544035	FALSE	0.180524111	FALSE	0.0647090077	FALSE	0.00425976515	FALSE	0.008926332	FALSE	0.0471861064	FALSE	0.0172356963	FALSE	0.0424613953	FALSE	0.0683354735	FALSE	0.00757831335	FALSE	0.0314223468	FALSE	0.00552564859	FALSE	0.00908336	FALSE	0.0175264478	FALSE	0.0157669783	FALSE
2017	122-2017	TRANSFERRING ₱200,000 FROM SEWER AND CANAL PROJECTS TO PHASE TWO CONSTRUCTION OF SIDEWALK ALONG MANRIQUE STREET	0.00900572538	FALSE	0.0220031738	FALSE	0.00249746442	FALSE	0.0179158151	FALSE	0.0137323439	FALSE	0.139829516	FALSE	0.0127907991	FALSE	0.0612750947	FALSE	0.10238722	FALSE	0.0114949644	FALSE	0.284499586	FALSE	0.0541648865	FALSE	0.0216237605	FALSE	0.0790175796	FALSE	0.0369957089	FALSE	0.00759997964	FALSE	0.0173604488	FALSE
2017	123-2017	REALIGNING ₱250,000 FROM DRUGS AND MEDICINES TO TRANSPORTATION REPAIRS AND ACTIVITY SUPPLIES IN CITY HEALTH SERVICES OFFICE	0.0329155624	FALSE	0.0218687654	FALSE	0.0486252	FALSE	0.0371333361	FALSE	0.0175496042	FALSE	0.0086555779	FALSE	0.0112889111	FALSE	0.044690907	FALSE	0.073325187	FALSE	0.0198648572	FALSE	0.640841	TRUE	0.0133777261	FALSE	0.020457834	FALSE	0.00898575783	FALSE	0.0136100352	FALSE	0.0151618719	FALSE	0.0770742893	FALSE
2017	124-2017	REALIGNING ₱1,700,000 TO MOTOR VEHICLES ACCOUNT TO SUPPORT TRANSPORT NEEDS OF CITY ASSESSOR’S OFFICE	0.0331497192	FALSE	0.0372935236	FALSE	0.00434681773	FALSE	0.0444294512	FALSE	0.0346414447	FALSE	0.00574883819	FALSE	0.0103697479	FALSE	0.138897389	FALSE	0.0697633624	FALSE	0.116744637	FALSE	0.336779356	FALSE	0.0140375793	FALSE	0.0806523	FALSE	0.00818923116	FALSE	0.012550056	FALSE	0.0189386904	FALSE	0.0504522026	FALSE
2017	125-2017	REALIGNING ₱150,000 FROM “FOOT BRIDGE AND PATHWAY WITH RAILINGS (EVELYN LALU RESIDENCE)” TO “CONCRETING OF PATHWAY IN INC COMPOUND” IN SAN LUIS VILLAGE	0.0367553234	FALSE	0.0578191578	FALSE	0.00528267026	FALSE	0.0501254201	FALSE	0.0694651306	FALSE	0.00737962127	FALSE	0.00865134597	FALSE	0.0784462094	FALSE	0.0282811522	FALSE	0.0576419532	FALSE	0.419748783	FALSE	0.0122452974	FALSE	0.094189018	FALSE	0.0120204091	FALSE	0.021510005	FALSE	0.0185501277	FALSE	0.0172556043	FALSE
2017	126-2017	REALIGNING ₱100,000 FROM “PATHWAY FROM FERRER TO BOLIDO RESIDENCE” TO “REHABILITATION OF ROAD FROM CAMACHO RESIDENCE DOWNWARDS, MAGNOLIA ALLEY” IN SAN LUIS VILLAGE	0.0454911888	FALSE	0.0387411416	FALSE	0.00587141514	FALSE	0.0335576236	FALSE	0.0506364703	FALSE	0.0046838522	FALSE	0.00613322854	FALSE	0.0805680454	FALSE	0.0198870301	FALSE	0.0519966185	FALSE	0.404343128	FALSE	0.00941205	FALSE	0.0512919128	FALSE	0.00885260105	FALSE	0.0203064382	FALSE	0.0194821954	FALSE	0.016613543	FALSE
2017	127-2017	REALIGNING ₱100,000 FROM “ROAD CONSTRUCTION TO COSALAN COMPOUND” TO “REHABILITATION OF DILAPIDATED ROAD NEAR CARREON RESIDENCE, PUROK 6, JASMIN ROAD” IN SAN LUIS VILLAGE	0.0316262841	FALSE	0.0293881893	FALSE	0.00588497519	FALSE	0.0250714421	FALSE	0.0347421467	FALSE	0.00572067499	FALSE	0.0071464777	FALSE	0.0798485	FALSE	0.0278081298	FALSE	0.0383697152	FALSE	0.513862967	TRUE	0.0112693608	FALSE	0.0480944514	FALSE	0.00931701064	FALSE	0.021338284	FALSE	0.0173671544	FALSE	0.0179844797	FALSE
2017	129-2017	AMENDING ORDINANCE NO. 37 S. 2017 TO CHANGE TITLE TO “TRANSFER OF FUNDS IN CITY HEALTH SERVICES OFFICE” FOR ISO CONSULTANCY EXPENSES	0.0443790257	FALSE	0.0178845525	FALSE	0.0197486877	FALSE	0.0555460751	FALSE	0.0255412161	FALSE	0.00323700905	FALSE	0.00604504347	FALSE	0.0789605677	FALSE	0.0676848888	FALSE	0.155242622	FALSE	0.0842632949	FALSE	0.00878503919	FALSE	0.0451068	FALSE	0.00409534574	FALSE	0.00809633732	FALSE	0.0827642679	FALSE	0.310000896	FALSE
2017	130-2017	REALIGNING ₱200,000 FROM “CANAL FROM MANG-USAN TO AWINGAN RESIDENCE” TO “CONTINUATION OF DRAINAGE CANAL FROM BRYAN LONOGAN TO BEN OREDINA” IN CAMP 8 BARANGAY	0.0417968333	FALSE	0.0625770092	FALSE	0.00341370702	FALSE	0.0379536152	FALSE	0.0437594056	FALSE	0.0137519538	FALSE	0.00959527493	FALSE	0.0770074129	FALSE	0.0256810486	FALSE	0.0517319441	FALSE	0.358318746	FALSE	0.0155814886	FALSE	0.15032053	FALSE	0.0202471614	FALSE	0.0294031799	FALSE	0.0166986585	FALSE	0.0169954896	FALSE
2017	131-2017	REALIGNING ₱300,000 FROM “REHABILITATION OF DEEPWELL AT FERGUSON CROSSING” TO “PURCHASE AND INSTALLATION OF CCTVs” IN ANDRES BONIFACIO BARANGAY	0.0574031472	FALSE	0.0542365313	FALSE	0.00560337305	FALSE	0.054097265	FALSE	0.100658745	FALSE	0.00376585126	FALSE	0.00987184048	FALSE	0.193320185	FALSE	0.0394096971	FALSE	0.222644717	FALSE	0.172738314	FALSE	0.0148763657	FALSE	0.104904681	FALSE	0.00863146782	FALSE	0.0212261677	FALSE	0.0646291077	FALSE	0.0632204711	FALSE
2017	132-2017	REALIGNING THE AMOUNT OF P100,000.00 FROM THE PROJECT TITLE "CONSTRUCTION OF A COVERED COURT WITH STAGE IN FRONT OF THE BARANGAY MULTI-PURPOSE HALL" UNDER THE 2014 ANNUAL INVESTMENT PROGRAM OF THE CITY OF BAGUIO TO PROJECT TITLE "DECLOGGING OF CANALS AT ANDRES BONIFACIO BARANGAY" OF ANDRES BONIFACIO BARANGAY, BAGUIO CITY.	0.0326324701	FALSE	0.00789320469	FALSE	0.0113869011	FALSE	0.0125599504	FALSE	0.00941714644	FALSE	0.0112786591	FALSE	0.00967407227	FALSE	0.0377184749	FALSE	0.0829887688	FALSE	0.025411725	FALSE	0.755993903	TRUE	0.0186119974	FALSE	0.02003631	FALSE	0.0145720243	FALSE	0.040420711	FALSE	0.0414875448	FALSE	0.112220049	FALSE
2018	002-2018	AN ORDINANCE APPROVING THE TEMPORARY CLOSURE AND USE OF VARIOUS ROADS AND THE RE-ROUTING OF VICTORY LINER BUSES FOR THE CELEBRATION OF THE PANAGBENGA 2018 FESTIVAL, SUBJECT TO CONDITIONS	0.0101733804	FALSE	0.0212176144	FALSE	0.0163455307	FALSE	0.0302051	FALSE	0.0357230604	FALSE	0.00550559163	FALSE	0.0140780509	FALSE	0.0531745553	FALSE	0.0678777099	FALSE	0.0650380552	FALSE	0.396342278	FALSE	0.0207555294	FALSE	0.149457574	FALSE	0.0329635739	FALSE	0.0233623683	FALSE	0.0549871325	FALSE	0.106796026	FALSE
2018	003-2018	AN ORDINANCE MANDATING FUNERAL PARLORS IN THE CITY OF BAGUIO TO EMPLOY FEMALE EMBALMERS AND MORTICIANS, AND TO PERFORM THEIR DUTIES IN ACCORDANCE TO THE SEX OF THE DECEASED	0.0321250558	FALSE	0.0302608907	FALSE	0.0146570802	FALSE	0.0390117764	FALSE	0.793755293	TRUE	0.00813564658	FALSE	0.00572630763	FALSE	0.103258073	FALSE	0.0134167075	FALSE	0.0581753254	FALSE	0.0186198056	FALSE	0.0066984	FALSE	0.0180071592	FALSE	0.00953418	FALSE	0.00819134712	FALSE	0.088561058	FALSE	0.0149740279	FALSE
2018	004-2018	AN ORDINANCE REALIGNING THE AMOUNT OF ₱100,000.00 FROM THE PROJECT ADDITIONAL FUNDING FOR THE CONSTRUCTION OF BARANGAY MULTI-PURPOSE HALL AT SAN ANTONIO VILLAGE TO CONSTRUCTION OF DRAINAGE CANAL FROM MARIANITO MONTANO TO HILARIO CACCAM OF SAN ANTONIO BARANGAY, BAGUIO CITY	0.04829216	FALSE	0.0225653648	FALSE	0.00894251466	FALSE	0.0352410376	FALSE	0.0201342106	FALSE	0.0270040631	FALSE	0.009983778	FALSE	0.0442342162	FALSE	0.053512603	FALSE	0.0597829223	FALSE	0.600860953	TRUE	0.0142708123	FALSE	0.0340636969	FALSE	0.0100973248	FALSE	0.0265496671	FALSE	0.0705657601	FALSE	0.0949194729	FALSE
2018	005-2018	AN ORDINANCE REALIGNING THE AMOUNT OF ₱8,000,000.00 FROM THE PROJECT REHABILITATION OF SEWERLINE ALONG GANZON ALLEY FROM GAYOT RESIDENCE UP TO CERVANTES RESIDENCE TO CONSTRUCTION AND REHABILITATION OF SEWERLINE AND ROAD LOCATED AT MICAEL STREET, OLD FORESTRY COMPOUND OF ENGINEER'S HILL BARANGAY, BAGUIO CITY	0.0218786299	FALSE	0.0486400127	FALSE	0.00385475159	FALSE	0.0162299573	FALSE	0.00799450278	FALSE	0.0608844757	FALSE	0.00374111533	FALSE	0.0446326137	FALSE	0.0284721255	FALSE	0.0272798836	FALSE	0.242292792	FALSE	0.0855233073	FALSE	0.014390558	FALSE	0.0190438926	FALSE	0.277944058	FALSE	0.0535198152	FALSE	0.0421836674	FALSE
2018	006-2018	AN ORDINANCE REALIGNING THE AMOUNT OF ₱300,000.00 FROM THE PROJECT TITLE CONSTRUCTION OF ROOF STAGE WITHIN THE COVERED COURT FUNDED UNDER CALENDAR YEAR 2017 ANNUAL INVESTMENT PROGRAM TO CONSTRUCTION OF ROOF CANOPY OF THE EXISTING COVERED COURT (PARTIAL) AT BAGUIO CENTRAL ELEMENTARY SCHOOL, BAGUIO CITY	0.0295147896	FALSE	0.0122469962	FALSE	0.029551506	FALSE	0.0753571093	FALSE	0.0202513933	FALSE	0.00611355901	FALSE	0.0109676719	FALSE	0.0276962221	FALSE	0.0511513352	FALSE	0.0246256	FALSE	0.313803077	FALSE	0.0135089457	FALSE	0.019074738	FALSE	0.00626644492	FALSE	0.0188355148	FALSE	0.229752	FALSE	0.177728117	FALSE
2018	007-2018	AN ORDINANCE REALIGNING THE AMOUNT OF ₱120,000.00 FROM THE PROJECT TITLE CONTINUATION OF REHABILITATION OF SEWER LINE AT PUROK 1 FROM FERMIN'S RESIDENCE TO REYES RESIDENCE UNDER CALENDAR YEAR 2017 ANNUAL INVESTMENT PROGRAM TO RESTORATION OF SLOPE PROTECTION NEAR THE BARANGAY HALL OF EAST BAYAN PARK BARANGAY, BAGUIO CITY	0.0124493837	FALSE	0.0157545507	FALSE	0.00398489833	FALSE	0.0192061663	FALSE	0.00690871477	FALSE	0.155103087	FALSE	0.00519934297	FALSE	0.0281969905	FALSE	0.0450608432	FALSE	0.0213289559	FALSE	0.274574399	FALSE	0.0581992865	FALSE	0.0303812325	FALSE	0.0414271951	FALSE	0.0872042775	FALSE	0.0448926687	FALSE	0.0632047057	FALSE
2018	008-2018	AN ORDINANCE REALIGNING THE AMOUNT OF ₱150,000.00 FROM THE PROJECT TITLE CONTINUATION OF CONSTRUCTION AND IMPROVEMENT OF ALLEY AND STAIRWAYS LEADING TO NORTH SANITARY CAMP UNDER CALENDAR YEAR 2017 ANNUAL INVESTMENT PROGRAM TO IMPROVEMENT OF THE STAIRWAYS AT THE BACK OF THE BARANGAY HALL OF LEONILA HILL (WEST BAYAN PARK) BARANGAY, BAGUIO CITY	0.0781647265	FALSE	0.031473577	FALSE	0.0310883224	FALSE	0.0320482552	FALSE	0.0125842094	FALSE	0.0156011581	FALSE	0.00511086	FALSE	0.0424777865	FALSE	0.108906806	FALSE	0.031884551	FALSE	0.502248466	TRUE	0.0353383422	FALSE	0.0151758492	FALSE	0.00837409496	FALSE	0.062132448	FALSE	0.0555839241	FALSE	0.264213383	FALSE
2018	009-2018	AN ORDINANCE REALIGNING THE AMOUNT OF ₱200,000.00 FROM THE PROJECT TITLE REPAIR/RENOVATION OF THE DIZON-MANZANILLO MULTI-PURPOSE HALL UNDER ORDINANCE NUMBERED 58, SERIES OF 2016 TO CONTINUATION OF MULTI-PURPOSE HALL BUILDING AT DIZON-MANZANILLO SUBDIVISION BARANGAY, BAGUIO CITY	0.0406329036	FALSE	0.0295445323	FALSE	0.0182179511	FALSE	0.0351218283	FALSE	0.0291846097	FALSE	0.00938612223	FALSE	0.0102294087	FALSE	0.048689276	FALSE	0.0542540848	FALSE	0.0621194839	FALSE	0.789017797	TRUE	0.0183517337	FALSE	0.0538784266	FALSE	0.0097031	FALSE	0.040232569	FALSE	0.136444986	FALSE	0.115796834	FALSE
2018	010-2018	AN ORDINANCE CHANGING THE PROJECT TITLE CONCRETING OF KENNETH PUCDO ROAD NEAR GASIC RESIDENCE LOCATED AT MONTICELLO FUNDED UNDER CALENDAR YEAR 2017 ANNUAL INVESTMENT PROGRAM AMOUNTING TO ₱1,000,000.00 TO CONCRETING OF ROAD NEAR FISCAL LAGDAO RESIDENCE LOCATED AT MONTICELLO AT CAMP 7 BARANGAY, BAGUIO CITY	0.0738051236	FALSE	0.0271419883	FALSE	0.0165221989	FALSE	0.0340007842	FALSE	0.0275897384	FALSE	0.00431412458	FALSE	0.00567629933	FALSE	0.062612325	FALSE	0.0619199276	FALSE	0.091745466	FALSE	0.262720138	FALSE	0.0151945055	FALSE	0.0541001856	FALSE	0.00575047731	FALSE	0.0230715275	FALSE	0.198273152	FALSE	0.312249869	FALSE
2018	011-2018	AN ORDINANCE REALIGNING THE AMOUNT OF ₱100,000.00 FROM THE PROJECT TITLE CONTINUATION DRAINAGE CANAL FROM MASKIT RESIDENCE DOWN TO THE CREEK BELOW THE BARANGAY UNDER CALENDAR YEAR 2016 ANNUAL INVESTMENT PROGRAM TO RIPRAPPING AND WIDENING OF PATHWAY BETWEEN GEORGE TABEK AND GEORGE CHAO-WIL RESIDENCE, AND BETWEEN LOPITO NABULAY AND PIO MASEGMAN RESIDENCE AT BONTOC VILLAGE OF CAMP 8 BARANGAY, BAGUIO CITY	0.120179296	FALSE	0.0260619521	FALSE	0.0104392171	FALSE	0.0168907046	FALSE	0.0194913149	FALSE	0.0397625864	FALSE	0.00537878275	FALSE	0.0345345438	FALSE	0.0425898433	FALSE	0.0578049421	FALSE	0.375462055	FALSE	0.0200356841	FALSE	0.053393811	FALSE	0.0134966075	FALSE	0.0703982711	FALSE	0.0890503228	FALSE	0.185755342	FALSE
2018	012-2018	AN ORDINANCE APPROVING THE REQUEST FOR AUTHORITY TO CHARGE AGAINST CURRENT APPROPRIATIONS EARMARKED FOR OVERTIME AND NIGHT PAY (ACCOUNT CODE 5-01-02-130) IN THE AMOUNT OF ₱80,100.61 FOR THE PAYMENT OF OVERTIME RENDERED BY CONCERNED EMPLOYEES FOR THE PERIOD NOVEMBER 2017 TO DECEMBER 2017 IN THE SANGGUNIANG PANLUNGSOD	0.0263077617	FALSE	0.027608037	FALSE	0.00960111618	FALSE	0.017311722	FALSE	0.0660800636	FALSE	0.00391379	FALSE	0.00970464945	FALSE	0.121388912	FALSE	0.0227898359	FALSE	0.19821617	FALSE	0.017190814	FALSE	0.0120870173	FALSE	0.0389557183	FALSE	0.00566956401	FALSE	0.0108452737	FALSE	0.528149426	TRUE	0.136173844	FALSE
2018	013-2019	AN ORDINANCE APPROVING THE TEMPORARY CLOSURE TO VEHICULAR TRAFFIC OF SESSION ROAD FROM THE ROTUNDA TO THE MABINI STREET JUNCTION, FRONTING PHILIPPINE NATIONAL BANK AND JOLLIBEE, IMMEDIATELY AFTER THE FLOAT PARADE ON 25 FEBRUARY 2018 UNTIL MIDNIGHT OF 04 MARCH 2018 FOR THE CONDUCT OF SESSION ROAD IN BLOOM AS PART OF THE CELEBRATION OF THE 2018 PANAGBENGA FESTIVAL, SUBJECT TO CONDITIONS SET IN ORDINANCE NUMBERED 02, SERIES OF 2018	0.0281814039	FALSE	0.0166617036	FALSE	0.0351266563	FALSE	0.0298613608	FALSE	0.0289221704	FALSE	0.00669845939	FALSE	0.00839155912	FALSE	0.0575734675	FALSE	0.0627613366	FALSE	0.0501949191	FALSE	0.684937179	TRUE	0.0162701607	FALSE	0.0392199755	FALSE	0.0120277405	FALSE	0.0281063318	FALSE	0.121967286	FALSE	0.167633921	FALSE
2018	014-2018	AN ORDINANCE CHANGING THE PROJECT TITLE REHABILITATION OF POLICE VILLAGE MAIN ROAD LEADING TO SAN CARLOS ELEMENTARY SCHOOL LOCATED AT PUROK 20 FUNDED UNDER CALENDAR YEAR 2017 ANNUAL INVESTMENT PROGRAM AMOUNTING TO ₱200,000.00 TO REHABILITATION OF FEEDER ROAD FROM POLICE VILLAGE MAIN ROAD GOING DOWN LOCATED AT PUROK 20 AT IRISAN BARANGAY, BAGUIO CITY	0.0512509644	FALSE	0.0217977464	FALSE	0.0263253152	FALSE	0.179449111	FALSE	0.0230222642	FALSE	0.0055860281	FALSE	0.00520789623	FALSE	0.0423931777	FALSE	0.069019407	FALSE	0.047383666	FALSE	0.254886866	FALSE	0.0104418993	FALSE	0.0203827024	FALSE	0.00422883034	FALSE	0.0119929314	FALSE	0.115358293	FALSE	0.236169696	FALSE
2018	015-2018	AN ORDINANCE APPROVING THE REQUEST FOR AUTHORITY TO CHARGE AGAINST CURRENT APPROPRIATION IN THE AMOUNT OF ₱8,000.00 FOR THE PAYMENT OF UNPAID TELEPHONE EXPENSES AND INTERNET SUBSCRIPTION EXPENSES FOR THE YEAR 2017 IN THE BAGUIO CITY FIRE STATION	0.0223555267	FALSE	0.0125208497	FALSE	0.0081065	FALSE	0.0346721113	FALSE	0.0502450466	FALSE	0.00424003601	FALSE	0.018249929	FALSE	0.119656116	FALSE	0.026379168	FALSE	0.160088897	FALSE	0.102037162	FALSE	0.00814643502	FALSE	0.0408354104	FALSE	0.00540015101	FALSE	0.00733685493	FALSE	0.353806078	FALSE	0.0783844888	FALSE
2018	016-2018	AN ORDINANCE APPROVING THE CREATION OF THE POSITION OF TOURISM OPERATIONS ASSISTANT, SG 7/1 IN THE OFFICE OF THE ADMINISTRATOR, CITY GOVERNMENT OF BAGUIO, INCLUDING ITS QUALIFICATION STANDARDS, DUTIES AND RESPONSIBILITIES, AND SALARY UNDER THE PERSONAL SERVICES EXPENDITURE	0.0242440403	FALSE	0.0309396386	FALSE	0.00646844506	FALSE	0.0116425455	FALSE	0.0262716711	FALSE	0.00810518861	FALSE	0.0121343136	FALSE	0.770949244	TRUE	0.121942222	FALSE	0.138496667	FALSE	0.0685393512	FALSE	0.0958506167	FALSE	0.0328014195	FALSE	0.0220431685	FALSE	0.0281731784	FALSE	0.0908139348	FALSE	0.192472249	FALSE
2018	017-2018	AN ORDINANCE APPROVING THE CREATION OF THE POSITION OF SPORTS DEVELOPMENT OFFICER IV, SG-22/1 IN THE OFFICE OF THE ADMINISTRATOR, CITY GOVERNMENT OF BAGUIO, INCLUDING ITS QUALIFICATION STANDARDS, DUTIES AND RESPONSIBILITIES, AND SALARY UNDER THE PERSONAL SERVICES EXPENDITURE	0.0211617351	FALSE	0.0132353008	FALSE	0.0163216889	FALSE	0.0238686502	FALSE	0.0185061395	FALSE	0.00345760584	FALSE	0.00793904066	FALSE	0.0697263181	FALSE	0.0681150258	FALSE	0.0951874852	FALSE	0.352462888	FALSE	0.0137794018	FALSE	0.0750325322	FALSE	0.0104005933	FALSE	0.0178738832	FALSE	0.180022597	FALSE	0.253283441	FALSE
2018	018-2018	AN ORDINANCE AMENDING SECTION 1(E) OF ORDINANCE NUMBERED 02, SERIES OF 2018 APPROVING THE TEMPORARY CLOSURE AND USE OF VARIOUS ROADS AND THE RE-ROUTING OF VICTORY LINER BUSES FOR THE CELEBRATION OF THE PANAGBENGA 2018 FESTIVAL, SUBJECT TO CONDITIONS	0.0099542737	FALSE	0.0169999301	FALSE	0.0249647498	FALSE	0.0381042361	FALSE	0.0345472395	FALSE	0.0048867166	FALSE	0.0114049911	FALSE	0.0379407108	FALSE	0.0533946455	FALSE	0.072358042	FALSE	0.276826054	FALSE	0.0185122192	FALSE	0.10980162	FALSE	0.03388381	FALSE	0.0228972137	FALSE	0.134804338	FALSE	0.161686987	FALSE
2018	019-2018	AN ORDINANCE REALIGNING THE AMOUNT OF ₱100,000.00 FROM THE PROJECT TITLE IMPROVEMENT OF ROADSIDE PARK NEAR POLICE STATION UNDER CALENDAR YEAR 2015 SUPPLEMENTAL ANNUAL INVESTMENT PROGRAM TO CONCRETING OF ROAD AT WOODSGATE PHASE II (MBCA) METROPOLITAN BAPTIST CHURCH OF CAMP 7 BARANGAY, BAGUIO CITY	0.0655195117	FALSE	0.0213024318	FALSE	0.0374701321	FALSE	0.0461393893	FALSE	0.0249473751	FALSE	0.00625306368	FALSE	0.00642308593	FALSE	0.0272752941	FALSE	0.0407257676	FALSE	0.0388096869	FALSE	0.624730051	TRUE	0.0138126016	FALSE	0.0319803655	FALSE	0.0079960525	FALSE	0.0325712264	FALSE	0.110497236	FALSE	0.161689103	FALSE
2018	020-2018	AN ORDINANCE APPROVING THE REQUEST FOR AUTHORITY TO CHARGE AGAINST CURRENT APPROPRIATION THE AMOUNT OF ₱19,000.00 (ACCOUNT CODE NUMBER 5-01-02-050) AND ₱9,613.00 (ACCOUNT CODE NUMBER 5-02-01-010) FOR THE PAYMENT OF SUBSISTENCE ALLOWANCE AND TRAVELLING ALLOWANCE OF PERSONNEL IN THE CITY SOCIAL WELFARE AND DEVELOPMENT OFFICE	0.0859074	FALSE	0.0171918273	FALSE	0.00765302777	FALSE	0.0147033334	FALSE	0.0229823	FALSE	0.00468397141	FALSE	0.0057374537	FALSE	0.120622456	FALSE	0.0220792	FALSE	0.616125524	TRUE	0.134405285	FALSE	0.0103039443	FALSE	0.0229493678	FALSE	0.00702148676	FALSE	0.0175998509	FALSE	0.0602900684	FALSE	0.0835135579	FALSE
2018	021-2018	AN ORDINANCE PROHIBITING GENDER-BASED STREET AND PUBLIC SPACES HARASSMENT IN BAGUIO CITY, AND PRESCRIBING PENALTIES THEREOF, AND FOR OTHER PURPOSES	0.023339808	FALSE	0.0138435662	FALSE	0.0155026317	FALSE	0.0366943181	FALSE	0.741656	TRUE	0.00665956736	FALSE	0.00573259592	FALSE	0.0405774117	FALSE	0.00889730453	FALSE	0.0619977415	FALSE	0.012208581	FALSE	0.00469988585	FALSE	0.0116607547	FALSE	0.00710335374	FALSE	0.00702098	FALSE	0.103869796	FALSE	0.00916585326	FALSE
2018	022-2018	AN ORDINANCE ESTABLISHING LACTATION OR BREASTFEEDING STATIONS IN THE WORKPLACES OF THE CITY GOVERNMENT AND PUBLIC OFFICES, BUSINESS ESTABLISHMENTS, MALLS, AND OTHER FAMILY-ORIENTED BUSINESSES IN THE CITY OF BAGUIO	0.0565034449	FALSE	0.311874568	FALSE	0.0352263153	FALSE	0.0244725347	FALSE	0.388041615	FALSE	0.012447	FALSE	0.00728094578	FALSE	0.126069725	FALSE	0.023034066	FALSE	0.0382649899	FALSE	0.0426880419	FALSE	0.0166994035	FALSE	0.0118806958	FALSE	0.00651729107	FALSE	0.0100296438	FALSE	0.0482293069	FALSE	0.0451578796	FALSE
2018	023-2018	AN ORDINANCE AMENDING ORDINANCE NUMBERED 50, SERIES OF 2009, WHICH FURTHER AMENDED ORDINANCE NUMBERED 271, SERIES OF 1957, SETTING CURFEW HOURS FOR MINORS TO ROAM OR PLAY ON STREETS, ROADS, PLAZAS, PARKS, PUBLIC PLACES OR ESTABLISHMENTS IN BAGUIO CITY, AND PROVIDING FOR OTHER PURPOSES	0.0477517843	FALSE	0.0153879523	FALSE	0.0168249309	FALSE	0.0268449783	FALSE	0.0241474807	FALSE	0.00668802857	FALSE	0.00661072135	FALSE	0.0226833522	FALSE	0.0142495334	FALSE	0.0844677389	FALSE	0.587084174	TRUE	0.00677803159	FALSE	0.0390152037	FALSE	0.0118003488	FALSE	0.0222599208	FALSE	0.17266947	FALSE	0.0563524365	FALSE
2018	024-2018	AN ORDINANCE REALIGNING THE AMOUNT OF ₱600,000.00 FROM THE PROJECT TITLE ROADSIDE IMPROVEMENT AND GARDENING C/O CEPMO UNDER THE 2016 ANNUAL INVESTMENT PROGRAM TO SPECIFIC ROADSIDE IMPROVEMENT PROJECTS AT SALUD MITRA, LOWER MAGSAYSAY, AND SESSION GOVERNOR PACK ROAD, BAGUIO CITY	0.0553235412	FALSE	0.0264915824	FALSE	0.0325894058	FALSE	0.0235934258	FALSE	0.0095730722	FALSE	0.0105105937	FALSE	0.00588399172	FALSE	0.0223278701	FALSE	0.0833402276	FALSE	0.0236704648	FALSE	0.488340616	FALSE	0.0327070057	FALSE	0.017754823	FALSE	0.00621321797	FALSE	0.0794948637	FALSE	0.0467269421	FALSE	0.255202651	FALSE
2018	026-2018	AN ORDINANCE REALIGNING THE AMOUNT OF ₱1,000,000.00 FROM THE PROJECT TITLE ROAD IMPROVEMENT AT PIAS ROAD EXTENSION UNDER ORDINANCE NUMBERED 111, SERIES OF 2017 TO CONSTRUCTION OF DRAINAGE CANAL WITH COVER AT SAROK, CAMP 7 BARANGAY, BAGUIO CITY	0.0531553626	FALSE	0.0203027725	FALSE	0.0154868662	FALSE	0.0269870162	FALSE	0.0176596642	FALSE	0.0380938351	FALSE	0.00765439868	FALSE	0.0189835429	FALSE	0.0324864089	FALSE	0.032233417	FALSE	0.720655203	TRUE	0.0137137771	FALSE	0.0297424793	FALSE	0.0151799023	FALSE	0.0508063138	FALSE	0.0340907872	FALSE	0.0570083857	FALSE
2018	027-2018	AN ORDINANCE AMENDING ORDINANCE NUMBERED 61, SERIES OF 2008 (CLEAN AIR ORDINANCE OF THE CITY OF BAGUIO) BY INCLUDING A PROVISION THAT ACCOUNTS OF OFFENSES OF POLLUTING VEHICLES SHALL BE RESET YEARLY AND NOT COUNTED ACCUMULATIVELY IN CONSIDERATION OF THE NORMAL WEAR AND TEAR OF VEHICLES WHICH IS BEYOND THE CONTROL OF MOTORIST	0.0137427151	FALSE	0.0073197484	FALSE	0.0139897466	FALSE	0.00938195	FALSE	0.00724095106	FALSE	0.0121737421	FALSE	0.0128688812	FALSE	0.0562031567	FALSE	0.152964801	FALSE	0.0205433071	FALSE	0.65679425	TRUE	0.0558475554	FALSE	0.0380904675	FALSE	0.0211732686	FALSE	0.0457800329	FALSE	0.105979651	FALSE	0.144252	FALSE
2018	031-2018	AN ORDINANCE REALIGNING THE AMOUNT OF ₱200,000.00 FROM THE PROJECT TITLE CONSTRUCTION OF DRAINAGE CANAL WITH COVER AT MRS. DOMINGA OYAGON TO MRS. MARIA UYAN RESIDENCE LOCATED AT TAPINAO UNDER THE 2014 ANNUAL INVESTMENT PROGRAM TO REHABILITATION OF THE EXISTING PATHWAY BELOW JENNIFER PUDDUNAN RESIDENCE AT PUROK 2 OF LOAKAN-APUGAN BARANGAY, BAGUIO CITY	0.0794306099	FALSE	0.0183093846	FALSE	0.0128106177	FALSE	0.0309196413	FALSE	0.0266520679	FALSE	0.0632603467	FALSE	0.00390207767	FALSE	0.03142187	FALSE	0.0584173203	FALSE	0.0382268429	FALSE	0.31306538	FALSE	0.0168116093	FALSE	0.015385747	FALSE	0.0176974535	FALSE	0.0369311571	FALSE	0.0568982661	FALSE	0.174031764	FALSE
2018	032-2018	AN ORDINANCE APPROVING THE CREATION OF THE POSITION OF LOCAL DISASTER RISK REDUCTION AND MANAGEMENT OFFICER IV, SG-22/1 IN THE CITY DISASTER RISK REDUCTION MANAGEMENT OFFICE, CITY GOVERNMENT OF BAGUIO, INCLUDING ITS QUALIFICATION STANDARDS, DUTIES AND RESPONSIBILITIES, AND SALARY UNDER THE PERSONAL SERVICES EXPENDITURE	0.0326496363	FALSE	0.0103496313	FALSE	0.0128898025	FALSE	0.0172810256	FALSE	0.0141395032	FALSE	0.00671839714	FALSE	0.00963661075	FALSE	0.0199939013	FALSE	0.0226000845	FALSE	0.0274431705	FALSE	0.0855059624	FALSE	0.0113835037	FALSE	0.802378893	TRUE	0.0176132619	FALSE	0.0165955722	FALSE	0.0357382298	FALSE	0.0495276749	FALSE
2018	033-2018	AN ORDINANCE APPROVING THE REQUESTS OF ORIGIN8, INC. FOR A 50% DISCOUNT ON AMUSEMENT TAX AND RENTAL FEES, COSPONSORSHIP BY THE CITY GOVERNMENT OF BAGUIO, AND THE SETTING UP OF TEN FOOD STALLS AND TEN NON-FOOD STALLS FOR THEIR EVENT, FIGHTCON/OVERDRIVE, TO BE HELD FROM 02 TO 03 MARCH 2018 AT THE BAGUIO ATHLETIC BOWL	0.0455274284	FALSE	0.136020839	FALSE	0.0136495531	FALSE	0.0285898447	FALSE	0.0249022543	FALSE	0.00777646899	FALSE	0.0171942711	FALSE	0.212992787	FALSE	0.0861047506	FALSE	0.0862929523	FALSE	0.274190843	FALSE	0.0726764202	FALSE	0.0379194319	FALSE	0.00991877913	FALSE	0.0387275219	FALSE	0.27948764	FALSE	0.233352095	FALSE
2018	034-2018	AN ORDINANCE REALIGNING THE AMOUNT OF ₱1,050,000.00 FROM PROJECTS FUNDED UNDER THE 2013, 2015, AND 2017 ANNUAL INVESTMENT PLANS FOR COVERED COURT CONSTRUCTION AT BAGUIO CITY NATIONAL HIGH SCHOOL–RIZAL ANNEX, GIBRALTAR BARANGAY, TO “CONSTRUCTION OF RIZAL NATIONAL HIGH SCHOOL TWO-STOREY CLASSROOM AT GIBRALTAR”	0.0374852717	FALSE	0.0147420466	FALSE	0.0162742734	FALSE	0.131791115	FALSE	0.0229731798	FALSE	0.00472250581	FALSE	0.00569996238	FALSE	0.0586687624	FALSE	0.104561239	FALSE	0.0800689161	FALSE	0.123449594	FALSE	0.0119576156	FALSE	0.0288231373	FALSE	0.00466647744	FALSE	0.0113944709	FALSE	0.147888511	FALSE	0.379181	FALSE
2018	035-2018	AN ORDINANCE INSTITUTIONALIZING THE CONDUCT OF THE URBAN FARMERS' MONTH CELEBRATION EVERY MAY OF EVERY YEAR IN THE CITY OF BAGUIO AND PROVIDING FUNDS THEREFOR	0.117240697	FALSE	0.0846495628	FALSE	0.0118453205	FALSE	0.0237463117	FALSE	0.0287629962	FALSE	0.00697281957	FALSE	0.00962752104	FALSE	0.0901036	FALSE	0.0378249	FALSE	0.0964214504	FALSE	0.400929093	FALSE	0.0175474584	FALSE	0.103457063	FALSE	0.00485482812	FALSE	0.0255660117	FALSE	0.0745070279	FALSE	0.121354282	FALSE
2018	036-2018	AN ORDINANCE GOVERNING THE CONDUCT OF PARTICIPATORY LEGISLATION IN THE CITY OF BAGUIO, PROVIDING GUIDELINES FOR PUBLIC INVOLVEMENT IN LEGISLATIVE PROPOSALS THROUGH MECHANISMS SUCH AS PUBLIC SUMMITS, CONSULTATIONS, AND STAKEHOLDER ENGAGEMENT. THE ORDINANCE DEFINES TERMS, OUTLINES PROCESSES FOR INVITING ACCREDITED GROUPS, ESTABLISHES PARTICIPATION STRATEGIES, AND REQUIRES THE COLLATION AND UTILIZATION OF PUBLIC INPUT IN LEGISLATIVE REPORTS, WHILE ALSO SETTING ACCOUNTABILITY MEASURES FOR NON-COMPLIANCE	0.0159322619	FALSE	0.0123491883	FALSE	0.0174844563	FALSE	0.0208836496	FALSE	0.0270205438	FALSE	0.00567871332	FALSE	0.00687125325	FALSE	0.0240124762	FALSE	0.0290826857	FALSE	0.10257414	FALSE	0.0562147498	FALSE	0.0108158588	FALSE	0.0426582396	FALSE	0.00717672706	FALSE	0.0125573277	FALSE	0.459453821	FALSE	0.19483301	FALSE
2018	037-2018	AN ORDINANCE REALIGNING THE AMOUNT OF ₱8,000,000.00 SAVINGS FROM THE PROJECT “CONSTRUCTION OF RILLERA BUILDING” UNDER THE 2014 SUPPLEMENTAL ANNUAL BUDGET TO “INSTALLATION OF A ROOF BETWEEN RILLERA BUILDING AND BLOCK III, BETWEEN BLOCK III AND BLOCK IV, AND BETWEEN BLOCK IV AND TOBACCO SECTION AND SECOND HAND PROPER SECTION” AT THE CITY MARKET, BAGUIO CITY	0.0430094302	FALSE	0.0290468037	FALSE	0.32084626	FALSE	0.0225101709	FALSE	0.043189317	FALSE	0.00536930561	FALSE	0.00800773501	FALSE	0.0446122885	FALSE	0.0419238806	FALSE	0.0289960802	FALSE	0.102200478	FALSE	0.0109907985	FALSE	0.0198468864	FALSE	0.00641998649	FALSE	0.00902342796	FALSE	0.121201217	FALSE	0.27010709	FALSE
2018	038-2018	AN ORDINANCE GRANTING A 50% DISCOUNT TO UP SIGMA BETA SORORITY ON THE PAYMENT OF AMUSEMENT TAX FOR THEIR EVENT, “TRAFFIC JAM 10: RUSH HOUR,” HELD ON 17 FEBRUARY 2018, SUBJECT TO THE CONDITION THAT THE ORGANIZER SHALL SUBMIT FINANCIAL REPORTS AND CERTIFICATIONS/JUSTIFICATIONS SHOWING THAT THEIR BENEFICIARY, THE CORDILLERA WOMEN'S EDUCATION ACTION AND RESEARCH CENTER, RECEIVED THEIR SHARE FROM THE EVENT’S PROCEEDS	0.0256136954	FALSE	0.0254549086	FALSE	0.0192193985	FALSE	0.217647314	FALSE	0.678674579	TRUE	0.00643095374	FALSE	0.00487694144	FALSE	0.0972628891	FALSE	0.0183468461	FALSE	0.0707193	FALSE	0.0101515353	FALSE	0.00631013513	FALSE	0.0125011802	FALSE	0.00647547841	FALSE	0.00536292791	FALSE	0.082680285	FALSE	0.0277100205	FALSE
2018	039-2018	AN ORDINANCE APPROVING THE REQUEST FOR AUTHORITY TO CHARGE VARIOUS EXPENDITURES AGAINST 2017 AND 2018 APPROPRIATIONS OF THE GENERAL SERVICES OFFICE, INCLUDING:	0.0496270359	FALSE	0.0550575554	FALSE	0.0136810243	FALSE	0.0148540437	FALSE	0.0503947139	FALSE	0.00367614627	FALSE	0.00909379125	FALSE	0.132987022	FALSE	0.0433767736	FALSE	0.192899257	FALSE	0.0209712386	FALSE	0.0186590552	FALSE	0.0941181779	FALSE	0.00652331114	FALSE	0.015327394	FALSE	0.20600602	FALSE	0.297922254	FALSE
2018	040-2018	AN ORDINANCE REALIGNING THE AMOUNT OF ₱1,000,000.00 FROM THE PROJECT, "CONTINUATION OF THE MAIN DRAINAGE CANAL & CREEK LINING" UNDER CALENDAR YEAR 2017 ANNUAL INVESTMENT PLAN TO PROJECT, "COMPLETION OF MULTI-PURPOSE COVERED COURT" OF SANTO ROSARIO VALLEY BARANGAY, BAGUIO CITY.	0.0712144375	FALSE	0.0146948993	FALSE	0.0158808529	FALSE	0.0140457451	FALSE	0.0151534379	FALSE	0.0244520903	FALSE	0.0061557591	FALSE	0.0404832065	FALSE	0.0911465287	FALSE	0.0557574034	FALSE	0.308963656	FALSE	0.0206691325	FALSE	0.0297130644	FALSE	0.00888153911	FALSE	0.0314519107	FALSE	0.143504411	FALSE	0.332030833	FALSE
2018	042-2018	AN ORDINANCE APPROVING THE TEMPORARY CLOSURE OF THE ROAD AT SAN ROQUE VILLAGE BARANGAY, BAGUIO CITY, TO VEHICULAR TRAFFIC DURING THE IMPLEMENTATION OF ITS REHABILITATION/REPAIR.	0.0273594558	FALSE	0.0154439509	FALSE	0.0148028731	FALSE	0.0344032943	FALSE	0.0230490565	FALSE	0.00601136684	FALSE	0.0079882741	FALSE	0.0534701347	FALSE	0.0554687679	FALSE	0.0604758263	FALSE	0.652585149	TRUE	0.0111668408	FALSE	0.0444753766	FALSE	0.00951764	FALSE	0.0189713538	FALSE	0.065074414	FALSE	0.0966526568	FALSE
2018	043-2018	AN ORDINANCE ADOPTING THE USE OF ENERGY SAVING TECHNOLOGIES AND RENEWABLE ENERGY TO BE INSTALLED/USED IN CITY GOVERNMENT OWNED BUILDINGS, FACILITIES, PARKS, ROADS, OVERPASSES, AND ON GOVERNMENT PROJECTS OF THE CITY OF BAGUIO.	0.00600728393	FALSE	0.0134443045	FALSE	0.00676482916	FALSE	0.00676333904	FALSE	0.00485473871	FALSE	0.0144880712	FALSE	0.724429727	TRUE	0.0313981473	FALSE	0.0807766	FALSE	0.0178503394	FALSE	0.201216906	FALSE	0.0726485848	FALSE	0.0447818339	FALSE	0.00905481	FALSE	0.0341093242	FALSE	0.0327641368	FALSE	0.0326207578	FALSE
2018	044-2018	AN ORDINANCE DECLARING IT UNLAWFUL FOR ANY PERSON TO MAKE OR CAUSE EXCESSIVE, UNNECESSARY, OR UNUSUALLY LOUD SOUNDS FROM AUDIO DEVICES WITHIN RESIDENTIAL AREAS AND PUBLIC STREETS IN BAGUIO CITY, ESPECIALLY BETWEEN 10:00 P.M. AND 5:00 A.M., WITH SPECIFIC EXEMPTIONS, PENALTIES, AND IMPLEMENTATION GUIDELINES	0.0436096489	FALSE	0.010440737	FALSE	0.0136446655	FALSE	0.0230259597	FALSE	0.0282508433	FALSE	0.00679010153	FALSE	0.00811225176	FALSE	0.022751987	FALSE	0.0115335584	FALSE	0.105325013	FALSE	0.479696	FALSE	0.00605741143	FALSE	0.0339469314	FALSE	0.010074228	FALSE	0.0188714564	FALSE	0.31225723	FALSE	0.0361419022	FALSE
2018	045-2018	AN ORDINANCE APPROVING THE REQUEST TO CHARGE AGAINST CURRENT APPROPRIATIONS UNDER REPAIRS AND MAINTENANCE – TRANSPORTATION EQUIPMENT (ACCOUNT CODE 5-02-13-060) THE AMOUNT OF ₱8,360.00 FOR THE FULL PAYMENT OF REPAIR AND MAINTENANCE OF GOVERNMENT VEHICLE BEARING PLATE NO. SJV 750 OF THE SANGGUNIANG PANLUNGSOD (CITY COUNCIL)	0.0206922	FALSE	0.00696212053	FALSE	0.01380077	FALSE	0.0265608728	FALSE	0.010325551	FALSE	0.00910642743	FALSE	0.0111323	FALSE	0.0583146214	FALSE	0.0754976	FALSE	0.0742807686	FALSE	0.732227564	TRUE	0.0157643557	FALSE	0.0239014626	FALSE	0.0184468925	FALSE	0.0230606794	FALSE	0.107307404	FALSE	0.115501493	FALSE
2018	046-2018	AN ORDINANCE REALIGNING THE AMOUNT OF ₱100,000.00 FROM THE PROJECT TITLE “IMPROVEMENT OF DAP-AY AT BONTOC VILLAGE” UNDER THE 2015 ANNUAL INVESTMENT PROGRAM TO “IMPROVEMENT OF DAP-AY (BEAM AND WALLING) AND CONTINUATION OF DAP-AY IMPROVEMENTS (ROOFING)” IN CAMP 8 BARANGAY, BAGUIO CITY	0.032823503	FALSE	0.0271468163	FALSE	0.00589546561	FALSE	0.0183489025	FALSE	0.0144650042	FALSE	0.00408056378	FALSE	0.00573986769	FALSE	0.123066306	FALSE	0.170586735	FALSE	0.0396858752	FALSE	0.252128899	FALSE	0.0258493721	FALSE	0.0390695632	FALSE	0.00383347273	FALSE	0.0212035477	FALSE	0.0364303887	FALSE	0.234490037	FALSE
2018	047-2018	AN ORDINANCE APPROVING THE REQUEST TO CHARGE ₱5,220.00 AGAINST THE CURRENT APPROPRIATION OF THE CITY PLANNING AND DEVELOPMENT OFFICE UNDER REPRESENTATION EXPENSES (ACCOUNT CODE 5-02-99-030) FOR THE PAYMENT OF ADDITIONAL COST OF MEALS SERVED DURING THE CITY DEVELOPMENT COUNCIL MEETING HELD ON 23 NOVEMBER 2017	0.0349612534	FALSE	0.0211853385	FALSE	0.0145691037	FALSE	0.0221661925	FALSE	0.0120358765	FALSE	0.00789958239	FALSE	0.0121738613	FALSE	0.0471678972	FALSE	0.0560884476	FALSE	0.0502073765	FALSE	0.822041631	TRUE	0.0180655122	FALSE	0.0930639803	FALSE	0.011779815	FALSE	0.0252978802	FALSE	0.0526461303	FALSE	0.091288656	FALSE
2018	048-2018	AN ORDINANCE APPROVING THE REQUEST TO CHARGE AGAINST THE CURRENT APPROPRIATION OF THE CITY HUMAN RESOURCE MANAGEMENT OFFICE THE AMOUNT OF ₱5,700.00 FOR OTHER SUPPLIES AND MATERIALS EXPENSES AND ₱47,500.00 FOR PRIZES, TO COVER THE COST OF TWO PLAQUES AND CASH AWARDS THAT WERE NOT INCLUDED IN THE 2017 OBLIGATION SUBMISSION	0.0619996488	FALSE	0.0215144157	FALSE	0.00717300177	FALSE	0.00958609581	FALSE	0.00637725	FALSE	0.00778517127	FALSE	0.00534692407	FALSE	0.265118241	FALSE	0.0929983258	FALSE	0.0819671154	FALSE	0.147309929	FALSE	0.0729186833	FALSE	0.0181594789	FALSE	0.00626117	FALSE	0.0473135114	FALSE	0.0651285946	FALSE	0.28685236	FALSE
2018	050-2018	AN ORDINANCE REALIGNING THE AMOUNT OF ₱100,000.00 FROM THE PROJECT, "CONSTRUCTION OF JOAQUIN SMITH NATIONAL HIGH SCHOOL PTA OFFICE" UNDER CALENDAR YEAR 2012 ANNUAL INVESTMENT PLAN TO PROJECT, "ROOFING OF SCHOOL STAGE OF JOAQUIN SMITH NATIONAL HIGH SCHOOL".	0.0341635942	FALSE	0.0154047608	FALSE	0.0215740502	FALSE	0.110428661	FALSE	0.0202429295	FALSE	0.0062752068	FALSE	0.00868225098	FALSE	0.044436425	FALSE	0.160388529	FALSE	0.0423578322	FALSE	0.113697976	FALSE	0.0151431262	FALSE	0.0307475924	FALSE	0.00442534685	FALSE	0.0110263824	FALSE	0.0923853219	FALSE	0.412414134	FALSE
2018	051-2018	AN ORDINANCE REALIGNING THE AMOUNT OF ₱150,000.00 FROM THE PROJECT, "COMPLETION OF THE POLICE OUTPOST AT LEGARDA ROAD CORNER CITY CAMP ALLEY" UNDER CALENDAR YEAR 2014 ANNUAL INVESTMENT PLAN TO, "REPAINTING OF THE INTERNAL AND EXTERNAL OF THE BARANGAY HALL AND BARANGAY COVERED COURT" OF CITY CAMP PROPER BARANGAY, BAGUIO CITY.	0.0396545529	FALSE	0.00913569331	FALSE	0.0172777772	FALSE	0.0159217417	FALSE	0.0171499252	FALSE	0.00484573841	FALSE	0.00645840168	FALSE	0.0689360201	FALSE	0.0619098246	FALSE	0.0583744049	FALSE	0.480151743	FALSE	0.0123832524	FALSE	0.0263080597	FALSE	0.00658622384	FALSE	0.0180459023	FALSE	0.210785061	FALSE	0.199003398	FALSE
2018	052-2018	AN ORDINANCE CHANGING THE PROJECT TITLE “OPENING OF ROAD WITH CONCRETE CANAL FROM PENAFIEL RESIDENCE TO DELA CRUZ RESIDENCE AND RIPRAP” UNDER THE 2015 ANNUAL INVESTMENT PROGRAM AMOUNTING TO ₱400,000.00 TO “OPENING OF ROAD WITH RIP-RAP FROM MUYARGAS RESIDENCE TO PENAFIEL RESIDENCE” AT UPPER QUEZON HILL BARANGAY, BAGUIO CITY.	0.0339365304	FALSE	0.0165824592	FALSE	0.00434154272	FALSE	0.0211049914	FALSE	0.0200052559	FALSE	0.00941708684	FALSE	0.004845649	FALSE	0.0641612709	FALSE	0.062664181	FALSE	0.0390160084	FALSE	0.621900916	TRUE	0.013102293	FALSE	0.0458140373	FALSE	0.0111354589	FALSE	0.0241920054	FALSE	0.0283094347	FALSE	0.0598202944	FALSE
2018	053-2018	AN ORDINANCE INSTITUTIONALIZING THE SEARCH FOR THE BEST PERFORMING BARANGAYS IN THE CITY OF BAGUIO, PROVIDING GUIDELINES AND FOR OTHER PURPOSES.	0.0695118606	FALSE	0.0186055899	FALSE	0.0100537241	FALSE	0.0269954801	FALSE	0.0303215683	FALSE	0.00433090329	FALSE	0.00746724	FALSE	0.0400620699	FALSE	0.0223378539	FALSE	0.200909317	FALSE	0.314365566	FALSE	0.00565701723	FALSE	0.0674368143	FALSE	0.00600400567	FALSE	0.0108774006	FALSE	0.12198627	FALSE	0.0753539801	FALSE
2018	054-2018	AN ORDINANCE APPROVING THE REQUEST FOR AUTHORITY TO CHARGE AGAINST CURRENT APPROPRIATION OF THE CITY BUILDINGS AND ARCHITECTURE OFFICE THE AMOUNT OF ₱112,000.00 EARMARKED FOR OTHER MAINTENANCE AND OPERATING EXPENSES (ACCOUNT CODE 5-02-99-990) FOR THE PAYMENT OF THE COST OF CLOTHING MATERIAL USED FOR THE TINATIK ART CHRISTMAS TREE.	0.0274765491	FALSE	0.0232923627	FALSE	0.011298269	FALSE	0.0375859141	FALSE	0.0414212048	FALSE	0.00768256187	FALSE	0.0111790299	FALSE	0.0874173045	FALSE	0.03493011	FALSE	0.0595057607	FALSE	0.787367821	TRUE	0.0140788555	FALSE	0.0418355167	FALSE	0.0141307414	FALSE	0.0236746967	FALSE	0.104509205	FALSE	0.044968456	FALSE
2018	055-2018	AN ORDINANCE APPROVING THE REQUEST TO CHARGE AGAINST THE CURRENT APPROPRIATIONS OF THE OFFICE OF THE CITY ASSESSOR THE AMOUNT OF ₱60,000.00 EARMARKED FOR RETIREMENT GRATUITY (ACCOUNT CODE 5-01-04-020) TO COVER THE CASH INCENTIVE OF MR. LUIS A. ORTENCIO, WHO RETIRED EFFECTIVE 01 JANUARY 2017 AFTER RENDERING 35 YEARS IN GOVERNMENT SERVICE	0.0803614259	FALSE	0.0123489499	FALSE	0.00971692801	FALSE	0.0194603503	FALSE	0.0180494785	FALSE	0.0039806962	FALSE	0.00533667207	FALSE	0.108222455	FALSE	0.0455787182	FALSE	0.23659718	FALSE	0.292135477	FALSE	0.0117418468	FALSE	0.0306131542	FALSE	0.00516843796	FALSE	0.0148959756	FALSE	0.151455313	FALSE	0.166765928	FALSE
2018	056-2018	AN ORDINANCE REALIGNING THE AMOUNT OF ₱500,000.00 FROM THE PROJECT “IMPROVEMENT OF DRAINAGE AND SIDEWALK MAIN ROAD AT GENERAL V. LIM STREET” UNDER THE 2017 ANNUAL INVESTMENT PLAN TO “CONCRETING OF THE DILAPIDATED PORTION OF GENERAL V. LIM STREET” IN BURNHAM LEGARDA BARANGAY, BAGUIO CITY, FOLLOWING THE RECOMMENDATIONS OF THE BARANGAY AND CITY ENGINEERING OFFICE	0.044052422	FALSE	0.0134621561	FALSE	0.00666794181	FALSE	0.0147983134	FALSE	0.0142400265	FALSE	0.00648227334	FALSE	0.00314623117	FALSE	0.0850820243	FALSE	0.109846175	FALSE	0.0431718528	FALSE	0.421026915	FALSE	0.0173310935	FALSE	0.021284163	FALSE	0.00643107295	FALSE	0.0268570483	FALSE	0.0426103771	FALSE	0.173384279	FALSE
2018	057-2018	AN ORDINANCE CHANGING THE PROJECT TITLE “REHABILITATION OF WASHED-OUT ROAD CAUSED BY TYPHOON LANDO AT PUROK 5 KALKALAN BESIDE MR. BAGARES RESIDENCE” UNDER THE 2018 ANNUAL INVESTMENT PLAN TO “REHABILITATION OF ROAD AT PUROK 5 KALKALAN” AT PINSAO PROJECT BARANGAY, BAGUIO CITY, RETAINING THE FUNDING SOURCE OF ₱1,941,000.00 UNDER THE 2018 CITY DISASTER RISK REDUCTION MANAGEMENT FUND	0.0303919911	FALSE	0.0105023086	FALSE	0.0113498569	FALSE	0.0142272413	FALSE	0.0124591291	FALSE	0.00741118193	FALSE	0.0101047158	FALSE	0.0248251855	FALSE	0.0298316777	FALSE	0.0239722431	FALSE	0.153614491	FALSE	0.0140924752	FALSE	0.795939147	TRUE	0.0140256286	FALSE	0.0190129578	FALSE	0.0244294405	FALSE	0.0535279512	FALSE
2018	058-2018	AN ORDINANCE CHANGING THE PROJECT TITLE “CONSTRUCTION OF BOX CULVERT WITH CROSS DRAIN FROM AVILLANOSA'S RESIDENCE TO MIGUEL'S RESIDENCE AT PUROK 14-A” UNDER THE 2018 ANNUAL INVESTMENT PLAN TO “IMPROVEMENT OF DRAINAGE CANAL AT PUROK 14-A” AT IRISAN BARANGAY, BAGUIO CITY, WITH A TOTAL ALLOCATION OF ₱2,000,000.00 FUNDED THROUGH THE 2018 DEVELOPMENT FUND	0.0446209908	FALSE	0.0175000727	FALSE	0.00476568937	FALSE	0.0197040439	FALSE	0.0117019415	FALSE	0.0246965587	FALSE	0.00374090672	FALSE	0.0606846809	FALSE	0.146911323	FALSE	0.0383873	FALSE	0.251845866	FALSE	0.0264401436	FALSE	0.0251410902	FALSE	0.00776699185	FALSE	0.0313646197	FALSE	0.0270605683	FALSE	0.21537289	FALSE
2018	059-2018	AN ORDINANCE APPROVING THE TEMPORARY CLOSURE OF SOTERO LAUREL STREET, FROM CORNER UPPER GENERAL LUNA ROAD TO CORNER UPPER BONIFACIO STREET, TO VEHICULAR TRAFFIC DURING THE DISMANTLING OF THE TOWER CRANE AT GOSHEN LAND TOWER ON 24–26 APRIL 2018 FROM 9:00 P.M. TO 6:00 A.M., SUBJECT TO CONDITIONS INCLUDING ROUTINE TRAFFIC MANAGEMENT, ALTERNATIVE ROUTE SIGNAGE, AND COORDINATION WITH POLICE AND BARANGAY OFFICIALS	0.0338125229	FALSE	0.0167011023	FALSE	0.0272479355	FALSE	0.0218090415	FALSE	0.0330631435	FALSE	0.00672468543	FALSE	0.00876516104	FALSE	0.0426454246	FALSE	0.0226254761	FALSE	0.0359354615	FALSE	0.690655768	TRUE	0.00925242901	FALSE	0.0309945047	FALSE	0.0105333328	FALSE	0.0253498256	FALSE	0.114638031	FALSE	0.0550245345	FALSE
2018	060-2018	AN ORDINANCE DECLARING AND INSTITUTIONALIZING THE 1ST FRIDAY OF DECEMBER OF EVERY YEAR AS EMPLOYEES SUMMIT OF THE CITY GOVERNMENT OF BAGUIO, PROVIDING FUNDS THEREOF AND OTHER PURPOSES.	0.023317188	FALSE	0.0257272124	FALSE	0.00833424926	FALSE	0.0254562199	FALSE	0.043028146	FALSE	0.00448191166	FALSE	0.0101363361	FALSE	0.0945997536	FALSE	0.0419057608	FALSE	0.186745435	FALSE	0.115871191	FALSE	0.0116489232	FALSE	0.082804352	FALSE	0.00611969829	FALSE	0.0116164684	FALSE	0.339429736	FALSE	0.171160936	FALSE
2018	061-2018	AN ORDINANCE APPROVING THE REQUEST FOR AUTHORITY TO CHARGE AGAINST CURRENT APPROPRIATION OF THE CITY LEGAL OFFICE THE AMOUNT OF ₱87,393.60 EARMARKED FOR PRINTING AND PUBLICATION EXPENSES (ACCOUNT CODE 5-02-99-020) FOR THE PAYMENT OF PUBLISHED SUMMONS BY PUBLICATION OF CIVIL CASE NO. 4874-R IN THE PHILIPPINE DAILY INQUIRER ISSUES OF 18 AND 25 NOVEMBER 2016.	0.0285366476	FALSE	0.00765427947	FALSE	0.0159249604	FALSE	0.0224565566	FALSE	0.0228169858	FALSE	0.00546419621	FALSE	0.00784829259	FALSE	0.039719522	FALSE	0.019608587	FALSE	0.106369287	FALSE	0.139146	FALSE	0.00826230645	FALSE	0.0213273168	FALSE	0.00758337975	FALSE	0.0121932328	FALSE	0.614272892	TRUE	0.0956882536	FALSE
2018	062-2018	AN ORDINANCE APPROVING THE REQUEST FOR AUTHORITY TO CHARGE AGAINST 2018 APPROPRIATIONS OF THE OFFICE OF THE CLERK OF COURT, MUNICIPAL TRIAL COURT IN CITIES, THE AMOUNT OF ₱3,300.00 EARMARKED FOR REPRESENTATION EXPENSES (ACCOUNT CODE 5-02-99-030) TO AUGMENT A DEFICIENCY IN THE OBLIGATION REQUEST UNDER THE YEAR 2017.	0.0361989141	FALSE	0.0113938749	FALSE	0.0132118165	FALSE	0.0176244378	FALSE	0.0360495746	FALSE	0.00462368131	FALSE	0.00859633088	FALSE	0.0501200557	FALSE	0.0207548141	FALSE	0.141903937	FALSE	0.062022388	FALSE	0.00898215175	FALSE	0.0312509835	FALSE	0.00608894229	FALSE	0.0117777586	FALSE	0.631159544	TRUE	0.118638873	FALSE
2018	063-2018	AN ORDINANCE AMENDING SECTION 1 OF ORDINANCE NUMBERED 59, SERIES OF 2018 OF THE CITY OF BAGUIO APPROVING THE TEMPORARY CLOSURE OF SOTERO LAUREL STREET CORNER UPPER GENERAL LUNA ROAD TO SOTERO LAUREL CORNER UPPER BONIFACIO STREET TO VEHICULAR TRAFFIC DURING THE DISMANTLING OF THE TOWER CRANE AT GOSHEN LAND TOWER LOCATED ALONG UPPER GENERAL LUNA ROAD, BAGUIO CITY.	0.0305564106	FALSE	0.0173957348	FALSE	0.0215162635	FALSE	0.0255651474	FALSE	0.0232459307	FALSE	0.00975361466	FALSE	0.00881308317	FALSE	0.0304371417	FALSE	0.0316453576	FALSE	0.0522814393	FALSE	0.76326263	TRUE	0.0120558739	FALSE	0.0350449085	FALSE	0.015487045	FALSE	0.0307550728	FALSE	0.120637029	FALSE	0.0721699297	FALSE
2018	064-2018	AN ORDINANCE APPROVING THE REQUEST FOR AUTHORITY TO CHARGE THE SUM OF ₱19,155.84 AGAINST 2018 APPROPRIATIONS OF THE CITY BUILDINGS AND ARCHITECTURE OFFICE (CBAO), EARMARKED FOR SALARIES AND WAGES-REGULAR (ACCOUNT CODE 5-01-01-010) FOR THE PAYMENT OF A SALARY FOR THE MONTH OF DECEMBER 2017 AND TERMINAL LEAVE OF ENGR. FRAMAR M. DEGAY, FORMER ENGINEER I (CIVIL ENGINEER), THEREAT.	0.026380837	FALSE	0.00836792588	FALSE	0.00737631321	FALSE	0.0224215686	FALSE	0.0156617463	FALSE	0.0048931241	FALSE	0.0140920281	FALSE	0.252745688	FALSE	0.0954111516	FALSE	0.0408212841	FALSE	0.548801363	TRUE	0.0194620192	FALSE	0.0235300362	FALSE	0.00985753536	FALSE	0.0155461729	FALSE	0.0828068256	FALSE	0.0935154259	FALSE
2018	065-2018	AN ORDINANCE DECLARING THE INTERIOR ROAD OF HAPPY HOMES-OLD LUCBAN, BAGUIO CITY AS A ONE-WAY FLOW VEHICULAR PASSAGE FROM ITS ENTRY POINT ALONG MAGSAYSAY AVENUE FRONTING THE LUCBAN ELEMENTARY SCHOOL TO ITS EXIT POINT ALONG THE SAME MAGSAYSAY AVENUE FRONTING THE ELEGANT HOTEL AND PROVIDING PENALTIES FOR VIOLATION THEREOF.	0.0353253782	FALSE	0.0127118528	FALSE	0.0111611485	FALSE	0.024892807	FALSE	0.0333074331	FALSE	0.00848981738	FALSE	0.00936719775	FALSE	0.0379686952	FALSE	0.0164034665	FALSE	0.0455867648	FALSE	0.761668801	TRUE	0.00856539607	FALSE	0.0336098075	FALSE	0.0151885748	FALSE	0.0234874189	FALSE	0.120087206	FALSE	0.019556284	FALSE
2018	066-2018	AN ORDINANCE APPROVING THE REQUEST TO CHARGE ₱1,246.00 AGAINST THE 2018 APPROPRIATIONS OF THE CITY TREASURY OFFICE UNDER SUBSCRIPTION EXPENSES (ACCOUNT CODE 5-02-99-070) TO COVER THE COST OF A NEWSPAPER SUBSCRIPTION, AS REQUESTED BY THE CITY TREASURER AND RECOMMENDED FOR APPROVAL BY THE COMMITTEE ON APPROPRIATIONS AND FINANCE	0.0650771558	FALSE	0.0209237635	FALSE	0.0127061009	FALSE	0.0456042886	FALSE	0.0319675207	FALSE	0.0035969615	FALSE	0.00962072611	FALSE	0.180480778	FALSE	0.0494737923	FALSE	0.241439611	FALSE	0.0827265084	FALSE	0.0137529075	FALSE	0.0433046222	FALSE	0.00582006574	FALSE	0.0130216181	FALSE	0.415137917	FALSE	0.322310746	FALSE
2018	067-2018	AN ORDINANCE REALIGNING THE AMOUNT OF ₱1,000,000.00 FROM THE PROJECT “CONSTRUCTION OF DRAINAGE CANAL WITH COVER AT SAROK, CAMP 7 BARANGAY” UNDER ORDINANCE NO. 026, SERIES OF 2018 TO “IMPROVEMENT OF ROAD WITH DRAINAGE CANAL AT AMISTAD,” STILL WITHIN CAMP 7 BARANGAY, BAGUIO CITY.  FUND.	0.0384726524	FALSE	0.0154388845	FALSE	0.00407505035	FALSE	0.0170187652	FALSE	0.0153579116	FALSE	0.0178338289	FALSE	0.00291058421	FALSE	0.0606354177	FALSE	0.0460467041	FALSE	0.056024909	FALSE	0.294314921	FALSE	0.0127052665	FALSE	0.0134823918	FALSE	0.0134295225	FALSE	0.0268284678	FALSE	0.0368872583	FALSE	0.0966792405	FALSE
2018	068-2018	AN ORDINANCE REALIGNING THE AMOUNT OF ₱259,500.00 FROM THE PROJECT “REHABILITATION OF DRAINAGE AT TIMES TRANSIT TERMINAL” UNDER THE 2017 ANNUAL INVESTMENT PLAN TO THE NEW PROJECT “REHABILITATION OF CANAL WITH COVER ALONG MAKATI” LOCATED IN SLAUGHTER HOUSE COMPOUND, STO. NIÑO BARANGAY, BAGUIO CITY.	0.0521976054	FALSE	0.0250498652	FALSE	0.00892528892	FALSE	0.0171380341	FALSE	0.0152243376	FALSE	0.0369746387	FALSE	0.00403550267	FALSE	0.0826113224	FALSE	0.0755075216	FALSE	0.0280205309	FALSE	0.272964746	FALSE	0.027204901	FALSE	0.0085349381	FALSE	0.00980594754	FALSE	0.0378300846	FALSE	0.0446875691	FALSE	0.171912611	FALSE
2018	069-2018	AN ORDINANCE SUPPORTING THE CONDUCT OF AN EXTENSIVE MEDICAL SERVICES EXCLUSIVELY FOR WOMEN WITH DISABILITIES AND APPROPRIATING FUNDS THEREOF.	0.0317554474	FALSE	0.0167847574	FALSE	0.0207929611	FALSE	0.0395815074	FALSE	0.682760358	TRUE	0.00563398	FALSE	0.00379538536	FALSE	0.0696539	FALSE	0.0118417442	FALSE	0.0884084404	FALSE	0.00736603141	FALSE	0.00490820408	FALSE	0.0089071095	FALSE	0.00577014685	FALSE	0.00568693876	FALSE	0.0461913347	FALSE	0.0161796212	FALSE
2018	070-2018	AN ORDINANCE REALIGNING THE AMOUNT OF ₱11,500,000.00 FROM THE PROJECT "SITE DEVELOPMENT OF AN ENGINEERED SANITARY LANDFILL (ESL) (PURCHASE AND DEVELOPMENT OF INTEGRATED SOLID WASTE DISPOSAL SITE)" UNDER CALENDAR YEAR 2014 ANNUAL INVESTMENT PLAN TO "IMPROVEMENT OF THE DAIRY FARM, TRANSFER STATION", DAIRY FARM, DEPARTMENT OF AGRICULTURE, BARANGAY DONTOGAN, BAGUIO CITY.	0.0133597553	FALSE	0.172583789	FALSE	0.00773119926	FALSE	0.00644016266	FALSE	0.0058105886	FALSE	0.0872601867	FALSE	0.0186117291	FALSE	0.0537818968	FALSE	0.20539853	FALSE	0.0122007132	FALSE	0.0725579262	FALSE	0.33670339	FALSE	0.0124714375	FALSE	0.00992116332	FALSE	0.0821540952	FALSE	0.0221156478	FALSE	0.135214657	FALSE
2018	072-2018	AN ORDINANCE APPROVING THE REQUEST FOR AUTHORITY TO CHARGE AGAINST CURRENT APPROPRIATION OF THE CITY BUDGET OFFICE EARMARKED FOR SALARIES AND WAGES-REGULAR (ACCOUNT CODE 5-01-01-010) THE AMOUNT OF ₱21,961.82 FOR THE PAYMENT OF UNOBLIGATED SALARY FOR THE PERIOD 01 TO 14 MAY 2014 OF MR. DANTE ROTOR.	0.0417929888	FALSE	0.0124447942	FALSE	0.0048623383	FALSE	0.021884948	FALSE	0.0168085098	FALSE	0.00378918648	FALSE	0.0114058852	FALSE	0.488858253	FALSE	0.0782546103	FALSE	0.140226424	FALSE	0.0714505613	FALSE	0.0190185308	FALSE	0.0287806094	FALSE	0.00421574712	FALSE	0.00959816575	FALSE	0.0752133131	FALSE	0.167708457	FALSE
2018	074-2018	AN ORDINANCE REALIGNING OF FUNDS UNDER THE 2018 ANNUAL INVESTMENT PLAN IN THE AMOUNT OF ₱850,000.00 FROM THE PROJECT TITLE "REHABILITATION OF DRAINAGE CANAL AND SLOPE PROTECTION ALONG ADIWANG ROAD, PUROK 6" TO "REHABILITATION OF DRAINAGE CANAL WITH GRATINGS AT PUROK 6, TELLO STREET" AT DONTOGAN BARANGAY, BAGUIO CITY.	0.051584959	FALSE	0.0097219944	FALSE	0.0139343143	FALSE	0.0156227052	FALSE	0.0106794238	FALSE	0.020783335	FALSE	0.0040833652	FALSE	0.0318554342	FALSE	0.0616376698	FALSE	0.0526704788	FALSE	0.433753967	FALSE	0.0144977272	FALSE	0.0175003707	FALSE	0.00986352563	FALSE	0.0373682976	FALSE	0.0651391745	FALSE	0.206789494	FALSE
2018	075-2018	AN ORDINANCE DISALLOWING THE GRANT OF EXEMPTION OR OUTRIGHTLY DENIES APPLICATIONS FOR EXCEPTION, VARIANCE OR NON CONFORMING USE OF COMMERCIAL AND INSTITUTIONAL BUILDINGS RELATIVE TO THE PARKING LOT REQUIREMENT WITHIN THE CENTRAL BUSINESS DISTRICT AREA IN THE CITY OF BAGUIO, AND SETTING THE GUIDELINES FOR THE IMPLEMENTATION OF ARTICLE VIII OF ORDINANCE NUMBERED 63, SERIES OF 2016.	0.0359635949	FALSE	0.00979024172	FALSE	0.0169788599	FALSE	0.0210940838	FALSE	0.0151126385	FALSE	0.00701007247	FALSE	0.00688621402	FALSE	0.0229684114	FALSE	0.0225576758	FALSE	0.0795746446	FALSE	0.654386938	TRUE	0.00819814205	FALSE	0.0445452332	FALSE	0.0104752183	FALSE	0.0233152807	FALSE	0.140648395	FALSE	0.0745224357	FALSE
2018	076-2018	AN ORDINANCE REQUIRING ALL BUSINESS OWNERS OPERATING IN THE CITY OF BAGUIO TO INSTALL REFLECTORIZED TAPES OR EYE-CATCHING MARKERS ON ALL GLASS DOORS AND GLASS PANELS OF THEIR BUSINESS ESTABLISHMENTS FOR PURPOSES OF PUBLIC SAFETY, AND PROVIDING FINES FOR VIOLATION THEREOF.	0.0287936628	FALSE	0.0105720758	FALSE	0.0117420256	FALSE	0.0226437747	FALSE	0.0364375114	FALSE	0.00586220622	FALSE	0.0105114579	FALSE	0.044739604	FALSE	0.0188011527	FALSE	0.0870270133	FALSE	0.234348893	FALSE	0.00736489892	FALSE	0.0425640941	FALSE	0.00794693828	FALSE	0.0115400851	FALSE	0.541937649	TRUE	0.0621243417	FALSE
2018	077-2018	AN ORDINANCE FURTHER AMENDING ORDINANCE NUMBERED 243, SERIES OF 1956 [AN ORDINANCE REGULATING THE OPERATION OF RECREATION VEHICLES AT BURNHAM PARK, FIXING THE RATES THEREFOR, AND PROVIDING FOR OTHER PURPOSES], AS AMENDED.	0.041965574	FALSE	0.0333460271	FALSE	0.00683826208	FALSE	0.0219065547	FALSE	0.0149696767	FALSE	0.00529152155	FALSE	0.00516611338	FALSE	0.0436497033	FALSE	0.0204003453	FALSE	0.0660760105	FALSE	0.235451072	FALSE	0.0243408084	FALSE	0.0679813325	FALSE	0.0187466741	FALSE	0.0544140339	FALSE	0.106706172	FALSE	0.0915082097	FALSE
2018	079-2018	AN ORDINANCE APPROVING THE REQUEST FOR AUTHORITY TO CHARGE THE AMOUNT OF ₱49,000.00 AGAINST 2018 APPROPRIATIONS OF THE CITY ENGINEERING OFFICE, EARMARKED FOR SALARIES AND WAGES (ACCOUNT CODE 5-01-01-010), FOR THE PAYMENT OF TERMINAL LEAVE BENEFITS AND OTHER PERSONNEL BENEFITS OF MR. NAPOLEON S. OCAMPO SR., FORMER LABORER II THEREAT.	0.0355331	FALSE	0.0126232803	FALSE	0.00429359078	FALSE	0.0248660743	FALSE	0.0270687938	FALSE	0.00498741865	FALSE	0.0140112042	FALSE	0.737743378	TRUE	0.108731806	FALSE	0.0736990869	FALSE	0.049806416	FALSE	0.0299073756	FALSE	0.0206055343	FALSE	0.00625276566	FALSE	0.0109442472	FALSE	0.0427176356	FALSE	0.0927503109	FALSE
2018	080-2018	AN ORDINANCE APPROVING THE TRANSFER OF FUNDS IN THE AMOUNT OF ₱40,000.00 AGAINST THE CITY DISASTER RISK REDUCTION MANAGEMENT OFFICE'S 2018 APPROPRIATIONS, EARMARKED FOR REPAIRS AND MAINTENANCE-TRANSPORTATION EQUIPMENT (ACCOUNT CODE 5-02-13-060), TO AUGMENT FUND FOR INSURANCE EXPENSES (ACCOUNT CODE 5-02-16-030).	0.0278003216	FALSE	0.00903272629	FALSE	0.0162222087	FALSE	0.016010344	FALSE	0.0119436979	FALSE	0.00751248	FALSE	0.0143065751	FALSE	0.0211391449	FALSE	0.0328540504	FALSE	0.0183599	FALSE	0.140592307	FALSE	0.0141443312	FALSE	0.81261456	TRUE	0.0180217028	FALSE	0.0151073337	FALSE	0.0243545175	FALSE	0.0554649532	FALSE
2018	081-2018	AN ORDINANCE AMENDING THE TITLE AND SECTION 1 OF ORDINANCE NUMBERED 72, SERIES OF 2018 [APPROVING THE REQUEST FOR AUTHORITY TO CHARGE AGAINST CURRENT APPROPRIATION OF THE CITY BUDGET OFFICE EARMARKED FOR SALARIES AND WAGES-REGULAR (ACCOUNT CODE 5-01-01-010) THE AMOUNT OF ₱21,961.82 FOR THE PAYMENT OF UNOBLIGATED SALARY FOR THE PERIOD 01 TO 14 MARCH 2014 OF MR. DANTE ROTOR.].	0.0425901413	FALSE	0.0087156	FALSE	0.00632968545	FALSE	0.0205168128	FALSE	0.0134413242	FALSE	0.00374743342	FALSE	0.0103501081	FALSE	0.478115737	FALSE	0.0792628229	FALSE	0.117671728	FALSE	0.0723901093	FALSE	0.0196407735	FALSE	0.0176954865	FALSE	0.00440904498	FALSE	0.00992715359	FALSE	0.0881130397	FALSE	0.185507894	FALSE
2018	082-2018	AN ORDINANCE APPROVING THE REQUEST FOR AUTHORITY TO CHARGE THE AMOUNT OF ₱1,608.21 AGAINST CURRENT APPROPRIATIONS OF THE CITY BUILDINGS AND ARCHITECTURE OFFICE, EARMARKED FOR SALARIES AND WAGES (ACCOUNT CODE 5-01-01-010), FOR THE PAYMENT OF EMPLOYER'S SHARE IN VARIOUS BENEFITS OF ENGR. FRAMAR M. DEGAY, FORMER ENGINEER I.	0.0278958082	FALSE	0.010927707	FALSE	0.00497233868	FALSE	0.0290467441	FALSE	0.0252933502	FALSE	0.00511625409	FALSE	0.0170883834	FALSE	0.478532046	FALSE	0.104975849	FALSE	0.0499162674	FALSE	0.368196964	FALSE	0.024397701	FALSE	0.0227070153	FALSE	0.00902921	FALSE	0.0144760311	FALSE	0.0790619552	FALSE	0.0750080347	FALSE
2018	083-2018	AN ORDINANCE AMENDING SECTION 1 OF ORDINANCE NUMBERED 39, SERIES OF 2018 [APPROVING THE REQUEST FOR AUTHORITY TO CHARGE VARIOUS EXPENDITURES AGAINST 2017 AND 2018 APPROPRIATIONS OF THE GENERAL SERVICES OFFICE].	0.0368153751	FALSE	0.033816427	FALSE	0.01451388	FALSE	0.0166168809	FALSE	0.0487163365	FALSE	0.00345692039	FALSE	0.00699883699	FALSE	0.0911788344	FALSE	0.0326241851	FALSE	0.180771172	FALSE	0.0175414085	FALSE	0.0131053627	FALSE	0.0657297373	FALSE	0.00676715374	FALSE	0.0121300817	FALSE	0.271990418	FALSE	0.260488331	FALSE
2018	084-2018	AN ORDINANCE APPROVING THE TRANSFER OF FUNDS IN THE AMOUNT OF ₱35,000.00 AGAINST THE CITY CIVIL REGISTRY OFFICE'S 2018 APPROPRIATIONS, EARMARKED FOR OTHER GENERAL SERVICES (ACCOUNT CODE 5-02-12-990), TO REPAIRS AND MAINTENANCE-TRANSPORTATION EQUIPMENT (ACCOUNT CODE 5-02-13-060), TO BE USED FOR THE PURCHASE OF TIRES FOR THE SERVICE VEHICLE.	0.01975137	FALSE	0.00624796748	FALSE	0.0238285661	FALSE	0.0292956233	FALSE	0.00971064	FALSE	0.00813993812	FALSE	0.009514153	FALSE	0.027123481	FALSE	0.068487376	FALSE	0.0497375131	FALSE	0.547243237	TRUE	0.0125581622	FALSE	0.0245432556	FALSE	0.0145569742	FALSE	0.0152176023	FALSE	0.120654762	FALSE	0.159332216	FALSE
2018	085-2018	AN ORDINANCE APPROVING THE REQUEST FOR AUTHORITY TO CHARGE THE AMOUNT OF ₱142,000.00 AGAINST 2018 APPROPRIATIONS OF THE CITY VETERINARY OFFICE, EARMARKED FOR REPAIRS AND MAINTENANCE-MACHINERY AND EQUIPMENT (ACCOUNT CODE 5-02-13-050), TO DEFRAY PAYMENT OF THE REPAIR OF SUBMERSIBLE DEEP WELL PUMP.	0.0151860416	FALSE	0.0163213313	FALSE	0.0124310851	FALSE	0.0191734135	FALSE	0.0147307217	FALSE	0.0165260136	FALSE	0.00683039427	FALSE	0.0307317972	FALSE	0.0384784937	FALSE	0.0342119336	FALSE	0.415016413	FALSE	0.0239214301	FALSE	0.0341876149	FALSE	0.11615929	FALSE	0.0456390977	FALSE	0.0911177099	FALSE	0.0817994773	FALSE
2018	086-2018	AN ORDINANCE CHANGING THE PROJECT TITLE "OPENING AND CONTINUATION OF ROAD RIGHT OF WAY AT IRON STREET GOING TO COPPER STREET" UNDER THE 2018 ANNUAL INVESTMENT PLAN AMOUNTING TO ₱250,000.00 TO "CONTINUATION OF ROAD FROM COPPER STREET EXTENSION TO IRON STREET" AT UPPER QUEZON HILL BARANGAY, BAGUIO CITY.	0.0458933115	FALSE	0.0157338083	FALSE	0.0124379098	FALSE	0.0242302418	FALSE	0.0205275714	FALSE	0.00588652492	FALSE	0.00451636314	FALSE	0.0816936791	FALSE	0.100269079	FALSE	0.0573755503	FALSE	0.541864753	TRUE	0.0140943229	FALSE	0.0319536328	FALSE	0.00655257702	FALSE	0.0191842914	FALSE	0.0623932779	FALSE	0.192957908	FALSE
2018	087-2018	AN ORDINANCE AMENDING SECTION 2.3 AND SECTION 4.1 OF ORDINANCE NUMBERED 45, SERIES OF 2013 [HONORING THE CENTENARIANS OF THE CITY OF BAGUIO], AS AMENDED.	0.0348737836	FALSE	0.0259320438	FALSE	0.0108406544	FALSE	0.0412471294	FALSE	0.045914948	FALSE	0.00517949462	FALSE	0.00607907772	FALSE	0.0489066839	FALSE	0.0231651664	FALSE	0.227781475	FALSE	0.122211158	FALSE	0.00809922814	FALSE	0.0635617375	FALSE	0.00729554892	FALSE	0.0123135746	FALSE	0.309416234	FALSE	0.120883882	FALSE
2018	088-2018	AN ORDINANCE CHANGING THE PROJECT TITLE "REHABILITATION OF ELPIDIO QUIRINO ELEMENTARY SCHOOL COVERED COURT ROOM INCLUDING ITS SEPTIC TANK" FUNDED UNDER THE 2018 ANNUAL INVESTMENT PLAN AMOUNTING TO ₱400,000.00 TO "REHABILITATION OF ELPIDIO QUIRINO ELEMENTARY SCHOOL COVERED COURT COMFORT ROOM INCLUDING ITS SEPTIC TANK" AT IRISAN BARANGAY, BAGUIO CITY.	0.0506399572	FALSE	0.0148689747	FALSE	0.0401106775	FALSE	0.0901148617	FALSE	0.022928	FALSE	0.00574737787	FALSE	0.00553786755	FALSE	0.0417319536	FALSE	0.102005929	FALSE	0.0569986701	FALSE	0.196310818	FALSE	0.0142300427	FALSE	0.0184192657	FALSE	0.00512933731	FALSE	0.01630193	FALSE	0.168618977	FALSE	0.411566257	FALSE
2018	090-2018	AN ORDINANCE CHANGING THE PROJECT TITLE "IMPROVEMENT OF SENIOR CITIZEN HALL" UNDER THE 2015 ANNUAL INVESTMENT PLAN AMOUNTING TO ₱100,000.00 TO "SENIOR CITIZENS' COMFORT ROOM" AT STO. NIÑO-SLAUGHTERHOUSE COMPOUND BARANGAY, BAGUIO CITY.	0.0848183632	FALSE	0.0601453483	FALSE	0.0169549286	FALSE	0.0195632875	FALSE	0.0328446925	FALSE	0.0055847168	FALSE	0.00864255428	FALSE	0.113868058	FALSE	0.0885997415	FALSE	0.0546016097	FALSE	0.195937097	FALSE	0.0270282328	FALSE	0.0733244717	FALSE	0.00470918417	FALSE	0.0275056958	FALSE	0.138512522	FALSE	0.385848522	FALSE
2018	091-2018	AN ORDINANCE CHANGING THE PROJECT TITLE "CONSTRUCTION OF BARANGAY MULTI-PURPOSE HALL" UNDER THE 2018 ANNUAL INVESTMENT PLAN AMOUNTING TO ₱250,000.00 TO "IMPROVEMENT OF BARANGAY MULTI-PURPOSE BUILDING" AT CITY CAMP PROPER BARANGAY, BAGUIO CITY.	0.0267419219	FALSE	0.0154554844	FALSE	0.0128842592	FALSE	0.0206578374	FALSE	0.0123930573	FALSE	0.00694394112	FALSE	0.00966396928	FALSE	0.0456336737	FALSE	0.123663425	FALSE	0.0430562198	FALSE	0.658137918	TRUE	0.0190396905	FALSE	0.0552890301	FALSE	0.00764766335	FALSE	0.0257745981	FALSE	0.0532669127	FALSE	0.199257106	FALSE
2018	092-2018	AN ORDINANCE APPROVING THE REQUESTS OF CCC EVENTS PRODUCTIONS RELATIVE TO ITS EVENT, “THE DREAM: MAYMAY ENTRATA AND EDWARD BARBER IN CONCERT LIVE IN BAGUIO”, HELD ON 14 SEPTEMBER 2018 AT THE UNIVERSITY OF BAGUIO CARDINALS GYM, BAGUIO CITY, INCLUDING THE WAIVER OF AMUSEMENT TAX AMOUNTING TO ₱84,005.00, INSTALLATION FEES FOR MARKETING COLLATERALS, AND APPROVAL AND ISSUANCE OF SPECIAL PERMITS.	0.0260440707	FALSE	0.0323619843	FALSE	0.0139079988	FALSE	0.0762171447	FALSE	0.162667215	FALSE	0.00424623489	FALSE	0.0100150108	FALSE	0.246842623	FALSE	0.0457451344	FALSE	0.140164047	FALSE	0.0829433799	FALSE	0.0189351141	FALSE	0.0557854474	FALSE	0.00882056355	FALSE	0.0180405676	FALSE	0.461971521	FALSE	0.181208909	FALSE
2018	093-2018	AN ORDINANCE CHANGING THE PROJECT TITLE "OPENING AND CONTINUATION OF ROAD RIGHT OF WAY AT IRON STREET GOING TO COPPER STREET" UNDER THE 2018 ANNUAL INVESTMENT PLAN AMOUNTING TO ₱250,000.00 TO "CONTINUATION OF ROAD FROM COPPER STREET EXTENSION TO IRON STREET" AT UPPER QUEZON HILL BARANGAY, BAGUIO CITY.	0.0458933115	FALSE	0.0157338083	FALSE	0.0124379098	FALSE	0.0242302418	FALSE	0.0205275714	FALSE	0.00588652492	FALSE	0.00451636314	FALSE	0.0816936791	FALSE	0.100269079	FALSE	0.0573755503	FALSE	0.541864753	TRUE	0.0140943229	FALSE	0.0319536328	FALSE	0.00655257702	FALSE	0.0191842914	FALSE	0.0623932779	FALSE	0.192957908	FALSE
2018	094-2018	AN ORDINANCE CHANGING THE PROJECT TITLE "CONSTRUCTION OF DAY CARE CENTER AND SENIOR CITIZEN'S OFFICE" FUNDED UNDER THE 2018 ANNUAL INVESTMENT PLAN AMOUNTING TO ₱300,000.00 TO "IMPROVEMENT OF BASKETBALL COURT" AT PADRE BURGOS BARANGAY, BAGUIO CITY.	0.0562149	FALSE	0.0167506933	FALSE	0.0281048715	FALSE	0.0442166924	FALSE	0.0237779915	FALSE	0.00404778123	FALSE	0.00575822592	FALSE	0.0506952703	FALSE	0.109681815	FALSE	0.0531278253	FALSE	0.13141036	FALSE	0.0140489936	FALSE	0.0357213318	FALSE	0.00431108475	FALSE	0.0131350458	FALSE	0.120195687	FALSE	0.434738	FALSE
2018	095-2018	AN ORDINANCE APPROVING THE TRANSFER OF FUNDS IN THE AMOUNT OF ₱30,000.00 AGAINST THE MUNICIPAL TRIAL COURT IN CITIES, OFFICE OF THE CLERK OF COURT’S 2018 APPROPRIATIONS, EARMARKED FOR TRAVELING EXPENSES (ACCOUNT CODE 5-02-01-010), TO REPRESENTATION EXPENSES (ACCOUNT CODE 5-02-99-030).	0.0272871256	FALSE	0.0119324923	FALSE	0.00998067856	FALSE	0.0191088617	FALSE	0.0486424267	FALSE	0.00342318416	FALSE	0.00588530302	FALSE	0.0873116255	FALSE	0.0207556188	FALSE	0.167298585	FALSE	0.0343523026	FALSE	0.00832295418	FALSE	0.0246859789	FALSE	0.00551241636	FALSE	0.00922456384	FALSE	0.581374407	TRUE	0.121299207	FALSE
2018	096-2018	AN ORDINANCE APPROVING THE TRANSFER OF FUNDS IN THE AMOUNT OF ₱500,000.00 AGAINST OFFICE OF THE SANGGUNIANG PANLUNGSOD'S CURRENT APPROPRIATIONS, EARMARKED FOR ADVERTISING EXPENSES (ACCOUNT CODE 5-02-99-010), TO REPAIRS AND MAINTENANCE–BUILDINGS AND OTHER STRUCTURES (ACCOUNT CODE 5-02-13-040), AND AUTHORIZING DISBURSEMENT UNDER THE NEW ACCOUNT.	0.0256145597	FALSE	0.0245486498	FALSE	0.00896176696	FALSE	0.0208265781	FALSE	0.0337309241	FALSE	0.00386247039	FALSE	0.00783747435	FALSE	0.118378252	FALSE	0.0635127723	FALSE	0.0679948926	FALSE	0.240624249	FALSE	0.0156461596	FALSE	0.0522651374	FALSE	0.00698947906	FALSE	0.0192703307	FALSE	0.264183551	FALSE	0.197531819	FALSE
2018	097-2018	AN ORDINANCE APPROVING THE REQUEST FOR AUTHORITY TO CHARGE THE TOTAL AMOUNT OF ₱703,800.00 AGAINST CURRENT APPROPRIATIONS OF THE CITY BUILDINGS AND ARCHITECTURE OFFICE, EARMARKED FOR CONSULTANCY SERVICES (ACCOUNT CODE 5-02-11-030), AS PAYMENT FOR THE SUPPLY AND INSTALLATIONS OF 2016 CHRISTMAS LIGHTS AT ROSE GARDEN AMOUNTING TO ₱8,800.00 AND 2017 YULETIDE LANTERN ALONG THE CENTRAL BUSINESS DISTRICT ROAD AMOUNTING TO ₱695,000.00 BOTH UNDER ACCOUNT CODE 5-02-99-990.	0.025745362	FALSE	0.0123469234	FALSE	0.0162040889	FALSE	0.0229747593	FALSE	0.0157873333	FALSE	0.00928038359	FALSE	0.00998702645	FALSE	0.0339224041	FALSE	0.0342105627	FALSE	0.0472075045	FALSE	0.842425704	TRUE	0.0128791928	FALSE	0.0453267097	FALSE	0.0177040398	FALSE	0.0302304626	FALSE	0.0791230798	FALSE	0.0579219162	FALSE
2018	098-2018	AN ORDINANCE APPROVING THE REQUEST FOR AUTHORITY TO CHARGE THE AMOUNT OF ₱500,382.96 AGAINST THE BAGUIO CONVENTION CENTER TRUST FUND (ACCOUNT CODE 439-021) FOR THE PAYMENT OF SALARIES OF SEVEN (7) EMPLOYEES WITH JOB ORDER STATUS UNDER THE CITY OFFICE FOR ADMINISTRATION.	0.0266303718	FALSE	0.0107604265	FALSE	0.00552862883	FALSE	0.0250507295	FALSE	0.0436987877	FALSE	0.00442543626	FALSE	0.0112025142	FALSE	0.674052656	TRUE	0.0811874866	FALSE	0.0926816165	FALSE	0.0397532284	FALSE	0.0209879875	FALSE	0.02133286	FALSE	0.00742760301	FALSE	0.00933155417	FALSE	0.124249905	FALSE	0.126692355	FALSE
2018	099-2018	AN ORDINANCE PROVIDING FOR LOCAL ADDITIONAL ASSISTANCE TO SOLO PARENTS AND THEIR CHILDREN IN THE CITY OF BAGUIO, INCLUDING DISCOUNTS ON ESSENTIAL GOODS AND SERVICES, TRAINING PROGRAMS, DEATH BENEFITS, AND THE CREATION OF BARANGAY SOLO PARENT ASSISTANCE DESKS, WITH PENALTIES FOR NON-COMPLIANCE AND FALSIFICATION.	0.0441028178	FALSE	0.0187861323	FALSE	0.0277490318	FALSE	0.0301211774	FALSE	0.275524795	FALSE	0.00323146582	FALSE	0.00504231453	FALSE	0.0591832697	FALSE	0.0118097365	FALSE	0.0957436	FALSE	0.0137173831	FALSE	0.00582253933	FALSE	0.0147458911	FALSE	0.00411421061	FALSE	0.00741401315	FALSE	0.545093715	TRUE	0.0554970503	FALSE
2018	100-2018	AN ORDINANCE CHANGING THE PROJECT TITLE "ROAD IMPROVEMENT" UNDER THE 2017 ANNUAL INVESTMENT PLAN AMOUNTING TO ₱100,000.00 TO "CONTINUATION OF ROAD IMPROVEMENT AT PUROK 27 NEAR AWINGAN'S RESIDENCE" AT IRISAN BARANGAY, BAGUIO CITY.	0.0536744595	FALSE	0.0170468986	FALSE	0.0214208961	FALSE	0.0206234455	FALSE	0.0150821209	FALSE	0.00648474693	FALSE	0.00659567118	FALSE	0.0294944048	FALSE	0.063115	FALSE	0.0330893099	FALSE	0.62681818	TRUE	0.0145360529	FALSE	0.0487382114	FALSE	0.00626170635	FALSE	0.0290274322	FALSE	0.044046849	FALSE	0.138237298	FALSE
2018	102-2018	AN ORDINANCE GRANTING MORTUARY ASSISTANCE TO THE BEREAVED FAMILY OF A DECEASED INCUMBENT ELECTED OR APPOINTED BARANGAY OFFICIAL OF THE CITY OF BAGUIO, INCLUDING A ₱5,000.00 MONETARY BENEFIT, PROCESSING PROCEDURES VIA THE SPECIAL SERVICES DIVISION, FUNDING PROVISIONS, ELIGIBILITY TERMS, EXCLUSIONS BASED ON CAUSE OF DEATH, AND REQUIRED DOCUMENTARY SUBMISSIONS.	0.0527538359	FALSE	0.00858485699	FALSE	0.0112387538	FALSE	0.0256087482	FALSE	0.0283963084	FALSE	0.00578939915	FALSE	0.00651794672	FALSE	0.0282354355	FALSE	0.0101237595	FALSE	0.789902329	TRUE	0.0271929502	FALSE	0.00631293654	FALSE	0.0253162086	FALSE	0.0124271512	FALSE	0.0135549605	FALSE	0.0710703135	FALSE	0.0450077951	FALSE
2018	103-2018	AN ORDINANCE REALIGNING THE AMOUNT OF ₱150,000.00 FROM THE PROJECT "REHABILITATION OF CANAL FROM TIMES TRANSIT FRONTING CANARIA'S RESIDENCE DOWN TO THE MAIN CANAL" UNDER THE 2018 ANNUAL INVESTMENT PLAN TO "REHABILITATION OF CANAL LOCATED AT PUROK MAKATI" AT SLAUGHTER HOUSE COMPOUND, STO. NIÑO BARANGAY, BAGUIO CITY.	0.0748750269	FALSE	0.0319069624	FALSE	0.0198656023	FALSE	0.0181314945	FALSE	0.0244933367	FALSE	0.0290210247	FALSE	0.00664535165	FALSE	0.0931929648	FALSE	0.0739373565	FALSE	0.0388707519	FALSE	0.316571057	FALSE	0.0268134475	FALSE	0.0106289983	FALSE	0.0079549849	FALSE	0.0319239497	FALSE	0.143346429	FALSE	0.262202203	FALSE
2018	105-2018	AN ORDINANCE GRANTING AMNESTY FOR ELECTRICAL CONNECTIONS TO ALL VICTIMS OF CALAMITIES IN THE CITY OF BAGUIO, INCLUDING WAIVER OF BUILDING PERMIT REQUIREMENTS FOR AFFECTED STRUCTURES PREVIOUSLY CONNECTED TO ELECTRIC SERVICE, CONDONATION OF FEES, SUBMISSION OF CERTIFIED DOCUMENTS, AND ALTERNATIVE INSPECTION PROVISIONS; EXCLUDING COMMERCIAL BUILDINGS AND JURIDICAL ENTITIES.	0.0214398205	FALSE	0.00835448503	FALSE	0.0157901943	FALSE	0.0162057579	FALSE	0.0246445239	FALSE	0.00641715527	FALSE	0.011039108	FALSE	0.0322647691	FALSE	0.0219218433	FALSE	0.0619594157	FALSE	0.703913331	TRUE	0.00970852375	FALSE	0.0356250405	FALSE	0.0134729445	FALSE	0.0247668326	FALSE	0.23325938	FALSE	0.0448743105	FALSE
2018	107-2018	AN ORDINANCE REALIGNING THE AMOUNT OF ₱150,000.00 FROM THE PROJECT "CONCRETING/CEMENTING OF CANAL IN FRONT OF ELLEN DAYAG RESIDENCE AT PUROK 8" UNDER THE 2018 CITY DISASTER RISK REDUCTION MANAGEMENT FUND TO "CONCRETING OF COVERED CANAL FROM JOANNA ADANGLA TO LUIS' RESIDENCES AT PUROK 8, UPPER PINGET" AT PINGET BARANGAY.	0.0208228528	FALSE	0.0117563605	FALSE	0.0114037693	FALSE	0.0129714608	FALSE	0.0114116371	FALSE	0.011033088	FALSE	0.0117192566	FALSE	0.0135455132	FALSE	0.0222015679	FALSE	0.0162976086	FALSE	0.126321346	FALSE	0.0153382719	FALSE	0.838977754	TRUE	0.0200641453	FALSE	0.0230149031	FALSE	0.0209841132	FALSE	0.0308559835	FALSE
2018	108-2018	AN ORDINANCE REALIGNING THE AMOUNT OF ₱200,000.00 FROM THE PROJECT "REHABILITATION OF SEWERLINE AT URBANO STREET, FIRST ROAD PALMA AND SECOND ROAD PALMA" UNDER THE 2017 ANNUAL INVESTMENT PLAN TO "RE-ROUTING OF SEWERLINE FROM URBANO CORNER PALMA TO CARD BANK" AT PALMA URBANO BARANGAY, BAGUIO CITY.	0.0153774619	FALSE	0.0136934519	FALSE	0.00580766797	FALSE	0.0160626769	FALSE	0.00662705302	FALSE	0.112468272	FALSE	0.00378969312	FALSE	0.0509071052	FALSE	0.0998198688	FALSE	0.0297300816	FALSE	0.16599372	FALSE	0.0482341349	FALSE	0.0119869709	FALSE	0.0216813385	FALSE	0.0349745452	FALSE	0.0392606854	FALSE	0.137880415	FALSE
2018	109-2018	AN ORDINANCE REALIGNMENT OF ₱250,000.00 FROM THE 2017 PROJECT "CONCRETING/CEMENTING AND RIPRAPPING OF ROAD NEAR BASKETBALL COURT AT PUROK 12, LOWER PINGET" TO "RIPRAPPING THE BASKETBALL COURT WALL ADJACENT TO THE SENIOR CITIZENS GARDEN AT PUROK 12" IN PINGET BARANGAY, BAGUIO CITY	0.0466972291	FALSE	0.027539134	FALSE	0.0158800483	FALSE	0.0242455	FALSE	0.0264761746	FALSE	0.00951135159	FALSE	0.00697109103	FALSE	0.0361488461	FALSE	0.0279548168	FALSE	0.0526075661	FALSE	0.587076068	TRUE	0.0205674171	FALSE	0.0344744623	FALSE	0.0115532279	FALSE	0.0608965456	FALSE	0.203685701	FALSE	0.104006022	FALSE
2018	110-2018	AN ORDINANCE GRANTING EXEMPTION FROM PAYMENT OF AMUSEMENT TAX TO THE HOTEL AND RESTAURANT ASSOCIATION OF BAGUIO (HRAB) FOR THEIR EVENTS: MR. & MS. HRAB PRE-PAGEANT ON 30 SEPTEMBER 2018, MR. & MS. HRAB 2018 CORONATION NIGHT ON 04 OCTOBER 2018 AND VENUES OF VARIOUS COMPETITIONS FROM 04 OCTOBER TO 06 OCTOBER 2018 DURING THE 14TH ANNUAL HOTEL, RESTAURANT AND TOURISM WEEK CELEBRATION IN BAGUIO CITY	0.0344873965	FALSE	0.0448074341	FALSE	0.00992110372	FALSE	0.0209064782	FALSE	0.042676	FALSE	0.00700154901	FALSE	0.0108072758	FALSE	0.695088744	TRUE	0.0962486565	FALSE	0.142270118	FALSE	0.0975264609	FALSE	0.09403193	FALSE	0.0320765674	FALSE	0.0159519613	FALSE	0.035266608	FALSE	0.253451228	FALSE	0.206121027	FALSE
2018	113-2018	AN ORDINANCE APPROVING THE REQUESTS OF WALTRIX PRODUCTIONS, VIVA LIVE, INC., AND JFQ RESOURCES, INC. RELATIVE TO THEIR EVENT “JADINE REVOLUTION LIVE IN BAGUIO” HELD ON 20 OCTOBER 2018 AT THE UNIVERSITY OF BAGUIO GYMNASIUM, BAGUIO CITY, INCLUDING THE CITY GOVERNMENT'S CO-SPONSORSHIP, WAIVER OF AMUSEMENT TAX AMOUNTING TO ₱61,585.00, WAIVER OF INSTALLATION FEES FOR MARKETING COLLATERALS, AND ISSUANCE OF SPECIAL PERMITS.	0.029756546	FALSE	0.0149291456	FALSE	0.014847517	FALSE	0.0593698323	FALSE	0.0293112397	FALSE	0.00527897477	FALSE	0.00963524	FALSE	0.127230614	FALSE	0.129559338	FALSE	0.0832521617	FALSE	0.279057086	FALSE	0.02430439	FALSE	0.0372900069	FALSE	0.0105554163	FALSE	0.0220836699	FALSE	0.326328218	FALSE	0.382785439	FALSE
2018	115-2018	AN ORDINANCE CHANGING THE PROJECT TITLE "IMPROVEMENT OF ROAD WITH DRAINAGE CANAL AT AMISTAD" UNDER ORDINANCE NUMBERED 67, SERIES OF 2018 TO "CONSTRUCTION OF CANAL WITH COVER AT AMISTAD", CAMP 7 BARANGAY, BAGUIO CITY, WITH A FUNDING AMOUNT OF ₱1,000,000.00 FROM THE 2015 DEVELOPMENT FUND.	0.0477379858	FALSE	0.0117726922	FALSE	0.0126132369	FALSE	0.01819399	FALSE	0.0113970637	FALSE	0.0204817653	FALSE	0.00428971648	FALSE	0.0315731466	FALSE	0.0654051304	FALSE	0.0379611552	FALSE	0.501066387	TRUE	0.0160842836	FALSE	0.0140007138	FALSE	0.0110213161	FALSE	0.038885951	FALSE	0.0347177088	FALSE	0.157235116	FALSE
2018	117-2018	AN ORDINANCE CHANGING THE NAME OF THE SOCIAL DEVELOPMENT CENTER IN BALENBEN, IRISAN, BAGUIO CITY TO "BAHAY PAG-ASA (FORMER SOCIAL DEVELOPMENT CENTER)", APPROPRIATING ₱5,000,000.00 FOR GENDER-SENSITIVE BUILDING IMPROVEMENTS IN COMPLIANCE WITH REPUBLIC ACTS 9344 AND 10630, AND PROVIDING FOR STANDARDIZATION, ACCREDITATION REQUIREMENTS, SEPARABILITY, REPEALING CLAUSES, AND EFFECTIVITY PROVISIONS UNDER THE LOCAL GOVERNMENT CODE.	0.0237194896	FALSE	0.0177725554	FALSE	0.0214978456	FALSE	0.0527985096	FALSE	0.793290496	TRUE	0.00682526827	FALSE	0.0051433146	FALSE	0.0778442	FALSE	0.0118975043	FALSE	0.124321818	FALSE	0.0166287124	FALSE	0.00572705269	FALSE	0.0150028467	FALSE	0.0114348829	FALSE	0.00804299116	FALSE	0.0856924355	FALSE	0.019153446	FALSE
2018	121-2018	AN ORDINANCE TEMPORARY CLOSURE OF BOTH SIDES OF SESSION ROAD AND PORTIONS OF ASSUMPTION ROAD ON 26 OCTOBER 2018 FROM 7:00 A.M. TO 8:00 P.M. FOR THE CONDUCT OF THE 3RD KARKARNA TI RABII HALLOWEEN PARADE	0.018419981	FALSE	0.0324904323	FALSE	0.0178613365	FALSE	0.056351006	FALSE	0.128697276	FALSE	0.00416204333	FALSE	0.00685340166	FALSE	0.0454035401	FALSE	0.0133164227	FALSE	0.0749597251	FALSE	0.212470919	FALSE	0.00615790486	FALSE	0.0352876484	FALSE	0.00593450665	FALSE	0.0117627084	FALSE	0.214642137	FALSE	0.0399987698	FALSE
2018	122-2018	AN ORDINANCEINSTITUTIONALIZING THE LAST WEEK OF MAY OF EVERY YEAR AS NATIONAL DATA PRIVACY AWARENESS WEEK IN THE CITY OF BAGUIO, PROVIDING FUNDS AND FOR OTHER PURPOSES	0.016961813	FALSE	0.0126947761	FALSE	0.00858548284	FALSE	0.0231153667	FALSE	0.0344299972	FALSE	0.00386831164	FALSE	0.00827217102	FALSE	0.0340666771	FALSE	0.0227732956	FALSE	0.208691329	FALSE	0.0432515442	FALSE	0.00906851888	FALSE	0.0443502069	FALSE	0.00658351183	FALSE	0.0119571686	FALSE	0.508889556	TRUE	0.110828906	FALSE
2018	123-2018	AN ORDINANCEINSTITUTIONALIZING LOCAL GOVERNMENT SUPPORT TO BRIGADA ESKWELA IN THE CITY OF BAGUIO THROUGH PARTICIPATION IN PROGRAM ACTIVITIES, RESOURCE ALLOCATION, USE OF FACILITIES, PERSONNEL SUPPORT, AND FUNDING OF ₱1,500,000.00 FOR PUBLIC SCHOOL MAINTENANCE WORKS	0.0449966192	FALSE	0.0278785825	FALSE	0.0153438747	FALSE	0.176566392	FALSE	0.0252009034	FALSE	0.00424453616	FALSE	0.00641328096	FALSE	0.03460899	FALSE	0.0543803871	FALSE	0.09331128	FALSE	0.0808291137	FALSE	0.00991347432	FALSE	0.0423120856	FALSE	0.0045992434	FALSE	0.0117492676	FALSE	0.0963620543	FALSE	0.252864361	FALSE
2018	124-2018	AN ORDINANCE APPROVING THE REQUEST TO CHARGE ₱5,400.00 AGAINST THE CURRENT APPROPRIATION OF THE CITY ENGINEERING OFFICE UNDER ACCOUNT CODE 5-02-13-050 FOR THE PURCHASE OF THIRTY (30) PIECES SPARK PLUG	0.0276991427	FALSE	0.0163221061	FALSE	0.0125275254	FALSE	0.0279200971	FALSE	0.0155060291	FALSE	0.0108324885	FALSE	0.013859123	FALSE	0.0450937748	FALSE	0.0755272806	FALSE	0.114145219	FALSE	0.740044534	TRUE	0.015326649	FALSE	0.0863576233	FALSE	0.0135096014	FALSE	0.0239316821	FALSE	0.103083849	FALSE	0.143355489	FALSE
2018	125-2018	AN ORDINANCE APPROVING THE TRANSFER OF FUNDS FROM THE CURRENT APPROPRIATION OF THE CITY ENVIRONMENT AND PARKS MANAGEMENT OFFICE IN THE AMOUNT OF ₱750,000.00 FROM TAXES, DUTIES AND LICENSES (ACCOUNT CODE 5-02-16-010) TO CONSULTANCY SERVICES (ACCOUNT CODE 5-02-11-030) FOR PAYMENT OF INCURRED EXPENSES DURING THE CONDUCT OF EMISSION INVENTORY AND GREENHOUSE GAS INVENTORY	0.0168189704	FALSE	0.0103310645	FALSE	0.00865382	FALSE	0.0075443089	FALSE	0.00506204367	FALSE	0.0118953288	FALSE	0.0117500722	FALSE	0.0214822	FALSE	0.047462821	FALSE	0.0192737877	FALSE	0.788614869	TRUE	0.0396472216	FALSE	0.0914293528	FALSE	0.0191805959	FALSE	0.12486884	FALSE	0.0305892825	FALSE	0.0602668524	FALSE
2018	126-2018	AN ORDINANCE APPROVING THE TRANSFER OF FUNDS FROM THE OFFICE OF THE CITY ADMINISTRATOR, BUREAU OF JAIL MANAGEMENT AND PENOLOGY (FEMALE AND MALE DORMITORIES), AMOUNTING TO ₱500,000.00 FOR SPECIFIED EXPENDITURES UNDER CURRENT OPERATING AND CAPITAL OUTLAY ACCOUNTS	0.0321416855	FALSE	0.019744724	FALSE	0.0258184373	FALSE	0.0473164916	FALSE	0.667159736	TRUE	0.00646191835	FALSE	0.00649818778	FALSE	0.0853224397	FALSE	0.0133803487	FALSE	0.0518548787	FALSE	0.042632103	FALSE	0.00530028343	FALSE	0.0148395598	FALSE	0.00610977411	FALSE	0.00748533	FALSE	0.296368062	FALSE	0.031059593	FALSE
2018	127-2018	AN ORDINANCE APPROVING THE TRANSFER OF FUNDS AGAINST THE CURRENT APPROPRIATION OF THE CITY SOCIAL WELFARE AND DEVELOPMENT OFFICE IN THE AMOUNT OF ₱160,000.00 FROM TRAINING EXPENSES (ACCOUNT CODE 5-02-02-010) TO TRAVELING EXPENSES–FOREIGN (ACCOUNT CODE 5-02-02-020) FOR REGISTRATION FEES AND TRANSPORTATION EXPENSES OF PARTICIPANTS IN THE 10TH RECOVERY SYMPOSIUM IN HANOI, VIETNAM	0.0828801095	FALSE	0.0141457021	FALSE	0.00712355971	FALSE	0.0192630291	FALSE	0.0149095953	FALSE	0.00411820412	FALSE	0.00526490808	FALSE	0.115948796	FALSE	0.0263525844	FALSE	0.572817206	TRUE	0.129907638	FALSE	0.0097258389	FALSE	0.0252579451	FALSE	0.00636339188	FALSE	0.0140261054	FALSE	0.0432330966	FALSE	0.0987497	FALSE
2018	128-2018	AN ORDINANCE INSTITUTIONALIZING EVERY MONTH OF NOVEMBER OF EVERY YEAR AS THE BAGUIO CITY CREATIVE ARTS FESTIVAL, PROVIDING FUNDS THEREOF AND FOR OTHER PURPOSES	0.0339142084	FALSE	0.0206341445	FALSE	0.0107798278	FALSE	0.0874889791	FALSE	0.0377308726	FALSE	0.00464686751	FALSE	0.00733199716	FALSE	0.0790573061	FALSE	0.060015887	FALSE	0.352566212	FALSE	0.174612075	FALSE	0.012806505	FALSE	0.109923244	FALSE	0.00909176469	FALSE	0.0167078674	FALSE	0.202356666	FALSE	0.24103415	FALSE
2018	128-2018	AN ORDINANCE INSTITUTIONALIZING EVERY MONTH OF NOVEMBER OF EVERY YEAR AS THE BAGUIO CITY CREATIVE ARTS FESTIVAL, PROVIDING FUNDS THEREOF AND FOR OTHER PURPOSES	0.0339142084	FALSE	0.0206341445	FALSE	0.0107798278	FALSE	0.0874889791	FALSE	0.0377308726	FALSE	0.00464686751	FALSE	0.00733199716	FALSE	0.0790573061	FALSE	0.060015887	FALSE	0.352566212	FALSE	0.174612075	FALSE	0.012806505	FALSE	0.109923244	FALSE	0.00909176469	FALSE	0.0167078674	FALSE	0.202356666	FALSE	0.24103415	FALSE
2018	129-2018	AN ORDINANCE REQUIRING ALL PRIVATE AND PUBLIC ESTABLISHMENTS TO PROVIDE BASIC LIFE SUPPORT SERVICES BY EMPLOYING PERSONNEL TRAINED IN CARDIOPULMONARY RESUSCITATION (CPR) TO ADMINISTER CPR AND AUTOMATED EXTERNAL DEFIBRILLATORS (AED) IN THE EVENT OF EMERGENCIES IN THEIR RESPECTIVE ESTABLISHMENTS	0.0802944	FALSE	0.0778724253	FALSE	0.0262676179	FALSE	0.011526674	FALSE	0.0506591201	FALSE	0.0052190125	FALSE	0.00538295507	FALSE	0.34580785	FALSE	0.0625559092	FALSE	0.066621691	FALSE	0.0147957504	FALSE	0.0419957936	FALSE	0.0242725015	FALSE	0.00644356	FALSE	0.0183732808	FALSE	0.150642604	FALSE	0.343218178	FALSE
2018	130-2018	AN ORDINANCE APPROVING THE REQUEST TO CHARGE ₱14,886.67 AGAINST THE CURRENT APPROPRIATION OF THE SANGGUNIANG PANLUNGSOD EARMARKED FOR TERMINAL LEAVE BENEFITS (ACCOUNT CODE 5-01-04-030) IN THE AMOUNT OF ₱8,686.20 AND SALARIES AND WAGES–REGULAR (ACCOUNT CODE 5-01-01-010) IN THE AMOUNT OF ₱6,200.47 FOR PAYMENT OF TERMINAL LEAVE BENEFITS AND SALARY FOR THE PERIOD 16–30 SEPTEMBER 2015 OF MS. EMELY B. PUNO, FORMER ADMINISTRATIVE AIDE III (UTILITY WORKER II)–CASUAL	0.0404701233	FALSE	0.021359086	FALSE	0.00593370199	FALSE	0.0181407034	FALSE	0.0543296635	FALSE	0.00515317917	FALSE	0.0112468898	FALSE	0.729004502	TRUE	0.0560242236	FALSE	0.126184404	FALSE	0.010761857	FALSE	0.0265332758	FALSE	0.0182352662	FALSE	0.00609949231	FALSE	0.00960159302	FALSE	0.0495276451	FALSE	0.0876672	FALSE
2018	131-2018	AN ORDINANCE REALIGNING THE AMOUNT OF ₱150,000.00 FROM THE PROJECT "CONSTRUCTION OF CANAL FROM ANTHONY MASKIT TO JULIET CABAN-NAG RESIDENCE AT BONTOC VILLAGE" UNDER THE 2018 CITY DISASTER RISK REDUCTION MANAGEMENT FUND TO "CONSTRUCTION OF DRAINAGE CANAL FROM LANGIT'S RESIDENCE TO LORENZO'S RESIDENCE AT PUROK 2" AT CAMP 8 BARANGAY, BAGUIO CITY	0.0230090022	FALSE	0.0118027031	FALSE	0.0115433335	FALSE	0.012945354	FALSE	0.0114816427	FALSE	0.0104979277	FALSE	0.0117253065	FALSE	0.0134521723	FALSE	0.0209741592	FALSE	0.017737329	FALSE	0.153025746	FALSE	0.0148540735	FALSE	0.81893158	TRUE	0.0188481808	FALSE	0.0255014896	FALSE	0.0240458548	FALSE	0.0315182507	FALSE
2018	132-2018	AN ORDINANCE REALIGNING THE AMOUNT OF ₱100,000.00 FROM THE PROJECT "CONSTRUCTION OF ALLEY FROM URDHI TO UPPER QM" UNDER THE 2016 ANNUAL INVESTMENT PLAN TO "CONSTRUCTION OF MALAYA ROAD INFRONT OF MALAYA MULTI PURPOSE HALL TO TABIANDO RESIDENCE" AT DOMINICAN-MIRADOR BARANGAY, BAGUIO CITY	0.0501891673	FALSE	0.0156908631	FALSE	0.0108353198	FALSE	0.0192322433	FALSE	0.0214117765	FALSE	0.00672569871	FALSE	0.00672242045	FALSE	0.0740844	FALSE	0.0653719	FALSE	0.0389695764	FALSE	0.707574069	TRUE	0.0134394467	FALSE	0.0330402553	FALSE	0.00775814056	FALSE	0.0228330493	FALSE	0.074567467	FALSE	0.0996025205	FALSE
2018	134-2018	AN ORDINANCE REALIGNING THE AMOUNT OF ₱250,000.00 FROM THE PROJECT "CONSTRUCTION AND IMPROVEMENT OF PATHWAYS AT 5 PUROKS" UNDER THE 2017 ANNUAL INVESTMENT PLAN TO "REHABILITATION OF ROAD AT PUROK PANTA" AT SAN VICENTE BARANGAY, BAGUIO CITY	0.0384546518	FALSE	0.012311697	FALSE	0.0177595913	FALSE	0.0161730349	FALSE	0.00978329778	FALSE	0.00758975744	FALSE	0.00549054146	FALSE	0.0396209955	FALSE	0.13193351	FALSE	0.0364649296	FALSE	0.473859459	FALSE	0.0226522386	FALSE	0.0171122253	FALSE	0.00676900148	FALSE	0.0309766531	FALSE	0.0511523187	FALSE	0.255071521	FALSE
2018	135-2018	AN ORDINANCE REALIGNING THE AMOUNT OF ₱1,400,000.00 FROM THE PROJECT "ROAD WIDENING AT THE LAGOON AREA" UNDER THE 2018 ANNUAL INVESTMENT PLAN TO "IMPROVEMENT OF THE LOURDES SUBDIVISION EXTENSION COVERED COURT" AT LOURDES SUBDIVISION EXTENSION BARANGAY, BAGUIO CITY	0.0650108457	FALSE	0.0210546851	FALSE	0.0145480335	FALSE	0.0220184326	FALSE	0.0153905153	FALSE	0.0179664493	FALSE	0.00501444936	FALSE	0.0507489443	FALSE	0.0800185502	FALSE	0.100297838	FALSE	0.220223576	FALSE	0.0354012847	FALSE	0.0776226521	FALSE	0.09927544	FALSE	0.0556478798	FALSE	0.0965092182	FALSE	0.33281678	FALSE
2018	136-2018	AN ORDINANCE DECLARING THE 28TH DAY OF JULY OF EVERY YEAR AS THE HIGHLY URBANIZED CITY AGRICULTURE AND FISHERY COUNCIL (HUCAFC) FOUNDATION DAY IN THE CITY OF BAGUIO	0.0285005569	FALSE	0.0738553703	FALSE	0.00556731224	FALSE	0.0227762461	FALSE	0.0214437544	FALSE	0.0404478	FALSE	0.00693154335	FALSE	0.0749172	FALSE	0.0402683318	FALSE	0.0189092457	FALSE	0.495724261	FALSE	0.0305218697	FALSE	0.0301760733	FALSE	0.148707241	FALSE	0.0323228538	FALSE	0.0129909217	FALSE	0.0172572732	FALSE
2018	137-2018	AN ORDINANCE APPROVING A SEVEN PERCENT (7%) TAX INCENTIVE ON GROSS RECEIPTS OF CINEMA ADMISSION FEES FOR CINEMA HOUSES OPERATING IN THE CITY OF BAGUIO THAT PROVIDE FREE MOVIE ADMISSIONS TO SENIOR CITIZENS AND PERSONS WITH DISABILITY (PWDS) FROM MONDAYS TO FRIDAYS AND FROM FIRST SCREENING TO LAST SCREENING	0.041258812	FALSE	0.0110601485	FALSE	0.017783016	FALSE	0.184436798	FALSE	0.0531893373	FALSE	0.00293773413	FALSE	0.0059440434	FALSE	0.0714232	FALSE	0.0239715576	FALSE	0.26594609	FALSE	0.0566389263	FALSE	0.00503155589	FALSE	0.0280201137	FALSE	0.00421947241	FALSE	0.00613763928	FALSE	0.250187337	FALSE	0.134033918	FALSE
2018	138-2018	AN ORDINANCE REALIGNING FUNDS FROM OFFICE SUPPLIES, OTHER SUPPLIES AND MATERIALS EXPENSES, AND ADVERTISING EXPENSES TO PRIZES FOR THE PALARONG PAMBARANGAY 2018 UNDER THE MAINTENANCE AND OTHER OPERATING EXPENSES OF THE CITY MAYOR'S OFFICE	0.0328505039	FALSE	0.0426902771	FALSE	0.00705090165	FALSE	0.0374159217	FALSE	0.035921216	FALSE	0.00409898162	FALSE	0.00932991505	FALSE	0.238363624	FALSE	0.0920073092	FALSE	0.1065557	FALSE	0.15007636	FALSE	0.0192764103	FALSE	0.0484318137	FALSE	0.00465407968	FALSE	0.012871176	FALSE	0.16935268	FALSE	0.203959763	FALSE
2018	139-2018	AN ORDINANCE APPROVING THE TRANSFER OF FUNDS IN THE AMOUNT OF ₱250,000.00 FROM ADVERTISING EXPENSES (ACCOUNT CODE 5-02-99-010) TO FUEL, OIL AND LUBRICANTS EXPENSES (ACCOUNT CODE 5-02-03-090) UNDER THE 2018 MAINTENANCE AND OTHER OPERATING EXPENSES OF THE SANGGUNIANG PANLUNGSOD, AND AUTHORIZING DISBURSEMENT UNDER SAID ACCOUNT	0.0119690299	FALSE	0.046926558	FALSE	0.00807851553	FALSE	0.00439745188	FALSE	0.0125239789	FALSE	0.00868743658	FALSE	0.060254097	FALSE	0.229130864	FALSE	0.157274127	FALSE	0.055713743	FALSE	0.0123257935	FALSE	0.1235677	FALSE	0.0387614071	FALSE	0.00895372	FALSE	0.0214088857	FALSE	0.109179646	FALSE	0.320267111	FALSE
2018	140-2018	AN ORDINANCE APPROVING THE TRANSFER OF FUNDS IN THE AMOUNT OF ₱403,304.55 FROM THE CURRENT APPROPRIATION OF THE CITY MAYOR'S OFFICE EARMARKED FOR SALARIES AND WAGES–REGULAR (ACCOUNT CODE 5-01-01-010) TO TERMINAL LEAVE BENEFITS (ACCOUNT CODE 5-01-04-030) FOR PAYMENT OF THE TERMINAL LEAVE BENEFITS OF MR. RYAN DALE B. MANGUSAN	0.0434098244	FALSE	0.0163752437	FALSE	0.0049508512	FALSE	0.0259929	FALSE	0.0272708535	FALSE	0.00423872471	FALSE	0.0113104284	FALSE	0.682220936	TRUE	0.0809090137	FALSE	0.159471452	FALSE	0.0367144346	FALSE	0.0237379074	FALSE	0.0214501321	FALSE	0.00477066636	FALSE	0.00963354111	FALSE	0.0670551062	FALSE	0.137028933	FALSE
2018	141-2018	AN ORDINANCE APPROVING THE TRANSFER OF FUNDS IN THE AMOUNT OF ₱150,000.00 FROM THE CURRENT APPROPRIATION OF THE CITY BUILDINGS AND ARCHITECTURE OFFICE EARMARKED FOR SALARIES AND WAGES–REGULAR (ACCOUNT CODE 5-01-01-010) TO OVERTIME AND NIGHT PAY (ACCOUNT CODE 5-01-02-130) FOR PAYMENT OF OVERTIME RENDERED BY VARIOUS PERSONNEL DURING PLUMBING, ELECTRICAL, AND CARPENTRY WORKS AT DOMINICAN HILL FOR INTERNATIONAL CREATIVE CITIES AND THE CONSTRUCTION OF THE CHRISTMAS TREE AT ROSE GARDEN, BURNHAM PARK	0.0263947248	FALSE	0.00802716613	FALSE	0.00716176629	FALSE	0.0242469311	FALSE	0.0124071836	FALSE	0.00509113073	FALSE	0.0111187398	FALSE	0.18322131	FALSE	0.104474515	FALSE	0.0615347028	FALSE	0.672841132	TRUE	0.0180686712	FALSE	0.0239769518	FALSE	0.00914856791	FALSE	0.0192129016	FALSE	0.047714889	FALSE	0.100364178	FALSE
2018	142-2018	AN ORDINANCE PROHIBITING LOADING AND UNLOADING STATIONS OF PUBLIC UTILITY OR SERVICE VEHICLES WITHIN THE PERIMETER OF CITY HALL IN THE CITY OF BAGUIO, PROVIDING PENALTIES, DECLARING POLICY, DESIGNATING TEMPORARY LOCATIONS FOR AFFECTED ROUTES, AND AUTHORIZING CITY DEPARTMENTS TO FORMULATE IMPLEMENTING GUIDELINES	0.0286534131	FALSE	0.00813898444	FALSE	0.0156161785	FALSE	0.0192662776	FALSE	0.0150300562	FALSE	0.00746536255	FALSE	0.00899893	FALSE	0.0241528749	FALSE	0.0239049792	FALSE	0.0883031487	FALSE	0.649040818	TRUE	0.00748479366	FALSE	0.0400761664	FALSE	0.0122642219	FALSE	0.0160829127	FALSE	0.162851989	FALSE	0.0612230599	FALSE
2018	143-2018	AN ORDINANCE APPROVING THE TRANSFER OF FUNDS IN THE AMOUNT OF ₱144,189.99 FROM THE CURRENT APPROPRIATION OF THE OFFICE OF THE CITY ADMINISTRATOR EARMARKED FOR SALARIES AND WAGES–REGULAR (ACCOUNT CODE 5-01-01-010) TO RETIREMENT GRATUITY (ACCOUNT CODE 5-01-04-020) FOR THE PAYMENT OF RETIREMENT BENEFITS OF MR. BENEDICTO A. ALHAMBRA, FORMER SUPERVISING TOURISM OPERATIONS OFFICER	0.0290123224	FALSE	0.020064801	FALSE	0.00508114696	FALSE	0.0151239038	FALSE	0.0225703716	FALSE	0.00706061721	FALSE	0.0132122636	FALSE	0.786593735	TRUE	0.102315485	FALSE	0.0878143311	FALSE	0.0522567332	FALSE	0.0636065602	FALSE	0.0200858712	FALSE	0.0123831034	FALSE	0.0187811553	FALSE	0.0353028178	FALSE	0.0976475477	FALSE
2018	144-2018	AN ORDINANCE APPROVING THE TRANSFER OF FUNDS IN THE AMOUNT OF ₱55,000.00 FROM THE CURRENT APPROPRIATION OF THE SCHOOLS DIVISION OF BAGUIO CITY–DEPARTMENT OF EDUCATION–CORDILLERA ADMINISTRATIVE REGION EARMARKED FOR REPAIRS AND MAINTENANCE–TRANSPORTATION EQUIPMENT (ACCOUNT CODE 5-02-13-060) TO ELECTRICITY EXPENSES (ACCOUNT CODE 5-02-04-020) FOR PAYMENT OF ELECTRICITY BILLS OF SAID OFFICE	0.018846482	FALSE	0.00958737731	FALSE	0.00595966	FALSE	0.0876759291	FALSE	0.00803592801	FALSE	0.0033813715	FALSE	0.0250684023	FALSE	0.0806690156	FALSE	0.109779656	FALSE	0.0376273692	FALSE	0.0757856667	FALSE	0.0136755407	FALSE	0.0220966041	FALSE	0.00449585915	FALSE	0.0068770349	FALSE	0.0405890942	FALSE	0.163715988	FALSE
2018	145-2018	AN ORDINANCE APPROVING THE TRANSFER OF FUNDS IN THE TOTAL AMOUNT OF ₱175,000.00 FROM THE CURRENT APPROPRIATION OF THE CITY SOCIAL WELFARE AND DEVELOPMENT OFFICE EARMARKED FOR SALARIES AND WAGES–REGULAR (ACCOUNT CODE 5-01-01-010) TO OVERTIME AND NIGHT PAY (ACCOUNT CODE 5-01-02-130) IN THE AMOUNT OF ₱150,000.00 AND TO TERMINAL LEAVE BENEFITS (ACCOUNT CODE 5-01-04-030) IN THE AMOUNT OF ₱25,000.00 FOR THE PAYMENT OF OVERTIME PAY RENDERED BY VARIOUS PERSONNEL AND RETIREMENT BENEFITS OF EMPLOYEES WHO RETIRED FROM SAID OFFICE	0.0577825308	FALSE	0.0117161572	FALSE	0.0041859448	FALSE	0.0191526711	FALSE	0.0234735906	FALSE	0.00412231684	FALSE	0.00732520223	FALSE	0.558255136	TRUE	0.0462702215	FALSE	0.252654374	FALSE	0.0669196844	FALSE	0.0161747634	FALSE	0.0129490495	FALSE	0.00487843156	FALSE	0.0105573237	FALSE	0.033159107	FALSE	0.0736407936	FALSE
2018	146-2018	AN ORDINANCE APPROVING THE REQUEST TO CHARGE ₱500,382.96 AGAINST THE BAGUIO CONVENTION CENTER TRUST FUND (ACCOUNT CODE 439-021) FOR THE PAYMENT OF SALARIES OF SEVEN (7) EMPLOYEES WITH JOB ORDER STATUS UNDER THE OFFICE FOR CITY ADMINISTRATION ASSIGNED TO MAINTENANCE, UPKEEP, AND SUPPORT ACTIVITIES FOR THE BAGUIO CONVENTION CENTER AND TEMPORARY CTSEO OPERATIONS AT THE ATHLETIC BOWL	0.029796958	FALSE	0.0102232993	FALSE	0.00591310859	FALSE	0.0242606401	FALSE	0.0488674045	FALSE	0.00443872809	FALSE	0.00907447934	FALSE	0.646184444	TRUE	0.0882079899	FALSE	0.0968789756	FALSE	0.0536033213	FALSE	0.0221562386	FALSE	0.0209014118	FALSE	0.00731521845	FALSE	0.010534972	FALSE	0.1725173	FALSE	0.149219066	FALSE
2018	147-2018	AN ORDINANCE APPROVING THE REQUESTS FOR THE REALIGNMENT OF FUNDS IN THE AMOUNT OF ₱500,000.00 FROM ELECTRICITY EXPENSES (ACCOUNT CODE 5-02-04-020) TO FUEL, OIL AND LUBRICANTS EXPENSES (ACCOUNT CODE 5-02-03-090), AND FOR AUTHORITY TO CHARGE ₱15,000.00 FOR LOYALTY BENEFITS OF PERSONNEL AGAINST CURRENT APPROPRIATIONS UNDER OTHER PERSONNEL BENEFITS (ACCOUNT CODE 5-01-04-990) OF THE CITY ENGINEERING OFFICE	0.017932713	FALSE	0.0138238668	FALSE	0.01346156	FALSE	0.0148517787	FALSE	0.00614389777	FALSE	0.0127580464	FALSE	0.0862859488	FALSE	0.0642455518	FALSE	0.170845628	FALSE	0.0458104312	FALSE	0.589863539	TRUE	0.058991462	FALSE	0.0475269854	FALSE	0.0136403739	FALSE	0.0360188186	FALSE	0.105555296	FALSE	0.20172435	FALSE
2018	148-2018	AN ORDINANCE AMENDING SECTION 1 OF ORDINANCE NUMBERED 143, SERIES OF 2018, TO AUTHORIZE THE CHARGING OF ₱77,460.96 FROM THE CURRENT APPROPRIATION OF THE OFFICE OF THE CITY ADMINISTRATOR TO COVER SALARY, TERMINAL LEAVE, AND OTHER RETIREMENT BENEFITS OF MR. BENEDICTO A. ALHAMBRA, INCLUDING AMOUNTS FROM ACCOUNT CODES 5-01-01-010 (₱41,960.96), 5-01-02-010 (₱1,000.00), AND 5-01-04-990	0.0526260436	FALSE	0.0110788047	FALSE	0.0185670555	FALSE	0.0424955785	FALSE	0.019931227	FALSE	0.00436973572	FALSE	0.0054834187	FALSE	0.057215184	FALSE	0.0430164635	FALSE	0.10993132	FALSE	0.412364542	FALSE	0.00931209326	FALSE	0.040784359	FALSE	0.0077521503	FALSE	0.0129803121	FALSE	0.187284857	FALSE	0.179294109	FALSE
2018	149-2018	AN ORDINANCE AUTHORIZING THE ANNUAL BUDGET OF THE CITY OF BAGUIO FOR FISCAL YEAR 2019 IN THE TOTAL AMOUNT OF TWO BILLION ONE HUNDRED SEVENTY-NINE MILLION FIVE HUNDRED THOUSAND PESOS (₱2,179,500,000.00) COVERING THE VARIOUS EXPENDITURES FOR THE OPERATION OF THE CITY GOVERNMENT OF BAGUIO AND APPROPRIATING THE NECESSARY FUNDS FOR THE PURPOSE	0.0397735834	FALSE	0.0136262476	FALSE	0.0231248736	FALSE	0.019082576	FALSE	0.0123969913	FALSE	0.00645959377	FALSE	0.0115042031	FALSE	0.0399261713	FALSE	0.0625967383	FALSE	0.127210289	FALSE	0.318769	FALSE	0.0140066743	FALSE	0.0459595621	FALSE	0.00686219335	FALSE	0.0169990659	FALSE	0.221861452	FALSE	0.302338	FALSE
2018	150-2018	AN ORDINANCE APPROVING THE TRANSFER OF FUNDS IN THE AMOUNT OF ₱300,000.00 FROM ELECTRICAL EXPENSES (ACCOUNT CODE 5-02-04-020) TO WATER EXPENSES (ACCOUNT CODE 5-02-04-010) UNDER THE 2018 CURRENT APPROPRIATION OF THE OFFICE FOR CITY ADMINISTRATION, AND AUTHORIZING DISBURSEMENT UNDER THE SAID ACCOUNT	0.0371907949	FALSE	0.016822964	FALSE	0.0164624453	FALSE	0.0308083	FALSE	0.0157513022	FALSE	0.115356475	FALSE	0.0122425854	FALSE	0.0328817368	FALSE	0.0701275766	FALSE	0.112329066	FALSE	0.442546	FALSE	0.0216061175	FALSE	0.0494975448	FALSE	0.0293104947	FALSE	0.0214292109	FALSE	0.143647254	FALSE	0.212324589	FALSE
2018	151-2018	AN ORDINANCE APPROVING THE REQUEST TO CHARGE AN ADDITIONAL AMOUNT OF ₱100,000.00 FOR OVERTIME AND NIGHT PAY (ACCOUNT CODE 5-01-02-130) AGAINST THE APPROPRIATION EARMARKED FOR UNFILLED POSITIONS UNDER SALARIES AND WAGES–REGULAR (ACCOUNT CODE 5-01-01-010) IN THE CITY BUILDINGS AND ARCHITECTURE OFFICE FOR OVERTIME SERVICES RENDERED DURING THE FABRICATION AND INSTALLATION OF CHRISTMAS DECORATIONS	0.0406849384	FALSE	0.015714556	FALSE	0.00366052985	FALSE	0.0275965929	FALSE	0.0329925716	FALSE	0.00421085954	FALSE	0.0105522275	FALSE	0.512787819	TRUE	0.0600881875	FALSE	0.0789330304	FALSE	0.184205025	FALSE	0.0171392858	FALSE	0.0233746171	FALSE	0.00545120239	FALSE	0.0107197165	FALSE	0.0712163746	FALSE	0.0598683059	FALSE
2019	001-2019	AN ORDINANCE REALIGNING THE TOTAL AMOUNT OF ₱200,000.00 FROM THE PROJECT 'REPAIR OF EXISTING COMFORT ROOM AT BAGUIO CITY NATIONAL HIGH SCHOOL-RIZAL ANNEX' UNDER THE 2009 AND 2010 ANNUAL INVESTMENT PLAN TO PROJECT 'CONSTRUCTION OF RIZAL NATIONAL HIGH SCHOOL TWO STOREY CLASSROOMS' AT GIBRALTAR BARANGAY, BAGUIO CITY.	0.0291767418	FALSE	0.0124244988	FALSE	0.0178331733	FALSE	0.129447728	FALSE	0.0157204568	FALSE	0.00606653094	FALSE	0.00976145267	FALSE	0.0488633811	FALSE	0.106822133	FALSE	0.0460386872	FALSE	0.507196426	TRUE	0.0139782429	FALSE	0.0321246386	FALSE	0.00570771098	FALSE	0.0154676139	FALSE	0.0839824677	FALSE	0.200587302	FALSE
2019	002-2019	AN ORDINANCE REALIGNING THE AMOUNT OF ₱100,000.00 FROM THE PROJECT 'IMPROVEMENT OF BARANGAY MULTIPURPOSE HALL' UNDER THE 2016 LOCAL DEVELOPMENT FUND TO 'IMPROVEMENT OF BARANGAY MULTI-PURPOSE HALL: TRANSFER OF THE KITCHEN AND DEMOLITION OF THE PARTITION WALL' AT IMELDA VILLAGE BARANGAY, BAGUIO CITY.	0.0406863689	FALSE	0.0175313652	FALSE	0.0167118013	FALSE	0.0251568556	FALSE	0.0176355541	FALSE	0.00899106264	FALSE	0.00659066439	FALSE	0.0417459	FALSE	0.0734604597	FALSE	0.0389361382	FALSE	0.761203289	TRUE	0.0159238875	FALSE	0.0265336931	FALSE	0.00714656711	FALSE	0.0313421786	FALSE	0.0493746698	FALSE	0.125168443	FALSE
2019	003-2019	MANDATING ALL CONSTRUCTION COMPANIES AND CONSTRUCTORS CONDUCTING BUSINESS WITHIN THE TERRITORIAL LIMITS OF THE CITY OF BAGUIO TO PROVIDE AN INDEPENDENT CONSTRUCTION SAFETY OFFICER AT THE CONSTRUCTION PROJECT SITE TO ENSURE COMPLIANCE WITH SAFETY STANDARDS AS REQUIRED BY LAW.	0.010073632	FALSE	0.00631651282	FALSE	0.0117092729	FALSE	0.00995472074	FALSE	0.012917459	FALSE	0.00714504719	FALSE	0.0140873194	FALSE	0.0346994698	FALSE	0.0707758665	FALSE	0.0194571912	FALSE	0.647697926	TRUE	0.0187480748	FALSE	0.0442095399	FALSE	0.0177181065	FALSE	0.0250816047	FALSE	0.11446318	FALSE	0.0753726065	FALSE
2019	004-2019	AN ORDINANCE REALIGNING THE AMOUNT OF ₱200,000.00 FROM THE PROJECT 'CONSTRUCTION OF DRAINAGE CANAL FROM CELENO'S RESIDENCE GOING DOWN TO VETERANS' COMPOUND' UNDER THE CALENDAR YEAR 2015 SUPPLEMENTAL BUDGET TO 'CONSTRUCTION OF DRAINAGE CANAL FROM PADILLA'S RESIDENCE TO YADES RESIDENCE AT PUROK 5' AT CAMP HENRY T. ALLEN BARANGAY, BAGUIO CITY.	0.058092922	FALSE	0.0186748803	FALSE	0.0185591578	FALSE	0.0394824147	FALSE	0.0233995318	FALSE	0.0274008512	FALSE	0.0054474175	FALSE	0.0350102186	FALSE	0.0332904756	FALSE	0.0706931651	FALSE	0.544855595	TRUE	0.0113984942	FALSE	0.0271533132	FALSE	0.0189846754	FALSE	0.0265197456	FALSE	0.0661082864	FALSE	0.10630703	FALSE
2019	005-2019	AN ORDINANCE REALIGNING THE AMOUNT OF ₱300,000.00 FROM THE PROJECT 'CONSTRUCTION OF PWD, SENIOR CITIZENS RAMP GOING TO MULTIPURPOSE HALL' UNDER THE 2018 LOCAL DEVELOPMENT FUND TO 'IMPROVEMENT OF THE FUNCTION HALL AT THE 3RD FLOOR OF THE BARANGAY HALL' AT UPPER ROCK QUARRY BARANGAY, BAGUIO CITY.	0.0421632826	FALSE	0.0100969076	FALSE	0.014249146	FALSE	0.0153522789	FALSE	0.0109829009	FALSE	0.00667566061	FALSE	0.00518497825	FALSE	0.0632784367	FALSE	0.107626647	FALSE	0.0429752767	FALSE	0.58426559	TRUE	0.0208774507	FALSE	0.0305234492	FALSE	0.00732851028	FALSE	0.0320441127	FALSE	0.0784087777	FALSE	0.251965702	FALSE
2019	006-2019	AN ORDINANCE REALIGNING THE AMOUNT OF ₱355,000.00 FROM THE PROJECT 'REPAIR OF THE COLLAPSED RETAINING WALL OF THE STAIRWAYS OF THE BAKAKENG NATIONAL HIGH SCHOOL' UNDER THE 2018 CITY DISASTER RISK REDUCTION MANAGEMENT FUND TO 'RESTORATION AND IMPROVEMENT OF ERODED/FALLING ALLEY AT PUROK 5' AT BAKAKENG NORTE/SUR BARANGAY, BAGUIO CITY.	0.0211034119	FALSE	0.0114355981	FALSE	0.0100682676	FALSE	0.0112457275	FALSE	0.00919017196	FALSE	0.0113586187	FALSE	0.0107063949	FALSE	0.0125727057	FALSE	0.0220992267	FALSE	0.0144793987	FALSE	0.156145453	FALSE	0.0174804032	FALSE	0.80499047	TRUE	0.0186880529	FALSE	0.0283200741	FALSE	0.0182642341	FALSE	0.0296098292	FALSE
2019	007-2019	AN ORDINANCE REALIGNING THE TOTAL AMOUNT OF ₱200,000.00 FROM TWO PROJECTS UNDER THE 2017 LOCAL DEVELOPMENT FUND TO 'IMPROVEMENT OF MAIN ROAD BEYOND MIGUEL RESIDENCE BELOW ALICE ROSARIO'S RESIDENCE GOING UP AT PUROK 14-A' AT IRISAN BARANGAY, BAGUIO CITY.	0.0810603797	FALSE	0.0202114284	FALSE	0.0131722391	FALSE	0.022321403	FALSE	0.0199768245	FALSE	0.00625398755	FALSE	0.00583136082	FALSE	0.0458112657	FALSE	0.0641562641	FALSE	0.0618421733	FALSE	0.570002079	TRUE	0.012217164	FALSE	0.0393238664	FALSE	0.00487566	FALSE	0.0238323212	FALSE	0.0488081276	FALSE	0.163631767	FALSE
2019	008-2019	AN ORDINANCE REALIGNING THE AMOUNT OF ₱150,000.00 FROM THE PROJECT 'CONSTRUCTION OF CANAL FROM ANTHONY MASKIT TO JULIET CABAN-NAG RESIDENCE AT BONTOC VILLAGE' UNDER THE 2018 CITY DISASTER RISK REDUCTION MANAGEMENT FUND TO 'CONSTRUCTION OF DRAINAGE CANAL FROM LANGIT'S RESIDENCE TO LORENZO'S RESIDENCE AT PUROK 2' AT CAMP 8 BARANGAY, BAGUIO CITY.	0.0229868889	FALSE	0.0124701858	FALSE	0.0122019947	FALSE	0.0129999518	FALSE	0.011767298	FALSE	0.0108277202	FALSE	0.0119275153	FALSE	0.0138299167	FALSE	0.0213230252	FALSE	0.0176508129	FALSE	0.155487239	FALSE	0.0147735476	FALSE	0.822323859	TRUE	0.0182574987	FALSE	0.024595052	FALSE	0.0229766965	FALSE	0.0319626629	FALSE
2019	009-2019	AN ORDINANCE REALIGNING THE AMOUNT OF ₱100,000.00 FROM THE PROJECT 'REHABILITATION OF PATHWAY FROM LAO-ANG TO CARIO'S RESIDENCE' UNDER THE 2018 DEVELOPMENT FUND TO 'REHABILITATION OF ROAD FRONTING JANE TIONG AT LITENG' AT PACDAL BARANGAY, BAGUIO CITY.	0.0935141742	FALSE	0.021176517	FALSE	0.0242050588	FALSE	0.0245954394	FALSE	0.0275236964	FALSE	0.00728446245	FALSE	0.00450032949	FALSE	0.0537920892	FALSE	0.0417624116	FALSE	0.0568673313	FALSE	0.664626122	TRUE	0.0140897632	FALSE	0.0237431526	FALSE	0.00707256794	FALSE	0.0347940326	FALSE	0.102495074	FALSE	0.132042557	FALSE
2019	010-2019	AN ORDINANCE CHANGING THE PROJECT TITLE 'RELOCATION OF WATER TANK AND CONSTRUCTION OF TANK BASE OF THE MULTI-PURPOSE HALL' TO 'INSTALLATION OF WATER TANK OF THE MULTI-PURPOSE HALL' AT EAST BAYAN PARK BARANGAY, BAGUIO CITY.	0.0130114853	FALSE	0.027395308	FALSE	0.00416472554	FALSE	0.0189163387	FALSE	0.0158262551	FALSE	0.297672719	FALSE	0.0103101134	FALSE	0.0202427506	FALSE	0.0507086515	FALSE	0.0316761732	FALSE	0.37630856	FALSE	0.0287626386	FALSE	0.0175814331	FALSE	0.0131264031	FALSE	0.0384012461	FALSE	0.0330559909	FALSE	0.0345510244	FALSE
2019	011-2019	AN ORDINANCE REALIGNING THE AMOUNT OF ₱1,250,000.00 FROM THE PROJECT 'CONSTRUCTION OF EVACUATION CENTER AT THE SECOND FLOOR OF THE MULTIPURPOSE HALL (PHASE 1)' UNDER THE 2018 LOCAL DEVELOPMENT FUND TO 'ROAD WIDENING AT LAGOON AREA' AT LOURDES SUBDIVISION EXTENSION BARANGAY, BAGUIO CITY.	0.0235399	FALSE	0.0143559277	FALSE	0.013512373	FALSE	0.0219611824	FALSE	0.0149217248	FALSE	0.0218864679	FALSE	0.00533720851	FALSE	0.0241955221	FALSE	0.0303053856	FALSE	0.0792554915	FALSE	0.506168425	TRUE	0.0130482614	FALSE	0.0795884132	FALSE	0.149820566	FALSE	0.0339312851	FALSE	0.0318035781	FALSE	0.0772502422	FALSE
2019	012-2019	AN ORDINANCE CHANGING THE PROJECT TITLE 'INSTALLATION OF WAITING AREA AT ASIN HEALTH CENTER' UNDER THE CAPITAL OUTLAY FOR CALENDAR YEAR 2017 AMOUNTING TO ₱500,000.00 TO 'COMPLETION OF ROOFING OF THE ASIN HEALTH CENTER' CITY HEALTH OFFICE, BAGUIO CITY.	0.0276138783	FALSE	0.011251986	FALSE	0.0140908659	FALSE	0.0228615105	FALSE	0.0183186829	FALSE	0.00647708774	FALSE	0.00728017092	FALSE	0.0554309487	FALSE	0.0569544733	FALSE	0.0596009195	FALSE	0.699665725	TRUE	0.0106615126	FALSE	0.0342666209	FALSE	0.00904041529	FALSE	0.0162122548	FALSE	0.0504353046	FALSE	0.0871430039	FALSE
2019	013-2019	AN ORDINANCE INSTITUTIONALIZING THE PERIOD FROM OCTOBER 17 TO 23 OF EVERY YEAR AS NATIONAL WEEK FOR OVERCOMING EXTREME POVERTY (NWOEP) IN THE CITY OF BAGUIO, CREATING A COMMITTEE FOR THE PURPOSE, AND APPROPRIATING FUNDS THEREFOR.	0.778949499	TRUE	0.0193389952	FALSE	0.0237574875	FALSE	0.0124718249	FALSE	0.0131504238	FALSE	0.0092625618	FALSE	0.00600603223	FALSE	0.0514278114	FALSE	0.0319057107	FALSE	0.0472652614	FALSE	0.0510090292	FALSE	0.0109916627	FALSE	0.0150364041	FALSE	0.00535607338	FALSE	0.0150283277	FALSE	0.0236340165	FALSE	0.0878509	FALSE
2019	014-2019	AN ORDINANCE REALIGNING THE AMOUNT OF ₱125,000.00 FROM THE PROJECT 'ADDITIONAL FUND FOR THE REHABILITATION OF PTA OFFICE AT JOAQUIN SMITH NATIONAL HIGH SCHOOL' UNDER THE 2018 LOCAL DEVELOPMENT FUND TO 'CONSTRUCTION OF THE STAGE ROOF' AT JOAQUIN SMITH NATIONAL HIGH SCHOOL, ASIN ROAD, BAGUIO CITY.	0.0381513536	FALSE	0.0103689432	FALSE	0.0403986871	FALSE	0.154235512	FALSE	0.0158055127	FALSE	0.00857833	FALSE	0.00682476163	FALSE	0.0254026353	FALSE	0.0883043706	FALSE	0.0414844155	FALSE	0.309505224	FALSE	0.0117244124	FALSE	0.0187166631	FALSE	0.00651535392	FALSE	0.0150874853	FALSE	0.0964800119	FALSE	0.290887415	FALSE
2019	015-2019	AN ORDINANCE CHANGING THE PROJECT TITLES 'CONTINUATION OF SEWERLINE FROM PORTA VAGA GOING TO POST OFFICE' TO 'REHABILITATION OF SEWERLINE FROM ERSAO RESTAURANT TO PORTA VAGA AREA' AT SESSION-GOVERNOR PACK ROAD BARANGAY, BAGUIO CITY AND 'CONSTRUCTION/REHABILITATION OF SEWERLINE AT PUROK 1 FROM LACSAMANA RESIDENCE TO BASKETBALL COURT, PUROK 2 FROM RIMANDO RESIDENCE' TO 'CONSTRUCTION /REHABILITATION OF SEWERLINE AT PUROK 1 FROM LACSAMANA RESIDENCE TO BASKETBALL COURT' AT DPS COMPOUND BARANGAY, BAGUIO CITY, AMOUNTING TO ₱2,500,000.00 AND ₱500,000.00, RESPECTIVELY, BOTH UNDER THE 2018 LOCAL DEVELOPMENT FUND.	0.0160365403	FALSE	0.00978642702	FALSE	0.006947577	FALSE	0.0139096081	FALSE	0.00604882836	FALSE	0.0424008667	FALSE	0.00271880627	FALSE	0.0442849696	FALSE	0.0712138712	FALSE	0.0272749066	FALSE	0.310894132	FALSE	0.0363863409	FALSE	0.00957346	FALSE	0.0167200565	FALSE	0.049356252	FALSE	0.0448617041	FALSE	0.12665695	FALSE
2019	016-2019	PROVIDING GUIDELINES FOR THE IMPLEMENTATION OF ASSISTANCE TO INDIVIDUALS IN CRISIS SITUATIONS (AICS) IN THE CITY OF BAGUIO.	0.0372516513	FALSE	0.0151036084	FALSE	0.00991904736	FALSE	0.0126502514	FALSE	0.0323534608	FALSE	0.00358325243	FALSE	0.00848817825	FALSE	0.0620426834	FALSE	0.0333647728	FALSE	0.314216018	FALSE	0.069735229	FALSE	0.00965875387	FALSE	0.0914902091	FALSE	0.00556769967	FALSE	0.0136061311	FALSE	0.172269255	FALSE	0.169676602	FALSE
2019	017-2019	AN ORDINANCE CHANGING THE PROJECT TITLE 'CONSTRUCTION OF CANAL AT COPPER STREET FROM SORIANO'S RESIDENCE TO EXISTING NATURAL HOLE/DRAINAGE AND PUTTING UP OF RAILINGS AT COPPER STREET EXTENSION IN FRONT OF SORIANO'S RESIDENCE' UNDER THE 2016 DRRM TRUST FUND AMOUNTING TO ₱300,000.00 TO 'REHABILITATION OF NATURAL SINKHOLE AND DRAINAGE AT PUROK I' AT UPPER QUEZON HILL BARANGAY, BAGUIO CITY.	0.0389797091	FALSE	0.0161862075	FALSE	0.00906816125	FALSE	0.0210432708	FALSE	0.0150837	FALSE	0.049746573	FALSE	0.00579163432	FALSE	0.0316906869	FALSE	0.046297878	FALSE	0.0341995955	FALSE	0.776530862	TRUE	0.0211273134	FALSE	0.0130354762	FALSE	0.0251664817	FALSE	0.0776695	FALSE	0.0421551168	FALSE	0.0582063794	FALSE
2019	018-2019	AN ORDINANCE PROVIDING FOR THE SPEED LIMITS FOR ALL KINDS OF MOTOR VEHICLES WITHIN THE TERRITORIAL JURISDICTION OF THE CITY OF BAGUIO, PROVIDING PENALTIES FOR THE VIOLATION THEREOF, COLLECTION OF ROAD CRASH DATA, AND APPROPRIATING FUNDS FOR THIS PURPOSE.	0.0214144588	FALSE	0.00676757097	FALSE	0.032402575	FALSE	0.0132521689	FALSE	0.0221592486	FALSE	0.00534155965	FALSE	0.0145018399	FALSE	0.0359354019	FALSE	0.0225707293	FALSE	0.0715035796	FALSE	0.373874277	FALSE	0.00943440199	FALSE	0.0507221818	FALSE	0.0142252743	FALSE	0.0142229497	FALSE	0.395985425	FALSE	0.0925079286	FALSE
2019	019-2019	REQUIRING BUILDING OWNERS, ESTABLISHMENTS AND PARKING AREA OWNERS/MANAGERS TO ALLOCATE A PORTION OF THEIR PARKING SPACES FOR MOTORCYCLES AND BICYCLES.	0.0214065611	FALSE	0.0217827559	FALSE	0.0055783093	FALSE	0.0271488428	FALSE	0.0373345315	FALSE	0.00477689505	FALSE	0.0125271678	FALSE	0.109421849	FALSE	0.0501925945	FALSE	0.0410792232	FALSE	0.598618627	TRUE	0.0199011564	FALSE	0.0455507338	FALSE	0.0161132514	FALSE	0.0334513485	FALSE	0.0290316343	FALSE	0.0314812064	FALSE
2019	020-2019	AN ORDINANCE REALIGNING THE AMOUNT OF ₱100,000.00 FROM THE PROJECT 'CONTINUATION OF MULTI-PURPOSE HALL AT SAN ANTONIO VILLAGE' UNDER THE 2016 LOCAL DEVELOPMENT FUND TO 'CONTINUATION OF DRAINAGE CANAL ALONG MARIANITO MONTANO TO CACCAM AREA AT PUROK 2' AT SAN ANTONIO VILLAGE, BAGUIO CITY.	0.0622575	FALSE	0.0246990323	FALSE	0.0117176175	FALSE	0.0232262015	FALSE	0.0157025456	FALSE	0.0401540101	FALSE	0.00640851259	FALSE	0.0355125964	FALSE	0.0599196553	FALSE	0.0521457493	FALSE	0.681619525	TRUE	0.017162621	FALSE	0.0336666405	FALSE	0.0112694204	FALSE	0.0364929438	FALSE	0.0507555902	FALSE	0.124685854	FALSE
2019	021-2019	AN ORDINANCE APPROVING THE TEMPORARY CLOSURE AND USE OF VARIOUS ROADS AND THE RE-ROUTING OF VICTORY LINER BUSES FOR THE CELEBRATION OF THE PANAGBENGA 2019 FESTIVAL, SUBJECT TO CONDITIONS.	0.00888106227	FALSE	0.0188295245	FALSE	0.0151123703	FALSE	0.0276163518	FALSE	0.0341657698	FALSE	0.00514298677	FALSE	0.0145506263	FALSE	0.0533880591	FALSE	0.0721853673	FALSE	0.0619929433	FALSE	0.323023558	FALSE	0.0190011561	FALSE	0.148557782	FALSE	0.0301710069	FALSE	0.0188087523	FALSE	0.0503921807	FALSE	0.107873082	FALSE
2019	022-2019	AN ORDINANCE APPROVING THE REQUEST FOR AUTHORITY TO CHARGE AGAINST CURRENT APPROPRIATIONS OF THE BAGUIO CITY POLICE OFFICE THE AMOUNT OF ₱200,000.00 EARMARKED FOR AWARDS/REWARDS EXPENSES UNDER ACCOUNT CODE 5-02-06-010.	0.0280397534	FALSE	0.0115701854	FALSE	0.0101587772	FALSE	0.0146249533	FALSE	0.0454776585	FALSE	0.00351732969	FALSE	0.0081487	FALSE	0.0888443	FALSE	0.0191067457	FALSE	0.198215723	FALSE	0.0390281379	FALSE	0.0092459321	FALSE	0.021159023	FALSE	0.00530400872	FALSE	0.0109140873	FALSE	0.590713263	TRUE	0.0981263816	FALSE
2019	023-2019	AN ORDINANCE CHANGING THE PROJECT TITLE 'INSTALLATION OF NEW SEWERLINE FROM CLEMENTE RESIDENCE TO DEP-ED, PUROK 3 TO PUROK 5, MILITARY CUT-OFF' UNDER THE 2018 DEVELOPMENT FUND AMOUNTING TO ₱3,000,000.00 TO 'INSTALLATION OF NEW SEWERLINE FROM WAGNER ROAD CROSSING TO DEP-ED, MILITARY CUT-OFF' AT MILITARY CUT-OFF BARANGAY, BAGUIO CITY.	0.0106246769	FALSE	0.0152240396	FALSE	0.00531062484	FALSE	0.0240036845	FALSE	0.00739055872	FALSE	0.135027051	FALSE	0.00362712145	FALSE	0.0313509405	FALSE	0.0717767477	FALSE	0.0187668204	FALSE	0.243410736	FALSE	0.0436771214	FALSE	0.015925467	FALSE	0.0404246747	FALSE	0.0369619131	FALSE	0.0268672407	FALSE	0.0652986765	FALSE
2019	024-2019	AN ORDINANCE APPROVING THE REQUEST FOR AUTHORITY TO CHARGE AGAINST CURRENT APPROPRIATIONS OF THE CITY BUILDINGS AND ARCHITECTURE OFFICE THE TOTAL AMOUNT OF ₱18,432.36 UNDER HAZARD PAY – ₱7,800.00 (ACCOUNT CODE 5-01-02-110) AND OVERTIME AND NIGHT PAY – ₱10,732.36 (ACCOUNT CODE 5-01-02-130) FOR THE PAYMENT OF PERSONNEL SERVICES FOR THE MONTH OF DECEMBER 2018 OF THE SAID OFFICE.	0.0347318351	FALSE	0.0128593147	FALSE	0.0116283298	FALSE	0.0231004953	FALSE	0.0259338319	FALSE	0.00675177574	FALSE	0.00876268744	FALSE	0.0503065	FALSE	0.0264595449	FALSE	0.0737092197	FALSE	0.720552683	TRUE	0.00909352303	FALSE	0.0544474125	FALSE	0.0124499202	FALSE	0.0191750526	FALSE	0.138841927	FALSE	0.0579508245	FALSE
2019	025-2019	AN ORDINANCE REVERTING TO THE GENERAL FUND THE AMOUNT OF ₱4,855,459.87 FROM THE LUMP SUM CONTINUING APPROPRIATIONS EARMARKED FOR VARIOUS PROJECTS UNDER 20% DEVELOPMENT FUND AND RE-APPROPRIATING THE SAME FOR THE FUNDING OF VARIOUS PRIORITY PROJECTS CERTIFIED AS URGENT BY THE CITY ENGINEER.	0.0276554823	FALSE	0.01004076	FALSE	0.025978297	FALSE	0.0199944973	FALSE	0.00878161192	FALSE	0.0103760064	FALSE	0.0088878572	FALSE	0.0277868807	FALSE	0.136642992	FALSE	0.0500384867	FALSE	0.491777748	FALSE	0.0189728439	FALSE	0.0338410735	FALSE	0.00790607929	FALSE	0.0248757601	FALSE	0.0627632737	FALSE	0.311846554	FALSE
2019	026-2019	AN ORDINANCE APPROVING THE REQUEST FOR AUTHORITY TO CHARGE AGAINST CURRENT APPROPRIATIONS UNDER SALARIES AND WAGES – REGULAR (ACCOUNT CODE 5-01-01-010) OF THE CITY ASSESSOR'S OFFICE THE AMOUNT OF ₱452,138.31 FOR THE PAYMENT OF TERMINAL LEAVE BENEFITS AND OTHER PERSONNEL BENEFITS OF MR. EMMANUEL A. VALENCIA AND MR. GRACIANO D. GONZALES.	0.0398689806	FALSE	0.0155740976	FALSE	0.00451487303	FALSE	0.0240393877	FALSE	0.0335553	FALSE	0.00474056602	FALSE	0.0115825832	FALSE	0.681886733	TRUE	0.0565415025	FALSE	0.192075402	FALSE	0.0195949078	FALSE	0.0213392377	FALSE	0.0206780732	FALSE	0.00515037775	FALSE	0.00861075521	FALSE	0.0566143394	FALSE	0.0983642042	FALSE
2019	027-2019	AN ORDINANCE CHANGING THE TITLE 'CONTINUATION OF THE IMPROVEMENT OF PATHWAY WITH WAITING SHED ALONG PUROK 1' UNDER THE 2019 DEVELOPMENT FUND AMOUNTING TO ₱150,000.00 TO 'IMPROVEMENT OF PATHWAY FROM OMELING'S RESIDENCE DOWN TO SOLIBA'S RESIDENCE ALONG PUROK 1' AT POLIWES BARANGAY, BAGUIO CITY.	0.0952008367	FALSE	0.0416176915	FALSE	0.0143268108	FALSE	0.0233319402	FALSE	0.0213806927	FALSE	0.00533986092	FALSE	0.00546813	FALSE	0.0572038293	FALSE	0.0922086239	FALSE	0.0601098537	FALSE	0.358486056	FALSE	0.0215393	FALSE	0.0536478162	FALSE	0.00377565622	FALSE	0.0315856636	FALSE	0.0575513244	FALSE	0.243537426	FALSE
2019	028-2019	AN ORDINANCE APPROVING THE REQUEST FOR AUTHORITY TO CHARGE AGAINST CURRENT APPROPRIATIONS UNDER TRAVELING EXPENSES (ACCOUNT CODE 5-02-01-010) OF THE MUNICIPAL TRIAL COURT IN CITIES, FIRST JUDICIAL REGION, BAGUIO CITY, THE AMOUNT OF ₱7,662.00 FOR THE REIMBURSEMENT OF TRAVEL EXPENSES OF HONORABLE JUDGE MA. CLARITA CASUGA-TABIN.	0.033703655	FALSE	0.00667777658	FALSE	0.0126853883	FALSE	0.0185548663	FALSE	0.014893502	FALSE	0.00279805064	FALSE	0.00634551048	FALSE	0.0789459944	FALSE	0.0288679302	FALSE	0.226082683	FALSE	0.0955616236	FALSE	0.0100110769	FALSE	0.0228752792	FALSE	0.00614097714	FALSE	0.0118772388	FALSE	0.358674198	FALSE	0.185203224	FALSE
2019	029-2019	AN ORDINANCE AMENDING SECTION 2 OF ORDINANCE NUMBERED 39, SERIES OF 2011 [PROVIDING RETIREMENT BENEFITS FOR THE INTEGRATED BARANGAY TANODS (IBT) WHICH SHALL BE TWO THOUSAND PESOS (₱2,000.00) FOR EVERY YEAR OF SERVICE, WITH THE FUNDS TO BE PART OF THE ANNUAL BUDGET OF THE BAGUIO CITY POLICE OFFICE.]	0.0518444479	FALSE	0.0124861598	FALSE	0.0235621929	FALSE	0.0311062932	FALSE	0.0172902048	FALSE	0.00348716974	FALSE	0.00639221072	FALSE	0.0666048527	FALSE	0.050776124	FALSE	0.121876806	FALSE	0.115521222	FALSE	0.0113182962	FALSE	0.0258153975	FALSE	0.00436419249	FALSE	0.0133624673	FALSE	0.255126148	FALSE	0.321829021	FALSE
2019	030-2019	AN ORDINANCE REALIGNING THE AMOUNT OF ₱300,000.00 FROM THE PROJECT 'REHABILITATION AND DE-CLOGGING OF DRAINAGE CANAL AT PUROK 2 MULTI-PURPOSE HALL' UNDER THE 2016 LOCAL DISASTER RISK REDUCTION MANAGEMENT FUND TO 'DE-CLOGGING OF CANAL AND IMPROVEMENT OF ALLEY AT PUROK 2' AT STA. ESCOLASTICA VILLAGE BARANGAY, BAGUIO CITY.	0.0220636725	FALSE	0.0121667981	FALSE	0.0120691061	FALSE	0.0150655806	FALSE	0.0113678873	FALSE	0.0143504739	FALSE	0.0112205446	FALSE	0.0107933879	FALSE	0.0192138851	FALSE	0.014965117	FALSE	0.124397665	FALSE	0.0146330893	FALSE	0.815446496	TRUE	0.0230078101	FALSE	0.0240277648	FALSE	0.0185726881	FALSE	0.0264799297	FALSE
2019	031-2019	AN ORDINANCE REALIGNING THE AMOUNT OF ₱200,000.00 FROM THE PROJECT 'CONSTRUCTION OF THE PROPOSED BARANGAY SATELLITE MARKET AT PUROK 4 BESIDE THE NEW MULTI-PURPOSE HALL' UNDER THE 2013 LOCAL DEVELOPMENT FUND TO 'CONSTRUCTION OF RIPRAP WITHIN THE IDENTIFIED PLAYLOT' AT HOLY GHOST EXTENSION BARANGAY, BAGUIO CITY.	0.0403251052	FALSE	0.0130833983	FALSE	0.0168927312	FALSE	0.0199693739	FALSE	0.0135980844	FALSE	0.00947922468	FALSE	0.00718641281	FALSE	0.0419535935	FALSE	0.0932554901	FALSE	0.0531241	FALSE	0.768842459	TRUE	0.0177728832	FALSE	0.0334285796	FALSE	0.00887522101	FALSE	0.0363921821	FALSE	0.0625578761	FALSE	0.181506455	FALSE
2019	032-2019	AN ORDINANCE CHANGING THE PROJECT TITLE 'IMPROVEMENT OF PATHWAY AT PUROK 1 ALONG KOLODZIK LEADING TO MARQUEZ RESIDENCE' UNDER THE 2016 DEVELOPMENT FUND AMOUNTING TO ₱100,000.00 TO 'IMPROVEMENT OF DRAINAGE CANAL AT PUROK 1 ALONG KOLODZIK LEADING TO MARQUEZ RESIDENCE' AT IMELDA VILLAGE BARANGAY, BAGUIO CITY.	0.0543814898	FALSE	0.0326069	FALSE	0.00952845812	FALSE	0.049738884	FALSE	0.0258797705	FALSE	0.0419564843	FALSE	0.00375545025	FALSE	0.0222124159	FALSE	0.0371839702	FALSE	0.0382213891	FALSE	0.380654156	FALSE	0.0119262636	FALSE	0.0177566409	FALSE	0.0105296671	FALSE	0.0265243649	FALSE	0.0292490423	FALSE	0.0727690458	FALSE
2019	033-2019	AN ORDINANCE REALIGNING THE AMOUNT OF ₱500,000.00 FROM THE PROJECT 'RESTORATION OF ERODED RIPRAP ALONG DAMA DE NOCHE ALLEY, INFRONT OF GOROSPE'S RESIDENCE, PUROK 6' UNDER THE 2019 DEVELOPMENT FUND TO 'REHABILITATION OF DAMA DE NOCHE ALLEY' AT UPPER Q.M. BARANGAY, BAGUIO CITY.	0.0635048747	FALSE	0.0177082717	FALSE	0.0186109543	FALSE	0.0155766904	FALSE	0.0225954056	FALSE	0.00988826156	FALSE	0.0088956356	FALSE	0.0507075787	FALSE	0.0383160412	FALSE	0.0453470945	FALSE	0.871647298	TRUE	0.0200232565	FALSE	0.0266875625	FALSE	0.0154027939	FALSE	0.0786628425	FALSE	0.0844129324	FALSE	0.0800678432	FALSE
2019	034-2019	AN ORDINANCE APPROVING THE REQUEST FOR AUTHORITY TO CHARGE AGAINST CURRENT APPROPRIATION OF THE OFFICE OF THE SANGGUNIANG PANLUNGSOD EARMARKED FOR FUEL, OIL AND LUBRICANTS EXPENSES (ACCOUNT CODE 5-02-30-090) THE AMOUNT OF ₱16,225.64 FOR THE PAYMENT OF GASOLINE AND FUEL EXPENSES FOR THE MONTH OF DECEMBER 2018.	0.00554257631	FALSE	0.0348149538	FALSE	0.00773602724	FALSE	0.00317233801	FALSE	0.0113871098	FALSE	0.00949305296	FALSE	0.161692619	FALSE	0.130852342	FALSE	0.0834907	FALSE	0.0329738259	FALSE	0.00752386451	FALSE	0.131487578	FALSE	0.0233647227	FALSE	0.00801962614	FALSE	0.0173707	FALSE	0.109265089	FALSE	0.11617294	FALSE
2019	035-2019	AN ORDINANCE CHANGING THE PROJECT TITLE 'IMPROVEMENT OF CANAL WITH COVER (BOX CULVERT) ACROSS MIGUEL'S RESIDENCE DOWN TO BILAYON'S RESIDENCE ALONG PUROK 1' UNDER THE 2019 DEVELOPMENT FUND AMOUNTING TO ₱150,000.00 TO 'IMPROVEMENT OF CANAL WITH GRATINGS FROM BILAYON'S RESIDENCE TO POMAY-O'S RESIDENCE ALONG PUROK 1' AT POLIWES BARANGAY, BAGUIO CITY.	0.03694731	FALSE	0.0280234814	FALSE	0.00549182296	FALSE	0.0201660097	FALSE	0.0169583857	FALSE	0.0378880799	FALSE	0.00882715	FALSE	0.0509297848	FALSE	0.109258473	FALSE	0.0382282436	FALSE	0.485482901	FALSE	0.0357624292	FALSE	0.0730119944	FALSE	0.0177783668	FALSE	0.0499044359	FALSE	0.0645909905	FALSE	0.164868593	FALSE
2019	036-2019	AN ORDINANCE CHANGING THE PROJECT TITLE 'CONTINUATION OF ROAD AT COPPER STREET EXTENSION FRONTING NABUTEL'S RESIDENCE TO NELIA DIZON RESIDENCE GOING UP TO DELA CRUZ RESIDENCE AT IRON STREET' UNDER THE 2017 DEVELOPMENT FUND AMOUNTING TO ₱300,000.00 TO 'OPENING OF PATHWAY FROM IRON STREET TO COPPER STREET' AT UPPER QUEZON HILL BARANGAY, BAGUIO CITY.	0.067992866	FALSE	0.0246945322	FALSE	0.0130077	FALSE	0.0283274651	FALSE	0.0325007439	FALSE	0.00753828883	FALSE	0.00488707423	FALSE	0.0709837675	FALSE	0.046671629	FALSE	0.0640998185	FALSE	0.756159782	TRUE	0.0117446482	FALSE	0.0394510329	FALSE	0.00947192311	FALSE	0.0254428983	FALSE	0.0472923219	FALSE	0.0789026618	FALSE
2019	037-2019	AN ORDINANCE CHANGING THE PROJECT TITLE 'COVERING OF DRAINAGE CANALS LOCATED AT PUROK 2 – TANGCO TO GATCHALIAN FRONTAGE AND PUROK 4 – ESTEPA – LIM RESIDENCE TO PUMPING STATION BRIDGE BOUNDARY' UNDER THE 2016 ANNUAL INVESTMENT PROGRAM AMOUNTING TO ₱100,000.00 TO 'COVERING OF CANAL AT PUROK 3' AT STA. ESCOLASTICA VILLAGE BARANGAY, BAGUIO CITY.	0.045701921	FALSE	0.0151409805	FALSE	0.00513312221	FALSE	0.0298062861	FALSE	0.0201567113	FALSE	0.0260664225	FALSE	0.00471931696	FALSE	0.0598585308	FALSE	0.0543140173	FALSE	0.0435464084	FALSE	0.564597249	TRUE	0.0119355023	FALSE	0.0184146762	FALSE	0.0141878128	FALSE	0.0260846317	FALSE	0.0397436619	FALSE	0.0701501667	FALSE
2019	038-2019	AN ORDINANCE CHANGING THE PROJECT TITLE 'CONCRETING OF TIRE PATH CONNECTING PUROK 27 TO PUROK 21 NEAR LUKE GOMEYAC'S RESIDENCE' UNDER THE 2019 DEVELOPMENT FUND AMOUNTING TO ₱200,000.00 TO 'IMPROVEMENT OF PATHWAY AT PUROK 27 TO PUROK 21' AT IRISAN BARANGAY, BAGUIO CITY.	0.053343147	FALSE	0.0236082673	FALSE	0.0118753612	FALSE	0.0213521421	FALSE	0.0193811059	FALSE	0.00561770797	FALSE	0.00424662232	FALSE	0.0737410188	FALSE	0.115869075	FALSE	0.0746158957	FALSE	0.392802358	FALSE	0.0193087757	FALSE	0.0506718457	FALSE	0.0055257678	FALSE	0.0249763429	FALSE	0.0667274892	FALSE	0.272644401	FALSE
2019	039-2019	AN ORDINANCE APPROVING THE REQUESTS OF WALTRIX PRODUCTIONS AND EKG PRODUCTIONS RELATIVE TO ITS EVENT, 'SARAH G: LIVE', HELD ON 18 MAY 2019 AT THE UNIVERSITY OF BAGUIO GYM, BAGUIO CITY.	0.0274711847	FALSE	0.0493373275	FALSE	0.0293466151	FALSE	0.0788869262	FALSE	0.248528689	FALSE	0.00400418043	FALSE	0.0133342445	FALSE	0.123889625	FALSE	0.048741281	FALSE	0.137737215	FALSE	0.0497499108	FALSE	0.013620615	FALSE	0.0583857894	FALSE	0.00647330284	FALSE	0.0135608017	FALSE	0.410527	FALSE	0.260464102	FALSE
2019	040-2019	AN ORDINANCE APPROVING THE REQUEST FOR AUTHORITY TO CHARGE AGAINST CURRENT APPROPRIATIONS UNDER SALARIES AND WAGES–REGULAR (ACCOUNT CODE 5-01-01-010) OF THE CITY TREASURY OFFICE THE TOTAL AMOUNT OF ₱19,306.86 FOR THE PAYMENT OF SALARY DIFFERENTIAL OF MR. POLICARPIO M. TAMAYO, LOCAL TREASURY OPERATIONS OFFICER IV, OF SAID OFFICE.	0.0451083183	FALSE	0.0204081237	FALSE	0.00504314899	FALSE	0.0216537118	FALSE	0.0396539271	FALSE	0.00432857871	FALSE	0.0110901594	FALSE	0.707184672	TRUE	0.0597496033	FALSE	0.148867309	FALSE	0.0213667452	FALSE	0.023083657	FALSE	0.0216957629	FALSE	0.00507989526	FALSE	0.00937968493	FALSE	0.0720731318	FALSE	0.106832653	FALSE
2019	041-2019	AN ORDINANCE APPROVING THE REQUEST FOR AUTHORITY TO CHARGE AGAINST CURRENT APPROPRIATIONS UNDER FUEL, OIL AND LUBRICANTS EXPENSES (ACCOUNT CODE 5-02-03-080) OF THE CITY HEALTH SERVICES OFFICE THE AMOUNT OF ₱65,579.59 FOR THE PAYMENT OF GASOLINE CONSUMPTIONS FOR THE MONTHS OF SEPTEMBER 2018 TO DECEMBER 2018.	0.0206076503	FALSE	0.0263211727	FALSE	0.0551465452	FALSE	0.0136078	FALSE	0.00995910168	FALSE	0.0105485022	FALSE	0.101624906	FALSE	0.0785559416	FALSE	0.0667260587	FALSE	0.0637673438	FALSE	0.0574632883	FALSE	0.0506079495	FALSE	0.0112465024	FALSE	0.00483250618	FALSE	0.0138455331	FALSE	0.159563512	FALSE	0.225759864	FALSE
2019	042-2019	TRANSFER OF FUNDS IN THE CITY HUMAN RESOURCE MANAGEMENT OFFICE	0.0384406745	FALSE	0.0303325653	FALSE	0.00360023975	FALSE	0.00839880109	FALSE	0.00989541411	FALSE	0.00572645664	FALSE	0.00816255808	FALSE	0.459576488	FALSE	0.148253113	FALSE	0.0802713335	FALSE	0.0906033218	FALSE	0.0691271722	FALSE	0.0321343541	FALSE	0.00523555279	FALSE	0.0317437947	FALSE	0.0253705382	FALSE	0.20726192	FALSE
2019	043-2019	REALIGNING THE TOTAL AMOUNT OF ₱200,000.00 FROM THE PROJECTS 'CONSTRUCTION OF TANOD OUTPOST' AMOUNTING TO ₱100,000.00 AND 'CONSTRUCTION OF SENIOR CITIZEN'S HALL' AMOUNTING TO ₱100,000.00 UNDER THE 2015 LOCAL DEVELOPMENT FUND TO 'CONSTRUCTION OF TANOD OUTPOST' AT DIZON- MANZANILLO SUBDIVISION BARANGAY, BAGUIO CITY.	0.0439738333	FALSE	0.0113668144	FALSE	0.0111693442	FALSE	0.0123656988	FALSE	0.010791719	FALSE	0.0067653954	FALSE	0.00630322099	FALSE	0.0484538674	FALSE	0.0759339	FALSE	0.040150553	FALSE	0.711693406	TRUE	0.0167880356	FALSE	0.0249018669	FALSE	0.00684225559	FALSE	0.0296606719	FALSE	0.0360144973	FALSE	0.126742035	FALSE
2019	044-2019	REALIGNING THE AMOUNT OF ₱100,000.00 FROM THE PROJECT 'CONSTRUCTION OF COMFORT ROOM AT THE BASKETBALL COURT AND PLAYGROUND' UNDER THE 2015 LOCAL DEVELOPMENT FUND TO 'CONSTRUCTION FOR THE EXTENSION OF RETAINING WALL OF DRAINAGE CANAL BETWEEN HENRICO'S APARTELLE BUILDING AND MANUEL RESIDENCE AT MAYA STREET'	0.0257947147	FALSE	0.0134247839	FALSE	0.00883078575	FALSE	0.0234247744	FALSE	0.0115024745	FALSE	0.0278690159	FALSE	0.0100251436	FALSE	0.0247222483	FALSE	0.0402734876	FALSE	0.0221422613	FALSE	0.833151817	TRUE	0.0166773796	FALSE	0.0152548254	FALSE	0.0197249949	FALSE	0.0573676825	FALSE	0.017844975	FALSE	0.0265112221	FALSE
2019	045-2019	APPROVING THE REQUEST FOR AUTHORITY TO CHARGE THE AMOUNT OF ₱15,302.14 AGAINST CURRENT APPROPRIATION OF THE CITY GENERAL SERVICES OFFICE UNDER OTHER PERSONNEL BENEFITS (ACCOUNT CODE 5-01-04-990) FOR THE PAYMENT OF SALARY AND OTHER BENEFITS ADJUSTMENTS OF MR. PIO L. LAMPAC	0.0823377371	FALSE	0.0143881142	FALSE	0.00697633624	FALSE	0.017111063	FALSE	0.0226434171	FALSE	0.00447055697	FALSE	0.0083784461	FALSE	0.115824372	FALSE	0.0347550511	FALSE	0.477301806	FALSE	0.144795448	FALSE	0.0108602047	FALSE	0.0469865799	FALSE	0.00564876199	FALSE	0.0152235329	FALSE	0.12783125	FALSE	0.139954329	FALSE
2019	046-2019	REALIGNING THE AMOUNT OF ₱100,000.00 FROM THE PROJECT 'CONSTRUCTION OF COMFORT ROOM BETWEEN BLOCK 5 AND BLOCK 9 ADJACENT TO OUTPOST' UNDER THE 2016 DEVELOPMENT FUND TO 'CONTINUE THE UNFINISHED COMFORT ROOM AT THE BASKETBALL COURT' AT WEST QUIRINO HILL BARANGAY, BAGUIO CITY	0.0335763693	FALSE	0.0163562298	FALSE	0.0110891163	FALSE	0.0236293674	FALSE	0.014141649	FALSE	0.00705045462	FALSE	0.00892552733	FALSE	0.0349495113	FALSE	0.0450553596	FALSE	0.034422487	FALSE	0.792444468	TRUE	0.01709795	FALSE	0.0305885971	FALSE	0.0106340945	FALSE	0.0440859497	FALSE	0.0265958309	FALSE	0.0568703711	FALSE
2019	048-2019	ORDINANCE NUMBERED 48 (SERIES OF 2019) CREATING THE PUBLIC EMPLOYMENT SERVICE OFFICE OF BAGUIO CITY	0.0433884859	FALSE	0.0150377452	FALSE	0.00395232439	FALSE	0.0188719928	FALSE	0.0325437486	FALSE	0.00351762772	FALSE	0.00867378712	FALSE	0.463979393	FALSE	0.0530373454	FALSE	0.294318438	FALSE	0.0412049592	FALSE	0.0136016011	FALSE	0.0283785462	FALSE	0.00516274571	FALSE	0.0085003674	FALSE	0.111610651	FALSE	0.133889079	FALSE
2019	049-2019	PROHIBITING AND REGULATING THE USE OF MOBILE DEVICES AND OTHER DISTRACTIVE DEVICES AND ITEMS WHILE WALKING AND CROSSING THE STREETS AND SIDEWALKS IN THE CITY OF BAGUIO.	0.0175612569	FALSE	0.0122507215	FALSE	0.0056040585	FALSE	0.061060071	FALSE	0.03990224	FALSE	0.00563773513	FALSE	0.0158942044	FALSE	0.0577673912	FALSE	0.0227767527	FALSE	0.382552266	FALSE	0.291770905	FALSE	0.00716781616	FALSE	0.0264826417	FALSE	0.0116852224	FALSE	0.0121420622	FALSE	0.0830284655	FALSE	0.0258708894	FALSE
2019	050-2019	ENACTING A CODE OF GENERAL ORDINANCES OF THE CITY OF BAGUIO	0.0296437144	FALSE	0.018818289	FALSE	0.00856122375	FALSE	0.0313491821	FALSE	0.050400883	FALSE	0.00507137179	FALSE	0.00838762522	FALSE	0.0479899347	FALSE	0.0181669593	FALSE	0.193720579	FALSE	0.0978467762	FALSE	0.0073196888	FALSE	0.0458892	FALSE	0.00846397877	FALSE	0.0103948712	FALSE	0.463461369	FALSE	0.0662502348	FALSE
2019	051-2019	APPROVING THE REQUEST TO UTILIZE THE UNEXPENDED CAPITAL OUTLAY IN CALENDAR YEAR 2016 IN THE CITY BUDGET OFFICE AMOUNTING TO ₱1,887,500.00 FOR THE PURCHASE OF ONE MOTOR VEHICLE PURSUANT TO DILG MC NO. 2014-155, AS AMENDED.	0.0241841376	FALSE	0.0148712397	FALSE	0.0203349888	FALSE	0.0237494707	FALSE	0.0081898272	FALSE	0.0100557804	FALSE	0.0218178034	FALSE	0.0376404524	FALSE	0.108011991	FALSE	0.0583488941	FALSE	0.66064781	TRUE	0.0207993388	FALSE	0.044783622	FALSE	0.0103421509	FALSE	0.0223205686	FALSE	0.0527307093	FALSE	0.195382833	FALSE
2019	052-2019	APPROVING THE REQUEST FOR AUTHORITY TO CHARGE THE AMOUNT OF ₱198,208.97 AGAINST CURRENT APPROPRIATION OF THE CITY GENERAL SERVICES OFFICE UNDER ACCOUNT CODE 5-01-02-130 (OVERTIME AND NIGHT PAY) FOR THE PAYMENT OF OVERTIME AND NIGHT DIFFERENTIAL PAY OF EMPLOYEES OF THE SAID OFFICE FOR DECEMBER 2018.	0.0378242731	FALSE	0.0146261752	FALSE	0.00643193722	FALSE	0.0197362602	FALSE	0.0337336957	FALSE	0.00438010693	FALSE	0.00888600945	FALSE	0.126274616	FALSE	0.0310275257	FALSE	0.338985384	FALSE	0.136683255	FALSE	0.0099568069	FALSE	0.0357766449	FALSE	0.00512295961	FALSE	0.0124808848	FALSE	0.288185716	FALSE	0.118448615	FALSE
2019	053-2019	REVERTING THE AMOUNT OF ₱1,995,133.00 FROM THE CONTINUING APPROPRIATIONS EARMARKED FOR PROJECTS UNDER THE 20% DEVELOPMENT FUND AND RE-APPROPRIATING THE SAME FOR THE FUNDING OF VARIOUS PRIORITY PROJECTS CERTIFIED AS URGENT BY THE CITY ENGINEER.	0.0186502934	FALSE	0.00779721141	FALSE	0.0178806782	FALSE	0.0180855393	FALSE	0.00699999928	FALSE	0.0100518465	FALSE	0.00821837783	FALSE	0.021163702	FALSE	0.140022457	FALSE	0.0333580971	FALSE	0.454549938	FALSE	0.0180797875	FALSE	0.0260692537	FALSE	0.00777974725	FALSE	0.0234957933	FALSE	0.0321273804	FALSE	0.217810214	FALSE
2019	054-2019	APPROVING THE REQUEST FOR AUTHORITY TO CHARGE THE AMOUNT OF ₱500,382.96 AGAINST THE BAGUIO CONVENTION CENTER TRUST FUND (ACCOUNT CODE 439-021) FOR THE PAYMENT OF SALARIES OF JOB ORDER EMPLOYEES UNDER THE CITY ADMINISTRATOR'S OFFICE.	0.0279304385	FALSE	0.0100742877	FALSE	0.00500246882	FALSE	0.0231648982	FALSE	0.0552677214	FALSE	0.00484392047	FALSE	0.0107451975	FALSE	0.720143437	TRUE	0.0690692067	FALSE	0.111070454	FALSE	0.0264539123	FALSE	0.0224863589	FALSE	0.016884774	FALSE	0.00736871362	FALSE	0.00958016515	FALSE	0.0981938243	FALSE	0.0865403414	FALSE
2019	055-2019	APPROVING THE REQUEST FOR AUTHORITY TO CHARGE THE AMOUNT OF ₱18,300.00 AGAINST CURRENT APPROPRIATION OF THE CITY ENVIRONMENT AND PARKS MANAGEMENT OFFICE UNDER ACCOUNT CODE 5-01-02-130 (HAZARD PAY) FOR THE PAYMENT OF HAZARD PAY OF EMPLOYEES FOR DECEMBER 2018 AND THE AUTHORITY TO TRANSFER FUNDS THE AMOUNT OF ₱73,586.00 FROM ACCOUNT CODE 5-02-16-010 (TAXES, DUTIES AND LICENSES) TO ACCOUNT CODE 5-02-16-030 (INSURANCE EXPENSES) FOR THE PAYMENT OF MOTOR VEHICLE INSURANCE.	0.0286357105	FALSE	0.00707113743	FALSE	0.0131064355	FALSE	0.0115116239	FALSE	0.0103268027	FALSE	0.00686663389	FALSE	0.00821524858	FALSE	0.0333753526	FALSE	0.0283272862	FALSE	0.037029624	FALSE	0.825786829	TRUE	0.0162500143	FALSE	0.0606520474	FALSE	0.0244511962	FALSE	0.0629807413	FALSE	0.0534726977	FALSE	0.0521575212	FALSE
2019	056-2019	REVERTING TO THE GENERAL FUND THE AMOUNT OF ₱7,500,000.00 OBLIGATED UNDER ACCOUNT NO.5-01-01-10 (OBR NO. 1011-18-12-947) AND RE-APPROPRIATING THE SAME FOR THE FUNDING OF PROPOSED ELECTRICAL REWIRING OF THE CITY HALL BUILDING.	0.0180530846	FALSE	0.0110648274	FALSE	0.0105712712	FALSE	0.016972959	FALSE	0.00971195102	FALSE	0.0107398331	FALSE	0.0134056509	FALSE	0.0355773866	FALSE	0.082387954	FALSE	0.0399857163	FALSE	0.797786474	TRUE	0.0163676739	FALSE	0.0287540257	FALSE	0.0133086443	FALSE	0.0289168358	FALSE	0.0409194529	FALSE	0.0893150866	FALSE
2019	057-2019	TRANSFER OF FUNDS IN THE CITY VETERINARY OFFICE FROM REPAIR AND MAINTENANCE ACCOUNT TO CONSTRUCTION OF CORRAL STRUCTURE.	0.023058176	FALSE	0.0493024886	FALSE	0.0097002089	FALSE	0.0256965756	FALSE	0.0216475427	FALSE	0.00709068775	FALSE	0.00600335	FALSE	0.0532854795	FALSE	0.0501838028	FALSE	0.0154432952	FALSE	0.450048029	FALSE	0.0152033269	FALSE	0.0149308145	FALSE	0.00713139772	FALSE	0.023455143	FALSE	0.0176025033	FALSE	0.0391007364	FALSE
2019	058-2019	TRANSFER OF FUNDS IN THE CITY SOCIAL WELFARE AND DEVELOPMENT OFFICE FOR THE PAYMENT OF TERMINAL LEAVE BENEFITS OF A FORMER EMPLOYEE.	0.0848149359	FALSE	0.0222857296	FALSE	0.00659012794	FALSE	0.018825084	FALSE	0.0280380547	FALSE	0.00428649783	FALSE	0.010697335	FALSE	0.133266628	FALSE	0.0371445119	FALSE	0.474602699	FALSE	0.178352416	FALSE	0.00996491313	FALSE	0.0476509929	FALSE	0.00522863865	FALSE	0.0131221414	FALSE	0.0380408466	FALSE	0.0885038376	FALSE
2019	059-2019	APPROVING THE REQUESTS OF PROFILES ENTERTAINMENT PRODUCTIONS INC. (PEP) RELATIVE TO ITS EVENT 'SEARCH FOR MISTER AND MISS SUMMER CAPITAL PAGEANT' TO BE HELD ON 04 AUGUST 2019 AT CAP BUILDING, CAMP JOHN HAY, BAGUIO CITY.	0.0234983563	FALSE	0.0334195495	FALSE	0.0135611594	FALSE	0.0864926279	FALSE	0.489154518	FALSE	0.00656071305	FALSE	0.0103057921	FALSE	0.162572533	FALSE	0.0354847312	FALSE	0.124103308	FALSE	0.111513585	FALSE	0.0138490796	FALSE	0.0387895703	FALSE	0.00945803523	FALSE	0.0165518224	FALSE	0.124236912	FALSE	0.0597229898	FALSE
2019	060-2019	APPROVING THE TEMPORARY CLOSURE OF SESSION ROAD TO VEHICULAR TRAFFIC AND USE FOR THE CONDUCT OF ONE COMMUNITY: OUTREACH PROGRAM TO BE HELD ON 13 JULY 2019.	0.0114727318	FALSE	0.0152572989	FALSE	0.012840867	FALSE	0.0826824	FALSE	0.0185496509	FALSE	0.00703933835	FALSE	0.00897482	FALSE	0.0183034539	FALSE	0.0494208038	FALSE	0.0505490601	FALSE	0.367860615	FALSE	0.010890007	FALSE	0.0888863206	FALSE	0.00759997964	FALSE	0.013302058	FALSE	0.0237935185	FALSE	0.0737306476	FALSE
2019	061-2019	REALIGNING THE AMOUNT OF ₱600,000.00 FROM THE PROJECT 'IMPROVEMENT OF DAY CARE CENTER' UNDER ORDINANCE NUMBERED 113, SERIES OF 2017 TO 'CONSTRUCTION OF BUILDING EXTENSION AT THE BACK OF THE DAY CARE CENTER' AT PACDAL BARANGAY, BAGUIO CITY.	0.0517218709	FALSE	0.0136342943	FALSE	0.0190528929	FALSE	0.0292199552	FALSE	0.0199384391	FALSE	0.00597432256	FALSE	0.00497517	FALSE	0.10159418	FALSE	0.068723917	FALSE	0.0626703799	FALSE	0.42921102	FALSE	0.015201658	FALSE	0.0197239518	FALSE	0.0047326982	FALSE	0.0159480274	FALSE	0.0826690495	FALSE	0.164766848	FALSE
2019	062-2019	APPROVING THE REQUESTS FOR AUTHORITY TO CHARGE AND DISBURSE THE TOTAL AMOUNT OF ₱16,914.00 AGAINST CURRENT APPROPRIATIONS OF THE SANGGUNIANG PANLUNGSOD UNDER ACCOUNT CODE 5-01-02-140 (YEAR END BONUS) IN THE AMOUNT OF ₱11,914.00 AND ACCOUNT CODE 5-01-02-150 (CASH GIFT) IN THE AMOUNT OF ₱5,000.00 FOR THE PAYMENT OF 13TH MONTH PAY AND CASH GIFT OF MR. RHOY S. DELOS SANTOS FOR THE PERIOD 01 JANUARY 2018 TO 05 NOVEMBER 2018.	0.0228676796	FALSE	0.021406889	FALSE	0.00891897082	FALSE	0.00843939185	FALSE	0.1023449	FALSE	0.00441348553	FALSE	0.00585114956	FALSE	0.1717152	FALSE	0.018820107	FALSE	0.256668329	FALSE	0.011218816	FALSE	0.0168040693	FALSE	0.0186602473	FALSE	0.00640624762	FALSE	0.0140827298	FALSE	0.446349144	FALSE	0.093198	FALSE
2019	063-2019	REVERTING TO THE GENERAL FUND THE AMOUNT OF ₱18,789,608.00 OBLIGATED UNDER ACCOUNT NO. 05-01-01-010 (OBR NO. 1011-18-12-947) AND RE-APPROPRIATING THE AMOUNT TO FUND THE PROJECT 'REPLACEMENT OF BUSTED CITY STREETLIGHTS INTO LIGHT EMITTING DIODE (LED) STREETLIGHTS' FOR VARIOUS BARANGAYS IN THE CITY OF BAGUIO.	0.0318889916	FALSE	0.0125851035	FALSE	0.0115379393	FALSE	0.014641732	FALSE	0.0142045617	FALSE	0.00861391425	FALSE	0.00932219625	FALSE	0.0449672341	FALSE	0.0519039035	FALSE	0.0446126461	FALSE	0.858285546	TRUE	0.0140925944	FALSE	0.0280776024	FALSE	0.0166479051	FALSE	0.0328178108	FALSE	0.0308290422	FALSE	0.0525106192	FALSE
2019	064-2019	APPROVING THE REQUEST OF MEGAJB2M FILMS FOR EXEMPTION FROM THE PAYMENT OF AMUSEMENT TAX OF ITS DIGITAL MOVIE ENTITLED, 'BUGSO'.	0.0223622024	FALSE	0.0412646532	FALSE	0.0044939816	FALSE	0.0388427079	FALSE	0.0873122811	FALSE	0.00475278497	FALSE	0.0272752643	FALSE	0.343478143	FALSE	0.0438518822	FALSE	0.186852813	FALSE	0.0247896016	FALSE	0.0248131156	FALSE	0.0474834144	FALSE	0.00800436735	FALSE	0.011998564	FALSE	0.20003885	FALSE	0.0836049616	FALSE
2019	065-2019	APPROVING THE CLOSURE OF SESSION ROAD TO VEHICULAR TRAFFIC FOR FOUR (4) SUNDAYS UPON APPROVAL THEREOF, SUBJECT TO CONDITIONS.	0.0109728575	FALSE	0.016651392	FALSE	0.0125631094	FALSE	0.0219872	FALSE	0.0179076791	FALSE	0.0075122714	FALSE	0.0184747577	FALSE	0.0244550705	FALSE	0.0516690314	FALSE	0.0157132745	FALSE	0.469473749	FALSE	0.0146141648	FALSE	0.130302638	FALSE	0.00868448615	FALSE	0.0171092749	FALSE	0.0163822472	FALSE	0.0389532149	FALSE
2019	066-2019	REALIGNING THE AMOUNT OF ₱100,000.00 FROM THE PROJECT 'CONSTRUCTION OF TALIPAPA AT PUROK 3, MILITARY CUT-OFF BARANGAY' UNDER THE 2015 LOCAL DEVELOPMENT FUND TO 'CONCRETING OF ROAD AT WAGNER ROAD, PUROK 4' AT MILITARY CUT-OFF BARANGAY, BAGUIO CITY.	0.0391152501	FALSE	0.0110844076	FALSE	0.0101570487	FALSE	0.0111218393	FALSE	0.00869262218	FALSE	0.00802740455	FALSE	0.00508967042	FALSE	0.0361317098	FALSE	0.0608195364	FALSE	0.0277551413	FALSE	0.710318863	TRUE	0.0164535344	FALSE	0.0193655491	FALSE	0.00775697827	FALSE	0.0367079675	FALSE	0.0231056213	FALSE	0.0859719217	FALSE
2019	067-2019	REALIGNING THE AMOUNT OF P150,000.00 FROM THE PROJECT 'CONSTRUCTION OF CONCRETE PATHWAY FROM SOLEDAD KIPONG'S RESIDENCE TO GEORGE CAYUMBA'S RESIDENCE AT PUROK 5' UNDER THE 2019 LOCAL DEVELOPMENT FUND TO 'CONTINUATION OF COVERED CANAL INCLUDING PATHWAY AND RAILINGS FROM DANIEL TABEK TO NABULAY RESIDENCE' AT CAMP 8 BARANGAY, BAGUIO CITY.	0.0307489038	FALSE	0.0145726204	FALSE	0.00885367393	FALSE	0.0155892074	FALSE	0.0134347379	FALSE	0.0155749619	FALSE	0.00788131356	FALSE	0.0328482091	FALSE	0.0468721688	FALSE	0.0267310441	FALSE	0.846303701	TRUE	0.0161385536	FALSE	0.0227282047	FALSE	0.0162431896	FALSE	0.0497780442	FALSE	0.0175453424	FALSE	0.032586813	FALSE
2019	068-2019	REALIGNING THE AMOUNT OF P319,779.60 FROM THE PROJECT 'RESTORATION OF ERODED ROAD SHOULDER NEAR ARACELI PATTING'S RESIDENCE AT SITIO LUBAS' UNDER THE 2019 DISASTER RISK REDUCTION AND MANAGEMENT FUND TO 'REPAIR AND RESTORATION OF ERODED RIPRAP NEAR MATEO MAGNO'S RESIDENCE, UPPER APUGAN' AT STO. TOMAS CENTRAL (SCHOOL AREA) BARANGAY, BAGUIO CITY.	0.0198194981	FALSE	0.0118579865	FALSE	0.0103933215	FALSE	0.0104922652	FALSE	0.00920453668	FALSE	0.0106615722	FALSE	0.0115735233	FALSE	0.0112478733	FALSE	0.0212738216	FALSE	0.0124865174	FALSE	0.129595101	FALSE	0.0171455741	FALSE	0.800676048	TRUE	0.0166371465	FALSE	0.0314259231	FALSE	0.0160081387	FALSE	0.0249549448	FALSE
2019	069-2019	REALIGNING THE AMOUNT OF P300.000.00 FROM THE PROJECT 'CONSTRUCTION OF SLOPE PROTECTION BESIDE THE ROAD NEAR EDWIN KELLY'S RESIDENCE AT SITIO BILIS' UNDER THE 2019 LOCAL DEVELOPMENT FUND TO 'CONTINUATION OF THE RESTORATION OF ERODED ROAD SHOULDER NEAR SALAO'S RESIDENCE' AT STO. TOMAS CENTRAL (SCHOOL AREA) BARANGAY, BAGUIO CITY.	0.0250301063	FALSE	0.0123733878	FALSE	0.0147302449	FALSE	0.0317311585	FALSE	0.0117495954	FALSE	0.011243403	FALSE	0.00964546204	FALSE	0.0214053094	FALSE	0.0289254785	FALSE	0.0208922625	FALSE	0.851456881	TRUE	0.013194114	FALSE	0.027675271	FALSE	0.0179422498	FALSE	0.0527551472	FALSE	0.019601047	FALSE	0.0255039036	FALSE
2019	070-2019	APPROVING THE REQUEST FOR AUTHORITY TO CHARGE THE AMOUNT OF ₱7,350.00 AGAINST CURRENT APPROPRIATION OF THE CITY BUILDINGS AND ARCHITECTURE OFFICE UNDER ACCOUNT CODE 5-02-13-060 FOR THE 40,000 KM CHANGE OIL OF FORD ECOSPORT SLH 149.	0.0238999426	FALSE	0.0137159228	FALSE	0.00873124599	FALSE	0.0177508891	FALSE	0.0131317973	FALSE	0.0132989883	FALSE	0.0134286582	FALSE	0.0375818	FALSE	0.0440517962	FALSE	0.0369223654	FALSE	0.892730594	TRUE	0.0194853842	FALSE	0.0633711517	FALSE	0.0205053389	FALSE	0.0444066226	FALSE	0.0301190317	FALSE	0.0325406492	FALSE
2019	071-2019	APPROVING THE REQUEST FOR AUTHORITY TO CHARGE THE AMOUNT OF ₱8,400.00 AGAINST CURRENT APPROPRIATION OF THE CITY HEALTH SERVICES OFFICE UNDER ACCOUNT CODE 5-02-03-090 TO COVER PAYMENTS FOR GASOLINE CONSUMPTION FROM SEPTEMBER TO DECEMBER 2018	0.0332948565	FALSE	0.0210503042	FALSE	0.0518108308	FALSE	0.0347369313	FALSE	0.00952908397	FALSE	0.0129335225	FALSE	0.0311912298	FALSE	0.0482742488	FALSE	0.0679146051	FALSE	0.0665815771	FALSE	0.15596357	FALSE	0.0282910168	FALSE	0.0179583132	FALSE	0.00304275751	FALSE	0.0130753219	FALSE	0.050139308	FALSE	0.190929204	FALSE
2019	072-2019	APPROVING THE REQUEST TO CHARGE THE AMOUNT OF ₱87,209.00 AGAINST THE 2019 CITY DISASTER RISK REDUCTION FUND TO COMPLETE PAYMENT FOR CONTRACT AWARDED TO RIANELLA PRINTING PRESS	0.0201586783	FALSE	0.01406461	FALSE	0.0102306604	FALSE	0.0133341253	FALSE	0.0129475	FALSE	0.00809165835	FALSE	0.0137436092	FALSE	0.0179959238	FALSE	0.0274907351	FALSE	0.0193527639	FALSE	0.0841457844	FALSE	0.0180522799	FALSE	0.869921446	TRUE	0.0205967724	FALSE	0.0198755562	FALSE	0.0240458846	FALSE	0.0417703092	FALSE
2019	073-2019	APPROVING THE REQUEST TO CHARGE THE AMOUNT OF ₱3,000.00 AGAINST CURRENT APPROPRIATION OF THE CITY HEALTH SERVICES OFFICE FOR THE PROFICIENCY TESTING PROGRAM FOR WATER TESTING LABORATORY FOR THE YEAR 2018	0.0375504792	FALSE	0.0273707807	FALSE	0.0533689559	FALSE	0.181703269	FALSE	0.0212202072	FALSE	0.473542452	FALSE	0.00758343935	FALSE	0.0121003091	FALSE	0.0440070033	FALSE	0.0372074842	FALSE	0.0941129625	FALSE	0.0198763311	FALSE	0.013851732	FALSE	0.0128539205	FALSE	0.0152097642	FALSE	0.0216700733	FALSE	0.0983760953	FALSE
2019	074-2019	TRANSFER OF FUNDS IN THE MUNICIPAL TRIAL COURT IN CITIES FROM FUEL, OIL AND LUBRICANTS ACCOUNT TO SUBSCRIPTION AND OFFICE SUPPLIES EXPENSES	0.0305485129	FALSE	0.0468106568	FALSE	0.00388562679	FALSE	0.0100090504	FALSE	0.0437959135	FALSE	0.00398948789	FALSE	0.0262492	FALSE	0.464070499	FALSE	0.0821070075	FALSE	0.0528850555	FALSE	0.0299262404	FALSE	0.0527867377	FALSE	0.0305745304	FALSE	0.00496092439	FALSE	0.0131878853	FALSE	0.164007634	FALSE	0.0988402963	FALSE
2019	076-2019	AMENDING SECTIONS 1 AND 3 OF ORDINANCE NO. 013 SERIES OF 2001 TO MOVE 'LINGGO NG KABATAAN' OBSERVANCE TO WEEK OF AUGUST 12 IN LINE WITH INTERNATIONAL YOUTH DAY	0.0161159635	FALSE	0.0342179239	FALSE	0.0135110021	FALSE	0.02790609	FALSE	0.108045518	FALSE	0.0042862	FALSE	0.00852975249	FALSE	0.119570673	FALSE	0.0229709148	FALSE	0.333467305	FALSE	0.0144409835	FALSE	0.0138726532	FALSE	0.0451081395	FALSE	0.00778725743	FALSE	0.00998869538	FALSE	0.39955169	FALSE	0.1416623	FALSE
2019	077-2019	REVERTING ₱3,500,000.00 TO GENERAL FUND SURPLUS AND RE-APPROPRIATING SAME FOR CASH AWARDS TO NONAGENARIANS IN BAGUIO CITY	0.147898883	FALSE	0.0727577507	FALSE	0.00619623065	FALSE	0.0248776972	FALSE	0.067581	FALSE	0.00417247415	FALSE	0.00847497582	FALSE	0.215515912	FALSE	0.0414225459	FALSE	0.376223803	FALSE	0.0500181317	FALSE	0.0149965286	FALSE	0.0631022751	FALSE	0.00551989675	FALSE	0.0145322978	FALSE	0.0268360376	FALSE	0.108913749	FALSE
2019	078-2019	REALIGNING ₱100,000.00 FROM CEMENTING BARANGAY ROAD AT PUROK 1 TO IMPROVEMENT OF MULTI-PURPOSE COURT AT PUROK 6 IN CABINET HILL-TEACHERS CAMP BARANGAY	0.0212834179	FALSE	0.0358963907	FALSE	0.0111998916	FALSE	0.191854477	FALSE	0.052695632	FALSE	0.00810435414	FALSE	0.0176672041	FALSE	0.0592778325	FALSE	0.0353849828	FALSE	0.0220515728	FALSE	0.460736096	FALSE	0.0114630461	FALSE	0.0409882367	FALSE	0.00822398067	FALSE	0.0162594318	FALSE	0.0450517237	FALSE	0.0234387815	FALSE
2019	079-2019	REALIGNING ₱1,000,000.00 FROM REPAIR AND REHABILITATION OF SLOPE PROTECTION TO REHABILITATION OF RIPRAP AND ROAD AT PUROK 5 IN BAKAKENG NORTE/SUR BARANGAY	0.0329258442	FALSE	0.0243639648	FALSE	0.00866991282	FALSE	0.0115827024	FALSE	0.014208287	FALSE	0.0127133727	FALSE	0.0113911927	FALSE	0.0296276808	FALSE	0.0283614397	FALSE	0.0227585435	FALSE	0.790231109	TRUE	0.023824811	FALSE	0.0498532355	FALSE	0.0224797726	FALSE	0.148583442	FALSE	0.0192682147	FALSE	0.0291958153	FALSE
2019	080-2019	REALIGNING ₱100,000.00 FROM IMPROVEMENT OF ALLEY AT BALACBAC INTERIOR A TO CONSTRUCTION OF CANAL AT ATAB NEAR LEKYANG'S RESIDENCE IN STO. TOMAS PROPER BARANGAY	0.0305930972	FALSE	0.0249410272	FALSE	0.00704023242	FALSE	0.0381301939	FALSE	0.0258128643	FALSE	0.0194454193	FALSE	0.018830806	FALSE	0.0466516316	FALSE	0.048374176	FALSE	0.028157562	FALSE	0.831437826	TRUE	0.0160939097	FALSE	0.056375742	FALSE	0.0262747705	FALSE	0.0330551267	FALSE	0.0221575797	FALSE	0.019705385	FALSE
2019	081-2019	INSTITUTIONALIZING THE "MANGAN TAKU" (LET'S EAT): CORDILLERA FOOD FESTIVAL" EVERY SECOND WEEK OF APRIL AS PART OF THE SUMVAC (SUMMER VACATION) ACTIVITIES OF THE CITY OF BAGUIO.	0.0190512836	FALSE	0.703169465	TRUE	0.00607743859	FALSE	0.0143138468	FALSE	0.0286551714	FALSE	0.0145470798	FALSE	0.0201773345	FALSE	0.0456743836	FALSE	0.0269781053	FALSE	0.0206897855	FALSE	0.0541540384	FALSE	0.0517167151	FALSE	0.0489545763	FALSE	0.00919082761	FALSE	0.0290762782	FALSE	0.0160255134	FALSE	0.0182348788	FALSE
2019	082-2019	REVERTING ₱160,000.00 TO GENERAL FUND SURPLUS AND RE-APPROPRIATING SAME TO INSTALL A SEWERLINE FROM TOBISHIMA LINE TO PAGADUAN'S EATERY IN SLAUGHTER HOUSE COMPOUND	0.0186733	FALSE	0.677774251	TRUE	0.00404128432	FALSE	0.0160404146	FALSE	0.0308611989	FALSE	0.0399087965	FALSE	0.0135018229	FALSE	0.0605766475	FALSE	0.0312072635	FALSE	0.0219187737	FALSE	0.0109506249	FALSE	0.0818277895	FALSE	0.0386453569	FALSE	0.0155461431	FALSE	0.0227553546	FALSE	0.0106134415	FALSE	0.0200140774	FALSE
2019	083-2019	TRANSFER OF FUNDS IN THE CITY LIBRARY OFFICE FROM SUBSCRIPTION EXPENSE ACCOUNT TO TRAVELLING EXPENSES ACCOUNT FOR LOCAL TRAININGS AND SEMINARS.	0.0256146491	FALSE	0.0198586285	FALSE	0.00509142876	FALSE	0.158213049	FALSE	0.0379084647	FALSE	0.00308871269	FALSE	0.00813695788	FALSE	0.24311471	FALSE	0.0645124316	FALSE	0.166711	FALSE	0.0625046492	FALSE	0.00962275267	FALSE	0.042282939	FALSE	0.004493922	FALSE	0.00727835298	FALSE	0.0266946852	FALSE	0.0960330367	FALSE
2019	084-2019	AMENDING FURTHER ORDINANCE NUMBERED 45, SERIES OF 2013 [HONORING THE CENTENARIANS OF THE CITY OF BAGUIO] AS AMENDED BY ORDINANCE NUMBERED 53, SERIES OF 2016.	0.0344544947	FALSE	0.0267265737	FALSE	0.00863483548	FALSE	0.0403943658	FALSE	0.0419880152	FALSE	0.0043245554	FALSE	0.00766688585	FALSE	0.0501379967	FALSE	0.0235181451	FALSE	0.235775739	FALSE	0.127056301	FALSE	0.00741401315	FALSE	0.0778643489	FALSE	0.00566381216	FALSE	0.0117020607	FALSE	0.224111408	FALSE	0.0964268148	FALSE
2019	085-2019	APPROVING THE REQUEST OF THE HOTEL AND RESTAURANT ASSOCIATION OF BAGUIO (HRAB) FOR EXEMPTION FROM PAYMENT OF AMUSEMENT TAX FOR DESIGNATED EVENTS IN SEPTEMBER AND OCTOBER 2019.	0.0331291258	FALSE	0.0675081313	FALSE	0.00696259737	FALSE	0.0427905321	FALSE	0.0714556	FALSE	0.0045440197	FALSE	0.0137844086	FALSE	0.486497909	FALSE	0.0506895781	FALSE	0.195506841	FALSE	0.0557666719	FALSE	0.0402684212	FALSE	0.0770459771	FALSE	0.00820544362	FALSE	0.0202913582	FALSE	0.174131423	FALSE	0.107411057	FALSE
2019	086-2019	HIRING THE SERVICES OF A FILIPINO SIGN LANGUAGE INTERPRETER TO AID CONSTITUENTS WITH HEARING IMPAIRMENTS DURING PUBLIC AND CITY GOVERNMENT EVENTS.	0.0294114351	FALSE	0.0137848258	FALSE	0.00575861335	FALSE	0.0647397637	FALSE	0.0589633286	FALSE	0.0038792491	FALSE	0.00551760197	FALSE	0.0499979556	FALSE	0.0209975243	FALSE	0.41047594	FALSE	0.0562902093	FALSE	0.00505718589	FALSE	0.0381015837	FALSE	0.00504991412	FALSE	0.00709089637	FALSE	0.124849707	FALSE	0.0621524453	FALSE
2019	087-2019	INSTITUTIONALIZING EVERY 9TH DAY OF AUGUST OF EVERY YEAR AS INTERNATIONAL DAY OF THE WORLD'S INDIGENOUS PEOPLES IN THE CITY OF BAGUIO, MAKING IT AN ANNUAL ACTIVITY OF THE CITY GOVERNMENT OF BAGUIO, CREATING A COMMITTEE FOR THE PURPOSE, AND APPROPRIATING FUNDS THEREFOR.	0.0492735803	FALSE	0.0244731307	FALSE	0.00828826427	FALSE	0.0269972682	FALSE	0.0419582725	FALSE	0.00429931283	FALSE	0.00517395139	FALSE	0.101608634	FALSE	0.0458596945	FALSE	0.347952127	FALSE	0.167078316	FALSE	0.0121561289	FALSE	0.0322523117	FALSE	0.00665548444	FALSE	0.016561985	FALSE	0.227750123	FALSE	0.217529655	FALSE
2019	088-2019	REVERTING TO THE GENERAL FUND THE AMOUNTS OF ₱1,070,000.00 AND ₱2,000,000.00 AND RE-APPROPRIATING SAME FOR ROAD REPAIR PROJECTS AT PUROK 8 KIAS AND MALIGCONG VILLAGE IN PINSAO PILOT BARANGAY.	0.025796175	FALSE	0.0153350532	FALSE	0.00842362642	FALSE	0.0149932504	FALSE	0.0104550421	FALSE	0.0108117163	FALSE	0.00634470582	FALSE	0.0408038795	FALSE	0.078269273	FALSE	0.0170093775	FALSE	0.726106286	TRUE	0.0179813504	FALSE	0.0159250796	FALSE	0.0113384724	FALSE	0.0285252631	FALSE	0.0123785734	FALSE	0.0474628508	FALSE
2019	089-2019	APPROVING THE REQUEST TO UTILIZE THE UNEXPENDED CAPITAL OUTLAY IN CY 2018 OF THE CITY ENGINEERING OFFICE AMOUNTING TO ₱4,800,000.00 FOR THE PURCHASE OF FOUR SERVICE VEHICLES.	0.0158163309	FALSE	0.0142439008	FALSE	0.010882169	FALSE	0.0253994167	FALSE	0.010461688	FALSE	0.0105906427	FALSE	0.0156039596	FALSE	0.0341210067	FALSE	0.13009426	FALSE	0.0439396501	FALSE	0.764660656	TRUE	0.0189671218	FALSE	0.041801095	FALSE	0.0135010779	FALSE	0.0234106183	FALSE	0.0231828392	FALSE	0.089473784	FALSE
2019	090-2019	CHANGING THE PROJECT TITLE UNDER THE 2019 DEVELOPMENT FUND FROM “CONSTRUCTION OF VARIOUS PATHWAYS” TO “CONTINUATION OF LONG SPAN PATHWAY” AT ATOK TRAIL BARANGAY, BAGUIO CITY.	0.0282564759	FALSE	0.0189659297	FALSE	0.00519278646	FALSE	0.0194942355	FALSE	0.0165927112	FALSE	0.0049136579	FALSE	0.00492122769	FALSE	0.0928276777	FALSE	0.149089485	FALSE	0.0423198342	FALSE	0.255156279	FALSE	0.0191003382	FALSE	0.0298174918	FALSE	0.00409409404	FALSE	0.019497931	FALSE	0.0126513243	FALSE	0.102322072	FALSE
2019	091-2019	CHANGING THE PROJECT TITLE 'ROAD PROTECTION AND WIDENING' UNDER THE 2015 DISASTER RISK REDUCTION MANAGEMENT FUND AMOUNTING TO ₱2,000,000.00 TO 'CONSTRUCTION OF CANAL AND SPILLWAY AT UPPER ATOK TRAIL AND REHABILITATION OF DRAINAGE ALONG BARANGAY ROAD NEAR CAMCAM RESIDENCE' AT ATOK TRAIL BARANGAY, BAGUIO CITY.	0.0197104812	FALSE	0.0105877221	FALSE	0.00936311483	FALSE	0.0121868253	FALSE	0.0100996196	FALSE	0.0130617619	FALSE	0.00986665487	FALSE	0.0111855268	FALSE	0.0198732316	FALSE	0.0147943199	FALSE	0.174717128	FALSE	0.0150260627	FALSE	0.762973607	TRUE	0.0201552808	FALSE	0.028639257	FALSE	0.0181997716	FALSE	0.0244954526	FALSE
2019	092-2019	REALIGNING THE AMOUNT OF P100,000.00 FROM THE PROJECT 'INSTALLATION OF FENCE WITH GATE AT THE FRONTAGE OF SENIOR CITIZENS BUILDING' UNDER THE 2016 DEVELOPMENT FUND TO 'REHABILITATION OF SEWERLINE AT QUINTO ALLEY FROM MAGALONG RESIDENCE UPTO CASTRO RESIDENCE' AT ENGINEER'S HILL, BAGUIO CITY.	0.0120801628	FALSE	0.0119194984	FALSE	0.00607284904	FALSE	0.019046247	FALSE	0.0092625618	FALSE	0.075386107	FALSE	0.0067050159	FALSE	0.0289991498	FALSE	0.0408882201	FALSE	0.0199471116	FALSE	0.696800232	TRUE	0.0265257955	FALSE	0.0179384947	FALSE	0.0364908576	FALSE	0.0469301939	FALSE	0.0199565	FALSE	0.0239190459	FALSE
2019	093-2019	REALIGNING THE AMOUNT OF ₱800,000.00 FROM THE PROJECT 'CONTINUATION OF DRAINAGE CANAL FROM BADUA TO BUSTARDE'S RESIDENCE' UNDER THE 2019 DISASTER RISK REDUCTION MANAGEMENT FUND TO 'CONSTRUCTION AND INSTALLATION OF BOX CULVERT LOCATED IN THE BRIDGE BETWEEN PUROKS 2, 3, 5 AND 6' AT HILLSIDE BARANGAY, BAGUIO CITY	0.0167279541	FALSE	0.0107055306	FALSE	0.00774765	FALSE	0.00941881537	FALSE	0.00883626938	FALSE	0.011302799	FALSE	0.0117329359	FALSE	0.0109768808	FALSE	0.0215700269	FALSE	0.0135771334	FALSE	0.130788505	FALSE	0.0177496076	FALSE	0.79031086	TRUE	0.0194175541	FALSE	0.030947	FALSE	0.0164688826	FALSE	0.0244039595	FALSE
2019	094-2019	REALIGNING THE AMOUNT OF ₱500,000.00 FROM THE PROJECT 'EROSION CONTROL/RIPRAPPING OF ERODED SOIL LOCATED AT THE BARANGAY PARK' UNDER THE 2019 DISASTER RISK REDUCTION MANAGEMENT FUND TO 'REHABILITATION OF COMMUNITY WATER SYSTEM' AT NORTH SANITARY CAMP BARANGAY, BAGUIO CITY.	0.0147052109	FALSE	0.0167118609	FALSE	0.00879839063	FALSE	0.0131238103	FALSE	0.00923404098	FALSE	0.0808379352	FALSE	0.0129632354	FALSE	0.00815233588	FALSE	0.0193456411	FALSE	0.0133883357	FALSE	0.0935180783	FALSE	0.0271300673	FALSE	0.751461267	TRUE	0.0266329646	FALSE	0.0409375131	FALSE	0.0161925852	FALSE	0.0235981643	FALSE
2019	095-2019	APPROVING THE EXTENSION OF THE CLOSURE OF SESSION ROAD TO VEHICULAR TRAFFIC EVERY SUNDAYS UNTIL 31 DECEMBER 2019 UPON APPROVAL THEREOF, SUBJECT TO THE CONDITIONS SET FORTH UNDER ORDINANCE NUMBERED 65, SERIES OF 2019.	0.0164286792	FALSE	0.0153082311	FALSE	0.0211325288	FALSE	0.0270879567	FALSE	0.0181353688	FALSE	0.00721409917	FALSE	0.0191452503	FALSE	0.0358842611	FALSE	0.102738619	FALSE	0.0515518785	FALSE	0.443406135	FALSE	0.018315047	FALSE	0.117013991	FALSE	0.00842651725	FALSE	0.0232085586	FALSE	0.0615027845	FALSE	0.181078345	FALSE
2019	096-2019	APPROVING THE FREE USE OF ATHLETIC BOWL FOR ZEN SUMMIT EVENTS’ FUN RUN “KEEP GOING: A RUN FOR MENTAL HEALTH” SUBJECT TO CONDITIONS.	0.0383967459	FALSE	0.0528939962	FALSE	0.0302893519	FALSE	0.0642418563	FALSE	0.585939288	TRUE	0.00409427285	FALSE	0.00737649202	FALSE	0.111133665	FALSE	0.015430361	FALSE	0.152859956	FALSE	0.00874882936	FALSE	0.00747483969	FALSE	0.0232131183	FALSE	0.00466188788	FALSE	0.00741058588	FALSE	0.0411641	FALSE	0.0292906463	FALSE
2019	097-2019	TRANSFER OF ₱30,000.00 IN THE CITY LEGAL OFFICE FROM MAINTENANCE AND OTHER OPERATING EXPENSES TO TRAVELLING EXPENSES-LOCAL	0.0343732238	FALSE	0.0188492537	FALSE	0.0058760643	FALSE	0.0167293251	FALSE	0.0525560677	FALSE	0.00267234445	FALSE	0.00878232718	FALSE	0.234286487	FALSE	0.0431524515	FALSE	0.1865004	FALSE	0.118427783	FALSE	0.0115421712	FALSE	0.0495530069	FALSE	0.00494000316	FALSE	0.0133351088	FALSE	0.213810056	FALSE	0.126138985	FALSE
2019	098-2019	PRESCRIBING GUIDELINES FOR THE ACCREDITATION, MOBILIZATION AND PROTECTION OF COMMUNITY DISASTER VOLUNTEERS AND PROVIDING FUNDS THEREOF.	0.027510494	FALSE	0.0180270672	FALSE	0.0157516	FALSE	0.00998163223	FALSE	0.0185423195	FALSE	0.00591123104	FALSE	0.0108141303	FALSE	0.0247632861	FALSE	0.0266817808	FALSE	0.0389434397	FALSE	0.0499894023	FALSE	0.0173237622	FALSE	0.801107049	TRUE	0.0177024305	FALSE	0.0185871422	FALSE	0.0374393761	FALSE	0.0741532445	FALSE
2019	099-2019	TRANSFER OF FUNDS IN THE CITY ACCOUNTING OFFICE FROM TRAINING EXPENSE TO REPAIR AND MAINTENANCE – TRANSPORTATION EQUIPMENT DUE TO INSUFFICIENT FUNDS	0.0169991255	FALSE	0.0147615373	FALSE	0.00356593728	FALSE	0.0304994881	FALSE	0.0123767853	FALSE	0.00414216518	FALSE	0.0133595765	FALSE	0.183633685	FALSE	0.197345227	FALSE	0.0559140742	FALSE	0.248393774	FALSE	0.0212174952	FALSE	0.0557016134	FALSE	0.00735163689	FALSE	0.0129927397	FALSE	0.0157760978	FALSE	0.107646227	FALSE
2019	100-2019	ALLOCATING ₱1,500,000.00 FROM THE 30% CITY DRRM QUICK RESPONSE FUND AS FINANCIAL ASSISTANCE TO EARTHQUAKE-STRICKEN MUNICIPALITIES IN MINDANAO	0.0531406701	FALSE	0.0236759186	FALSE	0.0156042576	FALSE	0.0138072371	FALSE	0.0170796216	FALSE	0.00415346026	FALSE	0.0170321763	FALSE	0.0555874705	FALSE	0.0430825949	FALSE	0.135826856	FALSE	0.112709314	FALSE	0.0149712563	FALSE	0.459293306	FALSE	0.00981190801	FALSE	0.0145047605	FALSE	0.0539337695	FALSE	0.188885212	FALSE
2019	101-2019	GRANTING FINANCIAL ASSISTANCE TO THE PROVINCE OF BATANES CHARGED FROM THE 70% DRRM FUND UNDER REFERENCE CODE-2019-3-49 OF THE CITY GOVERNMENT OF BAGUIO.	0.0400540531	FALSE	0.0176345706	FALSE	0.0124485195	FALSE	0.0187311471	FALSE	0.0140604675	FALSE	0.00505724549	FALSE	0.0088570118	FALSE	0.047619611	FALSE	0.0683092177	FALSE	0.229353577	FALSE	0.122333854	FALSE	0.0124307871	FALSE	0.0656894743	FALSE	0.00698131323	FALSE	0.013066113	FALSE	0.135222793	FALSE	0.336876154	FALSE
2019	102-2019	REVERTING TO THE SURPLUS ACCOUNT OF THE GENERAL FUND THE AMOUNT OF P3,800,000.00 OBLIGATED UNDER ACCOUNT NO. 1011-18-12-947 (SALARIES AND WAGES-REGULAR) OF THE CITY MAYOR'S OFFICE AND RE-APPROPRIATING THE SAME AMOUNT TO COVER THE PEACE AND ORDER PROGRAM OF THE DIFFERENT BARANGAYS IN THE CITY OF BAGUIO.	0.0481857061	FALSE	0.0135656297	FALSE	0.00385198	FALSE	0.0228316486	FALSE	0.0372310877	FALSE	0.00450724363	FALSE	0.0105300844	FALSE	0.641608834	TRUE	0.0439307094	FALSE	0.147343755	FALSE	0.0369772613	FALSE	0.0175345242	FALSE	0.0136024952	FALSE	0.00515660644	FALSE	0.00846526	FALSE	0.0804736614	FALSE	0.0603112578	FALSE
2019	103-2019	REALIGNING THE AMOUNT OF P150,000.00 FROM THE PROJECT 'CONTINUATION OF BARANGAY MULTI PURPOSE HALL' UNDER THE 2016 ANNUAL INVESTMENT PROGRAM TO 'CONCRETING OF PATHWAY AT SECTOR 4' AT GREENWATER VILLAGE BARANGAY, BAGUIO CITY.	0.0131127238	FALSE	0.0437886119	FALSE	0.00334820151	FALSE	0.0099876523	FALSE	0.00754159689	FALSE	0.279786706	FALSE	0.00909543	FALSE	0.0239929855	FALSE	0.172638595	FALSE	0.0159185231	FALSE	0.0883878469	FALSE	0.149975359	FALSE	0.048360467	FALSE	0.00837704539	FALSE	0.0644933581	FALSE	0.0134864748	FALSE	0.103510827	FALSE
2019	104-2019	TRANSFER OF FUNDS IN THE CITY VETERINARY OFFICE FROM SALARIES AND WAGES-REGULAR TO OVERTIME AND NIGHT PAY TO COVER EMPLOYEE BENEFITS	0.0543581545	FALSE	0.0650345683	FALSE	0.00739491	FALSE	0.0452714562	FALSE	0.0979822874	FALSE	0.00455179811	FALSE	0.0108420849	FALSE	0.674603105	TRUE	0.0484167635	FALSE	0.0756400228	FALSE	0.0156982839	FALSE	0.0258921683	FALSE	0.0222379863	FALSE	0.00483560562	FALSE	0.0107957125	FALSE	0.0371058881	FALSE	0.0587369502	FALSE
2019	105-2019	TRANSFER OF FUNDS IN THE CITY ENGINEERING OFFICE TO AUGMENT AND SETTLE CURRENT AND PRIOR YEAR PERSONAL SERVICES EXPENSES INCLUDING TERMINAL LEAVE BENEFITS	0.0307352245	FALSE	0.0237360895	FALSE	0.0077816844	FALSE	0.0350844264	FALSE	0.0183049142	FALSE	0.00491860509	FALSE	0.0147218704	FALSE	0.0824659467	FALSE	0.130451679	FALSE	0.0804976523	FALSE	0.392018557	FALSE	0.0138217211	FALSE	0.102977514	FALSE	0.00620353222	FALSE	0.0105924904	FALSE	0.0254912376	FALSE	0.142405987	FALSE
2019	106-2019	TRANSFER OF FUNDS IN THE CITY ENVIRONMENT AND PARKS MANAGEMENT OFFICE	0.018850565	FALSE	0.0117427111	FALSE	0.00495144725	FALSE	0.0065511167	FALSE	0.00493446	FALSE	0.0080986619	FALSE	0.00795814395	FALSE	0.0246169269	FALSE	0.0358937085	FALSE	0.0225689113	FALSE	0.716163278	TRUE	0.0261195302	FALSE	0.0944873691	FALSE	0.0174293816	FALSE	0.100116313	FALSE	0.0160897076	FALSE	0.0348208547	FALSE
2019	107-2019	APPROVING THE REQUEST FOR THE PROCUREMENT OF ONE (1) SERVICE VEHICLE IN THE AMOUNT OF P2,305,500.00 UNDER ACCOUNT CODE NO. 1-07-06-010 (MOTOR VEHICLE) OF THE CITY ENVIRONMENT AND PARKS MANAGEMENT OFFICE.	0.0188855529	FALSE	0.0124431551	FALSE	0.00929662585	FALSE	0.00854107738	FALSE	0.00722447038	FALSE	0.014028281	FALSE	0.00853782892	FALSE	0.0181650221	FALSE	0.0270536244	FALSE	0.0160400271	FALSE	0.835386872	TRUE	0.0234493315	FALSE	0.0426944792	FALSE	0.0264829695	FALSE	0.123604625	FALSE	0.0196465552	FALSE	0.0240010321	FALSE
2019	108-2019	APPROVING THE REQUEST OF THE YOUTH FOR A UNITED WORLD (Y4UW) INTERNATIONAL FOR EXEMPTION FROM THE PAYMENT OF AMUSEMENT TAX FOR ITS EVENT 'HAMON: A BENEFIT CONCERT' ON 10 DECEMBER 2019 AT THE UNIVERSITY OF BAGUIO GYM.	0.0377002358	FALSE	0.051584661	FALSE	0.0115557015	FALSE	0.102386892	FALSE	0.0826701224	FALSE	0.00657126307	FALSE	0.0214318335	FALSE	0.242745042	FALSE	0.0822616816	FALSE	0.272996724	FALSE	0.0675579309	FALSE	0.0370129645	FALSE	0.0602802932	FALSE	0.00807565451	FALSE	0.0249182284	FALSE	0.319985062	FALSE	0.281631619	FALSE
2019	109-2019	APPROVING THE TEMPORARY CLOSURE OF ROADS TO VEHICULAR TRAFFIC STARTING AT NORTH DRIVE DOWN TO BOTH LANES OF SESSION ROAD UP TO THE JUNCTION OF MAGSAYSAY AVENUE, ONE LANE OF HARRISON ROAD ADJACENT TO THE MELVIN JONES GRANDSTAND, AND JOSE ABAD SANTOS DRIVE UP TO THE BAGUIO ATHLETIC BOWL, INCLUDING THE CLOSURE TO VEHICULAR PARKING OF THE BAGUIO ATHLETIC BOWL, DURING THE CONDUCT OF THE SAINT LOUIS UNIVERSITY 11TH LANTERN PARADE ON 01 DECEMBER 2019 FROM 3:00 PM IN THE AFTERNOON UNTIL THE PARADE ENDS.	0.0136412084	FALSE	0.00987023115	FALSE	0.0208592713	FALSE	0.029991895	FALSE	0.0160169601	FALSE	0.0120399892	FALSE	0.0104475021	FALSE	0.0181975365	FALSE	0.0285466611	FALSE	0.0204586983	FALSE	0.781480432	TRUE	0.0112965405	FALSE	0.0204001069	FALSE	0.0282579958	FALSE	0.0326412916	FALSE	0.0204809308	FALSE	0.0232972205	FALSE
2019	110-2019	TRANSFER OF FUNDS IN THE CITY TREASURY OFFICE	0.062566191	FALSE	0.0550886393	FALSE	0.00626456738	FALSE	0.0177586675	FALSE	0.0347228646	FALSE	0.0050124824	FALSE	0.0130458474	FALSE	0.260017514	FALSE	0.103121817	FALSE	0.142196566	FALSE	0.242602855	FALSE	0.0204693377	FALSE	0.0725042522	FALSE	0.00624877214	FALSE	0.0150745809	FALSE	0.0687816739	FALSE	0.179572254	FALSE
2019	112-2019	AMENDING ORDINANCE NUMBERED 92, SERIES OF 2019 [RE: REHABILITATION OF SEWERLINE AT QUINTO ALLEY, ENGINEERS HILL BARANGAY, FROM MAGALONG RESIDENCE UPTO CASTRO RESIDENCE] CHANGING THE NAME OF IMPLEMENTING OFFICE FROM 'CITY BUILDINGS AND ARCHITECTURE OFFICE' TO 'CITY ENVIRONMENT AND PARKS MANAGEMENT OFFICE'.	0.0135118067	FALSE	0.0135904849	FALSE	0.0054961741	FALSE	0.0132958293	FALSE	0.00893959403	FALSE	0.0334458649	FALSE	0.00681331754	FALSE	0.0228412151	FALSE	0.0317004621	FALSE	0.0155870914	FALSE	0.786677241	TRUE	0.0254133046	FALSE	0.0418545604	FALSE	0.0409684479	FALSE	0.0835569799	FALSE	0.0182786584	FALSE	0.0189622641	FALSE
2019	113-2019	CHANGING THE PROJECT TITLE, 'CONTINUATION IMPROVEMENT (EXCAVATION) OF THE MULTI-PURPOSE HALL OF SENIOR CITIZEN OF BARANGAY IRISAN LOT LOCATED AT PUROK 15' TO 'IMPROVEMENT OF DRIVEWAY FROM ROAD CONNECTING TO THE SENIOR CITIZEN BUILDING AT PUROK 15' UNDER THE 2019 DEVELOPMENT FUND AMOUNTING TO ₱100,000.00 AT IRISAN BARANGAY, BAGUIO CITY.	0.0278441608	FALSE	0.00993096828	FALSE	0.0112742484	FALSE	0.0153376162	FALSE	0.0110778809	FALSE	0.00701877475	FALSE	0.00489482284	FALSE	0.0391051471	FALSE	0.0711943209	FALSE	0.0289751	FALSE	0.749551356	TRUE	0.0193511546	FALSE	0.0199645758	FALSE	0.00905719399	FALSE	0.0419442654	FALSE	0.0299436748	FALSE	0.0956172347	FALSE
2019	114-2019	TRANSFER OF FUNDS IN THE OFFICE OF THE CITY ADMINISTRATOR	0.0341847539	FALSE	0.0317435861	FALSE	0.00682151318	FALSE	0.021504432	FALSE	0.0199506581	FALSE	0.00506615639	FALSE	0.0133584142	FALSE	0.0794439912	FALSE	0.0497808754	FALSE	0.198508054	FALSE	0.352294654	FALSE	0.0144645274	FALSE	0.101885736	FALSE	0.00794842839	FALSE	0.0201139152	FALSE	0.0964807	FALSE	0.12609598	FALSE
2019	115-2019	TRANSFER OF FUNDS IN THE CITY ENGINEERING OFFICE	0.0192842782	FALSE	0.0175327063	FALSE	0.00857552886	FALSE	0.0204408467	FALSE	0.0121819377	FALSE	0.00709635	FALSE	0.0152033865	FALSE	0.0532372594	FALSE	0.134997845	FALSE	0.0407547653	FALSE	0.703392506	TRUE	0.0175744295	FALSE	0.0593276918	FALSE	0.0110622942	FALSE	0.0191887915	FALSE	0.0285637379	FALSE	0.108227462	FALSE
2019	118-2019	REVERTING TO THE GENERAL FUND THE AMOUNT OF ₱882,423.49 AND REAPPROPRIATING THE SAME AMOUNT TO FUND THE COMPLETED PROJECT 'REHABILITATION OF SLOPE PROTECTION AND DRAINAGE' AT STO. TOMAS CENTRAL BARANGAY, BAGUIO CITY	0.0446669757	FALSE	0.017046541	FALSE	0.0112950206	FALSE	0.0104006529	FALSE	0.0122391582	FALSE	0.00972896814	FALSE	0.00946793	FALSE	0.0277693272	FALSE	0.0262052119	FALSE	0.0423219502	FALSE	0.818897903	TRUE	0.0226734281	FALSE	0.0502418578	FALSE	0.0201376081	FALSE	0.126134157	FALSE	0.037907958	FALSE	0.0498539805	FALSE
2019	120-2019	TRANSFER OF FUNDS IN THE CITY HUMAN RESOURCE MANAGEMENT OFFICE	0.0384406745	FALSE	0.0303325653	FALSE	0.00360023975	FALSE	0.00839880109	FALSE	0.00989541411	FALSE	0.00572645664	FALSE	0.00816255808	FALSE	0.459576488	FALSE	0.148253113	FALSE	0.0802713335	FALSE	0.0906033218	FALSE	0.0691271722	FALSE	0.0321343541	FALSE	0.00523555279	FALSE	0.0317437947	FALSE	0.0253705382	FALSE	0.20726192	FALSE
2019	121-2019	TRANSFER OF FUNDS IN THE CITY BUDGET OFFICE	0.0221524537	FALSE	0.0213033557	FALSE	0.00876969099	FALSE	0.0145802796	FALSE	0.011569649	FALSE	0.00487747788	FALSE	0.0137914419	FALSE	0.066090554	FALSE	0.0580333471	FALSE	0.101338089	FALSE	0.266065657	FALSE	0.0132037699	FALSE	0.0756602	FALSE	0.00600010157	FALSE	0.0121867657	FALSE	0.0563453138	FALSE	0.155448347	FALSE
2019	122-2019	AMENDING ORDINANCE NUMBERED 25, SERIES OF 1990, REQUIRING THE POLICY OF 'FIRST COME, FIRST SERVED' IN PUBLIC TRANSACTIONS AND PROVIDING PENALTIES FOR ITS VIOLATION	0.0156559348	FALSE	0.0122113526	FALSE	0.010178715	FALSE	0.0179310143	FALSE	0.0453905761	FALSE	0.00420954823	FALSE	0.00977295637	FALSE	0.0366036	FALSE	0.0150448084	FALSE	0.0919110179	FALSE	0.0163684189	FALSE	0.00956952572	FALSE	0.0307563245	FALSE	0.00708463788	FALSE	0.00992935896	FALSE	0.694873512	TRUE	0.0554409623	FALSE
2019	123-2019	ALLOCATING THE AMOUNT OF ₱500,000.00 FROM THE 30% CITY DISASTER RISK REDUCTION AND MANAGEMENT QUICK RESPONSE FUND AS ASSISTANCE/RELIEF FUNDS TO THE PROVINCE OF APAYAO FOR THE VICTIMS OF TYPHOONS QUIEL AND RAMON	0.0297730267	FALSE	0.0149237812	FALSE	0.0139789879	FALSE	0.0145751834	FALSE	0.0142632723	FALSE	0.00832682848	FALSE	0.0131715834	FALSE	0.0176511109	FALSE	0.0243301392	FALSE	0.0277513862	FALSE	0.106047988	FALSE	0.0148782432	FALSE	0.857728601	TRUE	0.0164804161	FALSE	0.0211886168	FALSE	0.024092406	FALSE	0.0417477787	FALSE
2019	124-2019	ALLOCATING THE AMOUNT OF ₱500,000.00 FROM THE 30% CITY DISASTER RISK REDUCTION AND MANAGEMENT QUICK RESPONSE FUND AS ASSISTANCE/RELIEF FUNDS TO THE PROVINCE OF CAGAYAN FOR THE VICTIMS OF TYPHOONS QUIEL AND RAMON	0.0291629136	FALSE	0.0150338411	FALSE	0.0137988031	FALSE	0.0143650472	FALSE	0.0143248439	FALSE	0.00817778707	FALSE	0.0130756497	FALSE	0.0176160932	FALSE	0.0241957	FALSE	0.027568996	FALSE	0.101248682	FALSE	0.0151605904	FALSE	0.861539245	TRUE	0.0169299543	FALSE	0.0214040577	FALSE	0.0240082741	FALSE	0.0414838791	FALSE
2019	125-2019	TRANSFER OF FUNDS IN THE OFFICE OF THE SANGGUNIANG PANLUNGSOD	0.0699970722	FALSE	0.159492105	FALSE	0.0117894709	FALSE	0.0200611651	FALSE	0.131866723	FALSE	0.0061019659	FALSE	0.0114319026	FALSE	0.395876855	FALSE	0.0820631385	FALSE	0.212942362	FALSE	0.0281925201	FALSE	0.0337661803	FALSE	0.1231305	FALSE	0.00933477283	FALSE	0.0184598267	FALSE	0.0963974893	FALSE	0.210736513	FALSE
2020	002-2020	APPROVING REQUEST TO CHARGE ₱521,136.96 AGAINST THE BAGUIO CONVENTION CENTER TRUST FUND FOR SALARIES OF SEVEN ADMINISTRATIVE AIDES (JOB ORDER STATUS)	0.0283407271	FALSE	0.0180769265	FALSE	0.00594249368	FALSE	0.0241306424	FALSE	0.0669130683	FALSE	0.00544521213	FALSE	0.010601759	FALSE	0.731962919	TRUE	0.0767422915	FALSE	0.132443458	FALSE	0.0134359598	FALSE	0.0264225304	FALSE	0.0259836316	FALSE	0.00709497929	FALSE	0.00983536243	FALSE	0.0669644475	FALSE	0.111275852	FALSE
2020	003-2020	APPROVING PAYMENT OF STEP INCREMENT DIFFERENTIAL OF FOUR EMPLOYEES OF THE SOLID WASTE MANAGEMENT DIVISION AGAINST 2019 APPROPRIATION OF THE CITY GENERAL SERVICES OFFICE	0.0130355656	FALSE	0.0102526546	FALSE	0.00676998496	FALSE	0.00875347853	FALSE	0.00628334284	FALSE	0.0137656331	FALSE	0.0211589932	FALSE	0.0760590434	FALSE	0.161448091	FALSE	0.050780803	FALSE	0.571934044	TRUE	0.0722869337	FALSE	0.0816628039	FALSE	0.0110876262	FALSE	0.0571570396	FALSE	0.0594194233	FALSE	0.157879531	FALSE
2020	004-2020	APPROVING USE OF ₱251,000.00 SAVINGS FROM 2016 VEHICLE PURCHASE AS ADDITIONAL FUNDING FOR TWO MOTOR VEHICLES FOR CBAO	0.0164447427	FALSE	0.0318100154	FALSE	0.00627210736	FALSE	0.0203638077	FALSE	0.0212851167	FALSE	0.0040999949	FALSE	0.0922611654	FALSE	0.238339275	FALSE	0.195576251	FALSE	0.0534260273	FALSE	0.0307280421	FALSE	0.0421369076	FALSE	0.0729089081	FALSE	0.00495567918	FALSE	0.0110738277	FALSE	0.0420147777	FALSE	0.212369859	FALSE
2020	005-2020	APPROVING TEMPORARY CLOSURE AND USE OF VARIOUS ROADS FOR PANAGBENGA 2020 FESTIVAL	0.0142834485	FALSE	0.0327903032	FALSE	0.00994044542	FALSE	0.017968297	FALSE	0.0167003274	FALSE	0.00839909911	FALSE	0.0239943862	FALSE	0.0350094438	FALSE	0.154122	FALSE	0.0175423622	FALSE	0.462078363	FALSE	0.0313814	FALSE	0.154583126	FALSE	0.00763046741	FALSE	0.0279243886	FALSE	0.0201365948	FALSE	0.100424856	FALSE
2020	006-2020	AMENDING SECTION 1 OF ORDINANCE NUMBERED 26, SERIES OF 2011 TO SPECIFY SHARING OF 1% FUND BETWEEN SENIORS AND PWDs IN PROPORTION TO SECTORAL POPULATION	0.0563047826	FALSE	0.0613129139	FALSE	0.0103680789	FALSE	0.0363445282	FALSE	0.0994104147	FALSE	0.00509381294	FALSE	0.00707864761	FALSE	0.313528	FALSE	0.08146137	FALSE	0.27392891	FALSE	0.0204365551	FALSE	0.0157225728	FALSE	0.0648253	FALSE	0.00539755821	FALSE	0.00971978903	FALSE	0.0526652932	FALSE	0.272939444	FALSE
2020	007-2020	GRANTING FINANCIAL ASSISTANCE/RELIEF FUND ₱1,600,000.00 TO EIGHT MUNICIPALITIES IN BATANGAS AFFECTED BY TAAL VOLCANO ERUPTION	0.0935429	FALSE	0.0390632451	FALSE	0.00809311867	FALSE	0.0164962709	FALSE	0.0204237401	FALSE	0.00489082932	FALSE	0.00969988108	FALSE	0.0717743933	FALSE	0.0278021097	FALSE	0.125717103	FALSE	0.0654952824	FALSE	0.0174325109	FALSE	0.604777455	TRUE	0.0140786171	FALSE	0.0233833492	FALSE	0.0440429747	FALSE	0.112662613	FALSE
2020	008-2020	PROHIBITING SALE OF WET WIPES AND OTHER SIMILAR BABY PRODUCTS WITH HARMFUL INGREDIENTS IN ALL ESTABLISHMENTS IN THE CITY OF BAGUIO	0.0170535743	FALSE	0.517383933	TRUE	0.0147922933	FALSE	0.0311908722	FALSE	0.0743327439	FALSE	0.0258049965	FALSE	0.0324599743	FALSE	0.0600952804	FALSE	0.0526577532	FALSE	0.0459093451	FALSE	0.111143917	FALSE	0.0430878699	FALSE	0.0267932415	FALSE	0.00714314	FALSE	0.0186603963	FALSE	0.0372949541	FALSE	0.0329006314	FALSE
2020	009-2020	CHANGING THE PROJECT TITLE 'CONSTRUCTION OF SEWER LINE, PUROK 1 FROM FERMIN'S TO REYES RESIDENCE' UNDER THE 2019 ANNUAL INVESTMENT PLAN AMOUNTING TO ¥6,000,000.00 ΤΟ 'CONSTRUCTION OF SEWERLINE AT EAST BAYAN PARK BARANGAY TO A PORTION OF BROOKSPOINT BARANGAY' AT EAST BAYAN PARK BARANGAY, BAGUIO CITY.	0.00639021397	FALSE	0.0166910291	FALSE	0.00228077173	FALSE	0.0099170506	FALSE	0.00515708327	FALSE	0.0846091807	FALSE	0.00779312849	FALSE	0.0541175902	FALSE	0.178519726	FALSE	0.0115543306	FALSE	0.101179451	FALSE	0.093842268	FALSE	0.0187848806	FALSE	0.0244629085	FALSE	0.0361280441	FALSE	0.00904250145	FALSE	0.0516865253	FALSE
2020	010-2020	APPROVING PAYMENT OF TERMINAL LEAVE BENEFITS AND OTHER PERSONNEL BENEFITS OF ATTY. JULIET A. SAPLING-IMPERIAL AGAINST CITY LEGAL OFFICE 2020 SALARIES BUDGET	0.0232957	FALSE	0.0133963227	FALSE	0.00520008802	FALSE	0.0300757	FALSE	0.104506373	FALSE	0.00277933478	FALSE	0.0074197948	FALSE	0.153429478	FALSE	0.0253165662	FALSE	0.215353847	FALSE	0.059297502	FALSE	0.0060711205	FALSE	0.0550003052	FALSE	0.00503510237	FALSE	0.0062867403	FALSE	0.188808769	FALSE	0.0609555244	FALSE
2020	011-2020	TEMPORARY CLOSURE OF SESSION ROAD TO VEHICULAR TRAFFIC FOR FOUR CONSECUTIVE SUNDAYS IN FEBRUARY 2020, SUBJECT TO TRAFFIC AND AIR QUALITY REPORTING	0.00763425231	FALSE	0.0144085586	FALSE	0.0128865838	FALSE	0.0178875327	FALSE	0.0145571232	FALSE	0.00776094198	FALSE	0.0460024476	FALSE	0.024569422	FALSE	0.0728359222	FALSE	0.00991812348	FALSE	0.454584271	FALSE	0.0202468932	FALSE	0.245228022	FALSE	0.0124703944	FALSE	0.0171619356	FALSE	0.0158626735	FALSE	0.0411860645	FALSE
2020	012-2020	YOUTH CLASS ORDINANCE OF THE CITY OF BAGUIO.	0.0430695117	FALSE	0.0192365646	FALSE	0.0064419508	FALSE	0.0373102129	FALSE	0.104095936	FALSE	0.00422087312	FALSE	0.00667244196	FALSE	0.138877451	FALSE	0.0169055164	FALSE	0.42883867	FALSE	0.03550753	FALSE	0.00570485	FALSE	0.0434880555	FALSE	0.00708377361	FALSE	0.00696107745	FALSE	0.23795113	FALSE	0.0576735139	FALSE
2020	013-2020	APPROVING CHARGING OF ₱30,000.00 AGAINST CITY BUILDINGS AND ARCHITECTURE OFFICE’S 2020 OVERTIME AND NIGHT PAY FOR ADDITIONAL PERSONAL SERVICES	0.0276593864	FALSE	0.031041503	FALSE	0.00619575381	FALSE	0.0360263288	FALSE	0.0369662344	FALSE	0.00585398078	FALSE	0.0185247362	FALSE	0.0952369	FALSE	0.0521337688	FALSE	0.0669829547	FALSE	0.666465819	TRUE	0.0142566264	FALSE	0.132416189	FALSE	0.00875094533	FALSE	0.0180554688	FALSE	0.0519202054	FALSE	0.0457540751	FALSE
2020	014-2020	APPROVING ₱5,000.00 CHARGED TO 2020 SALARIES BUDGET FOR LOYALTY INCENTIVE AWARD FOR 25 YEARS OF SERVICE OF MS. ELIZA L. ORDUÑA	0.0262688398	FALSE	0.0511434376	FALSE	0.00570693612	FALSE	0.0272141397	FALSE	0.14735347	FALSE	0.00338155031	FALSE	0.0098670125	FALSE	0.358375669	FALSE	0.0597282946	FALSE	0.109329849	FALSE	0.00935053825	FALSE	0.0214901865	FALSE	0.033442229	FALSE	0.00451540947	FALSE	0.00861987472	FALSE	0.0701188743	FALSE	0.111427516	FALSE
2020	015-2020	REVERTING ₱1,600,000.00 TO GENERAL FUND AND REAPPROPRIATING SAME FOR ADDITIONAL REQUIREMENTS FOR BAGUIO’S HOSTING OF 2020 CORDILLERA ADMINISTRATIVE REGION ATHLETIC ASSOCIATION (CARAA) MEET.	0.0424167514	FALSE	0.0669677854	FALSE	0.00769600272	FALSE	0.0224922299	FALSE	0.0577450693	FALSE	0.00390023	FALSE	0.00698024035	FALSE	0.169582933	FALSE	0.0578959584	FALSE	0.295835942	FALSE	0.0185275674	FALSE	0.0199711025	FALSE	0.094383955	FALSE	0.00624546409	FALSE	0.0158259571	FALSE	0.0545649827	FALSE	0.204747438	FALSE
2020	016-2020	APPROVING THE SCHEDULE OF MARKET VALUES FOR LAND IN THE CITY OF BAGUIO AS PREPARED AND SUBMITTED BY THE CITY ASSESSOR, INCLUDING MARKET VALUES FOR BUILDINGS, MACHINERIES, AND SPECIAL CLASSES OF PROPERTIES, STAGGERED IMPLEMENTATION OF REAL PROPERTY TAX INCREASE, ADJUSTMENT FACTORS BASED ON LOT CONFIGURATIONS, DISTANCES, AND USES, AND REPEALING PRIOR INCONSISTENT ORDINANCES.	0.101188391	FALSE	0.0181316435	FALSE	0.0140699446	FALSE	0.0131537914	FALSE	0.0180796683	FALSE	0.00818112493	FALSE	0.0109077394	FALSE	0.0337838829	FALSE	0.0226567388	FALSE	0.0633052	FALSE	0.639838636	TRUE	0.0119284689	FALSE	0.04121387	FALSE	0.00658306479	FALSE	0.0397413075	FALSE	0.145841777	FALSE	0.0819315612	FALSE
2020	017-2020	REALIGNING THE AMOUNT OF ₱20,000,000.00 FROM THE PROJECT 'DEMOLITION OF OLD MAGSAYSAY BUILDING AND CONSTRUCTION OF COLLAPSIBLE PARKING ALONG MAGSAYSAY AVENUE' UNDER THE AMENDED 2019 ANNUAL INVESTMENT PLAN TO 'CONSTRUCTION OF NEW SATELLITE MARKET' AT GIBRALTAR BARANGAY, BAGUIO CITY.	0.0215035379	FALSE	0.0102253556	FALSE	0.00831282139	FALSE	0.011485368	FALSE	0.010209769	FALSE	0.00580513477	FALSE	0.0115493834	FALSE	0.0540440679	FALSE	0.0943905413	FALSE	0.026406616	FALSE	0.783892751	TRUE	0.0198638439	FALSE	0.0336108804	FALSE	0.0111908019	FALSE	0.0337896645	FALSE	0.0251890719	FALSE	0.0761671364	FALSE
2020	018-2020	GRANTING FINANCIAL ASSISTANCE/RELIEF FUND IN THE AMOUNT OF ₱200,000.00 FROM THE 30% CITY DISASTER RISK REDUCTION AND MANAGEMENT QUICK RESPONSE FUND TO THE MUNICIPALITY OF LAUREL, PROVINCE OF BATANGAS.	0.0329065025	FALSE	0.016839385	FALSE	0.01356709	FALSE	0.014312923	FALSE	0.0131901801	FALSE	0.00893944502	FALSE	0.0118404925	FALSE	0.01821661	FALSE	0.0248190165	FALSE	0.0279866755	FALSE	0.0980231762	FALSE	0.0150862634	FALSE	0.861229181	TRUE	0.0159198642	FALSE	0.0205142498	FALSE	0.0232295096	FALSE	0.0460959673	FALSE
2020	019-2020	AMENDING SECTION 1 OF ORDINANCE NUMBERED 05, SERIES OF 2020 TO REFLECT THE REVISED SCHEDULE OF ACTIVITIES AND ROAD CLOSURES FOR THE 2020 PANAGBENGA FESTIVAL AS PRESENTED BY THE BAGUIO FLOWER FESTIVAL FOUNDATION, INC.	0.0190707445	FALSE	0.0276428759	FALSE	0.0135196149	FALSE	0.0198625028	FALSE	0.0198950171	FALSE	0.00697433949	FALSE	0.00995084643	FALSE	0.0411597788	FALSE	0.0728161335	FALSE	0.0368563533	FALSE	0.536160707	TRUE	0.0389954448	FALSE	0.235219032	FALSE	0.0133764148	FALSE	0.0869197845	FALSE	0.0900067091	FALSE	0.174561381	FALSE
2020	020-2020	AMENDING ORDINANCE NUMBERED 107, SERIES OF 2019 TO CHANGE THE APPROVED AMOUNT FOR THE PROCUREMENT OF ONE (1) SERVICE VEHICLE OF THE CITY ENVIRONMENT AND PARK MANAGEMENT OFFICE FROM ₱2,305,500.00 TO ₱2,305,000.00	0.0230141878	FALSE	0.0152415633	FALSE	0.0108517706	FALSE	0.0106027126	FALSE	0.00810697675	FALSE	0.0133165419	FALSE	0.0108799636	FALSE	0.0184141695	FALSE	0.0345979333	FALSE	0.02374354	FALSE	0.838839769	TRUE	0.0282231569	FALSE	0.141004622	FALSE	0.0281794667	FALSE	0.141279608	FALSE	0.0325580537	FALSE	0.0488850772	FALSE
2020	021-2020	REQUIRING WHOLESALERS OF AGRICULTURAL CROPS TO DISPOSE THEIR AGRICULTURAL REFUSE AT SOURCE OR POINT OF ORIGIN; DEFINING PENALTIES AND DESIGNATING THE CITY MARKET DIVISION OF THE CITY TREASURER'S OFFICE AS THE ENFORCING AGENCY	0.0584676862	FALSE	0.262293786	FALSE	0.00504639745	FALSE	0.0159707367	FALSE	0.0998055041	FALSE	0.00535020232	FALSE	0.00836473703	FALSE	0.0640032291	FALSE	0.0109781623	FALSE	0.0846692622	FALSE	0.0493674278	FALSE	0.0128845274	FALSE	0.0359831154	FALSE	0.00488045812	FALSE	0.0154150128	FALSE	0.13120544	FALSE	0.0252657831	FALSE
2020	022-2020	REGULATING THE OPERATION OF ALL HEALTH AND BODYBUILDING CLUBS, PHYSICAL FITNESS CENTER, AND AEROBICS AND SLIMMING SALONS OR GYMS IN THE CITY OF BAGUIO AND PROVIDING PENALTIES FOR VIOLATION THEREOF	0.0158500075	FALSE	0.0170453489	FALSE	0.0201187432	FALSE	0.0104335845	FALSE	0.0928556	FALSE	0.00450119376	FALSE	0.00929200649	FALSE	0.0855166	FALSE	0.0183706582	FALSE	0.0198317766	FALSE	0.297946215	FALSE	0.0162454545	FALSE	0.0122077167	FALSE	0.0119094849	FALSE	0.0198996067	FALSE	0.215838939	FALSE	0.0318021774	FALSE
2020	023-2020	APPROVING THE TRANSFER OF FUNDS IN THE AMOUNT OF ₱1,151,240.00 FROM THE DEPARTMENT OF EDUCATION-CAR, DIVISION OF BAGUIO CITY'S AIP CODE 3000-100-1-6 TO CAPITAL OUTLAY FOR THE PURCHASE OF WATER TANKS FOR CARAA 2020 BILLETING SCHOOLS	0.0148956478	FALSE	0.0222313702	FALSE	0.0118033886	FALSE	0.628904462	TRUE	0.013381958	FALSE	0.181715727	FALSE	0.0226572752	FALSE	0.024448663	FALSE	0.0909167528	FALSE	0.041849643	FALSE	0.048608005	FALSE	0.0317526758	FALSE	0.0243715644	FALSE	0.0159629881	FALSE	0.0118910968	FALSE	0.0265130699	FALSE	0.108662069	FALSE
2020	024-2020	CHANGING THE PROJECT TITLE 'REHABILITATION OF AURORA HILL PROPER MULTI-PURPOSE HALL' UNDER THE 2019 ANNUAL INVESTMENT PLAN TO 'CONTINUATION OF IMPROVEMENT OF THE 2ND FLOOR OF AURORA HILL PROPER MULTI-PURPOSE BUILDING'	0.0206286907	FALSE	0.021853447	FALSE	0.00917762518	FALSE	0.013862282	FALSE	0.00933775306	FALSE	0.00647047162	FALSE	0.0167175829	FALSE	0.0549429357	FALSE	0.289738953	FALSE	0.0170310736	FALSE	0.486058682	FALSE	0.0414578617	FALSE	0.0495710969	FALSE	0.00482484698	FALSE	0.0332399309	FALSE	0.0206879377	FALSE	0.182563514	FALSE
2020	025-2020	CHANGING THE PROJECT TITLE 'COMPLETION OF MULTI-PURPOSE COVERED COURT' UNDER THE 2017 ANNUAL INVESTMENT PLAN TO 'CONTINUATION OF MULTI-PURPOSE COVERED COURT' AT STO. ROSARIO VALLEY BARANGAY	0.0579125881	FALSE	0.0268296301	FALSE	0.016810447	FALSE	0.0113783777	FALSE	0.0206890702	FALSE	0.00497671962	FALSE	0.010591656	FALSE	0.0937883854	FALSE	0.202278316	FALSE	0.0577511191	FALSE	0.0849880874	FALSE	0.0366822481	FALSE	0.0458205044	FALSE	0.00433269143	FALSE	0.0257394016	FALSE	0.0793769956	FALSE	0.502557456	TRUE
2020	026-2020	REQUIRING A PERSON TO SECURE A WRITTEN CERTIFICATION FROM THE BARANGAY AS A REQUIREMENT IN THE COMMENCEMENT OF MAJOR ROADWAY CONSTRUCTION OR RECONSTRUCTION, LAYING OF UTILITY LINES, WATER PIPE LINES AND OTHER PUBLIC IMPROVEMENT PROJECTS	0.0225101113	FALSE	0.0153713822	FALSE	0.00906994939	FALSE	0.0241636038	FALSE	0.0104359686	FALSE	0.281151354	FALSE	0.0103391409	FALSE	0.0144762993	FALSE	0.076164782	FALSE	0.0184755325	FALSE	0.485107124	FALSE	0.0322613418	FALSE	0.0228351951	FALSE	0.0134473145	FALSE	0.0432631373	FALSE	0.0191313624	FALSE	0.058996886	FALSE
2020	027-2020	AN ORDINANCE PROHIBITING PARKING OF VEHICLES AT IMMACULATE CONCEPTION STREET WITHIN SOUTH CENTRAL AURORA HILL BARANGAY, BAGUIO CITY	0.0687250197	FALSE	0.0269519389	FALSE	0.00936728716	FALSE	0.035931021	FALSE	0.0553070605	FALSE	0.00524279475	FALSE	0.00681588054	FALSE	0.0499732494	FALSE	0.0164253712	FALSE	0.172699034	FALSE	0.52735877	TRUE	0.00625282526	FALSE	0.0472817719	FALSE	0.010271132	FALSE	0.0173704028	FALSE	0.0770331919	FALSE	0.0307821035	FALSE
2020	028-2020	AMENDING ORDINANCE NUMBERED 02, SERIES OF 2020 TO REFLECT THE CORRECT AMOUNT OF ₱633,649.80 FOR SALARIES OF ADMINISTRATIVE AIDE III (UTILITY WORKER II), SG-3/1, UNDER JOB ORDER STATUS IN THE OFFICE FOR CITY ADMINISTRATION	0.0282844603	FALSE	0.0101485252	FALSE	0.00434738398	FALSE	0.0283419788	FALSE	0.0352268219	FALSE	0.00461953878	FALSE	0.0110343695	FALSE	0.642126203	TRUE	0.0618313551	FALSE	0.142865211	FALSE	0.0675108731	FALSE	0.0179333985	FALSE	0.026537329	FALSE	0.00834855437	FALSE	0.00992572308	FALSE	0.0741432905	FALSE	0.0699033737	FALSE
2020	029-2020	REALIGNING THE AMOUNT OF ₱300,000.00 FROM THE PROJECT 'REPAIR AND IMPROVEMENT OF BARANGAY ROAD AT SAROK NEAR HERMINIA PASCUA' UNDER THE 2020 AIP TO 'IMPROVEMENT OF ROAD AND DRAINAGE CANAL AT KALINGA PELOTA' AT CAMP 7 BARANGAY, BAGUIO CITY.	0.0314302146	FALSE	0.0155434906	FALSE	0.00879856944	FALSE	0.02132985	FALSE	0.0125291944	FALSE	0.0488685966	FALSE	0.0103197694	FALSE	0.0245630443	FALSE	0.0533418953	FALSE	0.0231963098	FALSE	0.69188	TRUE	0.0180409253	FALSE	0.0140823126	FALSE	0.0189572573	FALSE	0.0443413854	FALSE	0.0173198283	FALSE	0.0412584543	FALSE
2020	030-2020	APPROVING THE REQUEST FOR AUTHORITY TO CHARGE THE AMOUNT OF ₱24,057.02 AGAINST THE 2020 APPROPRIATION OF THE CITY DISASTER RISK REDUCTION AND MANAGEMENT OFFICE FOR THE PAYMENT OF PLDT BILLING COVERING 16 AUGUST TO 16 DECEMBER 2019	0.0189768672	FALSE	0.0119096041	FALSE	0.0111475885	FALSE	0.0114940107	FALSE	0.0124433339	FALSE	0.00956705213	FALSE	0.0148041248	FALSE	0.0146216452	FALSE	0.0255612135	FALSE	0.0190987	FALSE	0.072643429	FALSE	0.0175142884	FALSE	0.87231648	TRUE	0.0205582976	FALSE	0.0210891068	FALSE	0.0221710205	FALSE	0.0351742208	FALSE
2020	031-2020	APPROVING THE REQUEST FOR AUTHORITY TO CHARGE THE TOTAL AMOUNT OF ₱3,486.92 AGAINST THE 2020 APPROPRIATION OF THE CITY LIBRARY OFFICE UNDER ACCOUNT CODE 5-01-01-010 (SALARIES AND WAGES-REGULAR) IN THE AMOUNT OF ₱3,113.32 AND ACCOUNT CODE 5-01-03-010 (RETIREMENT AND LIFE INSURANCE PREMIUMS) IN THE AMOUNT OF ₱373.60 FOR THE PAYMENT OF SALARY INCREMENT AND GOVERNMENT SERVICE INSURANCE SYSTEM PREMIUM, RESPECTIVELY OF MS. MAY JOYCE M. DULNUAN.	0.0455563664	FALSE	0.01277107	FALSE	0.00678500533	FALSE	0.0546944439	FALSE	0.0318100452	FALSE	0.00576913357	FALSE	0.019241631	FALSE	0.759333909	TRUE	0.101172954	FALSE	0.0560494959	FALSE	0.032143712	FALSE	0.0314816833	FALSE	0.0170840025	FALSE	0.00882169604	FALSE	0.00991895795	FALSE	0.0295278728	FALSE	0.0785681605	FALSE
2020	032-2020	REALIGNING THE AMOUNT OF ₱100,000.00 FROM THE PROJECT 'CONSTRUCTION OF PATHWAY FROM ARONCHAY'S RESIDENCE UP TO OREDINA'S RESIDENCE AT PUROK 5' UNDER THE 2020 ANNUAL INVESTMENT PLAN TO 'CONTINUATION OF PATHWAY FROM ANAYASAN'S RESIDENCE TO TALLONGEN'S RESIDENCE AT PUROK 5' AT CAMP 8 BARANGAY, BAGUIO CITY.	0.0470109582	FALSE	0.014449656	FALSE	0.00735980272	FALSE	0.0145924389	FALSE	0.0117256045	FALSE	0.00497120619	FALSE	0.00920328498	FALSE	0.133747399	FALSE	0.257976592	FALSE	0.0364126563	FALSE	0.421793103	FALSE	0.0340046287	FALSE	0.0416786969	FALSE	0.00536254048	FALSE	0.0284689367	FALSE	0.0263212919	FALSE	0.23017475	FALSE
2020	033-2020	APPROVING THE REQUEST FOR AUTHORITY TO CHARGE THE TOTAL AMOUNT OF ₱98,249.37 AGAINST THE 2020 APPROPRIATION OF THE BUREAU OF FIRE PROTECTION-BAGUIO CITY FIRE STATION UNDER ACCOUNT CODES 5-02-04-010 (WATER EXPENSES) IN THE AMOUNT OF ₱58,223.92 AND 5-02-04-020 (ELECTRICITY EXPENSES) IN THE AMOUNT OF ₱40,025.45 FOR THE PAYMENT OF UTILITIES INCURRED.	0.017113179	FALSE	0.00753861666	FALSE	0.0198552012	FALSE	0.0117606819	FALSE	0.00992193818	FALSE	0.079910934	FALSE	0.0462248623	FALSE	0.0237940848	FALSE	0.0294147134	FALSE	0.0311085284	FALSE	0.432353795	FALSE	0.0311008096	FALSE	0.0336700678	FALSE	0.0249055028	FALSE	0.0444485545	FALSE	0.231800973	FALSE	0.0809782147	FALSE
2020	034-2020	REALIGNING THE AMOUNT OF ₱3,727,143.60 FROM THE SAVINGS OF ₱8,000,000.00 PROJECT 'CONSTRUCTION AND REHABILITATION OF SEWERLINE AND ROAD LOCATED AT MICAEL STREET, OLD FORESTRY COMPOUND' UNDER THE 2017 ANNUAL INVESTMENT PLAN TO 'CONSTRUCTION/REHABILITATION OF SEWER LINES' AT ENGINEER'S HILL BARANGAY, BAGUIO CITY.	0.0138069689	FALSE	0.0183481872	FALSE	0.00381943583	FALSE	0.00894168	FALSE	0.00468868	FALSE	0.0379863381	FALSE	0.00382003188	FALSE	0.0548599064	FALSE	0.0953248739	FALSE	0.0117800832	FALSE	0.251643479	FALSE	0.132047504	FALSE	0.00685665	FALSE	0.0182000697	FALSE	0.224119663	FALSE	0.0161112249	FALSE	0.0613353252	FALSE
2020	035-2020	REGULATING THE CHEWING, SPITTING OF BETEL QUID OR 'MOMA' IN PUBLIC PLACES, AND SELLING OF 'MOMA' PRODUCTS TO MINORS IN THE CITY OF BAGUIO, IMPOSING PENALTIES FOR VIOLATIONS THEREOF AND PROVIDING FUNDS THEREFOR AND FOR OTHER PURPOSES.	0.0417390168	FALSE	0.0310789049	FALSE	0.00731506944	FALSE	0.0152216852	FALSE	0.0720658	FALSE	0.00429555774	FALSE	0.00611525774	FALSE	0.0841505826	FALSE	0.0157403052	FALSE	0.10873121	FALSE	0.10134393	FALSE	0.0135568678	FALSE	0.0214398503	FALSE	0.00549015403	FALSE	0.0209776759	FALSE	0.591015875	TRUE	0.0548805892	FALSE
2020	036-2020	SEPTAGE MANAGEMENT ORDINANCE OF THE CITY OF BAGUIO ESTABLISHING A COMPREHENSIVE SEPTAGE MANAGEMENT SYSTEM COVERING DESIGN, CONSTRUCTION, COLLECTION, TRANSPORT, AND TREATMENT GUIDELINES; FORMATION OF CITY SEPTAGE MANAGEMENT BOARD; DUTIES OF SERVICE PROVIDERS AND STAKEHOLDERS; PENALTIES AND FUNDING.	0.0243962407	FALSE	0.00666409731	FALSE	0.0308092237	FALSE	0.0153951347	FALSE	0.0113967955	FALSE	0.00809270144	FALSE	0.00842180848	FALSE	0.0238101482	FALSE	0.0463248789	FALSE	0.0494591296	FALSE	0.554626405	TRUE	0.0108139515	FALSE	0.0431817174	FALSE	0.0101793706	FALSE	0.0184995532	FALSE	0.149638325	FALSE	0.154978305	FALSE
2020	037-2020	REVERTING TO THE GENERAL FUND THE TOTAL AMOUNT OF ₱2,715,000.00 CHARGED AGAINST THE 2019 MAINTENANCE AND OTHER OPERATING EXPENSES OF THE CITY VETERINARY AND AGRICULTURE OFFICE AND REAPPROPRIATING THE SAME UNDER CAPITAL OUTLAY FOR THE IMPROVEMENT OF MEAT INSPECTION OFFICE, HOG CORRAL, AND ANIMAL HEALTH SERVICES OFFICE.	0.0643543	FALSE	0.542954445	TRUE	0.0169848204	FALSE	0.0207603872	FALSE	0.0314316154	FALSE	0.0122335851	FALSE	0.0080986321	FALSE	0.0874643	FALSE	0.0627624691	FALSE	0.0240302682	FALSE	0.0920470655	FALSE	0.0518432856	FALSE	0.0112707019	FALSE	0.00348445773	FALSE	0.0339651108	FALSE	0.0247769952	FALSE	0.102048069	FALSE
2020	038-2020	APPROVING THE REQUEST OF THE CITY BUILDINGS AND ARCHITECTURE OFFICE FOR THE UTILIZATION OF THE 2018 AND 2019 CAPITAL OUTLAY CONTINUING APPROPRIATIONS FOR THE PURCHASE OF A MOTOR VEHICLE OF THE SAID OFFICE.	0.0259263813	FALSE	0.0165350139	FALSE	0.01011917	FALSE	0.0226964951	FALSE	0.0157593787	FALSE	0.00933897495	FALSE	0.0126053989	FALSE	0.0427362025	FALSE	0.061036706	FALSE	0.0860938728	FALSE	0.821950674	TRUE	0.0137371421	FALSE	0.0584299266	FALSE	0.0129769742	FALSE	0.024218291	FALSE	0.0378618538	FALSE	0.063134104	FALSE
2020	039-2020	REVERTING TO THE GENERAL FUND THE AMOUNT OF ₱150,000,000.00 FROM SAVINGS AND REAPPROPRIATING THE SAME AMOUNT FOR MEASURES AND PROGRAMS OF THE CITY GOVERNMENT OF BAGUIO TO DEAL WITH THE CORONA VIRUS DISEASE-2019 (COVID-19) CRISIS IN THE CITY OF BAGUIO.	0.0500786602	FALSE	0.00946098566	FALSE	0.066172272	FALSE	0.0180124342	FALSE	0.0158467	FALSE	0.0059890449	FALSE	0.00569018722	FALSE	0.0329987109	FALSE	0.0479947031	FALSE	0.126360178	FALSE	0.279122829	FALSE	0.00771084428	FALSE	0.012980938	FALSE	0.00680950284	FALSE	0.0106956065	FALSE	0.054310739	FALSE	0.200254381	FALSE
2020	040-2020	APPROPRIATING THE AMOUNT OF ₱78,107,145.00 FROM THE BAYANIHAN GRANT TO CITIES AND MUNICIPALITIES FOR THE CORONA VIRUS DISEASE 2019 (COVID-19) RELATED PROGRAMS, PROJECTS AND ACTIVITIES IN THE CITY OF BAGUIO.	0.110388577	FALSE	0.020688355	FALSE	0.268105805	FALSE	0.0397795737	FALSE	0.0305418372	FALSE	0.0100933015	FALSE	0.00654435158	FALSE	0.0187174976	FALSE	0.0510934	FALSE	0.089713186	FALSE	0.385360539	FALSE	0.0103687048	FALSE	0.0161186159	FALSE	0.0115458369	FALSE	0.0203199983	FALSE	0.0661958158	FALSE	0.263772786	FALSE
2020	043-2020	ALLOCATING CERTAIN AMOUNT FROM THE ₱150,000,000.00 CITY GOVERNMENT OF BAGUIO'S ANTI-COVID FUND FOR THE INSURANCE PREMIUMS OF BARANGAY FRONTLINERS INCLUDING TANODS, BHERTS, AND SERVICE UNITS IN RECOGNITION OF THEIR CRITICAL ROLE DURING THE PANDEMIC.	0.0541786253	FALSE	0.0174402297	FALSE	0.31305024	FALSE	0.0150827467	FALSE	0.048693	FALSE	0.00385722518	FALSE	0.00749593973	FALSE	0.105266809	FALSE	0.045450002	FALSE	0.0227699876	FALSE	0.0302556455	FALSE	0.00875490904	FALSE	0.0106518567	FALSE	0.00476124883	FALSE	0.00432091951	FALSE	0.0247913	FALSE	0.128574044	FALSE
2020	044-2020	PENALIZING ACTS OF DISCRIMINATION COMMITTED AGAINST PERSONS AFFECTED BY COVID-19, INCLUDING MEDICAL PERSONNEL, OTHER HEALTH WORKERS, AND ESSENTIAL WORKERS IN BAGUIO CITY THROUGH FINES AND PENALTIES; ENSURING SAFE SPACES AND ENCOURAGING TRANSPARENCY FOR CONTACT TRACING AND HEALTH AID.	0.0133067071	FALSE	0.00513947	FALSE	0.00822123885	FALSE	0.0240816176	FALSE	0.142131805	FALSE	0.00473746657	FALSE	0.00634476542	FALSE	0.0375247	FALSE	0.00823199749	FALSE	0.439933866	FALSE	0.00889152288	FALSE	0.00507718325	FALSE	0.0080127418	FALSE	0.00595971942	FALSE	0.00728672743	FALSE	0.369289756	FALSE	0.0185070932	FALSE
2020	045-2020	MANDATING THE WEARING OF FACE MASK BY ALL PERSONS WITHIN THE TERRITORIAL JURISDICTION OF BAGUIO CITY UNTIL THE THREAT OF CORONAVIRUS DISEASE 2019 (COVID-19) IS COMPLETELY ELIMINATED OR DURING THE DECLARED STATE OF PUBLIC HEALTH EMERGENCY AND PROVIDING PENALTIES FOR VIOLATION THEREOF.	0.0169329047	FALSE	0.00802838802	FALSE	0.197349191	FALSE	0.0225518346	FALSE	0.252329946	FALSE	0.00373500586	FALSE	0.00928974152	FALSE	0.0207058191	FALSE	0.00837031	FALSE	0.0899631679	FALSE	0.0189668238	FALSE	0.00537160039	FALSE	0.0099413991	FALSE	0.00641009212	FALSE	0.00691729784	FALSE	0.390334517	FALSE	0.0302702785	FALSE
2020	046-2020	IMPOSING PHYSICAL DISTANCING IN ALL ACTIVITIES IN THE CITY OF BAGUIO.	0.0589649975	FALSE	0.0352883637	FALSE	0.00796660781	FALSE	0.0263924897	FALSE	0.0389587581	FALSE	0.00597584248	FALSE	0.00853377581	FALSE	0.0712361336	FALSE	0.0269621909	FALSE	0.295370698	FALSE	0.479306251	FALSE	0.0092574656	FALSE	0.0610406101	FALSE	0.0101115108	FALSE	0.0180561244	FALSE	0.0435130894	FALSE	0.0356225371	FALSE
2020	047-2020	REVERTING TO THE GENERAL FUND THE AMOUNT OF ₱414,530.86 UNDER OBLIGATION NUMBER 101-8918-18-04-30 AND RE-APPROPRIATING THE SAME TO FUND THE PROJECT, 'CONTINUATION OF THE IMPROVEMENT OF VARIOUS DRAINAGE CANALS AT LOWER ROCK QUARRY'.	0.0207141936	FALSE	0.00928095	FALSE	0.00461474061	FALSE	0.00883260369	FALSE	0.00580102205	FALSE	0.0537447035	FALSE	0.00331798196	FALSE	0.0264089704	FALSE	0.0741123855	FALSE	0.0181307197	FALSE	0.163774729	FALSE	0.0439166129	FALSE	0.0114309788	FALSE	0.0207744539	FALSE	0.0970077515	FALSE	0.0241182745	FALSE	0.117195368	FALSE
2020	048-2020	REALIGNING THE TOTAL AMOUNT OF ₱450,000.00 FROM THE PROJECTS 'CONSTRUCTION OF CANAL FRONTING RUEDA'S RESIDENCE TO HANCOCK'S RESIDENCE - ₱100,000.00', 'CROSS DRAINAGE AT TIPTOP - ₱150,000.00' AND 'RIPRAP OF ERODED ROAD AT SIAPNO (PHASE II) BESIDE BUENAVISTA'S RESIDENCE - ₱200,000.00' UNDER THE 2020 ANNUAL INVESTMENT PLAN FOR THE PROJECT 'CONSTRUCTION OF CANAL FRONTING RUEDA'S RESIDENCE TO HANCOCK'S RESIDENCE' AT PACDAL BARANGAY, BAGUIO CITY.	0.0279686749	FALSE	0.00985634327	FALSE	0.00711143	FALSE	0.0123254955	FALSE	0.0103027523	FALSE	0.0121673644	FALSE	0.00841674209	FALSE	0.0375796854	FALSE	0.0613271892	FALSE	0.019888252	FALSE	0.80637455	TRUE	0.0189401507	FALSE	0.0217076242	FALSE	0.0148888826	FALSE	0.050560981	FALSE	0.0186669827	FALSE	0.0463493764	FALSE
2020	050-2020	REVERTING TO THE GENERAL FUND THE UNUTILIZED AMOUNT OF ₱483,208.12 FROM THE PROJECT 'REHABILITATION OF PAVEMENT AT LEXBER HEIGHTS SUBDIVISION ROAD' IN THE AMOUNT OF ₱3,000,000.00 UNDER THE 2018 ANNUAL INVESTMENT PLAN AND REAPPROPRIATING THE SAME AMOUNT FOR THE PROJECT 'CONTINUATION OF THE REHABILITATION OF PAVEMENT AT LEXBER HEIGHTS SUBDIVISION ROAD' AT CAMP 7 BARANGAY, BAGUIO CITY.	0.0462179482	FALSE	0.00958237052	FALSE	0.0156403482	FALSE	0.0140811503	FALSE	0.00869128108	FALSE	0.00695258379	FALSE	0.00428745151	FALSE	0.0360528827	FALSE	0.12068817	FALSE	0.0281982422	FALSE	0.479352653	FALSE	0.025206089	FALSE	0.0123862326	FALSE	0.00650396943	FALSE	0.0441093147	FALSE	0.0265754461	FALSE	0.211226553	FALSE
2020	051-2020	APPROVING THE REQUEST FOR AUTHORITY TO CHARGE THE TOTAL AMOUNT OF ₱550,000.00 AGAINST THE 2020 APPROPRIATION OF THE CITY ENGINEERING OFFICE (CEO) UNDER ACCOUNT CODE 5-01-04-030 (TERMINAL LEAVE BENEFITS) IN THE AMOUNT OF ₱315,000.00 AND ACCOUNT CODE 5-01-04-990 (OTHER PERSONNEL BENEFITS) IN THE AMOUNT OF ₱235,000.00 FOR THE PAYMENT OF TERMINAL LEAVE BENEFITS AND OTHER PERSONNEL BENEFITS OF ENGR. EDWARD L. MAGALGALIT, ENGINEER II, AND MR. AURELIANO J. CAMPOS JR., CONSTRUCTION AND MAINTENANCE FOREMAN, BOTH OF CEO.	0.0139953196	FALSE	0.00502851605	FALSE	0.0181424618	FALSE	0.0217491686	FALSE	0.0104069114	FALSE	0.00749519467	FALSE	0.00830131769	FALSE	0.0371352732	FALSE	0.0954810679	FALSE	0.0425667763	FALSE	0.641894042	TRUE	0.0165293813	FALSE	0.0209584534	FALSE	0.0135268271	FALSE	0.0235296488	FALSE	0.0873637497	FALSE	0.154398441	FALSE
2020	052-2020	GRANTING TAX RELIEF TO ALL BUSINESS ESTABLISHMENTS OPERATING WITHIN THE CITY OF BAGUIO AFFECTED DURING THE CORONAVIRUS DISEASE 2019 (COVID-19) QUARANTINE PERIOD.	0.248863101	FALSE	0.017739445	FALSE	0.0287963152	FALSE	0.018155992	FALSE	0.0583777726	FALSE	0.00325509906	FALSE	0.00380599499	FALSE	0.166111231	FALSE	0.0310485363	FALSE	0.200088263	FALSE	0.0826346	FALSE	0.00599494576	FALSE	0.0221308768	FALSE	0.00384172797	FALSE	0.00800305605	FALSE	0.0490543246	FALSE	0.133224666	FALSE
2020	053-2020	PRESCRIBING NEW NORMAL OF OPERATIONS IN ALL BUSINESS ESTABLISHMENTS, TRANSPORTATION FACILITIES, WORK PLACES, SCHOOLS AND PUBLIC PLACES IN THE CITY OF BAGUIO UNTIL THE THREAT OF CORONAVIRUS DISEASE 2019 (COVID-19) IS OVER.	0.061398685	FALSE	0.0102398694	FALSE	0.273654908	FALSE	0.0592892468	FALSE	0.0284633636	FALSE	0.00574609637	FALSE	0.00978282094	FALSE	0.0250795484	FALSE	0.0399310291	FALSE	0.0347534418	FALSE	0.42476058	FALSE	0.00725251436	FALSE	0.0114260614	FALSE	0.00712445378	FALSE	0.0112428665	FALSE	0.0337457061	FALSE	0.0884562731	FALSE
2020	054-2020	MANDATING A RENTAL HOLIDAY ON REAL PROPERTIES, BUILDINGS, STALLS, UNITS OR SPACES USED FOR COMMERCIAL BUSINESS OR INDUSTRIAL PURPOSES WITHIN THE CITY OF BAGUIO WHICH WERE PREVENTED FROM OPERATION DURING THE ENHANCED COMMUNITY QUARANTINE (ECQ) AND GENERAL COMMUNITY QUARANTINE (GCQ), AND OTHER PURPOSES.	0.0456993282	FALSE	0.0104334354	FALSE	0.0067371726	FALSE	0.0111628175	FALSE	0.0169893205	FALSE	0.0050034225	FALSE	0.00687938929	FALSE	0.155906826	FALSE	0.0667406	FALSE	0.0904132724	FALSE	0.671625197	TRUE	0.0135294199	FALSE	0.025639683	FALSE	0.00976061821	FALSE	0.0179936	FALSE	0.0229488909	FALSE	0.053827107	FALSE
2020	055-2020	APPROVING THE REQUEST FOR AUTHORITY TO CHARGE THE AMOUNT OF ₱2,700,000.00 AGAINST THE CONTINUING APPROPRIATIONS OF THE OFFICE FOR CITY ADMINISTRATION UNDER ACCOUNT CODE 1-07-06-010 (MOTOR VEHICLES) FOR THE UTILIZATION IN THE PROCUREMENT OF A VEHICLE UNDER THE CITY TOURISM AND SPECIAL EVENTS OFFICE.	0.0263877511	FALSE	0.011849761	FALSE	0.00585863	FALSE	0.0166976154	FALSE	0.0147616863	FALSE	0.00875380635	FALSE	0.00835320354	FALSE	0.346297741	FALSE	0.0799618959	FALSE	0.131421566	FALSE	0.518709123	TRUE	0.0382773578	FALSE	0.0252931118	FALSE	0.0252384245	FALSE	0.0237746835	FALSE	0.0432980359	FALSE	0.0750534236	FALSE
2020	056-2020	APPROVING THE REQUEST FOR AUTHORITY TO CHARGE THE TOTAL AMOUNT OF ₱77,298.24 AGAINST THE 2020 APPROPRIATION OF THE CITY ENVIRONMENT AND PARKS MANAGEMENT OFFICE UNDER ACCOUNT CODE 5-02-04-020 (ELECTRICITY EXPENSES) IN THE AMOUNT OF ₱72,759.66 AND ACCOUNT CODE 5-02-04-010 (WATER EXPENSES) IN THE AMOUNT OF ₱4,538.58 FOR THE PAYMENT OF UNPAID ELECTRICITY CONSUMPTION COVERING THE PERIOD JANUARY 2018 TO DECEMBER 2018 AND UNPAID COST OF MATERIALS FOR WATER CONNECTION, RESPECTIVELY AT THE DIPLOMAT HERITAGE HOTEL, BAGUIO CITY.	0.0163840652	FALSE	0.00962936878	FALSE	0.0120701492	FALSE	0.0109303296	FALSE	0.00676649809	FALSE	0.0323181152	FALSE	0.0230132341	FALSE	0.0175687373	FALSE	0.0295086801	FALSE	0.0207455456	FALSE	0.841107726	TRUE	0.0296215415	FALSE	0.0463458	FALSE	0.0256733298	FALSE	0.104487598	FALSE	0.030107826	FALSE	0.0327318	FALSE
2020	057-2020	APPROVING THE TRANSFER OF FUND OF THE HEREIN EXPENDITURE TO ITS APPROPRIATE ACCOUNT AND THE AUTHORITY TO DISBURSE SUCH IS HEREBY APPROVED.	0.0397836268	FALSE	0.0574067831	FALSE	0.00627627969	FALSE	0.00704589486	FALSE	0.0324720442	FALSE	0.00594675541	FALSE	0.00748059154	FALSE	0.18650499	FALSE	0.0664926469	FALSE	0.155816376	FALSE	0.0137291253	FALSE	0.0245360732	FALSE	0.0644570291	FALSE	0.00491812825	FALSE	0.0127752721	FALSE	0.0478854179	FALSE	0.213529348	FALSE
2020	058-2020	AMENDING SECTION 2 OF ORDINANCE NUMBERED 100, SERIES OF 2009 [RULES ON THE CONDUCT OF HEARING AND OTHER MATTERS ON DISCIPLINARY ACTIONS AND ADMINISTRATIVE COMPLAINTS AGAINST BARANGAY OFFICIALS].	0.0137673616	FALSE	0.00912722945	FALSE	0.0114776492	FALSE	0.0296773612	FALSE	0.0723770559	FALSE	0.00504672527	FALSE	0.00815799832	FALSE	0.0292984545	FALSE	0.0116910338	FALSE	0.109964699	FALSE	0.0149877071	FALSE	0.00736066699	FALSE	0.0239880383	FALSE	0.00764542818	FALSE	0.00797525048	FALSE	0.714213729	TRUE	0.0337061584	FALSE
2020	059-2020	FURTHER AMENDING ORDINANCE NUMBERED 54, SERIES OF 1988 [AN ORDINANCE PENALIZING ILLEGAL DISPOSAL OF REFUSE, EXCREMENT AND EGESTA; REMOVAL OR DESTRUCTION OF RECEPTACLES FOR REFUSE; AND ILLEGAL OBSTRUCTION OF WATERWAYS AND DUMPING INTO BODIES OF WATER; REQUIRING CERTAIN PERSONS, INSTITUTIONS AND ESTABLISHMENTS TO PROVIDE FOR RECEPTACLES FOR REFUSE, TO KEEP SURROUNDINGS CLEAN, AND TO PICK UP LITTERS; PROVIDING FOR AMNESTY FROM PROSECUTION; AND FURTHERMORE AMENDING FOR THE PURPOSE, SECTIONS 472, 475 AND 479 OF ORDINANCE NUMBERED 500, S. 1934, AS AMENDED BY ORDINANCE NRS. 252, 264, 572 AND 601].	0.0223561227	FALSE	0.0173935592	FALSE	0.0187058449	FALSE	0.0154759586	FALSE	0.0215491056	FALSE	0.0791199207	FALSE	0.00947347283	FALSE	0.0142769814	FALSE	0.011235863	FALSE	0.0443090498	FALSE	0.0366717577	FALSE	0.0268748701	FALSE	0.00870886445	FALSE	0.0328114927	FALSE	0.045039624	FALSE	0.470040232	FALSE	0.0534594357	FALSE
2020	060-2020	FURTHER AMENDING SECTIONS NO. 16, 17, 18, 19, 20, 21, 22, 23, 24, 25, 26, 27 AND 28 OF CHAPTERS 4 AND 5 OF ORDINANCE NUMBERED 500, SERIES OF 1934 ON DOGS AND PUBLIC ANIMAL POUND.	0.0251029134	FALSE	0.0567877889	FALSE	0.0254483521	FALSE	0.0209903717	FALSE	0.0780242085	FALSE	0.00345051289	FALSE	0.00731733441	FALSE	0.0532049239	FALSE	0.012948364	FALSE	0.0597080588	FALSE	0.0149268806	FALSE	0.0147035122	FALSE	0.0153375864	FALSE	0.0074608624	FALSE	0.0170298219	FALSE	0.437255859	FALSE	0.103691101	FALSE
2020	061-2020	APPROVING THE TRANSFER AND DISBURSEMENT OF FUND IN THE CITY VETERINARY AND AGRICULTURE OFFICE.	0.0626689196	FALSE	0.562987745	TRUE	0.0064637363	FALSE	0.0211884379	FALSE	0.0722097158	FALSE	0.0138316154	FALSE	0.00783956051	FALSE	0.15973568	FALSE	0.0398995578	FALSE	0.0432178974	FALSE	0.0517327785	FALSE	0.0316860676	FALSE	0.0257698894	FALSE	0.0056758821	FALSE	0.0177317858	FALSE	0.0230999291	FALSE	0.0457336307	FALSE
2020	062-2020	APPROVING THE REQUEST FOR AUTHORITY TO CHARGE THE AMOUNT OF ¥10,000.00 AGAINST THE 2020 APPROPRIATION OF THE OFFICE FOR ADMINISTRATION UNDER ACCOUNT CODE 5-01-01-010 (SALARIES AND WAGES-REGULAR) FOR THE PAYMENT OF SALARY OF MS. CHRISTYLE F. PADULLON FOR THE PERIOD DECEMBER 2019.	0.0358185172	FALSE	0.0217501521	FALSE	0.00470468402	FALSE	0.0175386071	FALSE	0.0483876765	FALSE	0.00437164307	FALSE	0.0154502988	FALSE	0.712611318	TRUE	0.0598649085	FALSE	0.112147361	FALSE	0.0105508268	FALSE	0.0270619094	FALSE	0.023809731	FALSE	0.00581902266	FALSE	0.00918981433	FALSE	0.0423270464	FALSE	0.078109771	FALSE
2020	063-2020	APPROVING THE TRANSFER AND DISBURSEMENT OF FUND IN THE CITY PLANNING AND DEVELOPMENT OFFICE.	0.0220505893	FALSE	0.0140330791	FALSE	0.0093998611	FALSE	0.0111416578	FALSE	0.0107581615	FALSE	0.00890785456	FALSE	0.0127006173	FALSE	0.0378188491	FALSE	0.0577123463	FALSE	0.0315886438	FALSE	0.824184716	TRUE	0.0142756402	FALSE	0.0658524	FALSE	0.0131693482	FALSE	0.0263975561	FALSE	0.0242886841	FALSE	0.0474997163	FALSE
2020	064-2020	APPROVING THE REQUEST FOR AUTHORITY TO CHARGE THE AMOUNT OF ₱2,200,000.00 AGAINST THE 2020 APPROPRIATION OF THE CITY VETERINARY AND AGRICULTURE OFFICE UNDER THE ACCOUNT CODE 1-07-06-010 (MOTOR VEHICLES) FOR THE UTILIZATION IN THE PROCUREMENT OF A VEHICLE.	0.0677577555	FALSE	0.768141389	TRUE	0.0105330646	FALSE	0.0296596885	FALSE	0.0446746647	FALSE	0.0144031644	FALSE	0.0122142434	FALSE	0.0437462032	FALSE	0.0253236592	FALSE	0.049328655	FALSE	0.0568165183	FALSE	0.0426459312	FALSE	0.0305266976	FALSE	0.00666973	FALSE	0.0361055136	FALSE	0.0280215144	FALSE	0.0448418558	FALSE
2020	065-2020	APPROVING THE REQUEST FOR AUTHORITY TO CHARGE THE AMOUNT OF ₱3,665.00 AGAINST THE 2020 APPROPRIATION OF THE CITY PLANNING AND DEVELOPMENT OFFICE UNDER ACCOUNT CODE 5-02-99-030 (REPRESENTATION EXPENSES) FOR THE PAYMENT OF ADDITIONAL COST OF MEALS SERVED DURING THE CONDUCT OF THE CITY MICRO, SMALL AND MEDIUM ENTERPRISES DEVELOPMENT COUNCIL PLANNING WORKSHOP HELD ON 26 NOVEMBER 2019.	0.0251070559	FALSE	0.0165801644	FALSE	0.0109740198	FALSE	0.0169412494	FALSE	0.00909438729	FALSE	0.00908896327	FALSE	0.0116738677	FALSE	0.0581993163	FALSE	0.0873247683	FALSE	0.027838707	FALSE	0.815975547	TRUE	0.0215144157	FALSE	0.0398881733	FALSE	0.0104683042	FALSE	0.0242564082	FALSE	0.024944663	FALSE	0.0688514709	FALSE
2020	066-2020	REGULATING THE OPERATION OF COMPUTER SHOPS, INTERNET AND INTERNET CAFÉS IN THE CITY OF BAGUIO AND PROVIDING PENALTIES FOR VIOLATIONS THEREOF AND FOR OTHER PURPOSES.	0.0207390487	FALSE	0.00773179531	FALSE	0.00537544489	FALSE	0.028203249	FALSE	0.0315975547	FALSE	0.00394228101	FALSE	0.00823175907	FALSE	0.0983173549	FALSE	0.0205780864	FALSE	0.170280516	FALSE	0.258857787	FALSE	0.00683346391	FALSE	0.0207134485	FALSE	0.00762745738	FALSE	0.0104166567	FALSE	0.295966089	FALSE	0.0385132134	FALSE
2020	067-2020	IMPLEMENTING A SYNCHRONIZED SYSTEM OF COLLECTING PAY PARKING FEES IN ALL PARKING FACILITIES IN THE CITY OF BAGUIO, REQUIRING COLLECTION ONLY UPON EXIT TO AVOID TRAFFIC CONGESTION, DEFINING TERMS AND COVERAGE, SETTING PENALTIES, AND PROVIDING COMPLIANCE PERIOD FOR FACILITY OWNERS.	0.0248406231	FALSE	0.00941482186	FALSE	0.0128289163	FALSE	0.0109827816	FALSE	0.015001744	FALSE	0.00611457229	FALSE	0.0125801861	FALSE	0.0348235667	FALSE	0.0274784565	FALSE	0.0584036112	FALSE	0.705091953	TRUE	0.011244148	FALSE	0.0461477339	FALSE	0.00977054238	FALSE	0.0258325934	FALSE	0.0956008434	FALSE	0.0470138192	FALSE
2020	068-2020	REGULATING THE USE OF CERTAIN ROADS/STREETS WITHIN THE CENTRAL BUSINESS DISTRICT IN THE CITY OF BAGUIO. IMPOSING PARKING FEES, DEFINING COVERAGE ZONES, TIME OF ENFORCEMENT, VEHICLE TYPES, MAXIMUM PARKING HOURS, PENALTIES, ENFORCEMENT RULES, AND EXEMPTIONS. INCLUDES PROVISIONS ON JOB ORDER COLLECTORS, TRUST FUND ALLOCATION, RECEIPT CONTENTS, TRAFFIC MANAGEMENT, IMPLEMENTING RULES AND REGULATIONS, AND REPEALING PRIOR INCONSISTENT ORDINANCES.	0.019227922	FALSE	0.00336101651	FALSE	0.0123867393	FALSE	0.0160525143	FALSE	0.0186684132	FALSE	0.00333198905	FALSE	0.00730130076	FALSE	0.11297214	FALSE	0.0260441899	FALSE	0.0437449813	FALSE	0.260968149	FALSE	0.00855991244	FALSE	0.0115793645	FALSE	0.00845012069	FALSE	0.0109106302	FALSE	0.284998417	FALSE	0.0523691773	FALSE
2020	069-2020	REALIGNING THE AMOUNT OF ₱150,000.00 FROM THE PROJECT 'INSTALLATION OF SOLAR PANELS AT MULTI-PURPOSE HALL' UNDER THE 2019 ANNUAL INVESTMENT PLAN TO 'CONSTRUCTION OF STEEL RAILINGS AND PLANT HOLDERS AT MULTI-PURPOSE HALL' AT LOWER QUIRINO HILL BARANGAY, BAGUIO CITY.	0.0121575594	FALSE	0.00971835852	FALSE	0.0049007535	FALSE	0.00953987241	FALSE	0.00643914938	FALSE	0.00661221147	FALSE	0.0372181237	FALSE	0.0548865795	FALSE	0.224508166	FALSE	0.0103542209	FALSE	0.621463954	TRUE	0.0498541296	FALSE	0.035272032	FALSE	0.00878813863	FALSE	0.0455489457	FALSE	0.0131123662	FALSE	0.0585972071	FALSE
2020	070-2020	REALIGNING THE AMOUNT OF ₱200,000.00 FROM THE PROJECT 'CONSTRUCTION OF WATER DRAINAGE OF THE MULTI-PURPOSE HALL' UNDER THE 2019 ANNUAL INVESTMENT PLAN TO 'SIDEWALK RAILINGS ALONG FIRST ROAD, RECKONING FROM SMART TOWER DOWNWARDS' AT QUEZON HILL PROPER BARANGAY, BAGUIO CITY.	0.0179116726	FALSE	0.0184972286	FALSE	0.0069975853	FALSE	0.0265720189	FALSE	0.0115811527	FALSE	0.37048322	FALSE	0.0121432841	FALSE	0.0211089849	FALSE	0.0894619823	FALSE	0.0238357782	FALSE	0.549440801	TRUE	0.0415236354	FALSE	0.025138855	FALSE	0.0200925767	FALSE	0.0548725724	FALSE	0.0164409876	FALSE	0.0499134064	FALSE
2020	071-2020	ALLOWING THE INSTALLATION OF TIP BOXES ON PUBLIC UTILITY VEHICLES IN THE CITY OF BAGUIO.	0.026283741	FALSE	0.0137361288	FALSE	0.0100004673	FALSE	0.0138758421	FALSE	0.0126495659	FALSE	0.0097219646	FALSE	0.0199068189	FALSE	0.0446759462	FALSE	0.0601634681	FALSE	0.0446361601	FALSE	0.829123855	TRUE	0.0167365372	FALSE	0.0553252399	FALSE	0.0134835243	FALSE	0.0276548564	FALSE	0.0361956954	FALSE	0.0483159423	FALSE
2020	072-2020	AMENDING SECTIONS 1 AND 2 OF ORDINANCE NUMBERED 22, SERIES OF 2012.	0.0245215595	FALSE	0.0381983817	FALSE	0.0106571317	FALSE	0.0241942704	FALSE	0.067794919	FALSE	0.00422617793	FALSE	0.00831055641	FALSE	0.0612398088	FALSE	0.018605262	FALSE	0.140928686	FALSE	0.0166972876	FALSE	0.0117095411	FALSE	0.0586870611	FALSE	0.00834780931	FALSE	0.0127366781	FALSE	0.442647696	FALSE	0.107248545	FALSE
2020	073-2020	REALIGNING THE AMOUNT OF ₱2,000,000.00 FROM THE PROJECT 'UPGRADING OF FENCE AROUND THE REFLECTING POOL AT UPPER WRIGHT PARK, PACDAL' UNDER THE 2020 ANNUAL INVESTMENT PLAN TO 'CONSTRUCTION OF CANOPY/SHED TO HORSE STABLE AND GAZEBO' AT WRIGHT PARK, PACDAL, BAGUIO CITY.	0.0194703043	FALSE	0.0121569932	FALSE	0.00533095	FALSE	0.00991693139	FALSE	0.0077381134	FALSE	0.00851818919	FALSE	0.0106031597	FALSE	0.0413994193	FALSE	0.084753722	FALSE	0.0189456046	FALSE	0.764166355	TRUE	0.0254472792	FALSE	0.0436732173	FALSE	0.0101319253	FALSE	0.0434157252	FALSE	0.0176236928	FALSE	0.0589768589	FALSE
2020	074-2020	APPROVING THE TRANSFER AND DISBURSEMENT OF FUND IN THE CITY VETERINARY AND AGRICULTURE OFFICE.	0.0626689196	FALSE	0.562987745	TRUE	0.0064637363	FALSE	0.0211884379	FALSE	0.0722097158	FALSE	0.0138316154	FALSE	0.00783956051	FALSE	0.15973568	FALSE	0.0398995578	FALSE	0.0432178974	FALSE	0.0517327785	FALSE	0.0316860676	FALSE	0.0257698894	FALSE	0.0056758821	FALSE	0.0177317858	FALSE	0.0230999291	FALSE	0.0457336307	FALSE
2020	075-2020	ALLOCATING THE AMOUNT OF ₱100,000,000.00 FROM THE APPROPRIATED ₱150,000,000.00 CITY GOVERNMENT OF BAGUIO'S ANTI-CORONAVIRUS DISEASE 2019 FUND UNDER ORDINANCE NUMBERED 39, SERIES OF 2020 FOR THE 2020 BAGUIO'S REVITALIZATION ACTIONS FOR A VIBRANT ECONOMY-ECONOMIC STIMULUS PACKAGE (BRAVE-ESP) AS FINANCIAL ASSISTANCE FOR MICRO, SMALL AND MEDIUM ENTERPRISES (MSMEs) IN THE CITY OF BAGUIO.	0.0982834697	FALSE	0.0127937198	FALSE	0.0629094541	FALSE	0.0216605365	FALSE	0.0119247139	FALSE	0.0073159337	FALSE	0.00727006793	FALSE	0.0587710738	FALSE	0.129531115	FALSE	0.0887840688	FALSE	0.267016709	FALSE	0.0162455738	FALSE	0.023060441	FALSE	0.00644591451	FALSE	0.0172048509	FALSE	0.0784661472	FALSE	0.520345	TRUE
2020	076-2020	REALIGNING THE AMOUNT OF ₱500,000.00 FROM THE PROJECT 'BARANGAY ROAD REHABILITATION PHASE 1 LOCATED AT PUROK CENTRAL IN FRONT OF ALFREDO CONG-O RESIDENCE AND CYNTHIA MANA-A RESIDENCE' UNDER THE 2020 ANNUAL INVESTMENT PLAN TO 'ROAD REHABILITATION/ROAD CONCRETING FROM THE SAN VICENTE TENERRACE JEEPNEY STAGING AREA TO THE ROAD FRONTING THE PATPATAYAN AREA AND THE DALMACIO RESIDENCE' AT SAN VICENTE BARANGAY, BAGUIO CITY.	0.0538453758	FALSE	0.0113646686	FALSE	0.0166002214	FALSE	0.0188179016	FALSE	0.0182029	FALSE	0.00827485323	FALSE	0.00514856	FALSE	0.0647788346	FALSE	0.0767225623	FALSE	0.0234086514	FALSE	0.756985903	TRUE	0.0180302858	FALSE	0.0220169723	FALSE	0.00804838538	FALSE	0.0333851576	FALSE	0.0223139226	FALSE	0.0868502557	FALSE
2020	077-2020	REALIGNING THE AMOUNT OF ₱300,000.00 FROM THE PROJECT 'REHABILITATION OF THE STAGE AND INSTALLATION OF CANOPY FOR THE STAGE AT PUROK TENNERACE PLAZA' UNDER THE 2020 ANNUAL INVESTMENT PLAN TO 'REHABILITATION AND INSTALLATION OF RAILINGS AND IMPROVEMENT OF A PATHWAY LOCATED BEHIND TAMBIAC AND BAYENG RESIDENCE AT PUROK TENNERACE' AT SAN VICENTE BARANGAY, BAGUIO CITY.	0.0329162776	FALSE	0.0128562152	FALSE	0.0140600502	FALSE	0.0155615211	FALSE	0.0108651519	FALSE	0.0121346116	FALSE	0.00925079	FALSE	0.0417376459	FALSE	0.163812727	FALSE	0.0195975	FALSE	0.674005926	TRUE	0.035910815	FALSE	0.0177619755	FALSE	0.00960600376	FALSE	0.0526193678	FALSE	0.0241387188	FALSE	0.137684733	FALSE
2020	078-2020	CHANGING THE PROJECT TITLE 'CONSTRUCTION OF PATHWAY FROM KEG-AY'S RESIDENCE DOWN TO JULIO LAWAGAN'S RESIDENCE ALONG PUROK 4' UNDER THE 2020 ANNUAL INVESTMENT PLAN TO 'IMPROVEMENT OF CANAL FROM KEG-AY'S RESIDENCE DOWN TO JULIO LAWAGAN'S RESIDENCE ALONG PUROK 4' AT POLIWES BARANGAY, BAGUIO CITY.	0.0235802531	FALSE	0.0125160813	FALSE	0.00462374091	FALSE	0.0185366571	FALSE	0.0113988221	FALSE	0.012432009	FALSE	0.0118016899	FALSE	0.0606632233	FALSE	0.197223216	FALSE	0.0250076056	FALSE	0.528126121	TRUE	0.0248033404	FALSE	0.037586242	FALSE	0.010032773	FALSE	0.0251499116	FALSE	0.0196892321	FALSE	0.109238714	FALSE
2020	079-2020	APPROVING THE REQUEST FOR AUTHORITY TO CHARGE THE AMOUNT OF ₱656,150.88 AGAINST THE 2020 APPROPRIATION OF THE OFFICE FOR ADMINISTRATION UNDER ACCOUNT CODE 439-021 (BAGUIO CONVENTION TRUST FUND) FOR THE PAYMENT OF SALARIES AND WAGES OF SEVEN (7) PERSONNEL UNDER JOB ORDER STATUS FOR THE PERIOD 01 JULY 2020 TO 31 DECEMBER 2020.	0.0326114893	FALSE	0.015355438	FALSE	0.00582119823	FALSE	0.021622479	FALSE	0.0468634367	FALSE	0.00574687123	FALSE	0.015117377	FALSE	0.76705265	TRUE	0.0718722343	FALSE	0.102708757	FALSE	0.0132534206	FALSE	0.0293383598	FALSE	0.0209035873	FALSE	0.00808560848	FALSE	0.010563612	FALSE	0.0442811251	FALSE	0.0831224918	FALSE
2020	080-2020	APPROVING THE REQUEST FOR AUTHORITY TO CHARGE THE AMOUNT OF ₱1,829.24 AGAINST THE 2020 APPROPRIATION OF THE CITY DISASTER RISK REDUCTION AND MANAGEMENT OFFICE (CDRRMO) UNDER ACCOUNT CODE 5-02-03-090 (FUEL, OIL AND LUBRICANTS EXPENSES) FOR THE PAYMENT OF FUEL CONSUMPTION OF 41.955 LITERS OF DIESEL FOR CDRRMO VEHICLE WITH PLATE NO. A30949 ON 03 DECEMBER 2019.	0.0155933797	FALSE	0.0120415986	FALSE	0.010109961	FALSE	0.00770393	FALSE	0.00709456205	FALSE	0.0158493519	FALSE	0.0324489176	FALSE	0.0114546418	FALSE	0.024452	FALSE	0.0110819042	FALSE	0.0566316545	FALSE	0.0259689987	FALSE	0.845620513	TRUE	0.0231792331	FALSE	0.0209690332	FALSE	0.0171618164	FALSE	0.027243644	FALSE
2020	081-2020	APPROVING THE TRANSFER OF FUND IN THE AMOUNT OF ₱100,000.00 FROM ACCOUNT CODE 5-02-13-050 (REPAIRS AND MAINTENANCE - MACHINERY AND EQUIPMENT) TO ACCOUNT CODE 5-02-04-010 (WATER EXPENSES) UNDER THE 2020 CURRENT APPROPRIATIONS OF THE BUREAU OF FIRE PROTECTION-BAGUIO CITY FIRE STATION TO COVER INCREASED WATER CONSUMPTION DUE TO FIRE SUPPRESSION RESPONSES AND COVID-19 RELATED ACTIVITIES.	0.00945794582	FALSE	0.00975722075	FALSE	0.0130371749	FALSE	0.00745129585	FALSE	0.00889843702	FALSE	0.427283823	FALSE	0.0581339598	FALSE	0.0167176723	FALSE	0.0274531245	FALSE	0.0245060921	FALSE	0.0959972739	FALSE	0.0331712365	FALSE	0.0111053884	FALSE	0.0138027668	FALSE	0.0335235298	FALSE	0.0487631857	FALSE	0.0471031368	FALSE
2020	082-2020	AMENDING SECTION 1 OF ORDINANCE NUMBERED 42, SERIES OF 2020, SPECIFICALLY THE RE-TITLING OF ITEM NUMBER 3 FROM 'PRODUCT DEVELOPMENT FOR MUSHROOM PRODUCTION' TO 'STRAWBERRY PRODUCTION AND PROJECT DEVELOPMENT' TO CONFORM TO RESOLUTION NUMBERED 221, SERIES OF 2020 APPROVING THE SUPPLEMENTAL ANNUAL INVESTMENT PLAN FOR FISCAL YEAR 2020.	0.0176810324	FALSE	0.082010746	FALSE	0.0108159781	FALSE	0.0114296675	FALSE	0.0131848156	FALSE	0.00792914629	FALSE	0.0160627961	FALSE	0.11375916	FALSE	0.2954126	FALSE	0.0565417707	FALSE	0.0289234221	FALSE	0.0962444842	FALSE	0.04507339	FALSE	0.00512671471	FALSE	0.0335039496	FALSE	0.0503599346	FALSE	0.529429436	TRUE
2020	083-2020	REALIGNING THE AMOUNT OF ₱100,000.00 FROM THE PROJECT 'RIPRAPPING ALONG THE ROAD NEAR JONY'S PLACE' UNDER THE 2020 ANNUAL INVESTMENT PLAN TO 'RIPRAPPING ALONG UPPER PUROK 3' AT MINES VIEW BARANGAY, BAGUIO CITY.	0.0325197577	FALSE	0.012064755	FALSE	0.00455260277	FALSE	0.0126309395	FALSE	0.0112461746	FALSE	0.00497478247	FALSE	0.00796273351	FALSE	0.134144783	FALSE	0.198198795	FALSE	0.0286887586	FALSE	0.455279738	FALSE	0.0293744504	FALSE	0.0434956551	FALSE	0.00567880273	FALSE	0.0248954594	FALSE	0.0207594633	FALSE	0.138433337	FALSE
2020	084-2020	CHANGING THE PROJECT TITLE 'TRANSFER OF ROAD RIGHT OF WAY ORIGINALLY BETWEEN LOTS 9 AND 10 TO LOTS 12 AND 13' AT KAYANG HILLTOP BARANGAY, BAGUIO CITY UNDER THE 2020 ANNUAL INVESTMENT PLAN AMOUNTING TO ₱1,898,250.00 TO 'IMPROVEMENT OF ROAD AT THE BACK OF LOTS 9 TO 12 TO TRANSFER THE ROAD RIGHT OF WAY FROM BETWEEN LOTS 9 AND 10 TO LOTS 12 AND 13' AT UPPER MARKET SUBDIVISION BARANGAY, BAGUIO CITY.	0.0327520072	FALSE	0.00946438313	FALSE	0.00916978717	FALSE	0.01017946	FALSE	0.00865536928	FALSE	0.00585287809	FALSE	0.00740912557	FALSE	0.0497881472	FALSE	0.10080713	FALSE	0.0248180926	FALSE	0.715356588	TRUE	0.0194972456	FALSE	0.0339876413	FALSE	0.00943625	FALSE	0.0349790156	FALSE	0.0182632804	FALSE	0.0958356857	FALSE
2020	085-2020	REALIGNING THE AMOUNT OF ₱150,000.00 FROM THE PROJECT 'RIPRAPPING OF SCHOOL WALL AND REHABILITATION OF THE SCHOOL'S MAIN ENTRANCE' UNDER THE 2020 ANNUAL INVESTMENT PLAN TO 'REHABILITATION OF TWO (2) CLASSROOMS OF THE PINSAO NATIONAL HIGH SCHOOL, PUROK 6' AT PINSAO PILOT PROJECT BARANGAY, BAGUIO CITY.	0.0208979845	FALSE	0.00845521688	FALSE	0.0182941258	FALSE	0.149729908	FALSE	0.0100156665	FALSE	0.00802958	FALSE	0.00701609254	FALSE	0.0315740407	FALSE	0.133789122	FALSE	0.028943181	FALSE	0.356321037	FALSE	0.0186302662	FALSE	0.0147552788	FALSE	0.00634589791	FALSE	0.0196340978	FALSE	0.0345758498	FALSE	0.187729299	FALSE
2020	086-2020	AMENDING ORDINANCE NUMBERED 74, SERIES OF 2009 (CHILDREN'S WELFARE AND PROTECTION CODE OF THE CITY OF BAGUIO) TO INCORPORATE NEW NATIONAL LAWS AND POLICIES, STRENGTHEN CHILD RIGHTS PROTECTION, AND PROMOTE A CHILD-RESPONSIVE ENVIRONMENT. THE REVISED CODE INCLUDES PRINCIPLES FROM THE UNCRC, DEFINITIONS, POLICY FRAMEWORK, AND IMPLEMENTATION GUIDELINES.	0.0199456215	FALSE	0.00699448586	FALSE	0.0176328719	FALSE	0.0142906904	FALSE	0.0334819257	FALSE	0.0065715611	FALSE	0.0120711923	FALSE	0.0301278234	FALSE	0.0146156251	FALSE	0.0654501915	FALSE	0.0203385651	FALSE	0.0114571452	FALSE	0.0122515261	FALSE	0.0070669353	FALSE	0.0116204321	FALSE	0.80237174	TRUE	0.0615172088	FALSE
2020	087-2020	APPROPRIATING THE AMOUNT OF ₱272,799.91 SAVINGS FROM THE ORIGINAL PROJECT ENTITLED 'CONSTRUCTION OF DRAINAGE CANAL NEAR PUCSUSAN CHAPEL AT PUROK 3, PUCSUSAN BARANGAY' TO FUND THE CONTINUANCE (SECOND PROJECT) AND/OR IMPROVEMENT OF THE SAME PROJECT WHICH HAD BEEN DAMAGED BY TYPHOON OMPONG.	0.0437772572	FALSE	0.0136090815	FALSE	0.015435636	FALSE	0.0381077528	FALSE	0.0173735619	FALSE	0.0554641485	FALSE	0.00988706946	FALSE	0.0225350261	FALSE	0.0256749988	FALSE	0.0317395031	FALSE	0.515387714	TRUE	0.0118042231	FALSE	0.102517128	FALSE	0.0568897128	FALSE	0.0275706649	FALSE	0.0364446342	FALSE	0.0568311512	FALSE
2020	088-2020	REALIGNING THE AMOUNT OF ₱159,000.00 FROM THE TOTAL BALANCE OF THE 2020 APPROPRIATION OF THE CITY MAYOR'S OFFICE FOR THE SOCIETY OF OUTSTANDING CITIZENS OF BAGUIO UNDER VARIOUS ACCOUNT CODES FOR THE CONSTRUCTION OF A MONUMENT/MARKER TO HONOR THE FRONTLINERS OF THE CITY OF BAGUIO.	0.0417094231	FALSE	0.00846818089	FALSE	0.0113057792	FALSE	0.0247509778	FALSE	0.0144703686	FALSE	0.00658863783	FALSE	0.0077008605	FALSE	0.040694505	FALSE	0.0304360688	FALSE	0.209892839	FALSE	0.650967777	TRUE	0.0100088418	FALSE	0.0303145051	FALSE	0.011913985	FALSE	0.0203747451	FALSE	0.104091197	FALSE	0.0790948868	FALSE
2020	089-2020	APPROVING THE AUTHORITY TO CHARGE AND DISBURSE THE TOTAL AMOUNT OF ₱1,100,000.00 UNDER THE EXISTING PAG-ASA YOUTH ASSOCIATION (PYA) TRUST FUND ACCOUNT CODE 439-104 (439 OTHER PAYABLES) TO BE USED FOR VARIOUS PYA YOUTH RELATED PROGRAMS, PROJECTS AND OTHER CHILDREN'S ACTIVITIES IN THE CITY OF BAGUIO. THESE INCLUDE CAPABILITY BUILDING, INFRASTRUCTURE REPAIR, EQUIPMENT PURCHASE, PROJECT MONITORING, ADVOCACY MATERIALS, SOCIO-CULTURAL EVENTS, AND STRENGTHENING OF BARANGAY-LEVEL YOUTH ORGANIZATIONS.	0.0123258531	FALSE	0.00608164072	FALSE	0.0154647529	FALSE	0.0389018059	FALSE	0.0158447921	FALSE	0.00821372867	FALSE	0.00976246595	FALSE	0.0956200361	FALSE	0.406976193	FALSE	0.0412964821	FALSE	0.161955535	FALSE	0.0356759131	FALSE	0.00716453791	FALSE	0.00982886553	FALSE	0.0199786127	FALSE	0.0666659772	FALSE	0.360364646	FALSE
2020	090-2020	APPROVING THE REQUEST FOR AUTHORITY TO CHARGE THE AMOUNT OF ₱8,985.22 AGAINST THE 2020 APPROPRIATION OF THE CITY ENVIRONMENT AND PARKS MANAGEMENT OFFICE UNDER ACCOUNT CODE 5-02-04-020 (ELECTRICITY EXPENSES) FOR THE PAYMENT OF UNPAID ELECTRICITY CONSUMPTION AT DOMINICAN HERITAGE PARK COVERING THE PERIOD 22 NOVEMBER 2019 TO 23 DECEMBER 2019.	0.0173031092	FALSE	0.0130778551	FALSE	0.0100610852	FALSE	0.0114619732	FALSE	0.00627014041	FALSE	0.0114099681	FALSE	0.0565170348	FALSE	0.0232483745	FALSE	0.0448387861	FALSE	0.0227845907	FALSE	0.818531156	TRUE	0.0351740718	FALSE	0.139147609	FALSE	0.0189680159	FALSE	0.0815247595	FALSE	0.0316490531	FALSE	0.0406131744	FALSE
2020	091-2020	APPROVING THE REQUEST FOR AUTHORITY TO CHARGE THE AMOUNT OF ₱24,500.00 AGAINST THE 2020 APPROPRIATION OF THE CITY PLANNING AND DEVELOPMENT OFFICE UNDER ACCOUNT CODE 5-02-99-030 (REPRESENTATION EXPENSES) FOR THE PAYMENT OF ADDITIONAL COST OF MEALS SERVED DURING THE CONDUCT OF THE A.O. 504 REGIONAL SECRETARIAT MEETING AND POLICY REVIEW HELD ON 28 TO 29 NOVEMBER 2019.	0.0260570645	FALSE	0.0236596167	FALSE	0.014552772	FALSE	0.023055166	FALSE	0.0106366873	FALSE	0.00958612561	FALSE	0.0138503611	FALSE	0.0397461951	FALSE	0.0607396066	FALSE	0.0333079398	FALSE	0.83372879	TRUE	0.0192886293	FALSE	0.0556123555	FALSE	0.0118422806	FALSE	0.0256416798	FALSE	0.0341180861	FALSE	0.0696094632	FALSE
2020	092-2020	APPROVING THE REQUEST FOR AUTHORITY TO CHARGE THE AMOUNT OF ₱620,796.00 AGAINST THE 2020 APPROPRIATION OF THE OFFICE FOR CITY ADMINISTRATION UNDER ACCOUNT CODE 439-021 (BAGUIO CONVENTION TRUST FUND) FOR THE PAYMENT OF SALARIES AND WAGES OF FOUR (4) SECURITY PERSONNEL FOR THE PERIOD FROM 15 JULY 2020 TO 31 DECEMBER 2020.	0.0402086079	FALSE	0.012037307	FALSE	0.00513324142	FALSE	0.0242764056	FALSE	0.0182300806	FALSE	0.00354170799	FALSE	0.0103613138	FALSE	0.453787714	FALSE	0.0933740735	FALSE	0.178242385	FALSE	0.0588366091	FALSE	0.0183949471	FALSE	0.0272511244	FALSE	0.00440964103	FALSE	0.00954452157	FALSE	0.0682458878	FALSE	0.202208191	FALSE
2020	093-2020	APPROVING THE REQUEST OF ARCHITECT RAFAEL GENOVE CHAN, IN BEHALF OF ANTONIA GENOVE, FOR TEMPORARY EXEMPTION FROM THE PAYMENT OF THE MONTHLY REAL PROPERTY TAXES TO THE CITY GOVERNMENT OF BAGUIO FOR 210 CALENDAR DAYS OR SEVEN (7) MONTHS STARTING FEBRUARY 2020.	0.0565172732	FALSE	0.0148398876	FALSE	0.0113116205	FALSE	0.0165516138	FALSE	0.0259469151	FALSE	0.00626856089	FALSE	0.014823854	FALSE	0.0869126618	FALSE	0.0382246673	FALSE	0.0665537119	FALSE	0.829307139	TRUE	0.0153277516	FALSE	0.0648848712	FALSE	0.0128695071	FALSE	0.0334178507	FALSE	0.10774675	FALSE	0.0713070333	FALSE
2020	094-2020	REALIGNING THE AMOUNT OF ₱2,000,000.00 FROM THE PROJECT 'MULTI-PURPOSE BUILDING EVACUATION CENTER, 2 STOREY STRUCTURE' UNDER THE 2020 ANNUAL INVESTMENT PLAN TO 'IMPROVEMENT OF COVERED COURT AT PUROK 3' AT PINSAO PILOT PROJECT BARANGAY, BAGUIO CITY.	0.0172283649	FALSE	0.0106706023	FALSE	0.0137463212	FALSE	0.0157506764	FALSE	0.00956064463	FALSE	0.00758266449	FALSE	0.0170565844	FALSE	0.0313876271	FALSE	0.0910958648	FALSE	0.0301376879	FALSE	0.71424222	TRUE	0.0180689394	FALSE	0.086027	FALSE	0.0108882785	FALSE	0.0293814838	FALSE	0.0386495888	FALSE	0.114230514	FALSE
2020	095-2020	REALIGNING THE AMOUNT OF ₱1,000,000.00 FROM THE PROJECT 'REHABILITATION OF SMALL BRIDGE AT CARANTES COMPOUND' UNDER THE 2020 ANNUAL INVESTMENT PLAN TO 'REHABILITATION OF HANGING BRIDGE AND DRAINAGE CANAL BELOW CAMP 7 ELEMENTARY SCHOOL' AT CAMP 7 BARANGAY, BAGUIO CITY.	0.032553941	FALSE	0.0119866729	FALSE	0.0114789605	FALSE	0.0639431775	FALSE	0.0118816495	FALSE	0.0348573029	FALSE	0.00701203942	FALSE	0.0256628394	FALSE	0.073251605	FALSE	0.016890645	FALSE	0.575733721	TRUE	0.0174853504	FALSE	0.00898194313	FALSE	0.0121901333	FALSE	0.0352659225	FALSE	0.025231272	FALSE	0.0812971294	FALSE
2020	096-2020	CHANGING THE PROJECT TITLE 'REHABILITATION/MAJOR REPAIR OF FLOOD CONTROL STRUCTURE - REHABILITATION OF RETAINING WALL PHASE 2 (RIGHT AFTER THE GATE OF AGUINALDO ELEMENTARY SCHOOL UNTIL THE ENTRANCE OF BRIGHT YELLOW STREET)' UNDER THE 2020 ANNUAL INVESTMENT PLAN TO 'REHABILITATION OF RETAINING WALL PHASE 2...' AT GEFA-LOWER Q.M., BAGUIO CITY.	0.0247965157	FALSE	0.00863131881	FALSE	0.011970669	FALSE	0.0111713111	FALSE	0.00914874673	FALSE	0.0138413608	FALSE	0.00991091132	FALSE	0.0254766345	FALSE	0.0575665534	FALSE	0.014331907	FALSE	0.802959442	TRUE	0.0159061849	FALSE	0.0409411192	FALSE	0.0117622316	FALSE	0.0333430171	FALSE	0.018227756	FALSE	0.0477290154	FALSE
2020	097-2020	CHANGING THE PROJECT TITLE 'CONSTRUCTION OF DRAINAGE SYSTEM AND DECLOGGING OF CANALS ALONG FERGUSON ROAD' UNDER THE 2020 ANNUAL INVESTMENT PLAN AMOUNTING TO ₱120,000.00 TO 'IMPROVEMENT OF ROAD AT FEBRUARY STREET' AT GUISAD CENTRAL BARANGAY, BAGUIO CITY.	0.0302449763	FALSE	0.0139199793	FALSE	0.00742337108	FALSE	0.0140196383	FALSE	0.0108945072	FALSE	0.0165593326	FALSE	0.00824871659	FALSE	0.0294823945	FALSE	0.0701966882	FALSE	0.0209394097	FALSE	0.753046572	TRUE	0.016066432	FALSE	0.0316252708	FALSE	0.0123478174	FALSE	0.0352751	FALSE	0.0147005916	FALSE	0.053386867	FALSE
2020	098-2020	CHANGING THE LOCATION OF THE PROJECT TITLE 'REHABILITATION OF THE CREEK FROM BARANGAY BOUNDARY OF GEFA TO BOUNDARIES OF CITY CAMP PROPER AND LOWER ROCK QUARRY' UNDER THE 2020 ANNUAL INVESTMENT PLAN FROM 'CITY CAMP CENTRAL' TO 'CITY CAMP PROPER', BAGUIO CITY.	0.0204088986	FALSE	0.00895416737	FALSE	0.00527730584	FALSE	0.00886309147	FALSE	0.0105345845	FALSE	0.00709071755	FALSE	0.00827714801	FALSE	0.0960030854	FALSE	0.115205288	FALSE	0.0203738809	FALSE	0.767803	TRUE	0.0316317379	FALSE	0.0441879928	FALSE	0.0134595037	FALSE	0.0437898636	FALSE	0.0242162049	FALSE	0.0637919307	FALSE
2020	099-2020	CHANGING THE LOCATION OF THE PROJECT TITLE 'REHABILITATION OF THE CREEK FROM BARANGAY BOUNDARY OF GEFA TO BOUNDARIES OF CITY CAMP PROPER AND LOWER ROCK QUARRY' UNDER THE 2020 ANNUAL INVESTMENT PLAN FROM 'CITY CAMP CENTRAL' TO 'CITY CAMP PROPER', BAGUIO CITY.	0.0204088986	FALSE	0.00895416737	FALSE	0.00527730584	FALSE	0.00886309147	FALSE	0.0105345845	FALSE	0.00709071755	FALSE	0.00827714801	FALSE	0.0960030854	FALSE	0.115205288	FALSE	0.0203738809	FALSE	0.767803	TRUE	0.0316317379	FALSE	0.0441879928	FALSE	0.0134595037	FALSE	0.0437898636	FALSE	0.0242162049	FALSE	0.0637919307	FALSE
2020	100-2020	APPROPRIATING FUNDS FOR THE COMMEMORATION OF 'VICTORY DAY' ON SEPTEMBER 3 OF EVERY YEAR IN THE CITY OF BAGUIO IN SUPPORT TO REPUBLIC ACT NO. 11216.	0.017427206	FALSE	0.0242702961	FALSE	0.00772690773	FALSE	0.027082324	FALSE	0.0794240236	FALSE	0.00453320146	FALSE	0.00507456064	FALSE	0.0627568364	FALSE	0.019947052	FALSE	0.187793523	FALSE	0.0804872513	FALSE	0.00756570697	FALSE	0.0367578864	FALSE	0.0069206953	FALSE	0.00923678279	FALSE	0.270095527	FALSE	0.0543247461	FALSE
2020	101-2020	REVERTING TO THE GENERAL FUND THE AMOUNT OF ₱18,138,800.00 SAVINGS FROM THE ₱20,000,000.00 SUBSIDY TO PUBLIC UTILITY JEEPNEY DRIVERS IN THE CITY OF BAGUIO UNDER ORDINANCE NUMBERED 39, SERIES OF 2020 AND REAPPROPRIATING THE SAME AMOUNT TO FUND VARIOUS PROJECTS/ACTIVITIES THAT ARE DEEMED URGENT AND NECESSARY.	0.0386526883	FALSE	0.0133855939	FALSE	0.0232929587	FALSE	0.0338123143	FALSE	0.0197692215	FALSE	0.00793719292	FALSE	0.00685891509	FALSE	0.0903648436	FALSE	0.0738287866	FALSE	0.0754686892	FALSE	0.283859611	FALSE	0.0137327015	FALSE	0.0236900449	FALSE	0.00636696815	FALSE	0.0113832355	FALSE	0.155235738	FALSE	0.256770253	FALSE
2020	102-2020	REALIGNING THE AMOUNT OF ₱100,000.00 FROM THE PROJECT 'DRAINAGE CANAL (COMPLETION) FROM THE BACK OF SUMADCHAT RESIDENCE TO ALCANTARA RESIDENCE' UNDER THE 2020 ANNUAL INVESTMENT PLAN TO 'COMPLETION OF KITCHEN EXTENSION OF THE JOINT MULTI-PURPOSE HALL' AT IMELDA MARCOS BARANGAY, BAGUIO CITY.	0.0234008133	FALSE	0.0193999112	FALSE	0.00587406754	FALSE	0.0254836977	FALSE	0.0194711685	FALSE	0.0233420432	FALSE	0.0122599006	FALSE	0.0474968851	FALSE	0.0715649724	FALSE	0.0182665586	FALSE	0.796702683	TRUE	0.0239396095	FALSE	0.0408883095	FALSE	0.0192839801	FALSE	0.0462142825	FALSE	0.0193893611	FALSE	0.0348391831	FALSE
2020	103-2020	APPROVING THE REQUEST FOR AUTHORITY TO CHARGE THE AMOUNT OF ₱413,099.96 AGAINST THE 2020 APPROPRIATION OF THE OFFICE OF THE CITY MAYOR UNDER ACCOUNT CODE 5-01-01-010 (SALARIES AND WAGES - REGULAR) FOR THE PAYMENT OF TERMINAL LEAVE AND RETIREMENT GRATUITY OF MS. TERESITA C. LEON, LICENSE INSPECTOR I.	0.0354572237	FALSE	0.0118961334	FALSE	0.00429171324	FALSE	0.0256274641	FALSE	0.028375715	FALSE	0.00435876846	FALSE	0.0115404129	FALSE	0.65928328	TRUE	0.0738482475	FALSE	0.140331	FALSE	0.053873688	FALSE	0.0217423737	FALSE	0.0182214379	FALSE	0.00529646873	FALSE	0.00932189822	FALSE	0.054291904	FALSE	0.0881999433	FALSE
2020	104-2020	APPROVING THE TRANSFER AND DISBURSEMENT OF FUND IN THE CITY HUMAN RESOURCE MANAGEMENT OFFICE AMOUNTING TO ₱445,000.00 TO COVER TERMINAL LEAVE BENEFITS AND CASH INCENTIVE FOR MS. CATALINA B. ZAMORA’S OPTIONAL RETIREMENT.	0.062825352	FALSE	0.0290534198	FALSE	0.00327187777	FALSE	0.0127739906	FALSE	0.0156956613	FALSE	0.00638315082	FALSE	0.00435704	FALSE	0.477963716	FALSE	0.101776183	FALSE	0.0727779269	FALSE	0.0769852698	FALSE	0.0494858623	FALSE	0.0186449885	FALSE	0.00411814451	FALSE	0.0226418078	FALSE	0.0167700648	FALSE	0.123443335	FALSE
2020	105-2020	AMENDING ORDINANCE NUMBERED 33, SERIES OF 2005 (THE GENDER EQUALITY AND DEVELOPMENT CODE OF BAGUIO CITY) TO INCORPORATE NEW NATIONAL LAWS AND POLICIES, STRENGTHEN CHILD RIGHTS PROTECTION, AND PROMOTE A CHILD-RESPONSIVE ENVIRONMENT.	0.0193575323	FALSE	0.015915364	FALSE	0.0210153759	FALSE	0.0390765965	FALSE	0.80781889	TRUE	0.00948941708	FALSE	0.0074582994	FALSE	0.0445126	FALSE	0.011523515	FALSE	0.0437158048	FALSE	0.00951248407	FALSE	0.0070643425	FALSE	0.0113567114	FALSE	0.0105563402	FALSE	0.00817135	FALSE	0.0636379421	FALSE	0.0104025602	FALSE
2020	106-2020	APPROVING THE REQUEST FOR AUTHORITY TO CHARGE THE AMOUNT OF ₱254,963.30 AGAINST THE 2020 APPROPRIATION OF THE OFFICE FOR CITY ADMINISTRATION UNDER ACCOUNT CODE 439-021 (BAGUIO CONVENTION TRUST FUND) FOR THE PAYMENT OF SALARIES OF THREE JOB ORDER PERSONNEL FROM AUGUST TO DECEMBER 2020.	0.0206619501	FALSE	0.00670564175	FALSE	0.00439420342	FALSE	0.0240294933	FALSE	0.0212236047	FALSE	0.0037368536	FALSE	0.00838717818	FALSE	0.473061979	FALSE	0.0801160932	FALSE	0.136955	FALSE	0.0590825379	FALSE	0.0149303675	FALSE	0.0202987194	FALSE	0.00634586811	FALSE	0.00819981098	FALSE	0.0831045508	FALSE	0.133444786	FALSE
2020	107-2020	IMPOSING THE USE OF INFORMATION SLIP AIMED AT MONITORING, CONTACT TRACING AND OTHER PURPOSES IN RELATION TO THE OUTBREAK OF CORONAVIRUS DISEASE 2019 IN THE CITY OF BAGUIO.	0.0426451564	FALSE	0.0270986855	FALSE	0.405544251	FALSE	0.0388863087	FALSE	0.0817896426	FALSE	0.00385072827	FALSE	0.00689664483	FALSE	0.0109129846	FALSE	0.0114516616	FALSE	0.0925823152	FALSE	0.0684647858	FALSE	0.00548818707	FALSE	0.0164083838	FALSE	0.00667488575	FALSE	0.0103932321	FALSE	0.0374738276	FALSE	0.0626030862	FALSE
2020	108-2020	CHANGING THE PROJECT TITLE 'CONSTRUCTION OF FLOOD CONTROL NEAR SMALL WORLD SCHOOL AT LEXBER' UNDER THE 2020 ANNUAL INVESTMENT PLAN TO 'CONSTRUCTION OF FLOOD CONTROL AT LEXBER' AT CAMP 7 BARANGAY, BAGUIO CITY.	0.039460063	FALSE	0.0127517283	FALSE	0.00888156891	FALSE	0.0110966563	FALSE	0.0103799701	FALSE	0.0141955316	FALSE	0.0143357515	FALSE	0.0292244554	FALSE	0.0539809763	FALSE	0.0198393464	FALSE	0.58391273	TRUE	0.0158008337	FALSE	0.259059548	FALSE	0.00857231	FALSE	0.0232684612	FALSE	0.0278515816	FALSE	0.0840116441	FALSE
2020	109-2020	REALIGNING THE AMOUNT OF ₱100,000.00 FROM THE PROJECT 'CONSTRUCTION OF CROSS DRAINAGE AND CANAL AT GOLD STREET INFRONT OF BAQUIRAN'S RESIDENCE TO SOLIVEN'S RESIDENCE CONNECTING TO THE EXISTING CANAL AT TIN STREET' TO 'REINFORCED CONCRETE CANAL WITH COVER AT COPPER STREET CORNER TACAY ROAD.'	0.0260992348	FALSE	0.0171032846	FALSE	0.00785833597	FALSE	0.0192406178	FALSE	0.0175513327	FALSE	0.0164242983	FALSE	0.0115087628	FALSE	0.0380357206	FALSE	0.0387037098	FALSE	0.0226003528	FALSE	0.852191091	TRUE	0.017544955	FALSE	0.0301474035	FALSE	0.0192558765	FALSE	0.0508727729	FALSE	0.0195936263	FALSE	0.0198927522	FALSE
2020	110-2020	REALIGNING THE AMOUNT OF ₱300,000.00 FROM THE PROJECT 'CONCRETE SLAB ABOVE THE CREEK, PUROK 1' UNDER THE 2020 ANNUAL INVESTMENT PLAN TO 'REHABILITATION OF CREEK AT PUROK 2' AT GUISAD SURONG BARANGAY, BAGUIO CITY.	0.0357901156	FALSE	0.0135165453	FALSE	0.00807100534	FALSE	0.0147230625	FALSE	0.0132395327	FALSE	0.00981524587	FALSE	0.00789001584	FALSE	0.0697773397	FALSE	0.130283624	FALSE	0.0249110162	FALSE	0.765307784	TRUE	0.0335941	FALSE	0.025033474	FALSE	0.0111054182	FALSE	0.0564148724	FALSE	0.0274133086	FALSE	0.105319411	FALSE
2020	111-2020	APPROVING THE REQUEST FOR AUTHORITY TO CHARGE THE AMOUNT OF ₱117,123.13 AGAINST THE 2020 APPROPRIATION OF THE CITY TREASURY OFFICE FOR THE PAYMENT OF TERMINAL LEAVE BENEFITS CLAIMS OF MS. VILMA B. FERREOL, FORMER ADMINISTRATIVE AIDE III (UTILITY WORKER II) OF THE SAID OFFICE, WHO RETIRED FROM THE GOVERNMENT SERVICE EFFECTIVE 24 JULY 2018.	0.0540753901	FALSE	0.0106987357	FALSE	0.00732460618	FALSE	0.0162643194	FALSE	0.0338829756	FALSE	0.0040769279	FALSE	0.00778010488	FALSE	0.130886525	FALSE	0.0437461138	FALSE	0.233843178	FALSE	0.146183521	FALSE	0.0106551051	FALSE	0.0317433178	FALSE	0.00440448523	FALSE	0.0114254355	FALSE	0.243771821	FALSE	0.170175284	FALSE
2020	112-2020	REALIGNING THE AMOUNT OF ₱15,000,000.00 FROM THE PROJECT 'RESTORATION AND IMPROVEMENT OF SKATING RINK, BURNHAM PARK' UNDER THE 2019 LOCAL DEVELOPMENT FUND TO 'REDEVELOPMENT OF BAYAN PARK' AT AURORA HILL, BAGUIO CITY.	0.0157829523	FALSE	0.011275202	FALSE	0.00784796476	FALSE	0.0141069591	FALSE	0.0088955164	FALSE	0.0129885674	FALSE	0.0155953467	FALSE	0.0363662243	FALSE	0.0577402711	FALSE	0.02327317	FALSE	0.836819053	TRUE	0.0253675878	FALSE	0.0207943916	FALSE	0.0199292	FALSE	0.0692983866	FALSE	0.0232945681	FALSE	0.0468696058	FALSE
2020	113-2020	INSTITUTIONALIZING THE CREATION OF THE BARANGAY AGRICULTURE AND FISHERIES COMMITTEE (BAFC) IN THE CITY OF BAGUIO TO IMPLEMENT AGRICULTURE AND FISHERY PROGRAMS, COORDINATE WITH CITY AND NATIONAL AGENCIES, MONITOR PROJECTS, AND SUPPORT URBAN FARMING INITIATIVES. INCLUDES COMPOSITION, FUNCTIONS, FUNDING, AND IMPLEMENTATION GUIDELINES.	0.0222129822	FALSE	0.257256508	FALSE	0.00559487939	FALSE	0.0187653601	FALSE	0.0147402585	FALSE	0.0475624502	FALSE	0.00643530488	FALSE	0.0324667394	FALSE	0.0278442204	FALSE	0.0152349174	FALSE	0.219982564	FALSE	0.0444673896	FALSE	0.0213731527	FALSE	0.174716353	FALSE	0.058270067	FALSE	0.0105656683	FALSE	0.0219633579	FALSE
2020	114-2020	APPROVING THE REQUEST FOR AUTHORITY TO CHARGE THE AMOUNT OF ₱1,392.00 AGAINST THE 2020 APPROPRIATION OF THE OFFICE OF THE CITY AUDITOR UNDER ACCOUNT CODE 5-02-13-050 (REPAIRS AND MAINTENANCE-MACHINERY AND EQUIPMENT) FOR THE PAYMENT OF ADDITIONAL COST OF PURCHASE OF TIRES FOR THE OFFICE VEHICLES.	0.0182431638	FALSE	0.00627541542	FALSE	0.0104524493	FALSE	0.0166504383	FALSE	0.00861740112	FALSE	0.00783461332	FALSE	0.00879359245	FALSE	0.0423418581	FALSE	0.0609246194	FALSE	0.072183609	FALSE	0.575958371	TRUE	0.0122305155	FALSE	0.0201613	FALSE	0.0102181137	FALSE	0.0167923868	FALSE	0.10149017	FALSE	0.110274673	FALSE
2020	115-2020	AMENDING ORDINANCE NUMBERED 88, SERIES OF 2020 TO REVERT THE TOTAL AMOUNT OF ₱159,000.00 TO THE GENERAL FUND AND REAPPROPRIATE IT FOR THE 'CONSTRUCTION OF MONUMENT/MARKER TO HONOR THE FRONTLINERS OF THE CITY OF BAGUIO' UNDER THE CITY ENVIRONMENT AND PARKS MANAGEMENT OFFICE ACCOUNT CODE 1-07-03-990.	0.0279805958	FALSE	0.010234952	FALSE	0.0119568408	FALSE	0.0106397569	FALSE	0.00872606	FALSE	0.0110609233	FALSE	0.00716364384	FALSE	0.0216904879	FALSE	0.0274189711	FALSE	0.0301322639	FALSE	0.849303246	TRUE	0.0175122917	FALSE	0.0478779078	FALSE	0.0221048295	FALSE	0.0831002	FALSE	0.0395540297	FALSE	0.0449993	FALSE
2020	116-2020	APPROVING THE TRANSFER OF FUND AMOUNTING TO ₱1,000,000.00 FROM ACCOUNT CODE 1-07-07-010 (FURNITURE AND FIXTURES) TO ACCOUNT CODE 1-07-05-030 (INFORMATION AND COMMUNICATION TECHNOLOGY EQUIPMENT) UNDER THE 2020 CURRENT APPROPRIATIONS OF THE CITY CIVIL REGISTRY OFFICE FOR THE PURCHASE OF DESKTOP COMPUTERS.	0.0225826502	FALSE	0.00880661607	FALSE	0.0141621232	FALSE	0.0643391609	FALSE	0.0121330917	FALSE	0.00994491577	FALSE	0.0194760859	FALSE	0.0477885604	FALSE	0.101636678	FALSE	0.0650172234	FALSE	0.793008566	TRUE	0.0143036246	FALSE	0.0257572234	FALSE	0.0156498551	FALSE	0.0222769678	FALSE	0.0508056879	FALSE	0.0877176225	FALSE
2020	117-2020	APPROVING THE REQUEST FOR AUTHORITY TO CHARGE THE AMOUNT OF ₱128,953.78 AGAINST THE 2020 APPROPRIATION OF THE CITY BUDGET OFFICE UNDER ACCOUNT CODE 5-01-01-010 (SALARIES AND WAGES-REGULAR) FOR THE PAYMENT OF TERMINAL LEAVE BENEFITS AND OTHER PERSONNEL BENEFITS OF MS. BLESSILLE G. BENDAL.	0.0457163155	FALSE	0.0115875006	FALSE	0.00486573577	FALSE	0.025620997	FALSE	0.0204566717	FALSE	0.00410369039	FALSE	0.0142217577	FALSE	0.613452256	TRUE	0.0878714323	FALSE	0.174203992	FALSE	0.0451972783	FALSE	0.0216215849	FALSE	0.024356246	FALSE	0.00446933508	FALSE	0.00914228	FALSE	0.0424389541	FALSE	0.139571667	FALSE
2020	118-2020	REALIGNING THE AMOUNT OF ₱100,000.00 FROM THE PROJECT 'CONSTRUCTION OF SEWER SYSTEM LEFT SIDE OF 2ND KAYANG STREET, HILLTOP' UNDER THE 2020 ANNUAL INVESTMENT PLAN TO 'REHABILITATION OF SIDEWALK (PALO-PALO BRICKS) ALONG CLARIDAD STREET' AT KAYANG-HILLTOP BARANGAY, BAGUIO CITY.	0.0108118355	FALSE	0.015994519	FALSE	0.00360199809	FALSE	0.0156264901	FALSE	0.0087684691	FALSE	0.170238018	FALSE	0.00552862883	FALSE	0.0632150769	FALSE	0.0849367678	FALSE	0.0116367936	FALSE	0.255155146	FALSE	0.0701257288	FALSE	0.0117727816	FALSE	0.0545530021	FALSE	0.0518581271	FALSE	0.0100444555	FALSE	0.0247404277	FALSE
2020	119-2020	AMENDING ORDINANCE NUMBERED 104, SERIES OF 2020 TO AUTHORIZE THE CHARGE OF ₱450,000.00 AGAINST THE 2020 APPROPRIATION OF THE CITY HUMAN RESOURCE MANAGEMENT OFFICE UNDER ACCOUNT CODE 5-01-01-010 (SALARIES AND WAGES-REGULAR) FOR THE PAYMENT OF TERMINAL LEAVE BENEFITS AND OTHER PERSONNEL BENEFITS OF MS. CATALINA B. ZAMORA.	0.0382037163	FALSE	0.0180011988	FALSE	0.00438585877	FALSE	0.0170177817	FALSE	0.0122561157	FALSE	0.00643676519	FALSE	0.00918036699	FALSE	0.575262487	TRUE	0.126416117	FALSE	0.066711992	FALSE	0.0824029446	FALSE	0.0467031896	FALSE	0.017389	FALSE	0.00550121069	FALSE	0.0171708465	FALSE	0.0312345326	FALSE	0.147592187	FALSE
2020	120-2020	APPROVING THE REQUEST FOR THE ADDITIONAL INCREASE OF SALARY SUBSIDY OF CITY PARENT PAID DAY CARE WORKERS FROM ₱6,000.00 TO ₱8,000.00 CHARGE AGAINST THE 2020 APPROPRIATION OF THE CITY SOCIAL WELFARE AND DEVELOPMENT OFFICE UNDER ACCOUNT CODE 5-02-99-990 AND 5-02-99-030.	0.0747255683	FALSE	0.0141589642	FALSE	0.00580823421	FALSE	0.0179998577	FALSE	0.0200391114	FALSE	0.00419715047	FALSE	0.00602597	FALSE	0.228246808	FALSE	0.0351938	FALSE	0.375045419	FALSE	0.142461628	FALSE	0.0102110803	FALSE	0.0188883841	FALSE	0.00485500693	FALSE	0.0105855763	FALSE	0.0264448822	FALSE	0.0734439492	FALSE
2020	121-2020	APPROVING THE REQUEST FOR AUTHORITY TO CHARGE THE AMOUNT OF ₱6,000.00 AGAINST THE 2020 APPROPRIATION OF THE SANGGUNIANG PANLUNGSOD (CITY COUNCIL) UNDER ACCOUNT CODE 5-02-99-030 (REPRESENTATION EXPENSES) FOR THE PAYMENT OF SNACKS DURING THE MEETING WITH THE BAGUIO FARMERS AT THE CITY VETERINARY AND AGRICULTURE OFFICE (CVAO) HELD ON 19 DECEMBER 2019.	0.0523419976	FALSE	0.439965427	FALSE	0.00965261459	FALSE	0.0312066972	FALSE	0.029196173	FALSE	0.013710171	FALSE	0.0116005838	FALSE	0.0757537186	FALSE	0.0337847471	FALSE	0.113428891	FALSE	0.307082713	FALSE	0.0383523107	FALSE	0.0397642255	FALSE	0.00945076346	FALSE	0.0446645617	FALSE	0.0790692568	FALSE	0.0842543542	FALSE
2020	122-2020	AMENDING ORDINANCE NUMBERED 114, SERIES OF 2020 TO CORRECT THE ACCOUNT CODE TO BE CHARGED FOR THE ADDITIONAL COST OF PURCHASE OF TIRES FOR THE OFFICE VEHICLES FROM 5-02-13-050 (REPAIRS AND MAINTENANCE-MACHINERY AND EQUIPMENT) TO 5-02-13-060 (REPAIRS AND MAINTENANCE-TRANSPORTATION EQUIPMENT).	0.00739464164	FALSE	0.0120390654	FALSE	0.00862029195	FALSE	0.0184558332	FALSE	0.0175532401	FALSE	0.00304824114	FALSE	0.0387884676	FALSE	0.143472672	FALSE	0.140185803	FALSE	0.0428143442	FALSE	0.0439292789	FALSE	0.0262672305	FALSE	0.0329020619	FALSE	0.00706413388	FALSE	0.0110260546	FALSE	0.143611401	FALSE	0.205543756	FALSE
2020	123-2020	CHANGING THE PROJECT TITLE 'REHABILITATION OF RETAINING WALL AT ST. XAVIER SEMINARY AND CONSTRUCTION OF COMFORT ROOM AT TURNING POINT OF SIAPNO LITENG' UNDER THE 2020 ANNUAL INVESTMENT PLAN TO 'CONSTRUCTION OF COMFORT ROOM AT TURNING POINT OF SIAPNO LITENG' AT PACDAL BARANGAY, BAGUIO CITY.	0.0200158954	FALSE	0.0140126944	FALSE	0.0085477829	FALSE	0.0261342824	FALSE	0.0165230632	FALSE	0.00609666109	FALSE	0.0171607435	FALSE	0.0846846402	FALSE	0.155844539	FALSE	0.0254000127	FALSE	0.78439939	TRUE	0.025004	FALSE	0.0595466793	FALSE	0.0117013454	FALSE	0.0292083323	FALSE	0.0218396485	FALSE	0.070422858	FALSE
2020	124-2020	REALIGNING THE TOTAL AMOUNT OF ₱8,625,000.00 FROM THE 2020 APPROPRIATION AND ₱9,801,949.20 FROM CONTINUING APPROPRIATIONS OF THE DEPARTMENT OF EDUCATION, SCHOOLS DIVISION OF BAGUIO CITY TO ACCOUNT CODE 5-02-03-010 (OFFICE SUPPLIES EXPENSES) FOR THE PROCUREMENT OF USB FLASH DRIVES FOR LEARNERS AS ALTERNATIVE TO PRINTED MODULES.	0.0250734389	FALSE	0.0141659379	FALSE	0.0109930038	FALSE	0.839946032	TRUE	0.0243619978	FALSE	0.00574570894	FALSE	0.00706684589	FALSE	0.0483624041	FALSE	0.0360428691	FALSE	0.0461346805	FALSE	0.0152990818	FALSE	0.0089840889	FALSE	0.0143081248	FALSE	0.00501525402	FALSE	0.00595572591	FALSE	0.0284244418	FALSE	0.046631664	FALSE
2020	125-2020	REALIGNING THE AMOUNT OF ₱1,800,000.00 FROM THE PROJECT 'CONSTRUCTION OF FLOOD CONTROL ALONG BUED RIVER AT PUROK 3' UNDER THE 2020 ANNUAL INVESTMENT PLAN TO 'CONTINUATION OF DAP-AY AS AN EVACUATION CENTER' AT CAMP 8 BARANGAY, BAGUIO CITY.	0.0350568891	FALSE	0.0142567158	FALSE	0.00942263	FALSE	0.0123722553	FALSE	0.0112607479	FALSE	0.0226641297	FALSE	0.0143449903	FALSE	0.0210725069	FALSE	0.0370340347	FALSE	0.0263008177	FALSE	0.464752942	FALSE	0.0153003931	FALSE	0.48606658	FALSE	0.0174738765	FALSE	0.0240746439	FALSE	0.0260352492	FALSE	0.0653215945	FALSE
2020	126-2020	REALIGNING THE AMOUNT OF ₱1,000,000.00 FROM THE PROJECT 'SLOPE PROTECTION WITH FLOOD CONTROL MEASURES AT PUROK SADJO' UNDER THE 2020 ANNUAL INVESTMENT PLAN TO 'CONSTRUCTION OF DRAINAGE AND FLOOD CONTROL AT LOWER PUROK SADJO' AT LOAKAN PROPER BARANGAY, BAGUIO CITY.	0.0412094891	FALSE	0.01061064	FALSE	0.00816893578	FALSE	0.0072414577	FALSE	0.00777584314	FALSE	0.0128591955	FALSE	0.0122138858	FALSE	0.0308600068	FALSE	0.0564359426	FALSE	0.019620806	FALSE	0.629860342	TRUE	0.0221381187	FALSE	0.273324102	FALSE	0.00962400436	FALSE	0.0446248055	FALSE	0.0228877366	FALSE	0.0839898884	FALSE
2020	127-2020	CHANGING THE PROJECT TITLE 'CONSTRUCTION AND REHABILITATION OF DRAINAGE CANAL INCLUDING CROSS DRAIN AT PUROK 3 CRYSTAL CAVE GOING TO MULLER SUBDIVISION' UNDER THE 2020 ANNUAL INVESTMENT PLAN TO 'CONSTRUCTION AND REHABILITATION OF DRAINAGE CANAL INCLUDING ITS COVER AND CONTINUATION OF ROAD CONSTRUCTION AT PUROK 3 CRYSTAL CAVE GOING TO MULLER SUBDIVISION' AT BAKAKENG CENTRAL BARANGAY, BAGUIO CITY.	0.026257813	FALSE	0.0105682015	FALSE	0.00930601358	FALSE	0.0141729414	FALSE	0.010643512	FALSE	0.023201853	FALSE	0.00528222322	FALSE	0.0354880393	FALSE	0.112739086	FALSE	0.0162067413	FALSE	0.666616917	TRUE	0.0239005983	FALSE	0.0134009123	FALSE	0.0115576088	FALSE	0.0515221953	FALSE	0.0165801644	FALSE	0.0817069411	FALSE
2020	128-2020	APPROVING THE REQUEST OF THE CITY SOCIAL WELFARE AND DEVELOPMENT OFFICE (CSWDO) FOR AUTHORITY TO CHARGE THE AMOUNT OF ₱18,804.20 AGAINST ITS 2020 APPROPRIATION UNDER ACCOUNT CODE 5-02-03-010 (OFFICE SUPPLIES EXPENSES) FOR THE PAYMENT OF PROCURED OFFICE SUPPLIES FOR THE SECOND QUARTER OF 2015 FROM BAGUIO PRINCE ENTERPRISES.	0.0957199931	FALSE	0.0161188245	FALSE	0.00652083755	FALSE	0.0141444504	FALSE	0.0184904933	FALSE	0.00500923395	FALSE	0.00622674823	FALSE	0.187777847	FALSE	0.0380139351	FALSE	0.469943523	FALSE	0.201610565	FALSE	0.0112442672	FALSE	0.0247791708	FALSE	0.00680348277	FALSE	0.0136680901	FALSE	0.029174298	FALSE	0.0871293545	FALSE
2020	129-2020	IDENTIFYING LANDSLIDE PRONE AREAS IN THE CITY OF BAGUIO FEASIBLE FOR TREE PLANTING PROGRAMS AND APPROPRIATING FUNDS THEREOF. DEFINES OBJECTIVES, FUNCTIONS OF CITY OFFICES, FUNDING SOURCE, AND IMPLEMENTATION FRAMEWORK TO MITIGATE LANDSLIDES AND INCREASE FOREST COVER.	0.0262871385	FALSE	0.0276098847	FALSE	0.00900515914	FALSE	0.0102228224	FALSE	0.00838291645	FALSE	0.0115348697	FALSE	0.00571379066	FALSE	0.0109336972	FALSE	0.0200922191	FALSE	0.0268771946	FALSE	0.308335	FALSE	0.0367951691	FALSE	0.0599676967	FALSE	0.0101188123	FALSE	0.441963077	FALSE	0.0249225795	FALSE	0.0414155126	FALSE
2020	130-2020	REALIGNING THE AMOUNT OF ₱300,000.00 FROM THE PROJECT 'CONTINUATION OF DEVASTATED ROAD WITH DRAINAGE CANAL AT PUROK 19' UNDER THE 2020 ANNUAL INVESTMENT PLAN TO 'REHABILITATION OF DEVASTATED MAIN DRAINAGE CANAL AT IDOGAN PUROK 20' AT IRISAN BARANGAY, BAGUIO CITY.	0.0513462126	FALSE	0.0120399296	FALSE	0.00828883052	FALSE	0.00897941	FALSE	0.00989684463	FALSE	0.0153087378	FALSE	0.00592562556	FALSE	0.0463008285	FALSE	0.0722040236	FALSE	0.0270631015	FALSE	0.693303108	TRUE	0.0190841854	FALSE	0.0390161872	FALSE	0.00883021951	FALSE	0.0379306376	FALSE	0.0181669891	FALSE	0.0900805295	FALSE
2020	131-2020	REALIGNING THE AMOUNT OF ₱300,000.00 FROM THE PROJECT 'CONTINUATION OF ROAD IMPROVEMENT AT BANTAY KAWAWA PUROK 1' UNDER THE 2020 ANNUAL INVESTMENT PLAN TO 'REPAIR OF THE HANGING BRIDGE LEADING TO GADGAD'S RESIDENCE AT PUROK 1' AT IRISAN BARANGAY, BAGUIO CITY.	0.0248937607	FALSE	0.0127438903	FALSE	0.0125516653	FALSE	0.0170649	FALSE	0.0136998594	FALSE	0.0089700222	FALSE	0.0104888976	FALSE	0.0341196656	FALSE	0.0683013797	FALSE	0.0155664086	FALSE	0.780283928	TRUE	0.0162739754	FALSE	0.0253715515	FALSE	0.009901613	FALSE	0.0296947956	FALSE	0.0167223811	FALSE	0.0429928601	FALSE
2020	132-2020	REALIGNING THE AMOUNT OF ₱500,000.00 FROM THE PROJECT 'REHABILITATION OF PATHWAY AT INTERIOR A, BALACBAC ROAD' UNDER THE 2020 ANNUAL INVESTMENT PLAN TO 'REHABILITATION OF ROAD AT INTERIOR A, BALACBAC ROAD' AT STO. TOMAS PROPER BARANGAY, BAGUIO CITY.	0.0455524623	FALSE	0.0113410652	FALSE	0.0160505772	FALSE	0.015172869	FALSE	0.0107828975	FALSE	0.00847640634	FALSE	0.00671735406	FALSE	0.050678879	FALSE	0.153192967	FALSE	0.0237108767	FALSE	0.642507613	TRUE	0.0264993906	FALSE	0.0157227814	FALSE	0.00772839785	FALSE	0.0419707894	FALSE	0.0255715251	FALSE	0.172064245	FALSE
2020	133-2020	APPROVING THE REQUEST OF THE CITY ADMINISTRATOR'S OFFICE FOR AUTHORITY TO CHARGE AND TO DISBURSE THE TOTAL AMOUNT OF ₱865,000.00 AGAINST ITS 2020 APPROPRIATION UNDER ACCOUNT CODE 5-02-06-020 (PRIZES) FOR THE PAYMENT OF INCENTIVES TO LOCAL ATHLETES WHO WON IN THE SEA GAMES AND WORLD PARA BOWLING COMPETITIONS.	0.0126267076	FALSE	0.0167124867	FALSE	0.00840330124	FALSE	0.044164747	FALSE	0.092679739	FALSE	0.0119290352	FALSE	0.00731095672	FALSE	0.0710085	FALSE	0.0300537944	FALSE	0.119167	FALSE	0.043693006	FALSE	0.0166085064	FALSE	0.0605323613	FALSE	0.443556309	FALSE	0.0117903948	FALSE	0.0671486855	FALSE	0.0655257106	FALSE
2020	134-2020	REALIGNING THE AMOUNT OF ₱3,489,289.71 SAVINGS FROM THE PROJECT 'REPAIR AND RESTORATION OF COLLAPSED ROADSIDE RETAINING WALL AT PUROK IV-B NEAR CAOILI'S RESIDENCE' AT LUCNAB BARANGAY, BAGUIO CITY TO COMPLETE THE GABION WALL UP TO THE ROAD LEVEL AND TO CONSTRUCT A DRAINAGE CANAL TO PROTECT THE ROAD, LIFE, AND PROPERTIES.	0.0297989547	FALSE	0.0279803872	FALSE	0.00728684664	FALSE	0.0125335157	FALSE	0.0120848715	FALSE	0.0184211135	FALSE	0.0121192634	FALSE	0.0481666923	FALSE	0.0428522825	FALSE	0.012306869	FALSE	0.823764205	TRUE	0.0412338376	FALSE	0.0256312191	FALSE	0.0290379226	FALSE	0.0993909836	FALSE	0.0160610974	FALSE	0.0182389617	FALSE
2020	135-2020	REVERTING TO THE SURPLUS ACCOUNT OF THE GENERAL FUND THE AMOUNT OF ₱50,000,000.00 FROM SAVINGS OF CURRENT APPROPRIATIONS FOR PERSONAL SERVICES AND MOOE, AND REAPPROPRIATING THE SAME FOR FUNDING VARIOUS CITY EXPENDITURES INCLUDING SALARY DIFFERENTIALS, CASH INCENTIVES, COVID-19 OPERATIONS, SUPPLIES, AND TRAININGS.	0.0296526253	FALSE	0.0127519071	FALSE	0.00706195831	FALSE	0.0168499351	FALSE	0.00890225172	FALSE	0.0044388473	FALSE	0.00744792819	FALSE	0.101623088	FALSE	0.111474901	FALSE	0.10230872	FALSE	0.237535775	FALSE	0.0128657818	FALSE	0.0247834027	FALSE	0.0038690567	FALSE	0.0102229118	FALSE	0.0255997777	FALSE	0.187914133	FALSE
2020	136-2020	AMENDING ORDINANCE NUMBERED 60, SERIES OF 2018 TO INSTITUTIONALIZE THE EMPLOYEES SUMMIT IN THE CITY GOVERNMENT OF BAGUIO AS A THREE-DAY EVENT EVERY FIRST WEEK OF DECEMBER, INCLUDING COVERAGE, COMMITTEE COMPOSITION, DUTIES, AND FUNDING REQUIREMENTS.	0.0219218433	FALSE	0.0152920187	FALSE	0.0136925578	FALSE	0.0311000049	FALSE	0.0254983306	FALSE	0.00451371074	FALSE	0.0108151734	FALSE	0.0656964183	FALSE	0.0514141619	FALSE	0.161385745	FALSE	0.215061605	FALSE	0.0126108229	FALSE	0.0814636946	FALSE	0.00628918409	FALSE	0.0128854811	FALSE	0.313208431	FALSE	0.207444787	FALSE
2020	137-2020	APPROVING THE REQUEST OF THE CITY HEALTH SERVICES OFFICE FOR AUTHORITY TO CHARGE ₱141,245.20 AGAINST ITS 2020 APPROPRIATION UNDER ACCOUNT CODE 5-02-03-070 (DRUGS AND MEDICINES EXPENSES) FOR PAYMENT OF VARIOUS MULTI-VITAMINS WITH MEDHAUS PHARMA INC.	0.0835006237	FALSE	0.0215825737	FALSE	0.155455023	FALSE	0.0766462684	FALSE	0.0213359892	FALSE	0.00690567493	FALSE	0.00755578279	FALSE	0.0477345586	FALSE	0.0797285438	FALSE	0.0618211329	FALSE	0.226502	FALSE	0.0126335323	FALSE	0.011993885	FALSE	0.00431740284	FALSE	0.0116173923	FALSE	0.0457865	FALSE	0.322033465	FALSE
2020	138-2020	APPROVING THE REQUEST OF THE CITY HEALTH SERVICES OFFICE FOR AUTHORITY TO CHARGE ₱12,420.00 AGAINST ITS 2020 APPROPRIATION UNDER ACCOUNT CODE 5-02-99-990 (OTHER MOOE) FOR PAYMENT OF HONORARIUM FOR 2019 TB DIAGNOSTIC COMMITTEE CONSULTANTS.	0.041926533	FALSE	0.0092805028	FALSE	0.0837926	FALSE	0.084846586	FALSE	0.0207165182	FALSE	0.00508263707	FALSE	0.00689867139	FALSE	0.0314205587	FALSE	0.0849780142	FALSE	0.0741964877	FALSE	0.18829	FALSE	0.00911003351	FALSE	0.020934999	FALSE	0.00426921248	FALSE	0.0100052655	FALSE	0.0582507253	FALSE	0.329325646	FALSE
2020	139-2020	AMENDING ORDINANCE NUMBERED 124, SERIES OF 2020 TO REALIGN FUNDS TO ACCOUNT CODE 5-02-03-110 (TEXTBOOKS AND INSTRUCTIONAL MATERIALS EXPENSES) FOR PROCUREMENT OF USB FLASH DRIVES FOR LEARNERS AS ALTERNATIVE TO PRINTED MODULES.	0.0172697902	FALSE	0.0168862641	FALSE	0.0124409199	FALSE	0.719365716	TRUE	0.0242764354	FALSE	0.00461241603	FALSE	0.00802531838	FALSE	0.0300146937	FALSE	0.0364578366	FALSE	0.0511115193	FALSE	0.0114305317	FALSE	0.00803175569	FALSE	0.0236342251	FALSE	0.00497201085	FALSE	0.00553819537	FALSE	0.0671456158	FALSE	0.0806540847	FALSE
2020	140-2020	APPROVING THE TRANSFER OF ₱80,000.00 FROM ACCOUNT CODE 5-02-04-010 (WATER EXPENSES) TO ACCOUNT CODE 5-02-03-090 (FUEL, OIL AND LUBRICANTS EXPENSES) UNDER THE 2020 CURRENT APPROPRIATIONS OF THE BAGUIO CITY JAIL-MALE DORM, BJMP-CAR.	0.0330002606	FALSE	0.0214492381	FALSE	0.0113328099	FALSE	0.016102165	FALSE	0.109981894	FALSE	0.0899611712	FALSE	0.0191274881	FALSE	0.135400534	FALSE	0.0257714391	FALSE	0.0676553845	FALSE	0.0522912443	FALSE	0.0291300118	FALSE	0.00805771351	FALSE	0.00679120421	FALSE	0.0165262222	FALSE	0.359810472	FALSE	0.0463395715	FALSE
2020	141-2020	CHANGING THE PROJECT TITLE 'CONTINUATION OF CHILD DEVELOPMENT CENTER AT PUROK MAGSAYSAY' UNDER THE SECOND SUPPLEMENTAL ANNUAL INVESTMENT PLAN FOR FISCAL YEAR 2020 AMOUNTING TO ₱1,350,000.00 TO 'CONSTRUCTION OF CHILD DEVELOPMENT CENTER AT PUROK MAGSAYSAY' AT LOAKAN PROPER BARANGAY, BAGUIO CITY.	0.0908743143	FALSE	0.0186333954	FALSE	0.0192644894	FALSE	0.0164384544	FALSE	0.014162302	FALSE	0.00458991528	FALSE	0.00773972273	FALSE	0.0937934816	FALSE	0.126974583	FALSE	0.0836098194	FALSE	0.0914743245	FALSE	0.0203768313	FALSE	0.0300293267	FALSE	0.0036020577	FALSE	0.0148782134	FALSE	0.0513439476	FALSE	0.492308348	FALSE
2020	142-2020	APPROVING THE TRANSFER OF FUND AMOUNTING TO ₱195,000.00 FROM ACCOUNT CODE 5-02-01-010 (TRAVELING EXPENSES-LOCAL) TO ACCOUNT CODE 5-02-12-990 (OTHER GENERAL SERVICES) UNDER THE 2020 CURRENT APPROPRIATIONS OF THE CITY PLANNING AND DEVELOPMENT OFFICE TO FUND THE COST OF SERVICES OF THREE PERSONNEL.	0.0232962668	FALSE	0.00994589925	FALSE	0.0133196712	FALSE	0.0141023695	FALSE	0.00977900624	FALSE	0.00831052661	FALSE	0.0122822821	FALSE	0.0322279036	FALSE	0.0528072119	FALSE	0.0298839808	FALSE	0.835833907	TRUE	0.01265499	FALSE	0.0438627303	FALSE	0.0143629014	FALSE	0.0263317227	FALSE	0.0242533684	FALSE	0.0540923476	FALSE
2020	143-2020	REALIGNING THE AMOUNT OF ₱700,000.00 FROM THE PROJECT 'CONSTRUCTION OF CONCRETE PROTECTION SLOPE AT SECTOR 5, DOMINICAN HILL EXTENSION NEAR DEOGRACIAS RESIDENCE TO LAIGO RESIDENCE' UNDER THE 2020 ANNUAL INVESTMENT PLAN TO 'CONSTRUCTION OF CONCRETE DRAINAGE AT SECTOR 5 NEAR DEOGRACIAS RESIDENCE TO LLEGO RESIDENCE' AT DOMINICAN-MIRADOR BARANGAY, BAGUIO CITY.	0.0376720428	FALSE	0.0127729774	FALSE	0.0077110827	FALSE	0.0137029588	FALSE	0.0138995945	FALSE	0.00572899	FALSE	0.00861224532	FALSE	0.0715596676	FALSE	0.0609942675	FALSE	0.0292563736	FALSE	0.791353703	TRUE	0.0191967785	FALSE	0.0401893854	FALSE	0.00963625312	FALSE	0.0416816771	FALSE	0.0255424678	FALSE	0.0614234507	FALSE
2020	144-2020	CHANGING THE PROJECT TITLE 'CONSTRUCTION OF COMFORT ROOM AT TURNING POINT OF SIAPNO LITENG' UNDER THE 2020 ANNUAL INVESTMENT PLAN AMOUNTING TO ₱250,000.00 TO 'REHABILITATION AND BEAUTIFICATION OF WAITING SHED AT TURNING POINT OF SIAPNO LITENG' AT PACDAL BARANGAY, BAGUIO CITY.	0.0209651589	FALSE	0.012190491	FALSE	0.00729364157	FALSE	0.0155209005	FALSE	0.0124064088	FALSE	0.00508335233	FALSE	0.0105528533	FALSE	0.0811837316	FALSE	0.136209041	FALSE	0.0253933072	FALSE	0.703166604	TRUE	0.0241483748	FALSE	0.0493377447	FALSE	0.00918147	FALSE	0.0282180011	FALSE	0.0197137296	FALSE	0.0894682407	FALSE
2020	145-2020	APPROVING THE TRANSFER OF FUNDS AMOUNTING TO ₱341,450.00 FROM ACCOUNT CODE 1-07-05-020 (OFFICE EQUIPMENT) AND ₱59,000.00 FROM ACCOUNT CODE 1-07-05-030 (ICT EQUIPMENT) TO ACCOUNT CODE 1-07-05-100 (MILITARY, POLICE AND SECURITY EQUIPMENT) UNDER THE 2020 CURRENT APPROPRIATIONS OF THE CITY CIVIL REGISTRY OFFICE FOR THE PURCHASE AND INSTALLATION OF CCTV.	0.0331276059	FALSE	0.00699576735	FALSE	0.021576792	FALSE	0.0243121982	FALSE	0.0121014118	FALSE	0.00832012296	FALSE	0.00752663612	FALSE	0.0246200562	FALSE	0.0375771224	FALSE	0.106140912	FALSE	0.514319658	TRUE	0.00941070914	FALSE	0.0181782842	FALSE	0.00997760892	FALSE	0.018358916	FALSE	0.143183231	FALSE	0.146194816	FALSE
2020	146-2020	APPROVING THE TRANSFER OF FUNDS AMOUNTING TO ₱478,187.68 FROM ACCOUNT CODE 1-07-04-050 (SLAUGHTERHOUSE), ₱496,812.32 FROM ACCOUNT CODE 1-07-04-990 (OTHER STRUCTURES), AND ₱200,000.00 FROM ACCOUNT CODE 1-07-05-100 (MILITARY, POLICE AND SECURITY EQUIPMENT) TO ACCOUNT CODE 1-07-06-010 (MOTOR VEHICLES) UNDER THE 2020 CURRENT APPROPRIATIONS OF THE CITY VETERINARY AND AGRICULTURE OFFICE FOR THE PROCUREMENT OF DOG IMPOUNDING VEHICLE.	0.062399	FALSE	0.490801632	FALSE	0.0132752061	FALSE	0.0241066813	FALSE	0.0307821631	FALSE	0.0155952573	FALSE	0.00706130266	FALSE	0.0485058427	FALSE	0.0250594914	FALSE	0.0401860774	FALSE	0.216947347	FALSE	0.0305890739	FALSE	0.0111446083	FALSE	0.00929182768	FALSE	0.0433488488	FALSE	0.035410434	FALSE	0.0532152057	FALSE
2020	147-2020	APPROVING THE TRANSFER OF FUND AMOUNTING TO ₱250,000.00 FROM ACCOUNT CODE 5-02-13-050 (REPAIRS AND MAINTENANCE - MACHINERY AND EQUIPMENT) TO ACCOUNT CODE 5-02-13-040 (REPAIRS AND MAINTENANCE - BUILDINGS AND OTHER STRUCTURES) UNDER THE 2020 CURRENT APPROPRIATIONS OF THE CITY VETERINARY AND AGRICULTURE OFFICE TO FUND REPAIRS/RENOVATION OF THE MEAT PROCESSING CENTER AND ARABICA COFFEE PROCESSING CENTER.	0.0341033041	FALSE	0.315831423	FALSE	0.0100159645	FALSE	0.0280374289	FALSE	0.0191260576	FALSE	0.0201434195	FALSE	0.00786796212	FALSE	0.049975723	FALSE	0.0535467863	FALSE	0.0212313235	FALSE	0.349025071	FALSE	0.0410076082	FALSE	0.00913646817	FALSE	0.00783321261	FALSE	0.0436683297	FALSE	0.0250939727	FALSE	0.0551969409	FALSE
2020	148-2020	GRANTING FINANCIAL ASSISTANCE IN THE AMOUNT OF ₱2,800,000.00 FROM THE CITY DISASTER RISK REDUCTION AND MANAGEMENT QUICK RESPONSE FUND OF THE CITY GOVERNMENT OF BAGUIO TO THE PROVINCES IN REGIONS II AND V WHICH WERE BADLY HIT BY TYPHOONS 'ROLLY' AND 'ULYSSES'.	0.0322516561	FALSE	0.0148859322	FALSE	0.0143090189	FALSE	0.0139442086	FALSE	0.0130834877	FALSE	0.00831770897	FALSE	0.012051791	FALSE	0.0167706311	FALSE	0.0219799578	FALSE	0.0281788707	FALSE	0.0979832411	FALSE	0.0124594867	FALSE	0.834560156	TRUE	0.0154182613	FALSE	0.0178448558	FALSE	0.02553913	FALSE	0.042334944	FALSE
2020	149-2020	AMENDING ORDINANCE NUMBERED 08, SERIES OF 2013 TO GRANT EXEMPTIONS TO SENIOR CITIZENS AND PERSONS WITH DISABILITY (PWDs) FROM THE PAYMENT OF PARKING FEES, SUBJECT TO CONDITIONS INCLUDING RESIDENCY, DRIVER STATUS, VALID ID PRESENTATION, AND TIME LIMITS.	0.0193252861	FALSE	0.00644513965	FALSE	0.0124454498	FALSE	0.111237675	FALSE	0.0427717865	FALSE	0.0023342669	FALSE	0.00455057621	FALSE	0.0257747769	FALSE	0.0150188804	FALSE	0.198698848	FALSE	0.0677968562	FALSE	0.00357106328	FALSE	0.0444372	FALSE	0.00684931874	FALSE	0.00627312064	FALSE	0.108357459	FALSE	0.0610361695	FALSE
2020	150-2020	APPROVING THE REQUEST OF THE CITY HEALTH SERVICES OFFICE FOR AUTHORITY TO CHARGE AND TO DISBURSE THE AMOUNT OF ₱12,891.91 AGAINST ITS 2020 APPROPRIATION UNDER ACCOUNT CODE 5-02-04-020 FOR THE PAYMENT OF ELECTRIC BILL OF THE EMERGENCY MEDICAL SERVICE FOR THE PERIOD JUNE 2019 TO DECEMBER 2019.	0.0539795756	FALSE	0.00858736	FALSE	0.126470268	FALSE	0.0518500209	FALSE	0.0200929344	FALSE	0.00661155581	FALSE	0.01245749	FALSE	0.031660527	FALSE	0.0609307	FALSE	0.079722017	FALSE	0.300013781	FALSE	0.00973564386	FALSE	0.0257264972	FALSE	0.00508025289	FALSE	0.0130621195	FALSE	0.0959682465	FALSE	0.286672652	FALSE
2020	151-2020	APPROVING THE TRANSFER OF FUND IN THE AMOUNT OF ₱31,245.60 FROM ACCOUNT CODE 5-02-02-010 (TRAINING EXPENSES) TO ACCOUNT CODE 5-02-12-990 (OTHER GENERAL SERVICES) UNDER THE 2020 CURRENT APPROPRIATIONS OF THE OFFICE OF THE CITY AUDITOR TO FUND THE COST OF JOB ORDER SERVICES OF ADMINISTRATIVE AIDE III FOR NOVEMBER TO DECEMBER 2020.	0.0215992332	FALSE	0.00495758653	FALSE	0.00448125601	FALSE	0.0224046707	FALSE	0.0155617297	FALSE	0.00410795212	FALSE	0.00861239433	FALSE	0.523296714	TRUE	0.101134151	FALSE	0.140040904	FALSE	0.0739345849	FALSE	0.0180025697	FALSE	0.0179375112	FALSE	0.00673833489	FALSE	0.0095222	FALSE	0.0604124665	FALSE	0.129307449	FALSE
2020	153-2020	AMENDING SECTION 1 OF ORDINANCE NUMBERED 017, SERIES OF 1993 TO EXEMPT SANGGUNIANG KABATAAN OFFICIALS (CHAIRMAN, MEMBERS, SECRETARY, TREASURER), BARANGAY TANOD, INTEGRATED BARANGAY TANOD, LUPONG TAGAPAMAYAPA, AND OTHER BARANGAY BRIGADES FROM PAYMENT OF COURT, POLICE, MEDICAL AND OTHER CLEARANCE FEES FOR OFFICIAL OR PERSONAL PURPOSES.	0.0174148083	FALSE	0.0197319388	FALSE	0.018678993	FALSE	0.0288568139	FALSE	0.118173659	FALSE	0.00417387486	FALSE	0.00709652901	FALSE	0.0508857667	FALSE	0.0149075687	FALSE	0.131878465	FALSE	0.0155057013	FALSE	0.00901067257	FALSE	0.0310131013	FALSE	0.00803688169	FALSE	0.0102785826	FALSE	0.668442249	TRUE	0.0844306648	FALSE
2020	154-2020	REVERTING TO THE GENERAL FUND THE TOTAL AMOUNT OF ₱423,000.00 UNDER OBLIGATION REQUESTS FOR CHANNELIZING DEVICES, PAVEMENT MARKINGS, AND TRAFFIC SAFETY FUNCTIONS, AND REAPPROPRIATING THE SAME FOR PAYMENT TO JERCON TRADE CONSTRUCTION DEVELOPMENT CORP.	0.0175465941	FALSE	0.0061377883	FALSE	0.00662401319	FALSE	0.00760781765	FALSE	0.00742918253	FALSE	0.00408557057	FALSE	0.00857031345	FALSE	0.079422	FALSE	0.161846161	FALSE	0.0423793793	FALSE	0.33216548	FALSE	0.0244046748	FALSE	0.0298216343	FALSE	0.00830307603	FALSE	0.0247135162	FALSE	0.0427121222	FALSE	0.223556489	FALSE
2020	155-2020	APPROVING THE TRANSFER OF ₱360,000.00 FROM ACCOUNT CODE 5-02-06-020 (PRIZES) TO ACCOUNT CODE 5-02-13-040 (REPAIR AND MAINTENANCE - BUILDINGS AND OTHER STRUCTURES) IN THE AMOUNT OF ₱280,000.00 AND ACCOUNT CODE 5-02-13-050 (REPAIR AND MAINTENANCE - MACHINERY AND EQUIPMENT) IN THE AMOUNT OF ₱80,000.00 UNDER THE 2020 CURRENT APPROPRIATIONS OF THE CITY SOCIAL WELFARE AND DEVELOPMENT OFFICE.	0.0735749304	FALSE	0.0117636621	FALSE	0.00759711862	FALSE	0.0131852627	FALSE	0.0140674114	FALSE	0.00607094169	FALSE	0.00587666035	FALSE	0.0926036537	FALSE	0.0288761556	FALSE	0.438836873	FALSE	0.446119726	FALSE	0.0104577839	FALSE	0.0156011581	FALSE	0.00918552279	FALSE	0.0229400098	FALSE	0.0447069407	FALSE	0.0685703158	FALSE
2020	157-2020	APPROVING THE REQUEST OF MS. JOVITA A. GANONGAN, OFFICER-IN-CHARGE OF DOT-CAR, FOR ASSISTANCE AND WAIVER OF FEES IN THE CONDUCT OF VIDEO SHOOT FOR THE AUDIO-VISUAL PRESENTATION TITLED “MUNDO” FOR DOMESTIC TOURISM CAMPAIGN HELD ON 10-15 NOVEMBER 2020.	0.0202049613	FALSE	0.0537127554	FALSE	0.00714695454	FALSE	0.0146789253	FALSE	0.0564923882	FALSE	0.00998789072	FALSE	0.0160031915	FALSE	0.781077921	TRUE	0.0899868906	FALSE	0.0949966908	FALSE	0.0195235014	FALSE	0.125375807	FALSE	0.024956435	FALSE	0.0270606279	FALSE	0.02690804	FALSE	0.0286396444	FALSE	0.0833013654	FALSE
2020	158-2020	APPROVING THE TEMPORARY CLOSURE OF BOTH SIDES OF SESSION ROAD TO VEHICULAR TRAFFIC FOR THE CONDUCT OF MICRO, SMALL AND MEDIUM ENTERPRISES (MSME) MARKET SHOWCASE TO BE HELD ON 13 DECEMBER 2020.	0.00904879	FALSE	0.014147222	FALSE	0.00928506255	FALSE	0.0226799846	FALSE	0.0144782662	FALSE	0.00940358639	FALSE	0.0202196836	FALSE	0.146292269	FALSE	0.434671462	FALSE	0.0142652094	FALSE	0.29460746	FALSE	0.0403643548	FALSE	0.0378210545	FALSE	0.00931668282	FALSE	0.0186194181	FALSE	0.0156247318	FALSE	0.104223669	FALSE
2020	159-2020	APPROVING THE TRANSFER OF ₱200,000.00 FROM ACCOUNT CODE 5-02-02-010 (TRAINING EXPENSES) TO ACCOUNT CODE 5-02-12-990 (OTHER GENERAL SERVICES) UNDER THE 2020 CURRENT APPROPRIATIONS OF THE CITY PLANNING AND DEVELOPMENT OFFICE TO FUND THE ENGINEERING GEOLOGICAL AND GEOHAZARD ASSESSMENT REPORT FOR THE PROPOSED SOCIALIZED HOUSING PROJECT AT LUNA, IRISAN BARANGAY.	0.0224297047	FALSE	0.00921624899	FALSE	0.0116785765	FALSE	0.0159541667	FALSE	0.00960040092	FALSE	0.00839787722	FALSE	0.0111265182	FALSE	0.0292419493	FALSE	0.0464325845	FALSE	0.0271861851	FALSE	0.858679295	TRUE	0.0126886964	FALSE	0.0393720269	FALSE	0.0149316192	FALSE	0.0322225392	FALSE	0.020177871	FALSE	0.0385715663	FALSE
2020	160-2020	AN ORDINANCE AMENDING SECTION 14 (A) OF ORDINANCE NUMBERED 61, SERIES OF 2017.	0.0221287906	FALSE	0.032247752	FALSE	0.0094794631	FALSE	0.0255489349	FALSE	0.061036706	FALSE	0.00435704	FALSE	0.00807529688	FALSE	0.0481586158	FALSE	0.0186775923	FALSE	0.159402847	FALSE	0.0148946047	FALSE	0.0105203986	FALSE	0.0580120981	FALSE	0.00815880299	FALSE	0.0111791492	FALSE	0.410319656	FALSE	0.105295271	FALSE
2020	160-2020	AMENDING SECTION 14(A) OF ORDINANCE NUMBERED 61, SERIES OF 2017 TO EXPAND THE COMPOSITION OF THE PUBLIC-PRIVATE PARTNERSHIP FOR THE PEOPLE INITIATIVE (P4) SELECTION COMMITTEE TO INCLUDE ADDITIONAL DEPARTMENT HEADS AND REPRESENTATIVES FROM CIVIL SOCIETY ORGANIZATIONS.	0.0510559082	FALSE	0.02079162	FALSE	0.0361195803	FALSE	0.0235557258	FALSE	0.0119768083	FALSE	0.0107333064	FALSE	0.0116189122	FALSE	0.0343441069	FALSE	0.108710915	FALSE	0.17273438	FALSE	0.0410166383	FALSE	0.0240262151	FALSE	0.02931723	FALSE	0.0100370347	FALSE	0.0209555328	FALSE	0.0934516191	FALSE	0.620870829	TRUE
2020	161-2020	APPROVING THE REQUEST TO CHARGE ₱1,000,154.64 AGAINST THE 2021 APPROPRIATION OF THE OFFICE FOR ADMINISTRATION UNDER ACCOUNT CODE 439-021 (BAGUIO CONVENTION TRUST FUND) FOR THE PAYMENT OF SALARIES AND WAGES OF TEN (10) JOB ORDER PERSONNEL FOR THE PERIOD 01 JANUARY TO 30 JUNE 2021.	0.0342417061	FALSE	0.0171877146	FALSE	0.00587165356	FALSE	0.0214851499	FALSE	0.05216977	FALSE	0.00522273779	FALSE	0.0143409371	FALSE	0.756546617	TRUE	0.0675116777	FALSE	0.1026178	FALSE	0.0126604438	FALSE	0.0274685025	FALSE	0.0204281509	FALSE	0.00684890151	FALSE	0.00991472602	FALSE	0.0515890419	FALSE	0.0866746	FALSE
2020	162-2020	AUTHORIZING THE ANNUAL BUDGET OF THE CITY OF BAGUIO FOR FISCAL YEAR 2021 IN THE TOTAL AMOUNT OF ₱1,904,482,458.00 COVERING VARIOUS EXPENDITURES FOR CITY OPERATIONS. INCLUDES BREAKDOWN BY EXPENSE CLASS, GENERAL PROVISIONS, AND SUPPORTING DOCUMENTS.	0.0462425947	FALSE	0.0150257349	FALSE	0.0136502385	FALSE	0.0166983	FALSE	0.0135363638	FALSE	0.00447553396	FALSE	0.0109704137	FALSE	0.0677237213	FALSE	0.0526344478	FALSE	0.116128832	FALSE	0.411343187	FALSE	0.0111638606	FALSE	0.0835875571	FALSE	0.00638407469	FALSE	0.0140887797	FALSE	0.10435912	FALSE	0.18559882	FALSE
2020	163-2020	GRANTING A ONE-TIME GRATUITY PAY TO JOB ORDER (JO) AND CONTRACT OF SERVICE (COS) WORKERS OF THE CITY GOVERNMENT OF BAGUIO WHO RENDERED SERVICE IN 2019, PURSUANT TO ADMINISTRATIVE ORDER NO. 20. AMOUNTS RANGE FROM ₱1,000 TO ₱3,000 BASED ON LENGTH OF SERVICE.	0.0227856636	FALSE	0.0138692558	FALSE	0.0047403276	FALSE	0.0235742927	FALSE	0.0810454488	FALSE	0.005946666	FALSE	0.0107755661	FALSE	0.735799909	TRUE	0.0634827	FALSE	0.0927583	FALSE	0.0314850509	FALSE	0.0230624676	FALSE	0.0156283379	FALSE	0.0089944005	FALSE	0.0101217628	FALSE	0.0626274049	FALSE	0.0516184866	FALSE
2020	164-2020	GRANTING A ONE-TIME SERVICE RECOGNITION INCENTIVE (SRI) TO ALL QUALIFIED OFFICIALS AND EMPLOYEES OF THE CITY GOVERNMENT OF BAGUIO FOR FISCAL YEAR 2020, NOT EXCEEDING ₱10,000.00 EACH, SUBJECT TO CONDITIONS UNDER ADMINISTRATIVE ORDER NO. 37.	0.0168222189	FALSE	0.0117420554	FALSE	0.00580990314	FALSE	0.0263207555	FALSE	0.0341661572	FALSE	0.00443536043	FALSE	0.00737327337	FALSE	0.110335201	FALSE	0.0486693084	FALSE	0.152751476	FALSE	0.180996686	FALSE	0.00916534662	FALSE	0.0487168133	FALSE	0.00710889697	FALSE	0.0083759129	FALSE	0.145762533	FALSE	0.124719054	FALSE
2021	001-2021	MANDATING THE REGISTRATION OF OWNERSHIP OF AGRICULTURAL AND FISHERIES MACHINERY AND EQUIPMENT IN ACCORDANCE WITH REPUBLIC ACT NO. 10601 AND THE JOINT MEMORANDUM CIRCULAR NO. 2018-02 OF THE DEPARTMENT OF AGRICULTURE AND THE DEPARTMENT OF THE INTERIOR AND LOCAL GOVERNMENT IN THE CITY OF BAGUIO	0.0204336345	FALSE	0.535143793	TRUE	0.00501146913	FALSE	0.0130574703	FALSE	0.0250556767	FALSE	0.0191029608	FALSE	0.0078848	FALSE	0.0513961	FALSE	0.0273110569	FALSE	0.0374199152	FALSE	0.0585566461	FALSE	0.0609153807	FALSE	0.021954596	FALSE	0.0573742092	FALSE	0.0570316911	FALSE	0.0333266854	FALSE	0.0468489528	FALSE
2021	002-2021	AN ORDINANCE ESTABLISHING THE BAGUIO CITY COFFEE PROCESSING CENTER AND APPROPRIATING FUNDS FOR THE SKILLS ENHANCEMENT OF COFFEE GROWERS/FARMERS IN THE CITY OF BAGUIO.	0.0438964665	FALSE	0.163619637	FALSE	0.00448769331	FALSE	0.0179806054	FALSE	0.013342917	FALSE	0.00588440895	FALSE	0.00697249174	FALSE	0.15413931	FALSE	0.070499748	FALSE	0.0910520852	FALSE	0.0776586831	FALSE	0.036475867	FALSE	0.0371896625	FALSE	0.00315412879	FALSE	0.0227595568	FALSE	0.0271628201	FALSE	0.143549144	FALSE
2021	003-2021	CHANGING THE PROJECT TITLE “CONSTRUCTION OF MULTI-PURPOSE HALL (SENIOR CITIZEN OFFICE BESIDE PACDAL BARANGAY HALL)” UNDER THE 2019 ANNUAL INVESTMENT PLAN AMOUNTING TO ₱130,000.00 TO “IMPROVEMENT OF BARANGAY MULTI-PURPOSE HALL” AT PACDAL BARANGAY, BAGUIO CITY.	0.0355902612	FALSE	0.0202233195	FALSE	0.00591766834	FALSE	0.0184225142	FALSE	0.0176056921	FALSE	0.00402310491	FALSE	0.00512185693	FALSE	0.138019174	FALSE	0.196712792	FALSE	0.0506545	FALSE	0.200827539	FALSE	0.024574697	FALSE	0.0539656878	FALSE	0.00435274839	FALSE	0.0193825662	FALSE	0.0321739614	FALSE	0.249774158	FALSE
2021	004-2021	REALIGNING THE AMOUNT OF ₱350,000.00 FROM THE PROJECT “CONSTRUCTION OF PATHWAY AT LITENG FROM NELSON BAÑAGA’S RESIDENCE GOING DOWN TO BANAO VILLAGE” UNDER THE 2020 ANNUAL INVESTMENT PLAN TO “CROSS DRAINAGE AT TIPTOP FROM GUILLERMO’S RESIDENCE UNTIL PALE’S RESIDENCE” AT PACDAL BARANGAY, BAGUIO CITY.	0.0410004556	FALSE	0.0207214355	FALSE	0.00291484594	FALSE	0.0206921101	FALSE	0.0198103189	FALSE	0.00443094969	FALSE	0.00419405103	FALSE	0.199103624	FALSE	0.107473493	FALSE	0.0434865355	FALSE	0.258871496	FALSE	0.0202546418	FALSE	0.0406911075	FALSE	0.00577813387	FALSE	0.0182550251	FALSE	0.0149438381	FALSE	0.0657270849	FALSE
2021	005-2021	APPROVING THE TRANSFER OF FUND IN THE CITY PLANNING AND DEVELOPMENT OFFICE	0.0210915804	FALSE	0.013479799	FALSE	0.00918710232	FALSE	0.00983336568	FALSE	0.0093216	FALSE	0.00787577	FALSE	0.0131405294	FALSE	0.0368042886	FALSE	0.0574305952	FALSE	0.0344307125	FALSE	0.800630093	TRUE	0.0156148672	FALSE	0.0734938383	FALSE	0.0138328969	FALSE	0.03002581	FALSE	0.0276556611	FALSE	0.054535836	FALSE
2021	006-2021	APPROVING THE REQUEST OF HONORABLE CITY MAYOR BENJAMIN B. MAGALONG FOR AUTHORITY TO CHARGE THE AMOUNT OF ₱5,000.00 AGAINST THE 2020 APPROPRIATION OF THE CITY TREASURY OFFICE UNDER ACCOUNT CODE 5-01-01-010 (SALARIES AND WAGES-REGULAR) FOR THE PAYMENT OF THE 2017 LOYALTY CLAIM OF MR. ROMEO L. CORTEZ.	0.0486787856	FALSE	0.0135443509	FALSE	0.00434312224	FALSE	0.022048831	FALSE	0.0296257436	FALSE	0.00396686792	FALSE	0.0128726363	FALSE	0.653544247	TRUE	0.0721273124	FALSE	0.15041706	FALSE	0.0475241244	FALSE	0.0248672068	FALSE	0.0232165754	FALSE	0.00473815203	FALSE	0.0107043684	FALSE	0.0943190157	FALSE	0.119099915	FALSE
2021	008-2021	AMENDING SECTION 1 OF ORDINANCE NUMBERED 07, SERIES OF 2011	0.0191290975	FALSE	0.0276666582	FALSE	0.0110892355	FALSE	0.0239599943	FALSE	0.0558429062	FALSE	0.00367721915	FALSE	0.00737130642	FALSE	0.0509418547	FALSE	0.0176000893	FALSE	0.127645403	FALSE	0.0147916675	FALSE	0.0106099844	FALSE	0.0509789	FALSE	0.00901112	FALSE	0.0112549067	FALSE	0.426094711	FALSE	0.0958302617	FALSE
2021	009-2021	GRANTING A ONE-TIME GRATUITY PAY TO JOB ORDER (JO) AND CONTRACT OF SERVICE (COS) WORKERS OF THE CITY GOVERNMENT OF BAGUIO WHOSE SERVICES WERE ENGAGED IN THE YEAR 2020.	0.0215196908	FALSE	0.0157593489	FALSE	0.00385287404	FALSE	0.0280271769	FALSE	0.0713700354	FALSE	0.00565585494	FALSE	0.0113176405	FALSE	0.675388396	TRUE	0.0631039143	FALSE	0.130102456	FALSE	0.0421740413	FALSE	0.01911515	FALSE	0.024427712	FALSE	0.00853210688	FALSE	0.00924816728	FALSE	0.0398275852	FALSE	0.0497849584	FALSE
2021	010-2021	APPROVING THE TRANSFER OF FUND IN THE CITY ENGINEERING OFFICE.	0.021686554	FALSE	0.0166713893	FALSE	0.00558552146	FALSE	0.0160696507	FALSE	0.0161501467	FALSE	0.00681427121	FALSE	0.00915136933	FALSE	0.105414987	FALSE	0.141376227	FALSE	0.0633598268	FALSE	0.555872679	TRUE	0.0147134662	FALSE	0.048599571	FALSE	0.00930929184	FALSE	0.0147484541	FALSE	0.0320047736	FALSE	0.113917619	FALSE
2021	011-2021	APPROVING THE REQUEST OF THE CITY HEALTH SERVICES OFFICE FOR AUTHORITY TO CHARGE THE AMOUNT OF P171,905.85 AGAINST ITS 2021 CURRENT APPROPRIATIONS UNDER ACCOUNT CODE 5-02-03-070 (DRUGS AND MEDICINES EXPENSES) FOR THE PAYMENT OF MEDICINES TO SOBIMED PHARMACEUTICAL PRODUCT DISTRIBUTION.	0.043531388	FALSE	0.0112611353	FALSE	0.146174788	FALSE	0.0685337186	FALSE	0.017120719	FALSE	0.00695234537	FALSE	0.00902712345	FALSE	0.0353606641	FALSE	0.0755220652	FALSE	0.0607024133	FALSE	0.249372274	FALSE	0.0114462972	FALSE	0.0101265907	FALSE	0.0048995316	FALSE	0.0105011165	FALSE	0.0595384836	FALSE	0.254921854	FALSE
2021	012-2021	APPROVING THE REQUEST OF THE SECRETARY TO THE SANGGUNIAN FOR AUTHORITY TO CHARGE THE TOTAL AMOUNT OF P9,900.00 AGAINST ITS 2021 CURRENT APPROPRIATIONS UNDER ACCOUNT CODE 5-02-01-010 (TRAVELLING EXPENSES-LOCAL) FOR THE PAYMENT OF TRAVEL ALLOWANCES, TOLL FEES AND GASOLINE EXPENSES INCURRED FOR THE YEARS 2019 AND 2020 OF MR. FIDEL A. CASTRO, ADMINISTRATIVE AIDE VI (CLERK III) IN THE AMOUNT OF P3,400.00 AND MR. SHELDON S. DULNUAN, ADMINISTRATIVE AIDE III (DRIVER I) IN THE AMOUNT OF P6,500.00, BOTH OF THE OFFICE OF THE SANGGUNIANG PANLUNGSOD.	0.0136811733	FALSE	0.0133005679	FALSE	0.00738701224	FALSE	0.0117014945	FALSE	0.0183729529	FALSE	0.0039332211	FALSE	0.0104490817	FALSE	0.295274436	FALSE	0.0982502401	FALSE	0.211258352	FALSE	0.0316900313	FALSE	0.0324772596	FALSE	0.0374440551	FALSE	0.00796616077	FALSE	0.0139006376	FALSE	0.111084491	FALSE	0.309666157	FALSE
2021	013-2021	ALLOCATING THE TOTAL AMOUNT OF P4,812,000.00 IN THE 2021 APPROPRIATIONS OF THE CITY HEALTH SERVICES OFFICES FOR THE INCREASE OF MONTHLY ALLOWANCE FROM P500.00 TO P1,000.00 TO ALL BARANGAY HEALTH WORKERS AND BARANGAY NUTRITION SCHOLARS IN THE CITY OF BAGUIO EFFECTIVE JANUARY 2021.	0.157782048	FALSE	0.672034383	TRUE	0.0236751139	FALSE	0.0699186623	FALSE	0.0876783431	FALSE	0.0108554065	FALSE	0.0096424222	FALSE	0.113266051	FALSE	0.0314379334	FALSE	0.0641600788	FALSE	0.0300796032	FALSE	0.0329675674	FALSE	0.0196144879	FALSE	0.00384581089	FALSE	0.0191913545	FALSE	0.0197328925	FALSE	0.058678329	FALSE
2021	015-2021	INSTITUTIONALIZING THE YEARLY OBSERVANCE OF THE SAFER INTERNET DAY FOR CHILDREN IN THE CITY OF BAGUIO AND APPROPRIATING FUNDS THEREOF.	0.0974389315	FALSE	0.0260892808	FALSE	0.00683361292	FALSE	0.0287201107	FALSE	0.0642029047	FALSE	0.00465384126	FALSE	0.00565436482	FALSE	0.0871211886	FALSE	0.0212450325	FALSE	0.504937768	TRUE	0.0784192085	FALSE	0.00696018338	FALSE	0.0247523189	FALSE	0.0037933588	FALSE	0.00967013836	FALSE	0.0959929824	FALSE	0.0664254427	FALSE
2021	016-2021	MODERNIZING AND EXPANDING THE SERVICES OF THE BAGUIO CITY PUBLIC LIBRARY AND ALLOCATING FUNDS THEREOF.	0.028082937	FALSE	0.0127196908	FALSE	0.0108651221	FALSE	0.114088178	FALSE	0.0148524642	FALSE	0.00712502	FALSE	0.0153632462	FALSE	0.0532578826	FALSE	0.0730011165	FALSE	0.0771930218	FALSE	0.664343834	TRUE	0.0109660327	FALSE	0.0286994874	FALSE	0.00760951638	FALSE	0.0151332319	FALSE	0.0331370533	FALSE	0.0697495043	FALSE
2021	017-2021	REALIGNING THE AMOUNT OF P500,000.00 FROM THE PROJECT IMPROVEMENT OF RAOD AT PUROK 6 UNDER THE 2019 ANNUAL INVESTMENT PLAN TO IMPROVEMENT OF ROAD AT PUROK 4, WAGNER ROAD AT MILITARY CUT-OFF BARANGAY, BAGUIO CITY.	0.0229758918	FALSE	0.011716038	FALSE	0.0118403137	FALSE	0.0185174346	FALSE	0.00945499539	FALSE	0.00922727585	FALSE	0.00842523575	FALSE	0.0370022953	FALSE	0.205666631	FALSE	0.0154247284	FALSE	0.604482174	TRUE	0.0253994167	FALSE	0.0207848847	FALSE	0.00739252567	FALSE	0.028187722	FALSE	0.0177829266	FALSE	0.123105109	FALSE
2021	018-2021	AMENDING ORDINANCE NUMBERED 94-89 [AN ORDINANCE PROHIBITING MOVIE THEATRES FROM ADMITTING CHILDREN BELOW FIVE (5) YEARS OF AGE].	0.0343376398	FALSE	0.0416097641	FALSE	0.0109222233	FALSE	0.0774761736	FALSE	0.206006944	FALSE	0.00427559	FALSE	0.00641647	FALSE	0.0825550556	FALSE	0.0132473707	FALSE	0.161813438	FALSE	0.0186385512	FALSE	0.00613167882	FALSE	0.0310122967	FALSE	0.00512933731	FALSE	0.00654569268	FALSE	0.384428084	FALSE	0.0503163338	FALSE
2021	019-2021	AN ORDINANCE CODIFYING LEGISLATIONS ON DOGS: THE RESPONSIBLE DOG OWNERSHIP ORDINANCE OF BAGUIO CITY	0.0484919548	FALSE	0.0294259489	FALSE	0.0136797726	FALSE	0.0271262527	FALSE	0.0784393251	FALSE	0.00426191092	FALSE	0.0076558888	FALSE	0.055850178	FALSE	0.0121157169	FALSE	0.218494803	FALSE	0.0567217171	FALSE	0.0100869238	FALSE	0.0275149047	FALSE	0.00642922521	FALSE	0.0206364393	FALSE	0.590428948	TRUE	0.0840892792	FALSE
2021	020-2021	APPROVING THE REQUEST FOR AUTHORITY TO CHARGE THE AMOUNT OF ₱172,783.92 AGAINST THE 2021 CURRENT APPROPRIATIONS OF THE OFFICE OF THE CITY MAYOR UNDER ACCOUNT CODE 5-01-01-010 (SALARIES AND WAGES-REGULAR) FOR THE PAYMENT OF TERMINAL LEAVE AND RETIREMENT GRATUITY OF MR. ANTHONY F. QUIOAN, ADMINISTRATIVE AIDE VI (UTILITY FOREMAN), ADMINISTRATIVE DIVISION, OFFICE OF THE CITY MAYOR.	0.0436602831	FALSE	0.0121064782	FALSE	0.00525653362	FALSE	0.0256753862	FALSE	0.0307929814	FALSE	0.00451862812	FALSE	0.0121622086	FALSE	0.698651	TRUE	0.0752286	FALSE	0.128831178	FALSE	0.0401774049	FALSE	0.0240050256	FALSE	0.0153374076	FALSE	0.00489848852	FALSE	0.00935563445	FALSE	0.0763784349	FALSE	0.098845154	FALSE
2021	021-2021	APPROVING THE REQUEST FOR AUTHORITY TO CHARGE THE AMOUNT OF P172,783.92 AGAINST THE 2021 CURRENT APPROPRIATIONS OF THE OFFICE OF THE CITY MAYOR UNDER ACCOUNT CODE 5-01-01-010 (SALARIES AND WAGES-REGULAR) FOR THE PAYMENT OF TERMINAL LEAVE AND RETIREMENT GRATUITY OF MR. ANTHONY F. QUIOAN, ADMINISTRATIVE AIDE VI (UTILITY FOREMAN), ADMINISTRATIVE DIVISION, OFFICE OF THE CITY MAYOR.	0.0365917981	FALSE	0.0115258396	FALSE	0.00511226058	FALSE	0.025413841	FALSE	0.0298931897	FALSE	0.00454285741	FALSE	0.0127024949	FALSE	0.685092092	TRUE	0.0751199126	FALSE	0.133018225	FALSE	0.0406995416	FALSE	0.0230508447	FALSE	0.0148220658	FALSE	0.00485658646	FALSE	0.00903525949	FALSE	0.0763445199	FALSE	0.0943463445	FALSE
2021	022-2021	APPROVING THE REQUEST OF THE CITY SOCIAL WELFARE AND DEVELOPMENT OFFICE (CSWDO) FOR REIMBURSEMENT OF THE AMOUNT OF P300.00 MONTHLY TO EACH SOCIAL WORKER AND SOCIAL DEVELOPMENT WORKER ON FIELD FOR THEIR MONTHLY LOAD REQUIREMENT CHARGEABLE AGAINST ITS 2021 CURRENT APPROPRIATIONS UNDER ACCOUNT CODE 5-02-05-020 (TELEPHONE EXPENSES) IN REACHING OUT THEIR CLIENTS.	0.0551178455	FALSE	0.0129753947	FALSE	0.00663381815	FALSE	0.0186435282	FALSE	0.0232376456	FALSE	0.00525280833	FALSE	0.00617674	FALSE	0.118808508	FALSE	0.0245036483	FALSE	0.643275559	TRUE	0.0835965	FALSE	0.00832906365	FALSE	0.0201667249	FALSE	0.00749099255	FALSE	0.0104302466	FALSE	0.0286416411	FALSE	0.0571905375	FALSE
2021	023-2021	CREATING A BARANGAY INFORMATION MANAGEMENT SYSTEM IN ALL BARANGAYS IN THE CITY OF BAGUIO AND FOR OTHER PURPOSES.	0.0399563313	FALSE	0.0249856114	FALSE	0.00502672791	FALSE	0.0185780525	FALSE	0.0145462155	FALSE	0.00515475869	FALSE	0.00931757689	FALSE	0.0495800078	FALSE	0.0331376493	FALSE	0.123274773	FALSE	0.503018737	TRUE	0.0139043629	FALSE	0.154209495	FALSE	0.0108979344	FALSE	0.0315244198	FALSE	0.0485271811	FALSE	0.0597616732	FALSE
2021	024-2021	CREATING A BARANGAY INFORMATION MANAGEMENT SYSTEM IN ALL BARANGAYS IN THE CITY OF BAGUIO AND FOR OTHER PURPOSES.	0.0399563313	FALSE	0.0249856114	FALSE	0.00502672791	FALSE	0.0185780525	FALSE	0.0145462155	FALSE	0.00515475869	FALSE	0.00931757689	FALSE	0.0495800078	FALSE	0.0331376493	FALSE	0.123274773	FALSE	0.503018737	TRUE	0.0139043629	FALSE	0.154209495	FALSE	0.0108979344	FALSE	0.0315244198	FALSE	0.0485271811	FALSE	0.0597616732	FALSE
2021	025-2021	AMENDING SECTION 6 OF ORDINANCE NUMBERED 14, SERIES OF 2017 [AMENDING ORDINANCE NUMBERED 050, SERIES OF 1995 [GOVERNING THE USE OF UNIFORMS BY CITY GOVERNMENT OFFICIALS AND EMPLOYEES AND FOR OTHER PURPOSES]].	0.0219391286	FALSE	0.0138532817	FALSE	0.0101455152	FALSE	0.0439656675	FALSE	0.0365818143	FALSE	0.00525632501	FALSE	0.00802400708	FALSE	0.0523794293	FALSE	0.0246591866	FALSE	0.191603631	FALSE	0.268735	FALSE	0.00807136297	FALSE	0.0515723526	FALSE	0.00911665	FALSE	0.012667	FALSE	0.333309591	FALSE	0.095814079	FALSE
2021	026-2021	AUTHORIZING A SUPPLEMENTAL BUDGET IN THE TOTAL AMOUNT OF TWO HUNDRED MILLION PESOS (P200,000,000.00) FOR THE FUNDING OF CONTINUING CORONAVIRUS DISEASE 2019 (COVID-19) OPERATIONS IN THE CITY OF BAGUIO.	0.08041206	FALSE	0.0262932181	FALSE	0.36259833	FALSE	0.0317941606	FALSE	0.0193746686	FALSE	0.00856509805	FALSE	0.0166529417	FALSE	0.0208322406	FALSE	0.0996930897	FALSE	0.0710525215	FALSE	0.133626521	FALSE	0.0175707936	FALSE	0.0269357264	FALSE	0.00831276178	FALSE	0.0195797682	FALSE	0.0578741133	FALSE	0.48499614	FALSE
2021	027-2021	AMENDING SECTION NOS. 1, 4, 5, 6, 7 AND 9 OF ORDINANCE NUMBERED 45, SERIES OF 2020 [MANDATING THE WEARING OF FACE MASK BY ALL PERSONS WITHIN THE TERRITORIAL JURISDICTION OF BAGUIO CITY UNTIL THE THREAT OF CORONAVIRUS DISEASE 2019 (COVID-19) IS COMPLETELY ELIMINATED OR DURING THE DECLARED STATE OF PUBLIC HEALTH EMERGENCY AND PROVIDING PENALTIES FOR VIOLATION THEREOF].	0.0158796608	FALSE	0.00568628311	FALSE	0.235888869	FALSE	0.0278254449	FALSE	0.0847369134	FALSE	0.00421828032	FALSE	0.00936257839	FALSE	0.0144040585	FALSE	0.0100418031	FALSE	0.0663853586	FALSE	0.0261605382	FALSE	0.00608682632	FALSE	0.00921729207	FALSE	0.00869399309	FALSE	0.00722020864	FALSE	0.493918926	FALSE	0.0514069796	FALSE
2021	028-2021	AMENDING SECTION NOS. 1, 4, 5, 6, 7 AND 9 OF ORDINANCE NUMBERED 45, SERIES OF 2020 [MANDATING THE WEARING OF FACE MASK BY ALL PERSONS WITHIN THE TERRITORIAL JURISDICTION OF BAGUIO CITY UNTIL THE THREAT OF CORONAVIRUS DISEASE 2019 (COVID-19) IS COMPLETELY ELIMINATED OR DURING THE DECLARED STATE OF PUBLIC HEALTH EMERGENCY AND PROVIDING PENALTIES FOR VIOLATION THEREOF].	0.0158796608	FALSE	0.00568628311	FALSE	0.235888869	FALSE	0.0278254449	FALSE	0.0847369134	FALSE	0.00421828032	FALSE	0.00936257839	FALSE	0.0144040585	FALSE	0.0100418031	FALSE	0.0663853586	FALSE	0.0261605382	FALSE	0.00608682632	FALSE	0.00921729207	FALSE	0.00869399309	FALSE	0.00722020864	FALSE	0.493918926	FALSE	0.0514069796	FALSE
2021	029-2021	PROVIDING FOR A MENTAL HEALTH CARE AND DEVELPMENTAL WELLNESS PROGRAM FOR THE CITY OF BAGUIO AND APPROPRIATING FUNDS THEREOF.	0.141301513	FALSE	0.0196656585	FALSE	0.0162302852	FALSE	0.0201526582	FALSE	0.0437187254	FALSE	0.00399655104	FALSE	0.0041942	FALSE	0.146760702	FALSE	0.032220602	FALSE	0.273741782	FALSE	0.0499529243	FALSE	0.00907814503	FALSE	0.017247498	FALSE	0.00258719921	FALSE	0.00811675191	FALSE	0.0385511518	FALSE	0.12738961	FALSE
2021	030-2021	AMENDING APPROPRIATION ORDINANCE NUMBERED 25, SERIES OF 2021 [AUTHORIZING A SUPPLEMENTAL BUDGET IN THE TOTAL AMOUNT OF TWO HUNDRED MILLION PESOS (P200,000,000.00) FOR THE FUNDING OF CONTINUING CORONAVIRUS DISEASE 2019 (COVID-19) OPERATIONS IN THE CITY OF BAGUIO].	0.0794929	FALSE	0.0204942822	FALSE	0.284799546	FALSE	0.0311394036	FALSE	0.0199575126	FALSE	0.00714591146	FALSE	0.0138758421	FALSE	0.0193123817	FALSE	0.0584591925	FALSE	0.0996674	FALSE	0.107981026	FALSE	0.0134353638	FALSE	0.0262969434	FALSE	0.00713923573	FALSE	0.0171463788	FALSE	0.139766365	FALSE	0.457768112	FALSE
2021	031-2021	BANNING GOLF CARTS FROM PLYING ANY PUBLIC ROAD OR STREET WITHIN THE TERRITORIAL JURISDICTION OF THE CITY OF BAGUIO AND PROVIDING PENALTIES FOR VIOLATION THEREOF.	0.0204421282	FALSE	0.0116664767	FALSE	0.0107614398	FALSE	0.0214383304	FALSE	0.0477217734	FALSE	0.00543782115	FALSE	0.00669699907	FALSE	0.0214280486	FALSE	0.00833669305	FALSE	0.106984228	FALSE	0.187887251	FALSE	0.00541982055	FALSE	0.032933414	FALSE	0.00859880447	FALSE	0.0110396743	FALSE	0.346377134	FALSE	0.0231592655	FALSE
2021	031-2021	BANNING GOLF CARTS FROM PLYING ANY PUBLIC ROAD OR STREET WITHIN THE TERRITORIAL JURISDICTION OF THE CITY OF BAGUIO AND PROVIDING PENALTIES FOR VIOLATION THEREOF.	0.0204421282	FALSE	0.0116664767	FALSE	0.0107614398	FALSE	0.0214383304	FALSE	0.0477217734	FALSE	0.00543782115	FALSE	0.00669699907	FALSE	0.0214280486	FALSE	0.00833669305	FALSE	0.106984228	FALSE	0.187887251	FALSE	0.00541982055	FALSE	0.032933414	FALSE	0.00859880447	FALSE	0.0110396743	FALSE	0.346377134	FALSE	0.0231592655	FALSE
2021	032-2021	AN ORDINANCE IMPOSING A MORATORIUM ON THE ISSUANCE OF EXCEPTIONS FROM ORDINANCE NUMBERED 63, SERIES OF 2016 [ADOPTING THE REVISED COMPREHENSIVE ZONING REGULATIONS FOR THE CITY OF BAGUIO, OTHERWISE KNOWN AS THE COMPREHENSIVE ZONING ORDINANCE FOR THE CITY OF BAGUIO, AND PROVIDING FOR THE ADMINISTRATION, ENFORCEMENT AND AMENDMENT THEREOF, AND FOR THE REPEAL OF ALL ORDINANCES IN CONFLICT THEREWITH] AND/OR RESOLUTION NUMBERED 306, SERIES OF 2016 [APPROVING THE 2013 - 2023 COMPREHENSIVE LAND USE PLAN OF THE CITY OF BAGUIO] IN THE CITY OF BAGUIO.	0.0633260608	FALSE	0.0131183863	FALSE	0.0227475166	FALSE	0.0125779808	FALSE	0.0117482543	FALSE	0.010330081	FALSE	0.00626012683	FALSE	0.0151638687	FALSE	0.0200929046	FALSE	0.0351538956	FALSE	0.600576	TRUE	0.0132160783	FALSE	0.0274997652	FALSE	0.0112186372	FALSE	0.0420846343	FALSE	0.101064652	FALSE	0.0835701525	FALSE
2021	032-2021	AN ORDINANCE IMPOSING A MORATORIUM ON THE ISSUANCE OF EXCEPTIONS FROM ORDINANCE NUMBERED 63, SERIES OF 2016 [ADOPTING THE REVISED COMPREHENSIVE ZONING REGULATIONS FOR THE CITY OF BGAUIO, OTHERWISE KNOWN AS THE COMPREHENSIVE ZONING ORDINANCE FOR THE CITY OF BAGUIO, AND PROVIDING FOR THE ADMINISTRATION, ENFORCEMENT AND AMENDMENT THEREOF, AND FOR THE REPEAL OF ALL ORDINANCES IN CONFLICT THEREWITH] AND/OR RESOLUTION NUMBERED 306, SERIES OF 2016 [APPROVING THE 2013-2023 COMPREHENSIVE LAND USE PLAN OF THE CITY OF BAGUIO] IN THE CITY OF BAGUIO.	0.063831538	FALSE	0.013153702	FALSE	0.0232646465	FALSE	0.012695998	FALSE	0.0117501915	FALSE	0.0105231702	FALSE	0.00640028715	FALSE	0.0149619579	FALSE	0.0203661323	FALSE	0.0348887444	FALSE	0.603608966	TRUE	0.0132171512	FALSE	0.028480202	FALSE	0.0111530125	FALSE	0.0418502092	FALSE	0.100441605	FALSE	0.0844088793	FALSE
2021	033-2021	APPROVING THE REQUEST OF THE CITY DISASTER RISK REDUCTION AND MANAGEMENT OFFICE (CDRRMO) FOR AUTHORITY TO CHARGE THE AMOUNT OF P4,595.58 AGAINST ITS 2021 CURRENT APPROPRIations UNDER ACCOUNT CODE 5-02-03-090 (FUEL, OIL AND LUBRICANTS EXPENSES) FOR THE PAYMENT OF 119.279 LITERS OF DIESEL CONSUMED BY THE OFFICES VEHICLES WITH PLATE NUMBERS NAZ 4401 AND A3 0949 ON 21, 22 AND 28 DECEMBER 2020.	0.0188272893	FALSE	0.0125773847	FALSE	0.00989860296	FALSE	0.009406358	FALSE	0.0102919936	FALSE	0.0128349364	FALSE	0.0141180158	FALSE	0.0139510036	FALSE	0.0253444016	FALSE	0.0127604008	FALSE	0.109763	FALSE	0.0206752419	FALSE	0.848962724	TRUE	0.0206468701	FALSE	0.02463907	FALSE	0.0189606845	FALSE	0.0299046934	FALSE
2021	034-2021	APPROVING THE REQUEST OF THE REGIONAL TRIAL COURT FOR AUTHORITY TO CHARGE THE AMOUNT OF P6,980.76 AGAINST ITS 2021 CURRENT APPROPRIATIONS UNDER ACCOUNT CODE 5-02-05-020 (TELEPHONE EXPENSES) FOR THE PAYMENT OF TELEPHONE EXPENSES INCURRED FOR FISCAL YEAR 2020.	0.0162828267	FALSE	0.00849854946	FALSE	0.0101554394	FALSE	0.0271964669	FALSE	0.0376707613	FALSE	0.00312438607	FALSE	0.0134830475	FALSE	0.0677203536	FALSE	0.0263820291	FALSE	0.174176186	FALSE	0.0221120119	FALSE	0.00741246343	FALSE	0.0206902027	FALSE	0.00411045551	FALSE	0.00719872117	FALSE	0.451133817	FALSE	0.138701409	FALSE
2021	035-2021	APPROVING THE REQUESTS OF THE CITY HEALTH SERVICES OFFICE FOR AUTHORITY TO CHARGE AGAINST ITS 2021 CURRENT APPROPRIATIONS: THE AMOUNT OF P168,207.90 UNDER ACCOUNT CODE 5-01-02-110 (HAZARD PAY) TO COVER THE ACTUAL AMOUNT OF HAZARD PAY TO BE PAID FOR THE MONTH OF DECEMBER 2020 FOR ITS EMPLOYEES; AND THE AMOUNT OF P212,742.18 UNDER ACCOUNT CODE 5-02-04-020 (ELECTRICITY EXPENSES) FOR THE PAYMENT OF ELECTRIC CONSUMPTION FOR THE MONTHS OF MAY TO NOVEMBER 2018.	0.0259413719	FALSE	0.00806751847	FALSE	0.109046042	FALSE	0.0452048481	FALSE	0.00908622146	FALSE	0.00661736727	FALSE	0.126984298	FALSE	0.0320515037	FALSE	0.0626092553	FALSE	0.0479228199	FALSE	0.185606688	FALSE	0.0171759129	FALSE	0.0180618167	FALSE	0.00508117676	FALSE	0.0120222867	FALSE	0.0914251506	FALSE	0.171345323	FALSE
2021	036-2021	APPROVING THE REQUEST OF THE CITY BUILDINGS AND ARCHITECTURE OFFICE FOR AUTHORITY TO CHARGE THE AMOUNT OF P5,000.00 UNDER ACCOUNT CODE 5-01-02-130 (OVERTIME AND NIGHT PAY) AND THE AMOUNT OF P11,000.00 UNDER ACCOUNT CODE 5-01-02-110 (HAZARD PAY) AGAINST ITS 2021 CURRENT APPROPRIATIONS FOR THE PAYMENT OF PERSONAL SERVICES OF ITS EMPLOYEES WHO RENDERED OVERTIME IN FISCAL YEAR 2020.	0.019577235	FALSE	0.00889208913	FALSE	0.0102227926	FALSE	0.0236794353	FALSE	0.0183750093	FALSE	0.00659272075	FALSE	0.0121403337	FALSE	0.0493259728	FALSE	0.0380333662	FALSE	0.0721636117	FALSE	0.770439625	TRUE	0.0104238689	FALSE	0.0476838946	FALSE	0.0134747326	FALSE	0.0196411014	FALSE	0.107660383	FALSE	0.0566710532	FALSE
2021	037-2021	AMENDING SECTION 226, PARAGRAPH (A) OF ORDINANCE NUMBERED 18, SERIES OF 2016 [ENVIRONMENT CODE OF THE CITY OF BAGUIO].	0.0300089121	FALSE	0.016931951	FALSE	0.00818786	FALSE	0.0150148571	FALSE	0.0123521984	FALSE	0.00732561946	FALSE	0.00794681907	FALSE	0.0286494195	FALSE	0.0243897438	FALSE	0.0814236403	FALSE	0.729997039	TRUE	0.0153534412	FALSE	0.173160881	FALSE	0.0249804854	FALSE	0.0575974286	FALSE	0.0698976517	FALSE	0.0552332103	FALSE
2021	038-2021	DECLARING THE 24TH DAY OF OCTOBER OF EVERY YEAR AS END POLIO DAY IN THE CITY OF BAGUIO.	0.0312965214	FALSE	0.0872005224	FALSE	0.00850820541	FALSE	0.0255477726	FALSE	0.0996931791	FALSE	0.00531300902	FALSE	0.0151130557	FALSE	0.0698975623	FALSE	0.0215237439	FALSE	0.111654133	FALSE	0.109518766	FALSE	0.0115434527	FALSE	0.301141977	FALSE	0.0132366121	FALSE	0.0133478045	FALSE	0.0769651532	FALSE	0.0375411808	FALSE
2021	039-2021	AMENDING SECTIONS 3 AND 7 OF ORDINANCE NUMBERED 43, SERIES OF 2017 [INSTITUTIONALIZING THE FIRST WEEK OF JUNE EACH YEAR AS BAGUIO CITY ENVIRONMENT WEEK, APPROPRIATING FUNDS THEREFOR AND FOR OTHER PURPOSES].	0.0333957374	FALSE	0.0181184113	FALSE	0.0117584169	FALSE	0.0181226134	FALSE	0.0136687756	FALSE	0.00819212198	FALSE	0.00927984715	FALSE	0.0283728242	FALSE	0.0348424	FALSE	0.0741296411	FALSE	0.758704364	TRUE	0.0141299069	FALSE	0.157039016	FALSE	0.0161725283	FALSE	0.0360746384	FALSE	0.0621788204	FALSE	0.0815303326	FALSE
2021	040-2021	AMENDING CERTAIN PROVISIONS OF ORDINANCE NUMBERED 66, SERIES OF 2016 [PROVIDING FOR THE PREVENTION AND CONTROL MEASURES TO MITIGATE DENGUE CASES IN THE CITY OF BAGUIO, REQUIRING ALL RESIDENTS TO STRENGTHEN THE FIGHT AGAINST DENGUE, APPROPRIATING FUNDS THEREFOR, AND PRESCRIBING PENALTIES FOR VIOLATIONS THEREOF, OTHERWISE KNOWN AS ANTI-DENGUE ORDINANCE OF THE CITY OF BAGUIO]	0.0320141	FALSE	0.00807371736	FALSE	0.0814512074	FALSE	0.0218962431	FALSE	0.0517368615	FALSE	0.00549179316	FALSE	0.00708326697	FALSE	0.025048852	FALSE	0.0144992173	FALSE	0.11021474	FALSE	0.0793894231	FALSE	0.00673395395	FALSE	0.0138185918	FALSE	0.00812900066	FALSE	0.00991901755	FALSE	0.570373952	TRUE	0.113587677	FALSE
2021	042-2021	APPROVING THE REQUEST OF THE CITY ADMINISTRATORS OFFICE FOR AUTHORITY TO CHARGE THE AMOUNT OF P62,660.00 UNDER ACCOUNT CODE 5-02-99-020 (PRINTING AND PUBLICATION EXPENSES) AGAINST ITS 2021 CURRENT APPROPRIATIONS FOR THE PAYMENT OF COLLATERAL MATERIALS USED DURING THE IBAGIW ART GALLERY 2020.	0.0282898545	FALSE	0.0144499242	FALSE	0.0067999959	FALSE	0.115898609	FALSE	0.0341591835	FALSE	0.00457423925	FALSE	0.00943818688	FALSE	0.125652045	FALSE	0.041336	FALSE	0.282988429	FALSE	0.341039717	FALSE	0.011811465	FALSE	0.0494945049	FALSE	0.00948852301	FALSE	0.016884625	FALSE	0.291794062	FALSE	0.123270422	FALSE
2021	043-2021	AN ORDINANCE EXEMPTING DULY QUALIFIED SENIOR CITIZENS AND PERSONS WITH DISABILITY (PWD) IN THE PAYMENT OF GARBAGE FEE AS REQUIRED IN SECURING CLEARANCES, CERTIFICATES, AND OTHER RELATED SERVICES IN THE CITY OF BAGUIO.	0.0729474127	FALSE	0.205163568	FALSE	0.00628533959	FALSE	0.0371439457	FALSE	0.0634406805	FALSE	0.00579190254	FALSE	0.00701066852	FALSE	0.227353	FALSE	0.0237186253	FALSE	0.0768835545	FALSE	0.052203536	FALSE	0.0285107195	FALSE	0.0317392647	FALSE	0.00472274423	FALSE	0.0244968832	FALSE	0.10834384	FALSE	0.0605438054	FALSE
2021	044-2021	APPROVING THE REQUEST OF THE CITY VETERINARY AND AGRICULTURE OFFICE FOR AUTHORITY TO CHARGE THE AMOUNT OF P27,160.00 UNDER ACCOUNT CODE 5-02-03-090 (FUEL, OIL AND LUBRICANTS EXPENSES) AND THE AMOUNT OF P500.00 UNDER ACCOUNT CODE 5-02-99-040 (TRANSPORTATION AND DELIVERY EXPENSES) AGAINST ITS 2021 CURRENT APPROPRIATIONS FOR THE PAYMENT OF FUEL CONSUMPTION AND DELIVERY FEE OF 700 LITERS DIESEL OF THE BOILER MACHINE LOCATED AT THE CITY ABATTOIR.	0.00695416331	FALSE	0.290685773	FALSE	0.00642687082	FALSE	0.00589951873	FALSE	0.00684320927	FALSE	0.0270315111	FALSE	0.232783169	FALSE	0.0436315536	FALSE	0.0485211611	FALSE	0.00977110863	FALSE	0.018897742	FALSE	0.225151062	FALSE	0.0140400231	FALSE	0.0091438	FALSE	0.0291676819	FALSE	0.0151928365	FALSE	0.0230837166	FALSE
2021	045-2021	APPROVING THE REQUEST OF THE HONORABLE CITY MAYOR BENJAMIN B. MAGALONG FOR AUTHORITY TO CHARGE THE AMOUNT OF P6,300.58 UNDER ACCOUNT CODE 5-02-03-090 (FUEL, OIL AND LUBRICANTS EXPENSES) AGAINST THE 2021 CURRENT APPROPRIATIONS OF THE CITY ADMINISTRATORS OFFICE FOR THE PAYMENT OF UNPAID FUEL EXPENSES OF SAID OFFICE FOR THE MONTH OF DECEMBER 2020.	0.0165969729	FALSE	0.0101669729	FALSE	0.00512248278	FALSE	0.0135891736	FALSE	0.0176789165	FALSE	0.00412508845	FALSE	0.0210087	FALSE	0.19554022	FALSE	0.0634380579	FALSE	0.140597761	FALSE	0.104235351	FALSE	0.0289623737	FALSE	0.0264830589	FALSE	0.00656503439	FALSE	0.0149523914	FALSE	0.431090832	FALSE	0.142355502	FALSE
2021	046-2021	AN ORDINANCE CREATING THE CREATIVE BAGUIO CITY COUNCIL (CBCC).	0.0312791467	FALSE	0.0135110319	FALSE	0.00914126635	FALSE	0.0293811262	FALSE	0.0199681818	FALSE	0.0071721673	FALSE	0.00796240568	FALSE	0.0436520875	FALSE	0.0425133109	FALSE	0.172088236	FALSE	0.537239611	TRUE	0.0091175735	FALSE	0.0675959	FALSE	0.00996014476	FALSE	0.015239805	FALSE	0.0966202915	FALSE	0.09677279	FALSE
2021	047-2021	AN ORDINANCE ADOPTING A COMPREHENSIVE SPORTS DEVELOPMENT CODE OF THE CITY OF BAGUIO.	0.0220284164	FALSE	0.0142603219	FALSE	0.0130543709	FALSE	0.0332631767	FALSE	0.0242725015	FALSE	0.00567874312	FALSE	0.00753775239	FALSE	0.0616267025	FALSE	0.0552288	FALSE	0.0942612588	FALSE	0.528905749	TRUE	0.00996950269	FALSE	0.063057214	FALSE	0.00988826156	FALSE	0.0124309361	FALSE	0.0952304602	FALSE	0.126572311	FALSE
2021	048-2021	AMENDING ORDINANCE NUMBERED 51, SERIES OF 1992 [DECLARING IT A CITY GOVERNMENT POLICY FOR ALL INVESTORS IN THE CITY OF BAGUIO, INCLUDING THOSE AT THE BAGUIO CITY EXPORT PROCESSING ZONE (BCEPZ) AND CAMP JOHN HAY (CJH) TO GIVE PREFERENCE TO QUALIFIED BONAFIDE RESIDENTS OF BAGUIO CITY IN THEIR EMPLOYMENT OF LABORERS AND PERSONNEL].	0.0304269493	FALSE	0.0152204037	FALSE	0.00342279673	FALSE	0.0216981471	FALSE	0.0235137343	FALSE	0.00529769063	FALSE	0.00635316968	FALSE	0.564594209	TRUE	0.0770697296	FALSE	0.149813175	FALSE	0.124999553	FALSE	0.0184696317	FALSE	0.0255415738	FALSE	0.00886073709	FALSE	0.0102113783	FALSE	0.0409115255	FALSE	0.0818658173	FALSE
2021	049-2021	AMENDING SECTIONS NO. 1, 4, 5, 6, 7, 8 AND 9 OF ORDINANCE NUMBERED 45, SERIES OF 2020 [MANDATING THE WEARING OF FACE MASK BY ALL PERSONS WITHIN THE TERRITORIAL JURISDICTION OF BAGUIO CITY UNTIL THE THREAT OF CORONAVIRUS DISEASE 2019 (COVID-19) IS COMPLETELY ELIMINATED OR DURING THE DECLARED STATE OF PUBLIC HEALTH EMERGENCY AND PROVIDING PENALTIES FOR VIOLATION THEREOF].	0.0163870156	FALSE	0.00591734052	FALSE	0.288317978	FALSE	0.026422888	FALSE	0.0879015625	FALSE	0.00454726815	FALSE	0.0101681054	FALSE	0.0138508081	FALSE	0.0102283359	FALSE	0.0646130443	FALSE	0.025637418	FALSE	0.00649541616	FALSE	0.00909656286	FALSE	0.00933012366	FALSE	0.00757461786	FALSE	0.481809437	FALSE	0.0526101589	FALSE
2021	049-2021	AMENDING SECTIONS NO. 1, 4, 5, 6, 7, 8 AND 9 OF ORDINANCE NUMBERED 45, SERIES OF 2020 [MANDATING THE WEARING OF FACE MASK BY ALL PERSONS WITHIN THE TERRITORIAL JURISDICTION OF BAGUIO CITY UNTIL THE THREAT OF CORONAVIRUS DISEASE 2019 (COVID-19) IS COMPLETELY ELIMINATED OR DURING THE DECLARED STATE OF PUBLIC HEALTH EMERGENCY AND PROVIDING PENALTIES FOR VIOLATION THEREOF].	0.0163870156	FALSE	0.00591734052	FALSE	0.288317978	FALSE	0.026422888	FALSE	0.0879015625	FALSE	0.00454726815	FALSE	0.0101681054	FALSE	0.0138508081	FALSE	0.0102283359	FALSE	0.0646130443	FALSE	0.025637418	FALSE	0.00649541616	FALSE	0.00909656286	FALSE	0.00933012366	FALSE	0.00757461786	FALSE	0.481809437	FALSE	0.0526101589	FALSE
2021	050-2021	APPROVING THE REQUEST OF HONORABLE CITY MAYOR BENJAMIN B. MAGALONG FOR AUTHORITY TO CHARGE THE TOTAL AMOUNT OF P11,000.00 AGAINST THE 2021 CURRENT APPROPRIATIONS OF THE CITY TREASURY OFFICE UNDER ACCOUNT CODES 5-02-03-990 (OTHER SUPPLIES AND MATERIALS EXPENSES) â€“ NYLON ROPE/ACRYLIC SHIELD IN THE AMOUNT OF P4,000.00; 5-02-99-010 (ADVERTISING EXPENSES) â€“ TARPAULIN IN THE AMOUNT OF P1,000.00; AND 5-02-99-030 (REPRESENTATION EXPENSES) â€“ MEALS AND SNACKS IN THE AMOUNT OF P6,000.00, FOR THE PAYMENT OF UNPAID EXPENSES OF SAID OFFICE FOR THE MONTH OF DECEMBER 2020.	0.018607825	FALSE	0.0271085501	FALSE	0.00364679098	FALSE	0.0255804956	FALSE	0.0323729813	FALSE	0.00437361	FALSE	0.00921964645	FALSE	0.361485273	FALSE	0.068591	FALSE	0.0881572366	FALSE	0.119627565	FALSE	0.0319167674	FALSE	0.0197075307	FALSE	0.00466424227	FALSE	0.0143992305	FALSE	0.283234179	FALSE	0.0931165814	FALSE
2021	051-2021	REALIGNING THE AMOUNT OF P100,000.00 FROM THE PROJECT: IMPROVEMENT OF STAIRS AT PUROK 2, 6 AND 7 UNDER THE 2021 ANNUAL INVESTMENT PLAN TO IMPROVEMENT OF STAIRS AT PUROK 6 AT BROOKSIDE BARANGAY, BAGUIO CITY.	0.0314571559	FALSE	0.0164218545	FALSE	0.00927174091	FALSE	0.0178968608	FALSE	0.0115396082	FALSE	0.00802096725	FALSE	0.0110118389	FALSE	0.0630359054	FALSE	0.22211653	FALSE	0.023997426	FALSE	0.611244738	TRUE	0.0288597345	FALSE	0.038169235	FALSE	0.00723609328	FALSE	0.0262731612	FALSE	0.0193942785	FALSE	0.146495342	FALSE
2021	052-2021	REALIGNING THE AMOUNT OF P500,000.00 FROM THE PROJECT: CONSTRUCTION OF CROSS DRAIN AND CANAL AT PUROK 3, 4, 6 AND 7 UNDER THE 2021 ANNUAL INVESTMENT PLAN TO CONSTRUCTION OF CROSS DRAIN AND CANAL AT PUROK 3 AND 4 AT BROOKSIDE BARANGAY, BAGUIO CITY.	0.0288913548	FALSE	0.0133060813	FALSE	0.00530585647	FALSE	0.0113461912	FALSE	0.0119698346	FALSE	0.0215339661	FALSE	0.00916972756	FALSE	0.0746486783	FALSE	0.20238927	FALSE	0.0251556337	FALSE	0.569812894	TRUE	0.03304106	FALSE	0.0281770229	FALSE	0.0109448433	FALSE	0.0398470461	FALSE	0.02569139	FALSE	0.149933606	FALSE
2021	053-2021	AN ORDINANCE MANDATING THE CONDUCT OF SEMI-ANNUAL TRAINING/SEMINAR FOR ALL MEAT VENDORS AND MEAT HANDLERS ON THE VARIOUS LAWS AFFECTING THEIR BUSINESS IN THE CITY OF BAGUIO.	0.0320075154	FALSE	0.194072843	FALSE	0.008602947	FALSE	0.024184823	FALSE	0.0556139648	FALSE	0.00726243854	FALSE	0.00774607062	FALSE	0.143334597	FALSE	0.0306092799	FALSE	0.0798036158	FALSE	0.0863331854	FALSE	0.0247923136	FALSE	0.0285711288	FALSE	0.00601005554	FALSE	0.0162130594	FALSE	0.208777249	FALSE	0.0850900412	FALSE
2021	054-2021	AN ORDINANCE PROVIDING RELIEF IN THE ISSUANCE OF CERTIFICATE OF FINAL ELECTRICAL INSPECTION (CFEI) OR CERTIFICATE OF ELECTRICAL INSPECTION (CEI) FOR ELECTRICAL SERVICE CONNECTION FOR A PERIOD OF SIX (6) MONTHS IN THE CITY OF BAGUIO.	0.0236280859	FALSE	0.0171629488	FALSE	0.00914931297	FALSE	0.0402548	FALSE	0.0220577717	FALSE	0.00466740131	FALSE	0.0087992847	FALSE	0.104193479	FALSE	0.0869924128	FALSE	0.142888695	FALSE	0.186322302	FALSE	0.0120321512	FALSE	0.0713381767	FALSE	0.00649043918	FALSE	0.00941190124	FALSE	0.13000384	FALSE	0.241753966	FALSE
2021	055-2021	AUTHORIZING A SUPPLEMENTAL BUDGET IN THE TOTAL AMOUNT OF ONE MILLION SIX HUNDRED FORTY-FIVE THOUSAND PESOS (P1,645,000.00) FROM THE EXCESS APPROPRIATIONS UNDER THE 20% DEVELOPMENT FUND IN APPROPRIATION ORDINANCE NUMBERED 162, SERIES OF 2020 [AUTHORIZING THE ANNUAL BUDGET OF THE CITY OF BAGUIO FOR FISCAL YEAR 2021 IN THE TOTAL AMOUNT OF ONE BILLION NINE HUNDRED FOUR MILLION FOUR HUNDRED EIGHTY-TWO THOUSAND FOUR HUNDRED FIFTY-EIGHT PESOS (P1,904,482,458.00) COVERING THE VARIOUS EXPENDITURES FOR THE OPERATION OF THE CITY GOVERNMENT OF BAGUIO AND APPROPRIATING THE NECESSARY FUNDS FOR THE PURPOSE.] OVER THE AMOUNT IN THE FISCAL YEAR 2021 ANNUAL INVESTMENT PROGRAM FOR THE FUNDING OF VARIOUS PROGRAMS/PROJECTS/ACTIVITES IN THE CITY OF BAGUIO.	0.0418707728	FALSE	0.00771456957	FALSE	0.0380734205	FALSE	0.0165122747	FALSE	0.00831261277	FALSE	0.00724440813	FALSE	0.0079267621	FALSE	0.032325983	FALSE	0.112320811	FALSE	0.0578514338	FALSE	0.323993206	FALSE	0.0172300041	FALSE	0.017619729	FALSE	0.00685158372	FALSE	0.0201713145	FALSE	0.0785307586	FALSE	0.391600639	FALSE
2021	056-2021	APPROVING THE REQUEST OF THE CITY VETERINARIAN, BRIGIT P. PIOK, FOR AUTHORITY TO CHARGE THE AMOUNT OF P21,900.00 UNDER ACCOUNT CODE 5-02-13-040 (REPAIRS AND MAINTENANCE-BUILDINGS AND OTHER STRUCTURES) AGAINST THE 2021 CURRENT APPROPRIATIONS OF THE CITY VETERINARY AND AGRICULTURE OFFICE (CVAO) FOR THE PAYMENT OF COST MATERIALS FOR THE REPAIR OF THE GROUND FLOOR OF THE SANGGUNIANG KABATAAN BUILDING AT PUROK 12, IRISAN BARANGAY, BAGUIO CITY TO BE USED AS AN ARABICA COFFEE PROCESSING CENTER.	0.0373616517	FALSE	0.16376552	FALSE	0.0245009065	FALSE	0.0294153094	FALSE	0.0207125843	FALSE	0.0194684565	FALSE	0.00570902228	FALSE	0.0351018	FALSE	0.029728353	FALSE	0.0271889865	FALSE	0.503162682	TRUE	0.0327695906	FALSE	0.00678217411	FALSE	0.0113840699	FALSE	0.0697291493	FALSE	0.0427804589	FALSE	0.0510258377	FALSE
2021	057-2021	APPROVING THE REQUEST OF THE SPECIAL SERVICES DIVISION, CITY MAYORS OFFICE, FOR AUTHORITY TO CHARGE THE AMOUNT OF P50,000.00 UNDER ACCOUNT CODE 5-02-06-020 (PRIZES) AGAINST THE 2021 CURRENT APPROPRIATIONS OF THE CITY MAYORS OFFICE FOR THE PAYMENT OF CASH AWARD OF THE SEARCH FOR THE BEST PERFORMING BARANGAY SPECIAL AWARD-LUPON TAGAPAMAYAPA INCENTIVE AWARDS 2019.	0.0429577529	FALSE	0.00874635577	FALSE	0.0104499757	FALSE	0.0362795293	FALSE	0.0216675401	FALSE	0.0052728951	FALSE	0.00546807051	FALSE	0.0553701818	FALSE	0.0309530199	FALSE	0.339814097	FALSE	0.356943727	FALSE	0.00876283646	FALSE	0.0270907581	FALSE	0.00812590122	FALSE	0.0144768059	FALSE	0.178426981	FALSE	0.109779865	FALSE
2021	058-2021	AN ORDINANCE RENAMING A PORTION OF PERFECTO STREET, BAGUIO CITY FROM JUNCTION LAKE DRIVE TO JUNCTION HARRISON ROAD AS DR. MARGARITA J. FERNANDEZ DRIVE.	0.0722157061	FALSE	0.0368020535	FALSE	0.0117189586	FALSE	0.035503298	FALSE	0.100606412	FALSE	0.00724959373	FALSE	0.00474330783	FALSE	0.0713135898	FALSE	0.0266240835	FALSE	0.121180952	FALSE	0.377286971	FALSE	0.00844290853	FALSE	0.035770148	FALSE	0.00694766641	FALSE	0.0149254799	FALSE	0.0815221369	FALSE	0.0592069328	FALSE
2021	059-2021	APPROVING THE TRANSFER OF FUND IN THE CITY BUILDINGS AND ARCHITECTURE OFFICE.	0.0272892416	FALSE	0.0156661868	FALSE	0.0072478652	FALSE	0.0147200525	FALSE	0.0170358419	FALSE	0.00742164254	FALSE	0.0097463727	FALSE	0.0830879807	FALSE	0.0658247471	FALSE	0.0578561127	FALSE	0.798625946	TRUE	0.0130499005	FALSE	0.0457462966	FALSE	0.0120181143	FALSE	0.0201179683	FALSE	0.0328473747	FALSE	0.053370744	FALSE
2021	060-2021	APPROVING THE REQUEST OF THE CITY BUILDING OFFICIAL ARCHITECT JOHNNY A. DEGAY FOR AUTHORITY TO CHARGE THE AMOUNT OF P2,326.92 UNDER ACCOUNT CODE 5-02-05-020 (TELEPHONE EXPENSES) AGAINST THE 2021 CURRENT APPROPRIATIONS OF THE CITY BUILDINGS AND ARCHITECTURE OFFICE (CBAO) FOR THE PAYMENT OF TELEPHONE EXPENSES FOR THE MONTHS OF MAY AND AUGUST 2020.	0.0215798318	FALSE	0.00764122605	FALSE	0.0131712854	FALSE	0.0223442018	FALSE	0.0119996369	FALSE	0.00987765193	FALSE	0.0173310339	FALSE	0.0423214436	FALSE	0.0554817021	FALSE	0.0565789044	FALSE	0.86943543	TRUE	0.0139238536	FALSE	0.0382625163	FALSE	0.0175811052	FALSE	0.0266241133	FALSE	0.0526494086	FALSE	0.0559815466	FALSE
2021	061-2021	APPROVING THE REQUEST OF THE CITY SOCIAL WELFARE AND DEVELOPMENT OFFICER BETTY F. FANGASAN FOR AUTHORITY TO CHARGE THE AMOUNT OF P5,792.02 UNDER ACCOUNT CODE 5-02-03-090 (FUEL, OIL AND LUBRICANTS EXPENSES) AGAINST THE 2021 CURRENT APPROPRIATIONS OF THE CITY SOCIAL WELFARE AND DEVELOPMENT OFFICE (CSWDO) FOR THE PAYMENT OF UNPAID OBLIGATION FOR THE MONTHS OF NOVEMBER AND DECEMBER 2020.	0.0607150793	FALSE	0.0123949945	FALSE	0.00443395972	FALSE	0.0108650923	FALSE	0.032517761	FALSE	0.00360879302	FALSE	0.00529062748	FALSE	0.293355763	FALSE	0.0240256488	FALSE	0.453042865	FALSE	0.0634192526	FALSE	0.0111968219	FALSE	0.0153952241	FALSE	0.00592887402	FALSE	0.0114869475	FALSE	0.0697756112	FALSE	0.0623193085	FALSE
2021	062-2021	APPROVING THE REQUEST FOR AUTHORITY TO CHARGE THE AMOUNT OF P48,653.43 AGAINST THE 2021 CURRENT APPROPRIATIONS OF THE CITY TREASURY OFFICE UNDER ACCOUNT CODE 5-01-01-010 (SALARIES AND WAGES-REGULAR) FOR THE PAYMENT OF TERMINAL LEAVE BENEFITS OF MR. AYATOLLAH R. GADAONI, FORMER REVENUE COLLECTION CLERK II OF THE SAID OFFICE, WHO RESIGNED FROM GOVERNMENT SERVICE EFFECTIVE 16 JANUARY 2021.	0.0396069884	FALSE	0.0152178705	FALSE	0.00451421738	FALSE	0.0188347399	FALSE	0.0307919681	FALSE	0.00380435586	FALSE	0.0122069716	FALSE	0.638040066	TRUE	0.0637991726	FALSE	0.155380577	FALSE	0.0363838375	FALSE	0.0226970613	FALSE	0.0224565268	FALSE	0.00441807508	FALSE	0.00995469093	FALSE	0.0948986709	FALSE	0.111892402	FALSE
2021	063-2021	AN ORDINANCE CREATING THE PUBLIC ORDER AND SAFETY DIVISION (POSD) UNDER THE CITY MAYORS OFFICE OF THE CITY GOVERNMENT OF BAGUIO, DEFINING ITS DUTIES, FUNCTIONS AND RULES OF ENGAGEMENT.	0.0191654861	FALSE	0.00782376528	FALSE	0.0167445242	FALSE	0.0242621303	FALSE	0.0217677057	FALSE	0.00543293357	FALSE	0.00907838345	FALSE	0.0321083069	FALSE	0.0250274241	FALSE	0.0798630118	FALSE	0.158584327	FALSE	0.0086093545	FALSE	0.0318403542	FALSE	0.0110356808	FALSE	0.00931119919	FALSE	0.496044755	FALSE	0.103564799	FALSE
2021	064-2021	AN ORDINANCE INSTITUTIONALIZING THE VALUES RESTORATION/ENHANCEMENT PROGRAM FOR THE CITY GOVERNMENT OF BAGUIO AND FOR OTHER PURPOSES.	0.0407320261	FALSE	0.0212039351	FALSE	0.0132170618	FALSE	0.0223274231	FALSE	0.0197983086	FALSE	0.0073377192	FALSE	0.0107346177	FALSE	0.0325919688	FALSE	0.0352610946	FALSE	0.0779452	FALSE	0.715944409	TRUE	0.0119683743	FALSE	0.115546882	FALSE	0.0114400685	FALSE	0.0264224708	FALSE	0.0971339643	FALSE	0.090591073	FALSE
2021	065-2021	APPROVING THE TRANSFER OF FUND IN THE CITY VETERINARY AND AGRICULTURE OFFICE.	0.0640862584	FALSE	0.494738489	FALSE	0.00694289804	FALSE	0.0254989564	FALSE	0.075568378	FALSE	0.0126973689	FALSE	0.00666928291	FALSE	0.191335231	FALSE	0.0472189486	FALSE	0.0512735248	FALSE	0.0672105849	FALSE	0.0301809609	FALSE	0.02462852	FALSE	0.00534671545	FALSE	0.01929	FALSE	0.0254665911	FALSE	0.0580275059	FALSE
2021	066-2021	APPROVING THE REQUEST FOR AUTHORITY TO CHARGE THE TOTAL AMOUNT OF P41,500.00 AGAINST THE 2021 CURRENT APPROPRIATIONS OF THE OFFICE OF THE SANGGUNIANG PANLUNGSOD UNDER ACCOUNT CODE 5-01-01-010 (SALARIES AND WAGES-REGULAR) FOR THE PAYMENT OF TERMINAL LEAVE BENEFITS AND SALARY OF EMPLOYEES WHOSE TERM ENDED AS OF 31 DECEMBER 2020.	0.0333859026	FALSE	0.0213395059	FALSE	0.00530049205	FALSE	0.0195697248	FALSE	0.0548996031	FALSE	0.00536376238	FALSE	0.0166529417	FALSE	0.734302878	TRUE	0.0583297312	FALSE	0.115692437	FALSE	0.0106073618	FALSE	0.0281455815	FALSE	0.0222765505	FALSE	0.00704178214	FALSE	0.00915157795	FALSE	0.0459217727	FALSE	0.0701682568	FALSE
2021	067-2021	AUTHORIZING A SUPPLEMENTAL BUDGET IN THE TOTAL AMOUNT OF TWO HUNDRED NINETY-FIVE MILLION NINE HUNDRED SIX THOUSAND EIGHT HUNDRED SIXTY PESOS (P295,906,860.00) TO COVER THE FUNDING REQUIREMENT OF VARIOUS PRIORITY PROJECTS IN THE CITY OF BAGUIO.	0.0227030814	FALSE	0.0106613338	FALSE	0.0143912435	FALSE	0.021392107	FALSE	0.00888243318	FALSE	0.00599294901	FALSE	0.0121655464	FALSE	0.0377367139	FALSE	0.128093451	FALSE	0.0715124905	FALSE	0.459835202	FALSE	0.0153496265	FALSE	0.0496721268	FALSE	0.00712126493	FALSE	0.0172326267	FALSE	0.0583652556	FALSE	0.24481535	FALSE
2021	067-2021	AUTHORIZING A SUPPLEMENTAL BUDGET IN THE TOTAL AMOUNT OF TWO HUNDRED NINETY-FIVE MILLION NINE HUNDRED SIX THOUSAND EIGHT HUNDRED SIXTY PESOS (P295,906,860.00) TO COVER THE FUNDING REQUIREMENT OF VARIOUS PRIORITY PROJECTS IN THE CITY OF BAGUIO.	0.0227030814	FALSE	0.0106613338	FALSE	0.0143912435	FALSE	0.021392107	FALSE	0.00888243318	FALSE	0.00599294901	FALSE	0.0121655464	FALSE	0.0377367139	FALSE	0.128093451	FALSE	0.0715124905	FALSE	0.459835202	FALSE	0.0153496265	FALSE	0.0496721268	FALSE	0.00712126493	FALSE	0.0172326267	FALSE	0.0583652556	FALSE	0.24481535	FALSE
2021	068-2021	INSTITUTIONALIZING A REGULAR ‘HULING PARANGAL SA WATAWAT NG PILIPINAS’ PROGRAM OF THE CITY GOVERNMENT OF BAGUIO AT THE BAGUIO CITY HALL GROUNDS ON ANY APPOINTED DAY DURING THE NATIONAL FLAG DAYS FOR THE PERIOD FROM MAY 28 TO JUNE 12 OF EACH YEAR, ENJOINING LEARNING INSTITUTIONS, GOVERNMENT AGENCIES, OR ANY OTHER INSTITUTIONS WHOSE FLAGS NEED THE PROPER HONORARY RITES FOR DISPOSAL AND REPLACEMENT IN THE CITY OF BAGUIO.	0.0181209147	FALSE	0.0127393901	FALSE	0.00555080175	FALSE	0.0364881456	FALSE	0.0328633785	FALSE	0.00420147181	FALSE	0.00658074	FALSE	0.0561320484	FALSE	0.0222663581	FALSE	0.174441546	FALSE	0.401390046	FALSE	0.00659570098	FALSE	0.0474448502	FALSE	0.0112430751	FALSE	0.0124269426	FALSE	0.0999301076	FALSE	0.0398983359	FALSE
2021	069-2021	TEMPORARILY SUSPENDING THE SECOND PARAGRAPH OF SECTION 13 OF ORDINANCE NUMBERED 68, SERIES OF 2020 [REGULATING THE USE OF CERTAIN ROADS/STREETS WITHIN THE CENTRAL BUSINESS DISTRICT IN THE CITY OF BAGUIO] SUCH THAT SIXTY (60%) PERCENT OF THE GROSS TOTAL PARKING REGULATORY FEES COLLECTED THEREOF SHALL BE ALLOCATED TO PAY FOR THE WAGES AND BENEFITS OF COLLECTORS, SUPPLY AND OTHER OPERATIONAL COSTS, UNTIL THE COVID-19 PANDEMIC IS LIFTED BY THE COVID-19 INTER-AGENCY TASK FORCE FOR THE MANAGEMENT OF EMERGING INFECTIOUS DISEASES OR BY SUBSEQUENT REPEAL OR AMENDMENT.	0.0606811047	FALSE	0.00865289569	FALSE	0.138977826	FALSE	0.0267113447	FALSE	0.0137960017	FALSE	0.00712576509	FALSE	0.00798082352	FALSE	0.0685238838	FALSE	0.0717670321	FALSE	0.0431331396	FALSE	0.374572098	FALSE	0.00975379348	FALSE	0.010846138	FALSE	0.00777331	FALSE	0.00987711549	FALSE	0.0472010672	FALSE	0.20666	FALSE
2021	070-2021	REALIGNING THE AMOUNT OF P300,000.00 FROM THE PROJECT, CONTINUATION OF PATHWAY/WALKWAY WITH RAILINGS FROM THE BRIDGE NEAR BAGNOS AND LACSONS RESIDENCE TRAVERSING SALIO, DELOS REYES, BENGAO, BANSANS RESIDENCE UP TO SIMSIM ROAD AT MARIA BASA UNDER THE 2021 ANNUAL INVESTMENT PLAN TO REHABILITATION OF PATHWAY AND DRAINAGE AT MOLINTAS GOING DOWN TO THE CREEK AT PACDAL BARANGAY, BAGUIO CITY.	0.0345464349	FALSE	0.00995978713	FALSE	0.0101101696	FALSE	0.0137919784	FALSE	0.012498647	FALSE	0.0110170245	FALSE	0.00738561153	FALSE	0.0538616776	FALSE	0.0781012177	FALSE	0.0192032456	FALSE	0.804190516	TRUE	0.0179895461	FALSE	0.0211339593	FALSE	0.0122118	FALSE	0.0383215249	FALSE	0.0173321664	FALSE	0.0552823842	FALSE
2021	071-2021	CHANGING THE PROJECT TITLE, CONSTRUCTION/REHABILITATION OF MAIN SEWERLINES UNDER THE 2020 ANNUAL INVESTMENT PLAN AMOUNTING TO THIRTY-FIVE MILLION PESOS (P35,000,000.00) TO VARIOUS PROJECTS IN THE CITY OF BAGUIO.	0.00841766596	FALSE	0.0127607584	FALSE	0.00354978442	FALSE	0.0100156963	FALSE	0.00674062967	FALSE	0.0897663832	FALSE	0.0072145462	FALSE	0.0586957037	FALSE	0.212903023	FALSE	0.0167271793	FALSE	0.265862525	FALSE	0.0695535541	FALSE	0.0300648808	FALSE	0.0287793279	FALSE	0.0348565876	FALSE	0.0154542029	FALSE	0.0852138102	FALSE
2021	072-2021	APPROVING THE REQUEST OF MS. MAXIMA K. DONIO FOR TAX EXEMPTION OF A PARCEL OF LAND IDENTIFIED AS LOT 10-B-1, (LRC) PSD-170154 COVERED BY TCT NO. T-20887 WITH AN AGGREGATE AREA OF FORTY-FOUR (44) SQUARE METERS THAT WAS SEGREGATED AND BEING USED AS ROAD-RIGHT-OF-WAY LOCATED AT NO. 53 UPPER KITMA ROAD, BAKAKENG CENTRAL BARANGAY, BAGUIO CITY.	0.119799167	FALSE	0.0154210329	FALSE	0.0230329633	FALSE	0.0136924088	FALSE	0.0139840245	FALSE	0.0120278	FALSE	0.00668442249	FALSE	0.0213576555	FALSE	0.0180908144	FALSE	0.0486177802	FALSE	0.662979126	TRUE	0.0149555504	FALSE	0.0183052421	FALSE	0.0125593245	FALSE	0.0862461925	FALSE	0.0775544047	FALSE	0.0581314564	FALSE
2021	073-2021	APPROVING THE REQUEST FOR AUTHORITY TO CHARGE THE AMOUNT OF P71,000.00 AGAINST THE 2021 CURRENT APPROPRIATIONS OF THE OFFICE OF THE SANGGUNIANG PANLUNGSOD UNDER ACCOUNT CODE 5-01-01-010 (SALARIES AND WAGES-REGULAR) FOR THE PAYMENT OF TERMINAL LEAVE BENEFITS OF MS. LIGAYA P. BALATERO, FORMER PRIVATE SECRETARY I OF THE SAID OFFICE, WHO RESIGNED FROM GOVERNMENT SERVICE EFFECTIVE 16 MAY 2021.	0.0316533744	FALSE	0.0181052387	FALSE	0.00563678145	FALSE	0.0180417895	FALSE	0.0483347178	FALSE	0.0053139329	FALSE	0.0145981014	FALSE	0.741128385	TRUE	0.067278415	FALSE	0.102080613	FALSE	0.0105083883	FALSE	0.029971838	FALSE	0.0208191872	FALSE	0.00717708468	FALSE	0.00908356905	FALSE	0.0537881553	FALSE	0.0837828815	FALSE
2021	074-2021	AMENDING SECTION 2 OF ORDINANCE NUMBERED 46, SERIES OF 2017 [INSTITUTIONALIZING THE CONDUCT OF A COOPERATIVE MONTH CELEBRATION EVERY OCTOBER OF EVERY YEAR IN THE CITY OF BAGUIO AND PROVIDING FUNDS THEREOF].	0.033926338	FALSE	0.0311028659	FALSE	0.012686044	FALSE	0.0241271257	FALSE	0.0311743021	FALSE	0.00509929657	FALSE	0.00757735968	FALSE	0.0543287098	FALSE	0.0455941558	FALSE	0.180176914	FALSE	0.124161184	FALSE	0.0118404925	FALSE	0.0918370187	FALSE	0.00576579571	FALSE	0.0141423345	FALSE	0.223525941	FALSE	0.22774297	FALSE
2021	075-2021	APPROVING THE REQUEST FOR AUTHORITY TO CHARGE THE AMOUNT OF P1,029,124.08 AGAINST THE 2021 CURRENT APPROPRIATIONS OF THE OFFICE FOR CITY ADMINISTRATION UNDER ACCOUNT CODE 439-021 (BAGUIO CONVENTION TRUST FUND) FOR THE PAYMENT OF SALARIES OF VARIOUS JOB ORDER PERSONNEL FOR THE PERIOD FROM 01 JULY 2021 TO 31 DECEMBER 2021 FOR THE NEW NORMAL OPERATIONS OF THE BAGUIO CONVENTION CENTER.	0.0189916193	FALSE	0.00524804	FALSE	0.00499358773	FALSE	0.0204159915	FALSE	0.0208052695	FALSE	0.00359466672	FALSE	0.00788742304	FALSE	0.431091875	FALSE	0.0746948123	FALSE	0.123010844	FALSE	0.0782495737	FALSE	0.0132522881	FALSE	0.016798526	FALSE	0.00650206208	FALSE	0.00823816657	FALSE	0.0937942266	FALSE	0.111786693	FALSE
2021	076-2021	APPROVING THE TRANSFER OF FUND IN THE CITY BUILDINGS AND ARCHITECTURE OFFICE.	0.0272892416	FALSE	0.0156661868	FALSE	0.0072478652	FALSE	0.0147200525	FALSE	0.0170358419	FALSE	0.00742164254	FALSE	0.0097463727	FALSE	0.0830879807	FALSE	0.0658247471	FALSE	0.0578561127	FALSE	0.798625946	TRUE	0.0130499005	FALSE	0.0457462966	FALSE	0.0120181143	FALSE	0.0201179683	FALSE	0.0328473747	FALSE	0.053370744	FALSE
2021	077-2021	AN ORDINANCE CREATING THE RECOGNIZANCE BOARD OF BAGUIO CITY (RBBC) AND FOR OTHER PURPOSES.	0.0448459387	FALSE	0.0367631912	FALSE	0.00825288892	FALSE	0.0220870078	FALSE	0.0428860486	FALSE	0.00667545199	FALSE	0.00830885768	FALSE	0.0644171238	FALSE	0.0404296815	FALSE	0.265243828	FALSE	0.277610123	FALSE	0.00973525643	FALSE	0.102110058	FALSE	0.00860926509	FALSE	0.0152169168	FALSE	0.155678272	FALSE	0.134333611	FALSE
2021	078-2021	APPROVING THE REQUEST FOR AUTHORITY TO CHARGE THE TOTAL AMOUNT OF P125,000.00 AGAINST THE 2021 CURRENT APPROPRIATIONS OF THE CITY HEALTH SERVICES OFFICE UNDER ACCOUNT CODE 5-02-04-010 (WATER EXPENSES) IN THE AMOUNT OF P9,500.00 AND ACCOUNT CODE 5-02-03-090 (FUEL, OIL AND LUBRICANTS EXPENSES) IN THE AMOUNT OF P115,000.00, FOR THE PAYMENT OF UNPAID EXPENSES WHICH WERE NOT OBLIGATED DURING THE PREVIOUS YEARS.	0.0193443596	FALSE	0.0044105947	FALSE	0.0585916042	FALSE	0.0467813611	FALSE	0.011262387	FALSE	0.0228843987	FALSE	0.0129046738	FALSE	0.0291067362	FALSE	0.0516041517	FALSE	0.0662081242	FALSE	0.15747571	FALSE	0.0133165419	FALSE	0.00711941719	FALSE	0.0076315105	FALSE	0.00820159912	FALSE	0.0890742838	FALSE	0.151271641	FALSE
2021	079-2021	APPROVING THE TRANSFER OF FUND IN THE CITY SOCIAL WELFARE AND DEVELOPMENT OFFICE.	0.0576542914	FALSE	0.0177047849	FALSE	0.00623598695	FALSE	0.0131336749	FALSE	0.0201686025	FALSE	0.00466474891	FALSE	0.00664657354	FALSE	0.121746987	FALSE	0.0339879096	FALSE	0.488595784	FALSE	0.151272386	FALSE	0.00929808617	FALSE	0.0266367197	FALSE	0.00592035055	FALSE	0.0124105215	FALSE	0.0339335501	FALSE	0.0802987516	FALSE
2021	080-2021	“AMENDING THE PROVISIONS OF ORDINANCE NUMBERED 060, SERIES OF 2002 [CREATING AN APPRAISAL COMMITTEE TO CONDUCT FAIR AND JUST APPRAISAL OF LOTS FOR THE CITY OF BAGUIO].	0.0420661867	FALSE	0.0247833431	FALSE	0.00816860795	FALSE	0.0267843306	FALSE	0.0317382812	FALSE	0.00658932328	FALSE	0.00722306967	FALSE	0.0348781645	FALSE	0.0223885477	FALSE	0.153716326	FALSE	0.429471076	FALSE	0.00830972195	FALSE	0.081107825	FALSE	0.00872561336	FALSE	0.0176157951	FALSE	0.153439462	FALSE	0.0608115494	FALSE
2021	081-2021	APPROVING THE REQUEST FOR AUTHORITY TO CHARGE THE AMOUNT OF P2,100,000.00 AGAINST THE 2021 CURRENT APPROPRIATIONS OF THE CITY SOCIAL WELFARE AND DEVELOPMENT OFFICE (CSWDO) UNDER ACCOUNT CODE 5-02-99-080 (DONATIONS) FOR THE PAYMENT OF COLLEGE EDUCATIONAL FINANCIAL ASSISTANCE GRANT OF 308 NEW GRANTEES FOR THE 2ND SEMESTER OF SCHOOL YEAR 2020-2021.	0.113838315	FALSE	0.0141031742	FALSE	0.016562134	FALSE	0.0441394448	FALSE	0.0130941868	FALSE	0.00506135821	FALSE	0.0054885745	FALSE	0.0625748932	FALSE	0.0462954342	FALSE	0.43257159	FALSE	0.150210887	FALSE	0.011179328	FALSE	0.0268442035	FALSE	0.00594875216	FALSE	0.0162434876	FALSE	0.0686913133	FALSE	0.273742557	FALSE
2021	082-2021	APPROVING THE REQUEST FOR AUTHORITY TO CHARGE THE AMOUNT OF P193,932.67 AGAINST THE 2021 CURRENT APPROPRIATIONS OF THE CITY TREASURY OFFICE UNDER ACCOUNT CODE 5-01-01-010 (SALARIES AND WAGES-REGULAR) FOR THE PAYMENT OF TERMINAL LEAVE BENEFITS OF MR. GEORGE M. ADDAWE JR., FORMER ADMINISTRATIVE OFFICER III OF THE SAID OFFICE, WHO RETIRED FROM GOVERNMENT SERVICE EFFECTIVE 01 JULY 2021.	0.0458679795	FALSE	0.0124606788	FALSE	0.00454682112	FALSE	0.0208313465	FALSE	0.0236330032	FALSE	0.00400710106	FALSE	0.0118355155	FALSE	0.612033844	TRUE	0.0714703798	FALSE	0.169486314	FALSE	0.0472218096	FALSE	0.0214794874	FALSE	0.0210078657	FALSE	0.00447973609	FALSE	0.00955867767	FALSE	0.0786518157	FALSE	0.124267399	FALSE
2021	083-2021	APPROVING THE REQUEST FOR AUTHORITY TO CHARGE THE AMOUNT OF P2,760.00 AGAINST THE 2021 CURRENT APPROPRIATIONS OF THE CITY MAYORS OFFICE UNDER ACCOUNT CODE 5-02-05-030 (INTERNET SUBSCRIPTION EXPENSES) FOR THE PAYMENT OF UNBILLED WEBSITE HOSTING STATEMENT FROM JULY 2020 TO DECEMBER 2020 TO HOSTING PROVIDER BITSTOP NETWORK SERVICES, INC. (BNSI).	0.0198212564	FALSE	0.0103462636	FALSE	0.004986763	FALSE	0.0384242237	FALSE	0.0260779858	FALSE	0.00440487266	FALSE	0.00735929608	FALSE	0.111667365	FALSE	0.0487511158	FALSE	0.330175757	FALSE	0.0973502696	FALSE	0.00998985767	FALSE	0.0217045248	FALSE	0.00466933846	FALSE	0.00897550583	FALSE	0.185751796	FALSE	0.127812177	FALSE
2021	084-2021	APPROVING THE REQUEST FOR AUTHORITY TO TRANSFER THE AMOUNT OF P337,382.71 AGAINST THE 2021 CURRENT APPROPRIATIONS OF THE CITY DISASTER RISK REDUCTION MANAGEMENT OFFICE (CDRRMO) UNDER ACCOUNT CODE 5-01-01-010 (SALARIES AND WAGES-REGULAR) TO ACCOUNT CODE 5-01-04-030 (TERMINAL LEAVE BENEFITS) AND TO DISBURSE THE SAME FOR THE PAYMENT OF TERMINAL LEAVE BENEFITS OF MS. YOLANDA A. MUNAR, FORMER LOCAL DISASTER RISK REDUCTION MANAGEMENT OFFICER IV OF THE SAID OFFICE, WHO RETIRED FROM GOVERNMENT SERVICE EFFECTIVE 01 JUNE 2021.	0.0268627107	FALSE	0.0108749568	FALSE	0.0119176507	FALSE	0.0133166313	FALSE	0.0126060545	FALSE	0.00839284062	FALSE	0.0116325319	FALSE	0.0264702737	FALSE	0.0292941928	FALSE	0.0180736184	FALSE	0.0869576931	FALSE	0.0164241791	FALSE	0.849949837	TRUE	0.0172657669	FALSE	0.0182672441	FALSE	0.0220066309	FALSE	0.0438646078	FALSE
2021	085-2021	APPROVING THE REQUEST OF MR. MORRIS B. MATEO FOR WAIVER OF PAYMENT OF THE REAL PROPERTY TAXES FOR THE YEAR 2001 TO THE PRESENT OF A PORTION OF HIS LOT WITH ARPN 2021-05-008-056891 LOCATED AT BENGAO, BAKAKENG CENTRAL BARANGAY, BAGUIO CITY BEING UTILIZED BY THE GENERAL PUBLIC AS ACCESS ROAD TO THE AREA.	0.110749364	FALSE	0.0152671635	FALSE	0.014787674	FALSE	0.0147722661	FALSE	0.0194470286	FALSE	0.00713992119	FALSE	0.00782308	FALSE	0.02926296	FALSE	0.0264213085	FALSE	0.0461340547	FALSE	0.544178545	TRUE	0.0160663724	FALSE	0.0268993378	FALSE	0.00782486796	FALSE	0.0618326068	FALSE	0.131793141	FALSE	0.0837547183	FALSE
2021	087-2021	AN ORDINANCE ADOPTING THE PRESCRIBED STANDARD REQUIREMENTS FOR MEAT SHOPS IN THE CITY OF BAGUIO	0.0319534838	FALSE	0.214016914	FALSE	0.00742051	FALSE	0.0335533321	FALSE	0.0471769273	FALSE	0.00921461	FALSE	0.00891283154	FALSE	0.163415581	FALSE	0.0413706899	FALSE	0.100225657	FALSE	0.162797749	FALSE	0.0243717432	FALSE	0.0423719883	FALSE	0.00850206614	FALSE	0.0174731016	FALSE	0.111458629	FALSE	0.0853617191	FALSE
2021	088-2021	AMENDING CERTAIN PROVISIONS OF ORDINANCE NUMBERED 78, SERIES OF 2018 [TOWING ORDINANCE OF THE CITY OF BAGUIO].	0.0300321877	FALSE	0.0214903951	FALSE	0.0107033849	FALSE	0.0334827602	FALSE	0.0390774	FALSE	0.00521957874	FALSE	0.00888606906	FALSE	0.0358390212	FALSE	0.0184622705	FALSE	0.203546673	FALSE	0.111026973	FALSE	0.00700166821	FALSE	0.0581675768	FALSE	0.00738731027	FALSE	0.0105848908	FALSE	0.346914023	FALSE	0.0805206	FALSE
2021	088-2021	AMENDING CERTAIN PROVISIONS OF ORDINANCE NUMBERED 78, SERIES OF 2018 [TOWING ORDINANCE OF THE CITY OF BAGUIO].	0.0300321877	FALSE	0.0214903951	FALSE	0.0107033849	FALSE	0.0334827602	FALSE	0.0390774	FALSE	0.00521957874	FALSE	0.00888606906	FALSE	0.0358390212	FALSE	0.0184622705	FALSE	0.203546673	FALSE	0.111026973	FALSE	0.00700166821	FALSE	0.0581675768	FALSE	0.00738731027	FALSE	0.0105848908	FALSE	0.346914023	FALSE	0.0805206	FALSE
2021	089-2021	ORDINANCE INSTITUTIONALIZING A SESSION ROAD HISTORY AND HERITAGE FESTIVAL IN THE CITY OF BAGUIO, APPROPRIATING FUNDS, AND FOR OTHER PURPOSES.	0.0406719744	FALSE	0.0152099133	FALSE	0.0133048296	FALSE	0.0199441612	FALSE	0.021853894	FALSE	0.00599387288	FALSE	0.00689196587	FALSE	0.0285992026	FALSE	0.0248384476	FALSE	0.0605660975	FALSE	0.724318	TRUE	0.00877186656	FALSE	0.0661603212	FALSE	0.0114399195	FALSE	0.022046119	FALSE	0.0501721501	FALSE	0.0529851615	FALSE
2021	090-2021	APPROVING THE TRANSFER OF FUND IN THE CITY CIVIL REGISTRY OFFICE.	0.0353328288	FALSE	0.0151324868	FALSE	0.00875991583	FALSE	0.0148381889	FALSE	0.0228563845	FALSE	0.00568002462	FALSE	0.00703674555	FALSE	0.0502558947	FALSE	0.038443327	FALSE	0.163231134	FALSE	0.321117163	FALSE	0.00798356533	FALSE	0.0470336676	FALSE	0.0085657239	FALSE	0.0105825663	FALSE	0.0778918266	FALSE	0.104828715	FALSE
2021	091-2021	AUTHORIZING A SUPPLEMENTAL BUDGET IN THE TOTAL AMOUNT OF TEN MILLION EIGHT HUNDRED ONE THOUSAND FOUR PESOS (P10,801,004.00) AGAINST THE 2021 CURRENT APPROPRIATIONS OF THE CITY ADMINISTRATORS OFFICE UNDER ACCOUNT CODE 5-02-06-020 (PRIZES) IN THE AMOUNT OF P7,000,000.00 AND ACCOUNT CODE 5-02-99-990 (OTHER MAINTENANCE AND OPERATING EXPENSES) IN THE AMOUNT OF P3,801,004.00 TO COVER THE FUNDING TO FULLY EQUIP THE BAGUIO CONVENTION CENTER.	0.0275152624	FALSE	0.00819781423	FALSE	0.0183644891	FALSE	0.0249800682	FALSE	0.00849545	FALSE	0.0064637661	FALSE	0.0100461245	FALSE	0.0352106392	FALSE	0.0944253802	FALSE	0.07864061	FALSE	0.475544482	FALSE	0.0139372349	FALSE	0.039956063	FALSE	0.0073672235	FALSE	0.0176877677	FALSE	0.0791035	FALSE	0.262195379	FALSE
2021	099-2021	AN ORDINANCE PROHIBITING THE ESTABLISHMENT AND OPERATION OF STREET GANGS, RECRUITMENT OF MINORS TO PARTICIPATE IN THE COMMISSION OF STREET GANGS VIOLENCE AND INSTIGATION OF COMMUNITY DISORDER, PROVIDING FOR INTERVENTION MECHANISMS AND FOR OTHER PURPOSES.	0.0199194551	FALSE	0.0100181699	FALSE	0.0130250454	FALSE	0.014950186	FALSE	0.424970329	FALSE	0.00652799	FALSE	0.00575169921	FALSE	0.0401356518	FALSE	0.00730058551	FALSE	0.0937953889	FALSE	0.00867524743	FALSE	0.00593468547	FALSE	0.007376194	FALSE	0.00522354245	FALSE	0.00742590427	FALSE	0.416429877	FALSE	0.0127437711	FALSE
2021	100-2021	APPROVING THE REQUEST FOR AUTHORITY TO CHARGE THE AMOUNT OF P199,000.00 AGAINST THE 2021 CURRENT APPROPRIATIONS OF THE CITY LIBRARY OFFICE UNDER ACCOUNT CODE 5-02-13-040 (REPAIRS AND MAINTENANCE-BUILDINGS AND OTHER STRUCTURES) FOR THE REPAIR/REHABILITATION OF COMFORT ROOMS OF THE SAID OFFICE.	0.0230959356	FALSE	0.00772383809	FALSE	0.0141921043	FALSE	0.0512861311	FALSE	0.0154952407	FALSE	0.00941082835	FALSE	0.0117246509	FALSE	0.0365403	FALSE	0.0346007645	FALSE	0.103348792	FALSE	0.810073137	TRUE	0.00916820765	FALSE	0.0230942965	FALSE	0.0175905824	FALSE	0.0245863199	FALSE	0.06314224	FALSE	0.0463833511	FALSE
2021	101-2021	APPROVING THE REQUEST FOR AUTHORITY TO CHARGE THE AMOUNT OF P89,390.00 AGAINST THE 2021 CURRENT APPROPRIATIONS OF THE BAGUIO CITY POLICE OFFICE UNDER ACCOUNT CODE 5-02-13-060 (REPAIRS AND MAINTENANCE-TRANSPORTATION EQUIPMENT) FOR THE PAYMENT OF ITS UNSETTLED OBLIGATIONS OF PREVIOUS YEARS.	0.0186082721	FALSE	0.00470170379	FALSE	0.0109548569	FALSE	0.0220246613	FALSE	0.0136261284	FALSE	0.00559997559	FALSE	0.0108656287	FALSE	0.047244072	FALSE	0.0415876806	FALSE	0.248620987	FALSE	0.41571039	FALSE	0.00866773725	FALSE	0.021173805	FALSE	0.0102855861	FALSE	0.0155340731	FALSE	0.214768201	FALSE	0.0946686566	FALSE
2021	102-2021	APPROVING THE TRANSFER/REALIGNMENT OF FUNDS IN THE CITY ASSESSORS OFFICE.	0.0458449423	FALSE	0.0184836984	FALSE	0.00759539	FALSE	0.0186503232	FALSE	0.0284323394	FALSE	0.00501963496	FALSE	0.00725916028	FALSE	0.0561728179	FALSE	0.0282810032	FALSE	0.349533647	FALSE	0.173682541	FALSE	0.00791958	FALSE	0.049824357	FALSE	0.00543680787	FALSE	0.0119595528	FALSE	0.106860369	FALSE	0.0858485401	FALSE
2021	103-2021	APPROVING THE REQUEST FOR AUTHORITY TO CHARGE THE TOTAL AMOUNT OF P51,000.00 AGAINST THE 2021 CURRENT APPROPRIATIONS OF THE OFFICE OF THE SANGGUNIANG PANLUNGSOD UNDER ACCOUNT CODE 5-01-01-010 (SALARIES AND WAGES-REGULAR) FOR THE PAYMENT OF TERMINAL LEAVE BENEFITS OF MS. ADRIANWIN S. LATAWAN IN THE AMOUNT OF P12,000.00; MR. DOMINIQUE ALDWIN F. RECOLCOLIN IN THE AMOUNT OF P12,000.00; AND MR. OHWIE S. TALOSIG IN THE AMOUNT OF P27,000.00.	0.0327936709	FALSE	0.0179847479	FALSE	0.00489190221	FALSE	0.0174713731	FALSE	0.0443403423	FALSE	0.00578930974	FALSE	0.0154483914	FALSE	0.743215919	TRUE	0.0624383092	FALSE	0.101729035	FALSE	0.0111899674	FALSE	0.0299555063	FALSE	0.018859446	FALSE	0.00730672479	FALSE	0.00914183259	FALSE	0.0370771289	FALSE	0.0662941337	FALSE
2021	104-2021	APPROVING THE REQUEST FOR AUTHORITY TO CHARGE THE AMOUNT OF P5,620.15 AGAINST THE 2021 CURRENT APPROPRIATIONS OF THE CITY SOCIAL WELFARE AND DEVELOPMENT OFFICE (CSWDO) UNDER ACCOUNT CODE 5-02-04-010 (WATER EXPENSES) FOR THE PAYMENT OF OUTSTANDING BALANCE OF WATER BILL FROM 09 FEBRUARY 2020 TO 12 MAY 2020 IN THE SAID OFFICE.	0.0408987105	FALSE	0.0127255619	FALSE	0.00616398454	FALSE	0.0112233162	FALSE	0.0121244192	FALSE	0.0236323476	FALSE	0.00588479638	FALSE	0.0502338111	FALSE	0.0217531025	FALSE	0.495556176	FALSE	0.139093369	FALSE	0.0112107098	FALSE	0.0223795474	FALSE	0.0130760968	FALSE	0.0135247409	FALSE	0.0298058689	FALSE	0.0552789569	FALSE
2021	105-2021	AMENDING SECTIONS 1, 2, 3 AND 7 OF ORDINANCE NUMBERED 120, SERIES OF 2018 [THE ESTABLISHMENT OF VIOLENCE AGAINST WOMEN AND THEIR CHILDREN (VAWC) DESKS IN THE 128 BARANGAYS OF BAGUIO CITY, AND PROVIDING GUIDELINES THEREOF].	0.0215514898	FALSE	0.0174021125	FALSE	0.0238690376	FALSE	0.0309854746	FALSE	0.817665935	TRUE	0.00949731469	FALSE	0.00739648938	FALSE	0.0489022434	FALSE	0.01064834	FALSE	0.0349737704	FALSE	0.0151368082	FALSE	0.00663658977	FALSE	0.0127550364	FALSE	0.0108859539	FALSE	0.00801825523	FALSE	0.122635484	FALSE	0.00996151567	FALSE
2021	106-2021	AN ORDINANCE GRANTING AMNESTY OR RELIEF ON PENALTIES, FINES AND CHARGES FOR UNPAID DUES UP TO YEAR 2021 IN THE CITY OF BAGUIO.	0.0258326828	FALSE	0.0107647777	FALSE	0.00443026423	FALSE	0.0169262	FALSE	0.0440455079	FALSE	0.00328609347	FALSE	0.00665223598	FALSE	0.0632809103	FALSE	0.0136467218	FALSE	0.233865023	FALSE	0.0491224527	FALSE	0.00578972697	FALSE	0.0342864394	FALSE	0.00493806601	FALSE	0.00840678811	FALSE	0.383565784	FALSE	0.0382086933	FALSE
2021	107-2021	AN ORDINANCE IMPLEMENTING NO PLATE NUMBER NO TRAVEL POLICY IN THE CITY OF BAGUIO AND PROVIDING PENALTY THEREOF.	0.0207737684	FALSE	0.0119980574	FALSE	0.00493475795	FALSE	0.0272946358	FALSE	0.0203749537	FALSE	0.00259655714	FALSE	0.00625371933	FALSE	0.0774156749	FALSE	0.0268957317	FALSE	0.259128213	FALSE	0.0830071867	FALSE	0.00748029351	FALSE	0.0734731853	FALSE	0.00610396266	FALSE	0.00855091214	FALSE	0.167506456	FALSE	0.101458639	FALSE
2021	108-2021	AN ORDINANCE TEMPORARILY SUSPENDING THE IMPLEMENTATION OF ORDINANCE NUMBERED 32, SERIES OF 2021 UNTIL ORDINANCE NUMBERED 63, SERIES OF 2016 IS AMENDED, UPDATED, AND FINALLY APPROVED.	0.0165318549	FALSE	0.0375749767	FALSE	0.013114363	FALSE	0.0240395665	FALSE	0.0564171672	FALSE	0.00532954931	FALSE	0.0106879175	FALSE	0.0580431819	FALSE	0.0348735452	FALSE	0.11385566	FALSE	0.0152164102	FALSE	0.0169649422	FALSE	0.0804626644	FALSE	0.00750103593	FALSE	0.0134772658	FALSE	0.396799892	FALSE	0.206466943	FALSE
2021	109-2021	AN ORDINANCE REDUCING THE AMOUNT OF FINES FOR ALL UNPAID TRAFFIC VIOLATIONS ISSUED ON OR BEFORE 31 DECEMBER 2020 FOR A PERIOD OF THREE (3) MONTHS IN THE CITY OF BAGUIO.	0.0144227743	FALSE	0.00784242153	FALSE	0.00823053718	FALSE	0.0170762539	FALSE	0.0380358696	FALSE	0.00465467572	FALSE	0.0119664073	FALSE	0.053745836	FALSE	0.0166673064	FALSE	0.123406559	FALSE	0.0704301298	FALSE	0.00810179114	FALSE	0.0352567434	FALSE	0.00790032744	FALSE	0.0097155571	FALSE	0.655869365	TRUE	0.0442047119	FALSE
2021	110-2021	AMENDING ORDINANCE NUMBERED 93, SERIES OF 2021 [APPROVING THE REQUEST FOR AUTHORITY TO CHARGE THE AMOUNT OF P23,000.00 AGAINST THE 2021 CURRENT APPROPRIATIONS OF THE CITY MAYORS OFFICE UNDER ACCOUNT CODE 5-02-02-010 (TRAINING EXPENSES) FOR THE PAYMENT OF MEALS INCURRED DURING THE CONDUCT OF COMMUNITY-BASED TRAININGS IN NAIL CARE (MANICURE AND PEDICURE) ON 13 TO 17 JULY 2020 AND BASIC HAIR-CUTTING IN 28 SEPTEMBER 2020 TO 02 OCTOBER 2020 IN DIFFERENT BARANGAYS OF THE CITY OF BAGUIO].	0.0306839943	FALSE	0.0303073823	FALSE	0.0147070885	FALSE	0.0614745915	FALSE	0.0371943712	FALSE	0.0051728487	FALSE	0.00527590513	FALSE	0.0705581605	FALSE	0.0317049325	FALSE	0.161040008	FALSE	0.191762656	FALSE	0.012178272	FALSE	0.0310190916	FALSE	0.00507342815	FALSE	0.0133482814	FALSE	0.369161576	FALSE	0.148329765	FALSE
2021	111-2021	AUTHORIZING A SUPPLEMENTAL BUDGET IN THE TOTAL AMOUNT OF TWO HUNDRED FOURTEEN MILLION SIX HUNDRED THOUSAND PESOS (₱214,600,000.00) FOR THE FUNDING OF VARIOUS PRIORITY PROJECTS IDENTIFIED IN THE APPROVED SUPPLEMENTAL INVESTMENT PLAN (AIP) OF THE CITY OF BAGUIO.	0.029943198	FALSE	0.00938046	FALSE	0.0178544521	FALSE	0.0145899951	FALSE	0.00920030475	FALSE	0.00546869636	FALSE	0.0114639401	FALSE	0.0425753	FALSE	0.174215019	FALSE	0.0520557463	FALSE	0.352025926	FALSE	0.0184034109	FALSE	0.0471071303	FALSE	0.00680655241	FALSE	0.0187912285	FALSE	0.0494572818	FALSE	0.340375125	FALSE
2021	112-2021	APPROVING THE REQUEST FOR AUTHORITY TO TRANSFER THE AMOUNT OF P105,815.32 AGAINST THE 2021 CURRENT APPROPRIATIONS OF THE CITY MAYORS OFFICE UNDER ACCOUNT CODE 5-01-01-010 (SALARIES AND WAGES-REGULAR) TO ACCOUNT CODE 5-01-04-030 (TERMINAL LEAVE BENEFITS) AND TO DISBURSE THE SAME AMOUNT FOR THE PAYMENT OF TERMINAL LEAVE BENEFITS OF MS. MARLENE DE CASTRO, FORMER EXECUTIVE ASSISTANT II (PRIMARILY CONFIDENTIAL STAFF) OF THE SAID OFFICE, WHO RESIGNED FROM GOVERNMENT SERVICE EFFECTIVE 04 OCTOBER 2021.	0.0265923142	FALSE	0.0103252232	FALSE	0.00536429882	FALSE	0.030575484	FALSE	0.067600131	FALSE	0.00350564718	FALSE	0.0103107393	FALSE	0.559674144	TRUE	0.0465928	FALSE	0.139473557	FALSE	0.0260350704	FALSE	0.0149458945	FALSE	0.0140473843	FALSE	0.00404906273	FALSE	0.00712794065	FALSE	0.145234525	FALSE	0.0826937556	FALSE
2021	113-2021	APPROVING THE REQUEST FOR AUTHORITY TO TRANSFER THE AMOUNT OF ₱105,815.32 AGAINST THE 2021 CURRENT APPROPRIATIONS OF THE CITY MAYOR'S OFFICE UNDER ACCOUNT CODE 5-01-01-010 (SALARIES AND WAGES-REGULAR) TO ACCOUNT CODE 5-01-04-030 (TERMINAL LEAVE BENEFITS) AND TO DISBURSE THE SAME AMOUNT FOR THE PAYMENT OF TERMINAL LEAVE BENEFITS OF MS. MARLENE DE CASTRO, FORMER EXECUTIVE ASSISTANT II (PRIMARILY CONFIDENTIAL STAFF) OF THE SAID OFFICE, WHO RESIGNED FROM GOVERNMENT SERVICE EFFECTIVE 04 OCTOBER 2021.	0.030136168	FALSE	0.0115073025	FALSE	0.00590679049	FALSE	0.0332001746	FALSE	0.0824123	FALSE	0.0034262836	FALSE	0.0109452605	FALSE	0.610258818	TRUE	0.0467869639	FALSE	0.117741525	FALSE	0.0196533799	FALSE	0.0163346827	FALSE	0.0146255493	FALSE	0.00420603156	FALSE	0.00719103217	FALSE	0.133556604	FALSE	0.0779196918	FALSE
2021	114-2021	AN ORDINANCE INSTITUTIONALIZING THE CITY EPIDEMIOLOGY AND SURVEILLANCE SYSTEM OF BAGUIO CITY ALIGNED WITH REPUBLIC ACT NO. 11223, OTHERWISE KNOWN AS THE UNIVERSAL HEALTH CARE ACT.	0.0826943815	FALSE	0.0180833042	FALSE	0.688185215	TRUE	0.0283533931	FALSE	0.0469857752	FALSE	0.00533950329	FALSE	0.00726988912	FALSE	0.0174242556	FALSE	0.0229137242	FALSE	0.0344575942	FALSE	0.0479684472	FALSE	0.00704109669	FALSE	0.00959682465	FALSE	0.00606438518	FALSE	0.00665310025	FALSE	0.0616448224	FALSE	0.139868975	FALSE
2021	115-2021	AN ORDINANCE INSTITUTIONALIZING UNIVERSAL HEALTH CARE IN THE CITY OF BAGUIO, PRESCRIBING REFORMS IN THE CITY-WIDE HEALTH CARE SYSTEM, AND APPROPRIATING FUNDS THEREOF.	0.144007951	FALSE	0.0189094543	FALSE	0.052022934	FALSE	0.0317698121	FALSE	0.0235565901	FALSE	0.00468185544	FALSE	0.00595098734	FALSE	0.0444360375	FALSE	0.0496355295	FALSE	0.108553886	FALSE	0.0892722607	FALSE	0.00811648369	FALSE	0.0239703059	FALSE	0.00315651298	FALSE	0.00883406401	FALSE	0.121099234	FALSE	0.346417785	FALSE
2021	116-2021	AUTHORIZING THE ANNUAL BUDGET OF THE CITY OF BAGUIO FOR FISCAL YEAR 2022 IN THE TOTAL AMOUNT OF TWO BILLION THREE HUNDRED NINE MILLION SIX HUNDRED FIFTY-FIVE THOUSAND SIX HUNDRED FIFTY-FOUR PESOS (P2,309,655,654.00) COVERING THE VARIOUS EXPENDITURES FOR THE OPERATION OF THE CITY GOVERNMENT OF BAGUIO AND APPROPRIATING THE NECESSARY FUNDS FOR THE PURPOSE.	0.0263196826	FALSE	0.0111133456	FALSE	0.0149175525	FALSE	0.0137769878	FALSE	0.0088198483	FALSE	0.0057630837	FALSE	0.0112120509	FALSE	0.0478905141	FALSE	0.0829144418	FALSE	0.0868083537	FALSE	0.469835967	FALSE	0.0139059722	FALSE	0.0313840508	FALSE	0.00640562177	FALSE	0.0158008337	FALSE	0.085803479	FALSE	0.218181282	FALSE
2021	117-2021	AMENDING SECTION NOS. 1 AND 2 OF ORDINANCE NUMBERED 18, SERIES OF 2008 [PROVIDING FOR THE PROPER IDENTIFICATION OF ALL GOVERNMENT SERVICE VEHICLES IN THE CITY OF BAGUIO].	0.027192682	FALSE	0.0135817528	FALSE	0.0108866692	FALSE	0.030549556	FALSE	0.0215069056	FALSE	0.0049521327	FALSE	0.00675186515	FALSE	0.0383871794	FALSE	0.0242423117	FALSE	0.170223296	FALSE	0.236351788	FALSE	0.00704443455	FALSE	0.0450554192	FALSE	0.00738456845	FALSE	0.010815531	FALSE	0.248860955	FALSE	0.0988612473	FALSE
2021	118-2021	CHANGING THE PROJECT TITLE EXTENSION OF DAYCARE CENTER FOR PLAY AREA OF CHILDREN AND INSTALLATION OF PLAYPEN (REHABILITATION OF DAYCARE CENTER FACILITIES) UNDER THE 2021 ANNUAL INVESTMENT PLAN AMOUNTING TO P300,000.00 TO IMPROVEMENT OF DAYCARE FACILITIES AT HONEYMOON-HOLYGHOST BARANGAY, BAGUIO CITY.	0.0657529533	FALSE	0.0423976779	FALSE	0.0268473029	FALSE	0.0261796415	FALSE	0.0368911326	FALSE	0.00950211287	FALSE	0.004627496	FALSE	0.18551293	FALSE	0.183435857	FALSE	0.018794924	FALSE	0.121909857	FALSE	0.055716902	FALSE	0.00513321161	FALSE	0.00301715732	FALSE	0.0293981135	FALSE	0.0179622471	FALSE	0.20996815	FALSE
2021	119-2021	GRANTING FINANCIAL ASSISTANCE IN THE AMOUNT OF P5,000,000.00 FROM THE CITY DISASTER RISK REDUCTION AND QUICK RESPONSE MANAGEMENT FUND OF THE 2021 ANNUAL BUDGET OF THE CITY GOVERNMENT OF BAGUIO FOR THE IDENTIFIED VARIOUS LOCAL GOVERNMENT UNITS THAT WERE SEVERELY HIT AND AFFECTED BY TYPHOON ODETTE.	0.0336121917	FALSE	0.0140707791	FALSE	0.0160577	FALSE	0.0158032179	FALSE	0.0122032166	FALSE	0.00878074765	FALSE	0.0130015612	FALSE	0.0168399215	FALSE	0.0243716836	FALSE	0.0320088863	FALSE	0.104722351	FALSE	0.0130147338	FALSE	0.838679552	TRUE	0.0155881941	FALSE	0.0186423957	FALSE	0.0298624337	FALSE	0.052793324	FALSE
2021	120-2021	GRANTING A 2021 PRODUCTIVITY INCENTIVE AMIDST PANDEMIC BONUS TO ALL OFFICIALS AND EMPLOYEES OF THE CITY GOVERNMENT OF BAGUIO.	0.106930047	FALSE	0.0778947771	FALSE	0.101671964	FALSE	0.0141459405	FALSE	0.127936929	FALSE	0.00419029593	FALSE	0.00739377737	FALSE	0.122521579	FALSE	0.0240022242	FALSE	0.0540744662	FALSE	0.0238670111	FALSE	0.00738984346	FALSE	0.0183127522	FALSE	0.00287902355	FALSE	0.00420677662	FALSE	0.0217733979	FALSE	0.0603061914	FALSE
2021	121-2021	GRANTING A ONE-TIME GRATUITY PAY TO JOB ORDER (JO) AND CONTRACT OF SERVICE (COS) WORKERS OF THE CITY GOVERNMENT OF BAGUIO WHOSE SERVICES WERE ENGAGED IN THE YEAR 2021.	0.0218537152	FALSE	0.0155953765	FALSE	0.00391662121	FALSE	0.0277863443	FALSE	0.0738328099	FALSE	0.00563257933	FALSE	0.0111875534	FALSE	0.673170388	TRUE	0.0611137748	FALSE	0.131362081	FALSE	0.0419734418	FALSE	0.0186924338	FALSE	0.0235458314	FALSE	0.00835230947	FALSE	0.0090945065	FALSE	0.0424729288	FALSE	0.0489991	FALSE
2022	001-2022	APPROVING THE REQUEST FOR AUTHORITY TO CHARGE THE AMOUNT OF P1,071,345.60 AGAINST THE 2021 CURRENT APPROPRIATIONS OF THE CITY ADMINISTRATOR’S OFFICE (CADMO) UNDER ACCOUNT CODE 439-021 (BAGUIO CONVENTION TRUST FUND) FOR THE PAYMENT OF SALARIES OF VARIOUS JOB ORDER PERSONNEL FOR THE PERIOD 01 JANUARY 2022 TO 30 JUNE 2022 IN PREPARATION FOR THE FULL OPERATION OF THE BAGUIO CONVENTION AND CULTURAL CENTER FOR MEETINGS, INCENTIVES, CONFERENCES AND EXHIBITIONS UNDER THE NEW NORMAL OPERATIONS FOR THE YEAR 2022.	0.0185544491	FALSE	0.00700235367	FALSE	0.00487691164	FALSE	0.032550782	FALSE	0.0296985507	FALSE	0.00405043364	FALSE	0.00540924072	FALSE	0.499383777	FALSE	0.0819643438	FALSE	0.128807992	FALSE	0.0631061196	FALSE	0.0177041888	FALSE	0.0153003037	FALSE	0.00659254193	FALSE	0.00965127349	FALSE	0.108522147	FALSE	0.127458066	FALSE
2022	002-2022	AN ORDINANCE INSTITUTIONALIZING THE SALENG (PINE TREE) FESTIVAL IN THE CITY OF BAGUIO.	0.0626716614	FALSE	0.0939239562	FALSE	0.00635466	FALSE	0.0313549936	FALSE	0.0745997131	FALSE	0.00745600462	FALSE	0.00751903653	FALSE	0.0928103924	FALSE	0.0229810178	FALSE	0.214778334	FALSE	0.310437143	FALSE	0.0169312358	FALSE	0.116142452	FALSE	0.010731101	FALSE	0.0379218757	FALSE	0.207742512	FALSE	0.0889368951	FALSE
2022	003-2022	AN ORDINANCE EXTENDING FOR A PERIOD OF SIX (6) MONTHS THE APPLICATION OF ORDINANCE NUMBERED 54, SERIES OF 2021 [AN ORDINANCE PROVIDING RELIEF IN THE ISSUANCE OF CERTIFICATE OF FINAL ELECTRICAL INSPECTION (CFEI) OR CERTIFICATE OF ELECTRICAL INSPECTION (CEI) FOR ELECTRICAL SERVICE CONNECTION FOR A PERIOD OF SIX (6) MONTHS IN THE CITY OF BAGUIO].	0.0270971358	FALSE	0.0174398422	FALSE	0.0153327882	FALSE	0.0461442769	FALSE	0.0204434395	FALSE	0.00529375672	FALSE	0.00903478265	FALSE	0.0628406703	FALSE	0.0808285475	FALSE	0.136105984	FALSE	0.201503187	FALSE	0.0137709379	FALSE	0.0589345098	FALSE	0.00674837828	FALSE	0.0130189359	FALSE	0.210260063	FALSE	0.318519384	FALSE
2022	004-2022	AN ORDINANCE SETTING THE GUIDELINES FOR THE ENACTMENT OF PARKING ORDINANCE IN THE BARANGAYS OF THE CITY OF BAGUIO.[1]	0.0346651673	FALSE	0.0132839382	FALSE	0.0124095976	FALSE	0.0410669744	FALSE	0.0283989012	FALSE	0.00565797091	FALSE	0.00634169579	FALSE	0.0282124877	FALSE	0.0182429254	FALSE	0.145226419	FALSE	0.485842347	FALSE	0.00598070025	FALSE	0.0556724966	FALSE	0.0125689805	FALSE	0.0150339305	FALSE	0.139291704	FALSE	0.0551676452	FALSE
2022	005-2022	AMENDING ORDINANCE NUMBERED 66, SERIES OF 2008 [INSTITUTIONALIZING THE OPERATIONS AND ACTIVITIES OF THE CITY GOVERNMENT CULTURAL TROUPE (DANCE AND CHOIR) FOR PURPOSES OF PROMOTING TOURISM AND HOSTING ACTIVITIES AND PROVIDING FUNDS THEREFOR (AMENDING ORDINANCE NUMBERED 15, SERIES OF 1999)].	0.0227232873	FALSE	0.0372424126	FALSE	0.00480413437	FALSE	0.0232386589	FALSE	0.0412923098	FALSE	0.00822064281	FALSE	0.00920164585	FALSE	0.718743563	TRUE	0.0943163931	FALSE	0.160351157	FALSE	0.10212788	FALSE	0.080376476	FALSE	0.0291136205	FALSE	0.0163324177	FALSE	0.0251911581	FALSE	0.117097199	FALSE	0.130388945	FALSE
2022	006-2022	AN ORDINANCE CREATING THE BAGUIO CITY HISTORICAL RESEARCH COUNCIL, DEFINING ITS FUNCTIONS, AND APPROPRIATING FUNDS THEREOF.	0.03859061	FALSE	0.0221829414	FALSE	0.00905662775	FALSE	0.0351255238	FALSE	0.0244845152	FALSE	0.00577932596	FALSE	0.00626271963	FALSE	0.046913892	FALSE	0.0440466404	FALSE	0.180982053	FALSE	0.380963296	FALSE	0.0093203783	FALSE	0.074418664	FALSE	0.00705778599	FALSE	0.0131842494	FALSE	0.107427657	FALSE	0.143658519	FALSE
2022	007-2022	AN ORDINANCE INSTITUTIONALIZING THE GAWAD LINGAP PROGRAM (GLP) IN THE CITY OF BAGUIO FOR PUBLIC ELEMENTARY AND SECONDARY STUDENTS, AND PROVIDING FUNDS HEREOF.	0.0394958854	FALSE	0.0260964632	FALSE	0.0106184185	FALSE	0.105869412	FALSE	0.0300253034	FALSE	0.00495934486	FALSE	0.00570231676	FALSE	0.0349742174	FALSE	0.0385229886	FALSE	0.110854387	FALSE	0.102803707	FALSE	0.00617879629	FALSE	0.0490183532	FALSE	0.00392174721	FALSE	0.00636184216	FALSE	0.126855105	FALSE	0.137392104	FALSE
2022	008-2022	AMENDING ORDINANCE NUMBERED 31, SERIES OF 2009 [ESTABLISHING AN INCENTIVES AND AWARDS PROGRAM FOR THE BEST BARANGAY SENIOR CITIZENS UNIT].	0.0451438427	FALSE	0.0295130908	FALSE	0.00730782747	FALSE	0.0257384479	FALSE	0.0531302392	FALSE	0.00355145335	FALSE	0.00528514385	FALSE	0.0788306	FALSE	0.0281624794	FALSE	0.241070211	FALSE	0.0211870074	FALSE	0.010345459	FALSE	0.0611482561	FALSE	0.00458481908	FALSE	0.00865748525	FALSE	0.186202794	FALSE	0.162217289	FALSE
2022	009-2022	APPROVING THE REQUEST OF THE CITY SOCIAL WELFARE AND DEVELOPMENT OFFICE (CSWDO) FOR REIMBURSEMENT OF THE AMOUNT OF P300.00 MONTHLY TO EACH SOCIAL WORKER AND SOCIAL DEVELOPMENT WORKER ON FIELD CHARGEABLE AGAINST ITS 2022 CURRENT APPROPRIATIONS UNDER ACCOUNT CODE 5-02-05-020 (TELEPHONE EXPENSES) TO SUSTAIN THEIR MONTHLY LOAD REQUIREMENT IN REACHING OUT THEIR CLIENTS WITH THE CONTINUOUS EXISTENCE OF CORONAVIRUS DISEASE 2019 (COVID-19) CASES IN THE CITY OF BAGUIO.	0.111617893	FALSE	0.0160266757	FALSE	0.0162697732	FALSE	0.0143716335	FALSE	0.0234368443	FALSE	0.00502812862	FALSE	0.00486207	FALSE	0.0921273828	FALSE	0.0234381557	FALSE	0.518446147	TRUE	0.195325255	FALSE	0.00936800241	FALSE	0.0159079731	FALSE	0.00585272908	FALSE	0.0173647702	FALSE	0.0328172743	FALSE	0.0807041526	FALSE
2022	010-2022	AMENDING CERTAIN PROVISIONS OF ORDINANCE NUMBERED 84, SERIES OF 2019 [THE NONAGENARIAN AND CENTENARIAN AWARDS ORDINANCE OF THE CITY OF BAGUIO].	0.0369829535	FALSE	0.0274594128	FALSE	0.0123919845	FALSE	0.0350235403	FALSE	0.0408337712	FALSE	0.00523149967	FALSE	0.00810703635	FALSE	0.0404467881	FALSE	0.0258615017	FALSE	0.23453185	FALSE	0.223933607	FALSE	0.00777390599	FALSE	0.0804096758	FALSE	0.0072490871	FALSE	0.012344867	FALSE	0.192969888	FALSE	0.105502844	FALSE
2022	011-2022	AN ORDINANCE INSTITUTIONALIZING THE BAGUIO CITY COOPERATIVE DEVELOPMENT COUNCIL (BCCDC), DEFINING ITS COMPOSITION, FUNCTIONS AND RESPONSIBILITIES, AND APPROPRIATING THE NECESSARY FUNDS THEREOF.	0.0532279611	FALSE	0.0277970731	FALSE	0.0177973807	FALSE	0.018225491	FALSE	0.0152696073	FALSE	0.00752407312	FALSE	0.00837367773	FALSE	0.0410128534	FALSE	0.083945781	FALSE	0.120550811	FALSE	0.353954375	FALSE	0.0153163671	FALSE	0.0674886107	FALSE	0.00567796826	FALSE	0.0189516246	FALSE	0.0813566446	FALSE	0.323812544	FALSE
2022	012-2022	AN ORDINANCE INSTITUTIONALIZING A COMMUNITY-BASED PEER TEACHING AND TUTORIAL PROGRAM FOR YOUTH AND STUDENTS IN THE CITY OF BAGUIO, PROVIDING FOR MECHANISMS FOR ITS IMPLEMENTATION, AND PROVIDING FUNDS THEREOF.	0.0258819759	FALSE	0.0147701502	FALSE	0.0159522295	FALSE	0.140617102	FALSE	0.0318157375	FALSE	0.00325554609	FALSE	0.00440397859	FALSE	0.0267165	FALSE	0.0363872349	FALSE	0.135085464	FALSE	0.0275025964	FALSE	0.00620210171	FALSE	0.0382637978	FALSE	0.0037227273	FALSE	0.00642964244	FALSE	0.132182211	FALSE	0.213839	FALSE
2022	013-2022	AN ORDINANCE INSTITUTIONALIZING THE SCHOOL OF LIVING TRADITION (SLT) AS PART OF THE REVITALIZATION OF INDIGENOUS CULTURAL HERITAGE BY STUDENTS IN THE DIFFERENT SCHOOLS IN THE CITY OF BAGUIO.	0.0589026511	FALSE	0.0195089579	FALSE	0.0104111731	FALSE	0.0462113619	FALSE	0.0302323401	FALSE	0.00571647286	FALSE	0.00605687499	FALSE	0.0552800596	FALSE	0.0296887755	FALSE	0.148775727	FALSE	0.722080529	TRUE	0.0104376972	FALSE	0.0747220516	FALSE	0.0107139945	FALSE	0.0264575481	FALSE	0.0461583436	FALSE	0.0542533398	FALSE
2022	014-2022	AN ORDINANCE MANDATING PERSONS DEPRIVED OF LIBERTY (PDL) TO UNDERGO CORONAVIRUS DISEASE 2019 (COVID-19) SWAB TESTING BEFORE COMMITMENT OR RELEASE FROM THE BAGUIO CITY JAIL - MALE AND FEMALE DORMS.	0.0405131	FALSE	0.0196377039	FALSE	0.0222506225	FALSE	0.0230724812	FALSE	0.779885232	TRUE	0.00847697258	FALSE	0.00523090363	FALSE	0.0790869	FALSE	0.00808993	FALSE	0.0817579627	FALSE	0.0117739737	FALSE	0.00559690595	FALSE	0.00926560163	FALSE	0.00889506936	FALSE	0.00778761506	FALSE	0.147916466	FALSE	0.0109780431	FALSE
2022	015-2022	FURTHER AMENDING ORDINANCE NUMBERED 49, SERIES OF 2021 ON THE USE OF FACE SHIELD IN THE CITY OF BAGUIO PURSUANT TO INTER-AGENCY TASK FORCE FOR THE MANAGEMENT OF EMERGING INFECTIOUS DISEASES (IATF-EID) RESOLUTION NO. 148-D, SERIES OF 2021.	0.0494187474	FALSE	0.0189568698	FALSE	0.0883019865	FALSE	0.0299099088	FALSE	0.0248211026	FALSE	0.00627759099	FALSE	0.00790679455	FALSE	0.0249125361	FALSE	0.0499448776	FALSE	0.121562988	FALSE	0.236405045	FALSE	0.00885146856	FALSE	0.0398507714	FALSE	0.00655540824	FALSE	0.0131623447	FALSE	0.159723312	FALSE	0.322688758	FALSE
2022	016-2022	AN ORDINANCE EXPANDING THE SEXUALLY TRANSMITTED INFECTION (STI) AND HUMAN IMMUNODEFICIENCY SYNDROME/ACQUIRED IMMUNE DEFICIENCY SYNDROME (HIV/AIDS) PROGRAMS OF THE CITY OF BAGUIO, PROVIDING FOR POLICIES AND MEASURES FOR THE CONTROL AND PREVENTION OF STI AND HIV/AIDS, INSTITUTIONALIZING A LOCAL HIV/AIDS COORDINATING COUNCIL, AND PROVIDING FUNDS THEREOF.	0.0288815796	FALSE	0.0135053992	FALSE	0.843965769	TRUE	0.01549685	FALSE	0.0504895151	FALSE	0.00636735559	FALSE	0.0112750828	FALSE	0.0119982064	FALSE	0.0153044164	FALSE	0.0244801641	FALSE	0.0195515752	FALSE	0.00926315784	FALSE	0.00651833415	FALSE	0.0094397068	FALSE	0.0071387887	FALSE	0.0351957083	FALSE	0.0589300692	FALSE
2022	017-2022	APPROVING THE REQUEST OF THE CITY DISASTER RISK REDUCTION AND MANAGEMENT OFFICE (CDRRMO) TO CHARGE THE TOTAL AMOUNT OF P28,016.37 AGAINST ITS 2022 CURRENT APPROPRIATIONS UNDER ACCOUNT CODE 5-02-03-090 (FUEL, OIL AND LUBRICANTS EXPENSES) FOR THE PAYMENT OF ACCUMULATED FUEL CONSUMPTION FOR THE MONTHS OF NOVEMBER AND DECEMBER 2021 OF THEIR OFFICE VEHICLES.	0.0185792148	FALSE	0.0132361948	FALSE	0.0104974806	FALSE	0.00872838497	FALSE	0.00953328609	FALSE	0.0121308267	FALSE	0.0264086723	FALSE	0.013507396	FALSE	0.0247709155	FALSE	0.01312837	FALSE	0.0768836141	FALSE	0.0216285884	FALSE	0.859684527	TRUE	0.0209086239	FALSE	0.0209874511	FALSE	0.0192222297	FALSE	0.0291089416	FALSE
2022	018-2022	AN ORDINANCE AUTHORIZING THE HONORABLE CITY MAYOR BENJAMIN B. MAGALONG REPRESENTING THE CITY GOVERNMENT OF BAGUIO TO EXERCISE THE POWER OF EMINENT DOMAIN OR PURSUE EXPROPRIATION PROCEEDINGS OVER AN EXISTING DIRT ROAD WITH AN AFFECTED AREA OF 241 SQUARE METERS OWNED BY MS. PATRICIA VAN DER HORST, MS. ROSITA ANTON AND MS. SOFIA A. BAGUISTA LOCATED AT INTERIOR LOWER KITMA, BAKAKENG CENTRAL BARANGAY, BAGUIO CITY FOR PUBLIC USE AND PURPOSE, SUBJECT TO ALL LEGAL RULES AND REGULATIONS.	0.0433399975	FALSE	0.0086517334	FALSE	0.0216349661	FALSE	0.0189661682	FALSE	0.0185911357	FALSE	0.010638833	FALSE	0.0081821084	FALSE	0.0220752358	FALSE	0.0161507428	FALSE	0.0640274	FALSE	0.686049461	TRUE	0.00849622488	FALSE	0.0227178335	FALSE	0.011990428	FALSE	0.0274751186	FALSE	0.198811412	FALSE	0.0537908375	FALSE
2022	019-2022	APPROVING THE TEMPORARY CLOSURE AND USE OF VARIOUS ROADS IN THE CITY OF BAGUIO AS VENUES FOR THE PROGRAMS AND ACTIVITIES OF THE 2022 PANAGBENGA OR THE BAGUIO FLOWER FESTIVAL, SUBJECT TO CLARIFICATION AND AMENDMENT.	0.0212789774	FALSE	0.0163724124	FALSE	0.0242993534	FALSE	0.0186181366	FALSE	0.0279332399	FALSE	0.0107667148	FALSE	0.0109458566	FALSE	0.0266339183	FALSE	0.0402901173	FALSE	0.0426214933	FALSE	0.850498915	TRUE	0.0157119632	FALSE	0.0726813078	FALSE	0.0185288787	FALSE	0.0406927764	FALSE	0.0837626457	FALSE	0.0670357645	FALSE
2022	020-2022	APPROVING THE REQUEST OF THE CITY ADMINISTRATOR'S OFFICE TO CHARGE THE AMOUNT OF P600.00 AGAINST ITS 2022 CURRENT APPROPRIATIONS UNDER ACCOUNT CODE 5-02-13-060 (REPAIRS AND MAINTENANCE - TRANSPORTATION EQUIPMENT) FOR THE PAYMENT OF SMOKE TESTING PROCEDURE OF OFFICE VEHICLE (BUS) WITH PLATE NUMBER NAO 4412.	0.0196464658	FALSE	0.0086619556	FALSE	0.187806517	FALSE	0.057775408	FALSE	0.0185714662	FALSE	0.0166214406	FALSE	0.0195356905	FALSE	0.0143584013	FALSE	0.0348367393	FALSE	0.0668916106	FALSE	0.614739895	TRUE	0.0103676915	FALSE	0.027074784	FALSE	0.0165980458	FALSE	0.0177194476	FALSE	0.0927239656	FALSE	0.0948370695	FALSE
2022	021-2022	APPROVING THE REQUEST FOR AUTHORITY TO CHARGE THE TOTAL AMOUNT OF P4,296.68 AGAINST THE 2022 CURRENT APPROPRIATIONS OF THE CITY HEALTH SERVICES OFFICE UNDER ACCOUNT CODE 5-01-02-110 (HAZARD PAY) - P3,828.50; ACCOUNT CODE 5-01-02-050 (SUBSISTENCE ALLOWANCE) - P400.00; AND ACCOUNT CODE 5-01-02-060 (LAUNDRY ALLOWANCE)--P68.18, FOR THE PAYMENT OF UNPAID CLAIMS OF DR. JANET EVANGELINE T. CANTILLAS, FORMER MEDICAL OFFICER IV OF THE SAID OFFICE, WHO RETIRED FROM GOVERNMENT SERVICE EFFECTIVE 20 JANUARY 2021.	0.0337795019	FALSE	0.00640398264	FALSE	0.0574415326	FALSE	0.0442449152	FALSE	0.0323305428	FALSE	0.00465130806	FALSE	0.00572347641	FALSE	0.0357007682	FALSE	0.0277888477	FALSE	0.053522557	FALSE	0.397580385	FALSE	0.00725632906	FALSE	0.00984790921	FALSE	0.00572130084	FALSE	0.0130005777	FALSE	0.163770884	FALSE	0.099448055	FALSE
2022	022-2022	APPROVING THE REQUEST FOR AUTHORITY TO CHARGE THE TOTAL AMOUNT OF P12,795.00 AGAINST THE 2022 CURRENT APPROPRIATIONS OF THE CITY HEALTH SERVICES OFFICE UNDER ACCOUNT CODE 5-01-02-140 (YEAR-END BONUS) P9,795.00; AND ACCOUNT CODE 5-01-02-150 (CASH GIFT) - P3,000.00, FOR THE PAYMENT OF UNPAID CLAIMS OF MR. MICHAEL O. MANG-USAN, FORMER SANITATION INSPECTOR I OF THE SAID OFFICE, WHO RESIGNED FROM GOVERNMENT SERVICE EFFECTIVE 01 JUNE 2021.	0.0567415059	FALSE	0.013273865	FALSE	0.162969351	FALSE	0.0303892493	FALSE	0.0122226775	FALSE	0.0388492942	FALSE	0.0117719471	FALSE	0.0304911733	FALSE	0.0404005647	FALSE	0.0539038479	FALSE	0.292992771	FALSE	0.0314684212	FALSE	0.00988486409	FALSE	0.0152044892	FALSE	0.0492694974	FALSE	0.172391683	FALSE	0.223308235	FALSE
2022	023-2022	APPROVING THE REQUEST FOR AUTHORITY TO CHARGE THE TOTAL AMOUNT OF P13,386.60 AGAINST THE 2022 CURRENT APPROPRIATIONS OF THE CITY HEALTH SERVICES OFFICE UNDER ACCOUNT CODE 5-01-02-140 (YEAR END BONUS) P10,386.60; AND ACCOUNT CODE 5-01-02-150 (CASH GIFT) - P3,000.00, FOR THE PAYMENT OF UNPAID CLAIMS OF MS. MELODY D. BAUTISTA, FORMER POPULATION PROGRAM WORKER II OF THE SAID OFFICE, WHO RESIGNED FROM GOVERNMENT SERVICE EFFECTIVE 01 JUNE 2021.	0.0361123383	FALSE	0.00542116165	FALSE	0.0356162488	FALSE	0.0387794077	FALSE	0.0451211929	FALSE	0.00384134054	FALSE	0.00506946445	FALSE	0.0426136851	FALSE	0.0270187855	FALSE	0.093395263	FALSE	0.283708453	FALSE	0.00485065579	FALSE	0.0142406821	FALSE	0.00459209085	FALSE	0.00789636374	FALSE	0.114925057	FALSE	0.0911422372	FALSE
2022	024-2022	APPROVING THE REQUEST FOR AUTHORITY TO CHARGE THE AMOUNT OF P2,470.00 AGAINST THE 2022 CURRENT APPROPRIATIONS OF THE CITY HEALTH SERVICES OFFICE UNDER ACCOUNT CODE 5-02-13-060 (REPAIRS AND MAINTENANCE-TRANSPORTATION EQUIPMENT) FOR THE PAYMENT OF REPAIR AND MAINTENANCE OF THE BAGUIO CITY EMERGENCY MEDICAL SERVICE VEHICLES WITH PLATE NUMBERS SKD 854 AND NAZ 4392.	0.028667897	FALSE	0.00622653961	FALSE	0.10892871	FALSE	0.0526751	FALSE	0.0132099092	FALSE	0.012547195	FALSE	0.0128320456	FALSE	0.0230430663	FALSE	0.0666906834	FALSE	0.0499657691	FALSE	0.648141	TRUE	0.0114669502	FALSE	0.0190897584	FALSE	0.0128373206	FALSE	0.0190282762	FALSE	0.0488805175	FALSE	0.145448536	FALSE
2022	025-2022	AMENDING SECTION 69 (C) OF ORDINANCE NUMBERED 47, SERIES OF 2021 [AN ORDINANCE ADOPTING A COMPREHENSIVE SPORTS DEVELOPMENT CODE OF THE CITY OF BAGUIO].	0.0203556716	FALSE	0.0161623061	FALSE	0.0195002854	FALSE	0.0380349159	FALSE	0.0243034959	FALSE	0.00685164332	FALSE	0.0100085735	FALSE	0.0515883565	FALSE	0.0623371	FALSE	0.0787053704	FALSE	0.661047399	TRUE	0.0140407979	FALSE	0.0717638135	FALSE	0.0132149458	FALSE	0.0192034245	FALSE	0.104105651	FALSE	0.143525422	FALSE
2022	026-2022	APPROVING THE REQUEST FOR AUTHORITY TO CHARGE THE AMOUNT OF P240,000.00 AGAINST THE 2022 CURRENT APPROPRIATIONS OF THE CITY ADMINISTRATOR'S OFFICE UNDER ACCOUNT CODE 5-02-99-990 (OTHER MAINTENANCE AND OPERATING EXPENSES) FOR THE PAYMENT OF EXPENDITURES REPRESENTING THE PARTICIPATION OF LOCAL GOLF PLAYERS WHO REPRESENTED THE CITY OF BAGUIO DURING THE 71ST FIL-AM GOLF TOURNAMENT HELD ON 14 TO 17 DECEMBER 2021 AT THE BAGUIO COUNTRY CLUB GOLF COURSE.	0.0235260725	FALSE	0.00859096646	FALSE	0.0137934387	FALSE	0.0276561677	FALSE	0.0175559819	FALSE	0.00344493985	FALSE	0.00471609831	FALSE	0.0474227369	FALSE	0.0314007401	FALSE	0.147860199	FALSE	0.204503268	FALSE	0.0116761029	FALSE	0.0234349072	FALSE	0.00646007061	FALSE	0.0162633061	FALSE	0.224566251	FALSE	0.147081941	FALSE
2022	027-2022	APPROVING THE REQUEST FOR AUTHORITY TO CHARGE THE AMOUNT OF P8,031.00 AGAINST THE 2022 CURRENT APPROPRIATIONS OF THE CITY SOCIAL WELFARE AND DEVELOPMENT OFFICE UNDER ACCOUNT CODE 5-02-03-050 (FOOD SUPPLIES EXPENSES) FOR THE PAYMENT OF THE REIMBURSEMENT FOR THE OPERATION OF THE SILUNGAN CENTER.	0.0570105612	FALSE	0.383926779	FALSE	0.00485557318	FALSE	0.0133897662	FALSE	0.023686409	FALSE	0.00837957859	FALSE	0.0114620924	FALSE	0.108644366	FALSE	0.0276870728	FALSE	0.188796431	FALSE	0.0631273389	FALSE	0.0382775366	FALSE	0.0310420692	FALSE	0.00535300374	FALSE	0.0282065868	FALSE	0.0217766762	FALSE	0.0445277691	FALSE
2022	028-2022	APPROVING THE REQUEST FOR AUTHORITY TO TRANSFER THE AMOUNT OF P500,000.00 AGAINST THE 2021 APPROPRIATIONS OF THE CITY BUILDINGS AND ARCHITECTURE OFFICE UNDER ACCOUNT CODE 1-07-05-020 (OFFICE EQUIPMENT) TO ACCOUNT CODE 1-07-06-010 (MOTOR VEHICLES) AND TO DISBURSE THE SAME AMOUNT FOR THE ADDITIONAL FUNDING IN THE PURCHASE OF TWO (2) OFFICE MOTOR VEHICLES AMOUNTING TO P2,641,620.00.	0.0178168714	FALSE	0.0084130168	FALSE	0.0151242316	FALSE	0.0197660327	FALSE	0.00923490524	FALSE	0.00930377841	FALSE	0.0146754682	FALSE	0.0346455276	FALSE	0.0740056038	FALSE	0.0401780605	FALSE	0.846147537	TRUE	0.0166572332	FALSE	0.0359384418	FALSE	0.0170314312	FALSE	0.0298708379	FALSE	0.0386762917	FALSE	0.0761005	FALSE
2022	029-2022	APPROVING THE REQUEST FOR AUTHORITY TO CHARGE THE AMOUNT OF P376.73 AGAINST THE 2022 CURRENT APPROPRIATIONS OF THE CITY BUILDINGS AND ARCHITECTURE OFFICE UNDER ACCOUNT CODE 5-02-04-010 (WATER EXPENSES) FOR THE PAYMENT OF WATER BILL ARREARS ACCUMULATED IN THE YEARS 2018 AND 2020.	0.0186678767	FALSE	0.0158665478	FALSE	0.0095808506	FALSE	0.023121506	FALSE	0.0175089836	FALSE	0.0725909472	FALSE	0.016086787	FALSE	0.033321321	FALSE	0.0497992337	FALSE	0.0508313477	FALSE	0.821173191	TRUE	0.0213907957	FALSE	0.0374008119	FALSE	0.0214664638	FALSE	0.0324984491	FALSE	0.0476970673	FALSE	0.042032212	FALSE
2022	030-2022	APPROVING THE REQUEST FOR AUTHORITY TO CHARGE THE AMOUNT OF P1,294.00 AGAINST THE 2022 CURRENT APPROPRIATIONS OF THE CITY ENVIRONMENT AND PARKS MANAGEMENT OFFICE UNDER ACCOUNT CODE 5-02-03-090 (FUEL, OIL AND LUBRICANTS EXPENSES) FOR THE PAYMENT OF UNPAID GASOLINE CONSUMPTION OF CHAINSAW ON 20 DECEMBER 2021.	0.0111640692	FALSE	0.0152711868	FALSE	0.0101803839	FALSE	0.00770029426	FALSE	0.00661236048	FALSE	0.0171585977	FALSE	0.0420973897	FALSE	0.035277456	FALSE	0.0495867133	FALSE	0.0242902637	FALSE	0.824328065	TRUE	0.0625302196	FALSE	0.0500878692	FALSE	0.0213912725	FALSE	0.110694587	FALSE	0.061344713	FALSE	0.0409814417	FALSE
2022	031-2022	APPROVING THE REQUEST FOR AUTHORITY TO CHARGE THE TOTAL AMOUNT OF P9,350.00 AGAINST THE 2022 CURRENT APPROPRIATIONS OF THE CITY HEALTH SERVICES OFFICE (CHSO) UNDER ACCOUNT CODE 5-02-04-010 (WATER EXPENSES) FOR THE PAYMENT OF WATER EXPENSES AT THE IRISAN HEALTH CENTER FOR THE PERIOD 08 MAY 2020 TO 08 JUNE 2020 IN THE AMOUNT OF P370.00, AND AT THE CHSO ANNEX BUILDING FOR THE PERIOD 04 APRIL 2020 TO 04 DECEMBER 2020 IN THE AMOUNT OF P8,980.00.	0.0217761695	FALSE	0.00964379311	FALSE	0.0397321	FALSE	0.045483619	FALSE	0.0141564906	FALSE	0.082498908	FALSE	0.00920978189	FALSE	0.0211071968	FALSE	0.0536804497	FALSE	0.0613380671	FALSE	0.442449242	FALSE	0.0129632652	FALSE	0.0102309883	FALSE	0.00997874141	FALSE	0.015516758	FALSE	0.0454419851	FALSE	0.121688485	FALSE
2022	032-2022	CHANGING THE LOCATION OF THE PROJECT TITLE "SATELLITE MARKET," UNDER SECTION I (ITEM 4) OF ORDINANCE NUMBERED 42, SERIES OF 2020 FROM CAMP 7 BARANGAY TO CAMP 8 BARANGAY, BAGUIO CITY.	0.0513741076	FALSE	0.0414904952	FALSE	0.013843447	FALSE	0.0304114521	FALSE	0.0466211736	FALSE	0.00634765625	FALSE	0.00969669223	FALSE	0.0821095705	FALSE	0.0628196597	FALSE	0.249168605	FALSE	0.26998961	FALSE	0.0150345862	FALSE	0.115998238	FALSE	0.00738495588	FALSE	0.0207102895	FALSE	0.195802659	FALSE	0.240800798	FALSE
2022	033-2022	REALIGNING THE TOTAL AMOUNT OF P850,000.00 FROM THE PROJECTS: (A) "CANAL FROM DELA ROSA TO DERAY AT PUROK 3" AMOUNTING TO P300,000.00; (B) "CONSTRUCTION OF NEW DRAINAGE CANAL FROM PASSI RESIDENCE TO LANGIT RESIDENCE AT PUROK 1" AMOUNTING TO P100,000.00; (C) "CONSTRUCTION OF PATHWAY FROM ARONCHAY'S RESIDENCE UP TO OREDINA'S RESIDENCE AT PUROK 5" AMOUNTING TO P100,000.00; (D) "COVER OF EXISTING CANAL AT MRS. VERENA'S RESIDENCE AT PUROK 2" AMOUNTING TO P100,000.00; (E) "REPAIR OF PATHWAY FROM MANANSALA RESIDENCE TO ABAYA RESIDENCE" AMOUNTING TO P150,000.00; AND (F) "DRAINAGE NEAR SCHOOL" AMOUNTING TO P100,000.00, ALL FUNDED UNDER THE 2020 ANNUAL INVESTMENT PLAN TO "CONSTRUCTION OF BARANGAY ROAD FROM IGLESIA NI CRISTO CHURCH DOWN TO NABULAY'S RESIDENCE AT PUROK 2" AT CAMP 8 BARANGAY, BAGUIO CITY.	0.0299855173	FALSE	0.00868648291	FALSE	0.00814077258	FALSE	0.0329422057	FALSE	0.0127699375	FALSE	0.0100592673	FALSE	0.00527799129	FALSE	0.0422653556	FALSE	0.0623767376	FALSE	0.0210118294	FALSE	0.683150172	TRUE	0.0136104822	FALSE	0.00983557105	FALSE	0.0125055015	FALSE	0.0268531144	FALSE	0.0167964399	FALSE	0.0474277139	FALSE
2022	034-2022	APPROVING THE REQUEST FOR AUTHORITY TO CHARGE THE AMOUNT OF P1,800,000.00 UNDER ACCOUNT CODE 1-07-06-010 (MOTOR VEHICLES) ON THE CONTINUING APPROPRIATIONS FOR CORONAVIRUS DISEASE 2019 (COVID-19) OPERATIONS OF THE CITY OF BAGUIO AS PROVIDED FOR UNDER ORDINANCE NUMBERED 92, SERIES OF 2021 [AUTHORIZING A SUPPLEMENTAL BUDGET IN THE TOTAL AMOUNT OF NINETY-FOUR MILLION TWO HUNDRED NINETY-NINE THOUSAND THREE HUNDRED EIGHTY-NINE PESOS (P94,299,389.00) TO AUGMENT THE DWINDLING FUNDS FOR THE CORONAVIRUS DISEASE 2019 (COVID-19) OPERATIONS IN THE CITY OF BAGUIO] TO PROCURE ONE (1) UNIT ALL PURPOSE OFFICE MOTOR VEHICLE FOR OFFICIAL USE OF THE EMERGENCY MEDICAL SERVICES (EMS) UNDER THE CITY HEALTH SERVICES OFFICE.	0.0604769289	FALSE	0.00882324576	FALSE	0.278199762	FALSE	0.0379773974	FALSE	0.0117391646	FALSE	0.0106965899	FALSE	0.00876894593	FALSE	0.0169258416	FALSE	0.0658796728	FALSE	0.0553977489	FALSE	0.221728563	FALSE	0.012627393	FALSE	0.00953072309	FALSE	0.00920385122	FALSE	0.0165541172	FALSE	0.0849469	FALSE	0.339868784	FALSE
2022	035-2022	REALIGNING THE AMOUNT OF P10,000,000.00 FROM THE P20,000,000.00 FUND UNDER ITEM 6 OF ORDINANCE NUMBERED 67, SERIES OF 2021, ALLOTTED FOR THE PROJECT "AURORA HILL HEALTH CENTER AND DAY CARE CENTER" TO THE PROJECT "PROPOSED REHABILITATION OF THE MULTI-PURPOSE BUILDING TO INCLUDE DAY CARE CENTER" LOCATED AT AURORA HILL PROPER BARANGAY, BAGUIO CITY.	0.0656521618	FALSE	0.0133976936	FALSE	0.186331242	FALSE	0.0626828372	FALSE	0.0225109756	FALSE	0.0106862783	FALSE	0.00673809648	FALSE	0.0234928727	FALSE	0.0639830828	FALSE	0.0577479601	FALSE	0.187586129	FALSE	0.0126208067	FALSE	0.00894057751	FALSE	0.00553038716	FALSE	0.015411526	FALSE	0.107311517	FALSE	0.362463832	FALSE
2022	036-2022	APPROVING THE REQUEST FOR AUTHORITY TO CHARGE THE AMOUNT OF P22,164.49 AGAINST THE 2022 CURRENT APPROPRIATIONS OF THE CITY ENVIRONMENT AND PARKS MANAGEMENT OFFICE UNDER ACCOUNT CODE 5-02-16-010 (TAXES, DUTIES AND LICENSES) FOR THE PAYMENT OF WASTEWATER DISCHARGE FEES (WDF) OF THE BAGUIO SEWAGE TREATMENT PLANT (BSTP) COVERING THE DISCHARGE PERIOD FOR CALENDAR YEAR 2021.	0.0201300681	FALSE	0.0366307795	FALSE	0.00918877125	FALSE	0.0150931478	FALSE	0.0124628544	FALSE	0.764260113	TRUE	0.00922930241	FALSE	0.0114997625	FALSE	0.0259927809	FALSE	0.0230734944	FALSE	0.171152294	FALSE	0.0379296839	FALSE	0.0199967623	FALSE	0.0198582113	FALSE	0.0730927587	FALSE	0.0181180835	FALSE	0.0266264975	FALSE
2022	037-2022	APPROVING THE REQUEST FOR AUTHORITY TO TRANSFER THE AMOUNT OF P165,000.00 AGAINST THE 2022 CURRENT APPROPRIATIONS OF THE CITY BUILDINGS AND ARCHITECTURE OFFICE UNDER ACCOUNT CODE 5-02-12-990 (OTHER GENERAL SERVICES) TO ACCOUNT CODE 5-02-12-020 (JANITORIAL SERVICES) FOR THE FUNDING OF SALARIES AND WAGES OF ONE (1) LABORER ASSIGNED IN THE MAINTENANCE OF CLEANLINESS UNDER THE DEMOLITION DIVISION OF THE SAID OFFICE.	0.0201540887	FALSE	0.00750556588	FALSE	0.00484079123	FALSE	0.0172891617	FALSE	0.0138732493	FALSE	0.00527653098	FALSE	0.0165959597	FALSE	0.42064774	FALSE	0.198712558	FALSE	0.0244013369	FALSE	0.400364935	FALSE	0.0453276336	FALSE	0.0187487	FALSE	0.010532409	FALSE	0.0233489871	FALSE	0.0335450768	FALSE	0.0650339127	FALSE
2022	038-2022	AN ORDINANCE GRANTING A RENTAL HOLIDAY ON CITY OWNED REAL PROPERTIES, BUILDINGS, STALLS, UNIT OR SPACES RENTED OUT BY THE CITY GOVERNMENT OF BAGUIO DURING THE GENERAL COMMUNITY QUARANTINE (GCQ) OF 2021.	0.179849505	FALSE	0.0147003829	FALSE	0.0100237727	FALSE	0.0156845748	FALSE	0.0270360708	FALSE	0.00557154417	FALSE	0.00789371133	FALSE	0.0967496634	FALSE	0.0348692536	FALSE	0.21585685	FALSE	0.602803111	TRUE	0.00841131806	FALSE	0.0409138799	FALSE	0.0077149272	FALSE	0.0194682777	FALSE	0.0628663898	FALSE	0.0900488496	FALSE
2022	039-2022	AN ORDINANCE PROVIDING INCENTIVES TO ALL BUSINESS ESTABLISHMENTS IN THE CITY OF BAGUIO WHO EMPLOY QUALIFIED SENIOR CITIZENS AND DIFFERENTLY-ABLED PERSONS.	0.0471976399	FALSE	0.0182652175	FALSE	0.00375249982	FALSE	0.0249382854	FALSE	0.049004823	FALSE	0.00423753262	FALSE	0.00419345498	FALSE	0.213810056	FALSE	0.0444082618	FALSE	0.151894122	FALSE	0.110184729	FALSE	0.00699576735	FALSE	0.0424676538	FALSE	0.00503233075	FALSE	0.00691247	FALSE	0.0667325854	FALSE	0.0862086713	FALSE
2022	040-2022	APPROVING THE REQUEST FOR AUTHORITY TO CHARGE THE AMOUNT OF P2,232,000.00 AGAINST THE 2022 CURRENT APPROPRIATIONS OF THE CITY SOCIAL WELFARE AND DEVELOPMENT OFFICE (CSWDO) UNDER ACCOUNT CODE 5-02-99-990 (OTHER MAINTENANCE AND OPERATING EXPENSES) FOR THE PAYMENT OF COLLEGE EDUCATIONAL FINANCIAL ASSISTANCE GRANT OF 372 UNPAID GRANTEES FOR THE SCHOOL YEAR 2021-2022.	0.114128441	FALSE	0.0154674947	FALSE	0.0145999789	FALSE	0.0447583199	FALSE	0.0146142542	FALSE	0.00420635939	FALSE	0.0058658123	FALSE	0.0826950371	FALSE	0.044177264	FALSE	0.46135655	FALSE	0.13124913	FALSE	0.0123167336	FALSE	0.0288132429	FALSE	0.005831182	FALSE	0.0171111524	FALSE	0.0884743	FALSE	0.273311079	FALSE
2022	040-2022	APPROVING THE REQUEST FOR AUTHORITY TO CHARGE THE AMOUNT OF P2,232,000.00 AGAINST THE 2022 CURRENT APPROPRIATIONS OF THE CITY SOCIAL WELFARE AND DEVELOPMENT OFFICE (CSWDO) UNDER ACCOUNT CODE 5-02-99-080 (DONATIONS) FOR THE PAYMENT OF COLLEGE EDUCATIONAL FINANCIAL ASSISTANCE GRANT OF 372 UNPAID GRANTEES FOR THE SCHOOL YEAR 2021-2022.	0.122407258	FALSE	0.0159772635	FALSE	0.0157057047	FALSE	0.0541992486	FALSE	0.0149148405	FALSE	0.00428071618	FALSE	0.00552451611	FALSE	0.0738105178	FALSE	0.0426557362	FALSE	0.442390114	FALSE	0.126910985	FALSE	0.0113538504	FALSE	0.0277764797	FALSE	0.00573349	FALSE	0.0160056949	FALSE	0.0788462162	FALSE	0.271123081	FALSE
2022	041-2022	AMENDING ORDINANCE NUMBERED 095, SERIES OF 1995 FOR THE RENAMING OF THE BAGUIO CONVENTION CENTER (BCC) TO BAGUIO CONVENTION AND CULTURAL CENTER (BCCC), ESTABLISHING THE OPERATIONS MANUAL FOR ITS USE, AND FOR OTHER PURPOSES.	0.0259533226	FALSE	0.0323705375	FALSE	0.0167151392	FALSE	0.0533105433	FALSE	0.0348745286	FALSE	0.00542092323	FALSE	0.00689548254	FALSE	0.0560362637	FALSE	0.0560625792	FALSE	0.155216038	FALSE	0.204261631	FALSE	0.0185304284	FALSE	0.0702064931	FALSE	0.00892984867	FALSE	0.0252123773	FALSE	0.336479247	FALSE	0.30242154	FALSE
2022	042-2022	INSTITUTIONALIZING EVERY LAST WEEK OF OCTOBER OF EVERY YEAR AS PASTORAL APPRECIATION WEEK IN THE CITY OF BAGUIO, CREATING A COMMITTEE FOR THE PURPOSE, AND APPROPRIATING FUNDS THEREFOR.	0.0609722137	FALSE	0.0519623458	FALSE	0.00886485	FALSE	0.0241045058	FALSE	0.0421613157	FALSE	0.00371357799	FALSE	0.00545045733	FALSE	0.0733285248	FALSE	0.0344087183	FALSE	0.289940238	FALSE	0.0996878445	FALSE	0.0131365359	FALSE	0.0799458325	FALSE	0.00480917096	FALSE	0.0178036988	FALSE	0.094068706	FALSE	0.142374247	FALSE
2022	043-2022	APPROVING THE REQUEST FOR AUTHORITY TO TRANSFER THE TOTAL AMOUNT OF P470,000.00 AGAINST THE 2022 CURRENT APPROPRIATIONS OF THE OFFICE OF THE SANGGUNIANG PANLUNGSOD UNDER ACCOUNT CODES: (A) 5-02-02-010 (TRAINING EXPENSES) – PHILIPPINE COUNCILORS LEAGUE (PCL) FUND – P190,000.00; (B) 5-02-01-020 (TRAVELING EXPENSES – FOREIGN) – P100,000.00; AND (C) 5-02-99-030 (REPRESENTATION EXPENSES) – P180,000.00, TO ACCOUNT CODE 5-02-01-010 (TRAVELING EXPENSES – LOCAL) AND TO DISBURSE SUCH TO AUGMENT THE APPROPRIATION FOR TRAVELING EXPENSES-LOCAL OF THE SAID OFFICE.	0.031332612	FALSE	0.0175767243	FALSE	0.00728952885	FALSE	0.0198559761	FALSE	0.0388836265	FALSE	0.00329959393	FALSE	0.00397780538	FALSE	0.286227316	FALSE	0.0503763855	FALSE	0.282497048	FALSE	0.0146011412	FALSE	0.0154426992	FALSE	0.0205756426	FALSE	0.00594308972	FALSE	0.0103274286	FALSE	0.133287579	FALSE	0.255842209	FALSE
2022	044-2022	APPROVING THE REQUEST FOR AUTHORITY TO CHARGE THE AMOUNT OF P1,071,345.60 AGAINST THE 2022 CURRENT APPROPRIATIONS OF THE CITY ADMINISTRATOR'S OFFICE (CADMO) UNDER ACCOUNT CODE 439-021 (BAGUIO CONVENTION TRUST FUND) FOR THE PAYMENT OF SALARIES OF VARIOUS JOB ORDER PERSONNEL FOR THE PERIOD 01 JULY 2022 TO 31 DECEMBER 2022 FOR THE FULL OPERATION OF THE BAGUIO CONVENTION AND CULTURAL CENTER FOR MEETINGS, INCENTIVES, CONFERENCES AND EXHIBITIONS.	0.0174647868	FALSE	0.00624877214	FALSE	0.00512942672	FALSE	0.0331996977	FALSE	0.0282318294	FALSE	0.00400653481	FALSE	0.00605237484	FALSE	0.469705045	FALSE	0.080077976	FALSE	0.12439248	FALSE	0.0720995665	FALSE	0.0175661147	FALSE	0.0151647031	FALSE	0.00648605824	FALSE	0.00962454081	FALSE	0.134291857	FALSE	0.12861231	FALSE
2022	045-2022	CHANGING THE PROJECT TITLE "REPAIR/REHAB AND REPAINTING OF THE BASKETBALL COURT ROOF AND PERIMETER FENCE AT PUROK 1 WHICH CAN BE CONVERTED AS AN EVACUATION CENTER" UNDER THE 2021 ANNUAL INVESTMENT PLAN AMOUNTING TO P300,000.00 TO "REPAIR/REHABILITATION OF THE PERIMETER FENCE AT PUROK 1" AT DPS COMPOUND BARANGAY, BAGUIO CITY.	0.0219335556	FALSE	0.0100684166	FALSE	0.017891705	FALSE	0.0142654479	FALSE	0.0110189617	FALSE	0.00871169567	FALSE	0.0125345588	FALSE	0.0215772092	FALSE	0.0420908034	FALSE	0.0280170739	FALSE	0.760841429	TRUE	0.0123611093	FALSE	0.0335668027	FALSE	0.0164155364	FALSE	0.031137675	FALSE	0.0247643292	FALSE	0.0533846319	FALSE
2022	046-2022	REALIGNING THE AMOUNT OF P5,500,000.00 FROM THE PROJECT, "REHABILITATION OF SEWERLINE ALONG BOKAWKAN ROAD" UNDER THE 2021 DEVELOPMENT FUND TO "CONSTRUCTION OF SEWERLINE ALONG PUROK 6 AND PUROK 7" AT PADRE BURGOS BARANGAY, BAGUIO CITY.	0.0108172	FALSE	0.011810571	FALSE	0.00460597873	FALSE	0.0147755146	FALSE	0.00717270374	FALSE	0.177005231	FALSE	0.00486412644	FALSE	0.0349119	FALSE	0.0932622552	FALSE	0.0145832	FALSE	0.303403288	FALSE	0.0590310395	FALSE	0.0100153983	FALSE	0.0353510976	FALSE	0.0575692654	FALSE	0.011592865	FALSE	0.036932826	FALSE
2022	047-2022	AUTHORIZING A SUPPLEMENTAL BUDGET IN THE TOTAL AMOUNT OF FORTY THREE THOUSAND PESOS (P43,000.00) FROM THE EXCESS APPROPRIATION UNDER THE CITY PROSECUTOR'S OFFICE IN APPROPRIATION ORDINANCE NUMBERED 116, SERIES OF 2021 OVER THE AMOUNT IN THE FISCAL YEAR 2022 ANNUAL INVESTMENT PROGRAM, AND THE TRANSFER OF THE AMOUNT OF FOUR HUNDRED EIGHT THOUSAND PESOS (P408,000.00), COVERING THE REPRESENTATION ALLOWANCE FROM PERSONAL SERVICES TO OTHER MAINTENANCE AND OPERATING EXPENSES.	0.0299864113	FALSE	0.00834676623	FALSE	0.0198384523	FALSE	0.0163683891	FALSE	0.0185644031	FALSE	0.00388109684	FALSE	0.00769081712	FALSE	0.0637857	FALSE	0.0653520525	FALSE	0.0851896107	FALSE	0.116546422	FALSE	0.0147076547	FALSE	0.0215395987	FALSE	0.00509187579	FALSE	0.0165809691	FALSE	0.376267016	FALSE	0.336236447	FALSE
2022	048-2022	APPROVING THE REQUEST FOR AUTHORITY TO TRANSFER IN THE CITY BUILDINGS AND ARCHITECTURE OFFICE THE AMOUNT OF P200,000.00 FROM ITS 2022 CURRENT APPROPRIATIONS UNDER ACCOUNT CODE 5-02-03-010 (OFFICE SUPPLIES EXPENSES) TO ACCOUNT CODE 5-02-01-010 (TRAVELLING EXPENSES) AND TO DISBURSE THE SAME FOR THE FUNDING OF TRAVELLING EXPENSES OF PERSONNEL OF SAID OFFICE FOR THEIR CONTINUING PROFESSIONAL DEVELOPMENT (CPD) UNITS.	0.0155238211	FALSE	0.00820308924	FALSE	0.0130115151	FALSE	0.0264785886	FALSE	0.0107115209	FALSE	0.00647389889	FALSE	0.0108575523	FALSE	0.0588134229	FALSE	0.100028723	FALSE	0.0545561314	FALSE	0.75124228	TRUE	0.0139820874	FALSE	0.0387453139	FALSE	0.0113272667	FALSE	0.0190572739	FALSE	0.0345762372	FALSE	0.0993791819	FALSE
2022	049-2022	GRANTING FINANCIAL ASSISTANCE IN THE AMOUNT OF P500,000.00 FROM THE CITY DISASTER RISK REDUCTION AND MANAGEMENT QUICK RESPONSE FUND OF THE CITY GOVERNMENT OF BAGUIO TO THE MUNICIPALITY OF BANAUE, PROVINCE OF IFUGAO WHICH WAS BADLY HIT BY SOUTHWEST MONSOON.	0.0306316912	FALSE	0.0153394341	FALSE	0.0138319433	FALSE	0.0153956711	FALSE	0.0131584704	FALSE	0.00942707062	FALSE	0.0117223263	FALSE	0.0168378651	FALSE	0.025534898	FALSE	0.0267178714	FALSE	0.13760379	FALSE	0.0141514242	FALSE	0.845431685	TRUE	0.016184777	FALSE	0.0208223164	FALSE	0.0264753401	FALSE	0.0442754924	FALSE
2022	050-2022	CHANGING THE PROJECT TITLE, "CONSTRUCTION OF DRAINAGE COVER AT SAROK ROAD, PUROK 6" UNDER THE 2022 ANNUAL INVESTMENT PLAN AMOUNTING TO P200,000.00 TO "CONSTRUCTION OF DRAINAGE AT SAROK, PUROK 6" AT CAMP 7 BARANGAY, BAGUIO CITY.	0.0444991291	FALSE	0.0143095255	FALSE	0.00898435712	FALSE	0.0131931305	FALSE	0.0122628212	FALSE	0.00865379	FALSE	0.00811612606	FALSE	0.0542579	FALSE	0.0976163447	FALSE	0.0291392803	FALSE	0.711584	TRUE	0.0212453	FALSE	0.023399353	FALSE	0.00937128067	FALSE	0.0442450643	FALSE	0.0238290727	FALSE	0.0979002416	FALSE
2022	051-2022	REALIGNING THE AMOUNT OF P500,000.00 FROM THE PROJECT, "REHABILITATION OF PATHWAY AND INSTALLATION OF RAILINGS AT PUROK SUPITAN FROM PATHWAY GOING TO TERESA CACHO RESIDENCE" UNDER THE 2022 ANNUAL INVESTMENT PLAN TO "CONCRETING AND IMPROVEMENT OF CREEK AT PUROK TENERRACE IN BETWEEN ADELINE BAYO RESIDENCE AND COL-ING RESIDENCE DOWN TO BENTAYEN RESIDENCE" AT SAN VICENTE BARANGAY, BAGUIO CITY.	0.0489217639	FALSE	0.0148728192	FALSE	0.0107717514	FALSE	0.0160333514	FALSE	0.0139624178	FALSE	0.0100387037	FALSE	0.00627076626	FALSE	0.0661196411	FALSE	0.141364187	FALSE	0.0229990482	FALSE	0.745486081	TRUE	0.0330438316	FALSE	0.0305436254	FALSE	0.00991681218	FALSE	0.0591047406	FALSE	0.0297310948	FALSE	0.1449444	FALSE
2022	052-2022	REALIGNING THE AMOUNT OF P700,000.00 FROM THE PROJECT, "SIDEWALK CANOPY NEAR CASCOLAN RESIDENCE GOING TO ESPIRITU RESIDENCE" UNDER THE 2022 ANNUAL INVESTMENT PLAN TO "REPAIR OF PATHWAYS WITH CANOPY FROM CABACUNGAN RESIDENCE TO LAPITAN RESIDENCE" AT TEODORA ALONZO BARANGAY, BAGUIO CITY.	0.0299448073	FALSE	0.0140036941	FALSE	0.00793901086	FALSE	0.0169994533	FALSE	0.0139617324	FALSE	0.0061199069	FALSE	0.0109245479	FALSE	0.0542517602	FALSE	0.0708782375	FALSE	0.0322158337	FALSE	0.821721435	TRUE	0.018127948	FALSE	0.0460658669	FALSE	0.0131315887	FALSE	0.0366559029	FALSE	0.0211071372	FALSE	0.0534620285	FALSE
2022	053-2022	REALIGNING THE AMOUNT OF P200,000.00 FROM THE PROJECT, "FABRICATION OF COLLAPSIBLE WASTE CONTAINER AT MABINI CORNER GENERAL LUNA (BESIDE BARANGAY HALL)" UNDER THE 2022 ANNUAL INVESTMENT PLAN TO "CANOPY INSTALLATION AT ASSUMPTION ROAD SIDEWALK" AT KABAYANIHAN BARANGAY, BAGUIO CITY.	0.005874753	FALSE	0.00887048244	FALSE	0.00302797556	FALSE	0.00879398	FALSE	0.0060274303	FALSE	0.0398114324	FALSE	0.0233881176	FALSE	0.08819139	FALSE	0.298852503	FALSE	0.00895571709	FALSE	0.269303918	FALSE	0.181014985	FALSE	0.0123428404	FALSE	0.0238859951	FALSE	0.0684877336	FALSE	0.0186492801	FALSE	0.0604612827	FALSE
2022	054-2022	REALIGNING THE AMOUNT OF P300,000.00 FROM THE PROJECT, "CONCRETING OF REGULATED TEMPORARY PARKING AREA AT VACANT LOT ROADSIDE AT PUROK 3" UNDER THE 2022 ANNUAL INVESTMENT PLAN TO "CONSTRUCTION OF EROSION CONTROL RIPRAP AND REHABILITATION OF STAIRWAY AND RAILINGS" AT UPPER DAGSIAN BARANGAY, BAGUIO CITY.	0.017259568	FALSE	0.00956782699	FALSE	0.00497323275	FALSE	0.00729620457	FALSE	0.00765457749	FALSE	0.00993773341	FALSE	0.00682842731	FALSE	0.0277165473	FALSE	0.0400388837	FALSE	0.013168782	FALSE	0.73332119	TRUE	0.0280273557	FALSE	0.0776749253	FALSE	0.0146071017	FALSE	0.112334102	FALSE	0.0167166889	FALSE	0.0271252096	FALSE
2022	055-2022	REALIGNING THE AMOUNT OF P216,940.00 UNDER THE 2022 CURRENT APPROPRIATIONS OF THE CITY HUMAN RESOURCE MANAGEMENT OFFICE EARMARKED UNDER ACCOUNT CODE 5-02-99-990 (OTHER MAINTENANCE AND OPERATING EXPENSES) TO ACCOUNT CODE 1-07-05-990 (OTHER MACHINERY AND EQUIPMENT) FOR THE PURCHASE OF BAND EQUIPMENT OF THE CITY'S UNI TI UMILI (CITY HALL PERFORMING ARTS GROUP).	0.0366198123	FALSE	0.0145475864	FALSE	0.00476133823	FALSE	0.0263199508	FALSE	0.0132161379	FALSE	0.00803223252	FALSE	0.00626641512	FALSE	0.46778518	FALSE	0.112328202	FALSE	0.0313160121	FALSE	0.14690429	FALSE	0.0668948591	FALSE	0.00774478912	FALSE	0.00784266	FALSE	0.0323600769	FALSE	0.0378407538	FALSE	0.0967424214	FALSE
2022	056-2022	APPROVING THE REQUEST FOR AUTHORITY TO CHARGE THE AMOUNT OF P21,139.23 AGAINST THE 2022 CURRENT APPROPRIATIONS OF THE CITY GENERAL SERVICES OFFICE (GSO) UNDER ACCOUNT CODE 5-02-04-020 (ELECTRICITY EXPENSES) FOR THE PAYMENT OF THE UNOBLIGATED AMOUNT TO FULLY SETTLE THE PAYMENT OF ELECTRIC CONSUMPTION OF THE RECORDS AND ARCHIVES BUILDING LOCATED AT NEW LUCBAN BARANGAY, BAGUIO CITY FOR THE PERIOD 26 JANUARY 2021 TO 21 DECEMBER 2021 IN THE TOTAL AMOUNT OF P97,766.15.	0.0142107606	FALSE	0.0110363364	FALSE	0.00997775793	FALSE	0.0109027922	FALSE	0.00557509065	FALSE	0.00781607628	FALSE	0.253696918	FALSE	0.0565601885	FALSE	0.0766506195	FALSE	0.0650164485	FALSE	0.314223588	FALSE	0.0301523209	FALSE	0.0417987704	FALSE	0.00740626454	FALSE	0.0209743381	FALSE	0.0980247855	FALSE	0.0961867869	FALSE
2022	057-2022	REALIGNING THE AMOUNT OF P520,000.00 FROM THE PROJECT, "IMPROVEMENT OF DRAINAGE CANAL AT PUROK 1 WITH RAILINGS ALONG MUNAR'S COMPOUND" UNDER THE 2022 ANNUAL INVESTMENT PLAN TO "CONSTRUCTION OF RETAINING WALL FOR EROSION PROTECTION AT PUROK 1 JUST BELOW SIMANGAN RESIDENCE" AT HILLSIDE BARANGAY, BAGUIO CITY.	0.0179544687	FALSE	0.0108513832	FALSE	0.00603118539	FALSE	0.0102909803	FALSE	0.00908717513	FALSE	0.0167783797	FALSE	0.00860795379	FALSE	0.0264711082	FALSE	0.042737633	FALSE	0.0128044784	FALSE	0.816452742	TRUE	0.0260673761	FALSE	0.054785639	FALSE	0.0201049745	FALSE	0.103310347	FALSE	0.01602301	FALSE	0.0228538811	FALSE
2022	058-2022	GRANTING FINANCIAL ASSISTANCE IN THE AMOUNT OF P1,000,000.00 FROM THE CITY DISASTER RISK REDUCTION AND MANAGEMENT QUICK RESPONSE FUND OF THE CITY GOVERNMENT OF BAGUIO TO THE DIFFERENT MUNICIPALITIES OF THE PROVINCE OF ABRA WHICH WERE BADLY STRICKEN BY THE EARTHQUAKE.	0.0364317	FALSE	0.0146193504	FALSE	0.0139378309	FALSE	0.0149548948	FALSE	0.0128054619	FALSE	0.00817754865	FALSE	0.0119977295	FALSE	0.0186273754	FALSE	0.0242438614	FALSE	0.0335057676	FALSE	0.117086202	FALSE	0.0128007829	FALSE	0.825296879	TRUE	0.0149321854	FALSE	0.0181412101	FALSE	0.0278105438	FALSE	0.0497980714	FALSE
2022	059-2022	REVERTING TO THE GENERAL FUND THE AMOUNT OF P728,002.00 FROM THE REMAINING FUND FROM THE PROJECTS "CONTINUATION OF CITY ENGINEERING BUILDING IMPROVEMENT (PHASE II)" IN THE AMOUNT OF P10,000,000.00, AND "CONTINUATION OF CITY ENGINEERING BUILDING IMPROVEMENT (PHASE III)" IN THE AMOUNT OF P10,000,000.00 AT MOTORPOOL COMPOUND, LOWER ROCK QUARRY BARANGAY, BAGUIO CITY AND REAPPROPRIATING THE SAME AMOUNT FOR THE PROJECT "CONTINUATION OF CITY ENGINEERING BUILDING IMPROVEMENT PHASE 2 & 3" AT MOTORPOOL COMPOUND, LOWER ROCK QUARRY BARANGAY, BAGUIO CITY.	0.0211133659	FALSE	0.00844693184	FALSE	0.00915208459	FALSE	0.0126022995	FALSE	0.00913077593	FALSE	0.0101786256	FALSE	0.00712153316	FALSE	0.0423054099	FALSE	0.0850510597	FALSE	0.0278960168	FALSE	0.800874174	TRUE	0.0170622766	FALSE	0.0161491632	FALSE	0.0155257583	FALSE	0.0322727561	FALSE	0.0162834823	FALSE	0.0485213697	FALSE
2022	060-2022	AN ORDINANCE CREATING THE CITY DISASTER RISK REDUCTION MANAGEMENT OFFICE AS A DEPARTMENT IN THE CITY GOVERNMENT OF BAGUIO.	0.0265362263	FALSE	0.0141387582	FALSE	0.01216802	FALSE	0.0158680677	FALSE	0.0150237978	FALSE	0.00909748673	FALSE	0.0134965181	FALSE	0.0199650824	FALSE	0.028123647	FALSE	0.0262425542	FALSE	0.110110372	FALSE	0.0149752796	FALSE	0.869436741	TRUE	0.0202073753	FALSE	0.0181777775	FALSE	0.0294960439	FALSE	0.0473268628	FALSE
2022	061-2022	AUTHORIZING A SUPPLEMENTAL BUDGET IN THE TOTAL AMOUNT OF NINETY-SEVEN MILLION TEN THOUSAND PESOS (P97,010,000.00) FOR THE FUNDING OF VARIOUS PRIORITY PROJECTS IDENTIFIED IN THE APPROVED FIRST (1ST) SUPPLEMENTAL ANNUAL INVESTMENT PROGRAM FOR FISCAL YEAR 2022 OF THE CITY GOVERNMENT OF BAGUIO UNDER RESOLUTION NUMBERED 244, SERIES OF 2022.	0.0239593983	FALSE	0.00926271081	FALSE	0.0198567808	FALSE	0.0161898732	FALSE	0.00919166207	FALSE	0.00709655881	FALSE	0.0124957263	FALSE	0.0336345136	FALSE	0.156788468	FALSE	0.0537312627	FALSE	0.3996903	FALSE	0.0179068148	FALSE	0.0388530195	FALSE	0.00794199109	FALSE	0.0195909142	FALSE	0.0627255142	FALSE	0.338173479	FALSE
2022	062-2022	FURTHER AMENDING SECTION 2 OF ORDINANCE NUMBERED 15, SERIES OF 2014 [AMENDING ORDINANCE NUMBERED 029, SERIES OF 1996 [APPROPRIATING THE AMOUNT OF P50,000.00 FROM THE UNAPPROPRIATED ACCOUNT OF THE GENERAL FUND FOR THE CURRENT FISCAL YEAR TO SERVE AS FUND FOR REWARDS TO INFORMERS (PERSON OR GROUP OF PERSONS) WHO GIVE INFORMATION LEADING TO THE ARREST, PROSECUTION, AND CONVICTION OF ANY DRUG PUSHER, ANY OF THE AUTHORS OF HEINOUS CRIMES COMMITTED IN THE CITY OR ANY OF THE TEN MOST WANTED CRIMINALS IN THE CITY OF BAGUIO]].	0.018301487	FALSE	0.00798669457	FALSE	0.027207464	FALSE	0.0185974836	FALSE	0.0415238142	FALSE	0.00543171167	FALSE	0.00890955329	FALSE	0.0273707509	FALSE	0.0126903355	FALSE	0.0599980652	FALSE	0.0310781896	FALSE	0.00877702236	FALSE	0.011695087	FALSE	0.00713154674	FALSE	0.0101205409	FALSE	0.757231	TRUE	0.0611350834	FALSE
2022	063-2022	APPROVING THE REQUEST FOR AUTHORITY TO CHARGE THE AMOUNT OF P222,000.00 AGAINST THE 2022 CURRENT APPROPRIATIONS OF THE CITY SOCIAL WELFARE AND DEVELOPMENT OFFICE (CSWDO) UNDER ACCOUNT CODE 5-02-99-990 (OTHER MAINTENANCE AND OPERATING EXPENSES) FOR THE PAYMENT OF COLLEGE EDUCATIONAL FINANCIAL ASSISTANCE GRANT OF 37 UNPAID GRANTEES FOR THE 2ND SEMESTER OF SCHOOL YEAR 2021-2022.	0.110989869	FALSE	0.0156778097	FALSE	0.0147196651	FALSE	0.0750677586	FALSE	0.0149686038	FALSE	0.00424766541	FALSE	0.00555479527	FALSE	0.0748915076	FALSE	0.0463168621	FALSE	0.420395255	FALSE	0.133184493	FALSE	0.012042284	FALSE	0.0303726196	FALSE	0.00594607	FALSE	0.0166179836	FALSE	0.103718221	FALSE	0.282308251	FALSE
2022	064-2022	APPROVING THE REQUEST FOR AUTHORITY TO TRANSFER IN THE CITY LEGAL OFFICE THE AMOUNT OF P700,000.00 IN ITS 2022 CURRENT APPROPRIATIONS UNDER ACCOUNT CODE 1-07-06-010 (MOTOR VEHICLES) TO ACCOUNT CODE 5-02-13-040 (REPAIRS AND MAINTENANCE-BUILDINGS AND OTHER STRUCTURES) FOR THE ADDITIONAL BUDGET FOR THE RENOVATION OF THE PROPOSED NEW CITY LEGAL OFFICE AT THE FORMER CITY GENERAL SERVICES OFFICE LOCATED AT THE FIRST FLOOR OF THE BAGUIO CITY HALL.	0.0196961164	FALSE	0.00607273	FALSE	0.0196605325	FALSE	0.0178639591	FALSE	0.0114220083	FALSE	0.0112839043	FALSE	0.0100375116	FALSE	0.0231888592	FALSE	0.0273587406	FALSE	0.0574175119	FALSE	0.751752138	TRUE	0.010645777	FALSE	0.0182769299	FALSE	0.0174393654	FALSE	0.0285289288	FALSE	0.124164492	FALSE	0.0524223447	FALSE
2022	065-2022	REVERTING TO THE GENERAL FUND THE UNUSED AMOUNT OF FIVE MILLION PESOS (P5,000,000.00) UNDER THE LOCAL DISASTER RISK REDUCTION AND MANAGEMENT FUND - TRUST FUND AND REAPPROPRIATING THE SAME AMOUNT FOR THE PROJECT, "URBAN TREES MAINTENANCE AND MANAGEMENT-BAGUIO'S DISASTER PREVENTION AND ADAPTATION MEASURES TO CLIMATE CHANGE" IN THE CITY OF BAGUIO.	0.0226325989	FALSE	0.0134545863	FALSE	0.00970253348	FALSE	0.0114704967	FALSE	0.00956839323	FALSE	0.0104229748	FALSE	0.0123533309	FALSE	0.0130411983	FALSE	0.0273882747	FALSE	0.0163067877	FALSE	0.164203107	FALSE	0.0177842379	FALSE	0.812203109	TRUE	0.0146171153	FALSE	0.0285692215	FALSE	0.0182475448	FALSE	0.0322256386	FALSE
2022	066-2022	AN ORDINANCE AUTHORIZING THE TEMPORARY CLOSURE OF A PORTION OF JUNGLE TOWN ROAD EFFECTIVE 14 TO 19 NOVEMBER 2022 TO MAKE WAY FOR THE EXCAVATION AND PIPING WORKS FOR THE "CITY HUB" PROJECT OF THE MARCONS BUILDER.	0.0216737986	FALSE	0.0127354562	FALSE	0.0111174285	FALSE	0.0156341493	FALSE	0.0151571333	FALSE	0.0100952685	FALSE	0.00757187605	FALSE	0.0372124	FALSE	0.0480045378	FALSE	0.035715878	FALSE	0.845596671	TRUE	0.0147245824	FALSE	0.0311873853	FALSE	0.0154311359	FALSE	0.0369898379	FALSE	0.043153882	FALSE	0.0480867028	FALSE
2022	067-2022	AN ORDINANCE ESTABLISHING BARANGAY BLOOD BANKS IN THE CITY OF BAGUIO AND PROVIDING FUNDS THEREFOR.	0.0591936111	FALSE	0.0379547775	FALSE	0.0093524754	FALSE	0.0138628781	FALSE	0.041318804	FALSE	0.00525262952	FALSE	0.0063342154	FALSE	0.165111244	FALSE	0.0775994062	FALSE	0.153388292	FALSE	0.0666938126	FALSE	0.0142040849	FALSE	0.0647133291	FALSE	0.00635653734	FALSE	0.0103141069	FALSE	0.1656335	FALSE	0.34559384	FALSE
2022	068-2022	APPROVING THE REQUEST FOR AUTHORITY TO CHARGE THE AMOUNT OF P223,197.39 AGAINST THE 2022 ANNUAL BUDGET OF THE BURNHAM PARK-TRUST FUND UNDER ACCOUNT CODE 5-02-04-020 (ELECTRIC EXPENSES) FOR THE PAYMENT OF ELECTRIC EXPENSES UNDER ACCOUNT NUMBER 2190-0159-06 TO THE BENGUET ELECTRIC COOPERATIVE (BENECO).	0.0344557464	FALSE	0.0306062102	FALSE	0.0128315091	FALSE	0.0110293329	FALSE	0.0110867918	FALSE	0.00977116823	FALSE	0.0179258883	FALSE	0.115538985	FALSE	0.215014756	FALSE	0.115526676	FALSE	0.028288275	FALSE	0.0563504398	FALSE	0.0333975852	FALSE	0.0068603754	FALSE	0.0310415924	FALSE	0.0814857483	FALSE	0.631933451	TRUE
2022	069-2022	APPROVING THE REQUEST FOR AUTHORITY TO TRANSFER IN THE CITY HUMAN RESOURCE AND MANAGEMENT OFFICE (CHRMO) IN ITS 2022 CURRENT APPROPRIATIONS THE TOTAL AMOUNT OF P506,000.00 UNDER ACCOUNT CODES: 5-02-11-990 (OTHER PROFESSIONAL SERVICES) – P5,000.00; 5-02-99-070 (SUBSCRIPTION EXPENSES) - P500,000.00; AND 5-02-03-990 (OTHER SUPPLIES AND MATERIALS EXPENSES) - P1,000.00, TO ACCOUNT CODE 1-07-05-030 (INFORMATION AND COMMUNICATION TECHNOLOGY EQUIPMENT) TO COVER THE FUNDING REQUIREMENT OF MUCH NEEDED I.T. EQUIPMENT FOR THE PRINTING OF THE ID CARDS OF OFFICIALS AND EMPLOYEES OF THE CITY GOVERNMENT OF BAGUIO.	0.02539891	FALSE	0.007119	FALSE	0.00781807303	FALSE	0.0188824832	FALSE	0.00666835904	FALSE	0.00479236245	FALSE	0.00463736057	FALSE	0.255346745	FALSE	0.168304473	FALSE	0.03643924	FALSE	0.153841823	FALSE	0.0414763093	FALSE	0.0104079843	FALSE	0.00696110725	FALSE	0.0228284299	FALSE	0.044444561	FALSE	0.241180807	FALSE
2022	070-2022	AMENDING ITEM NOS. 9.1 AND 10.3 OF ANNEX 3 OF ORDINANCE NUMBERED 61, SERIES OF 2008 AND SECTION 69 (H) OF ORDINANCE NUMBERED 18, SERIES OF 2016.	0.0167154074	FALSE	0.027097106	FALSE	0.0143538415	FALSE	0.0251114666	FALSE	0.0538544655	FALSE	0.00513103604	FALSE	0.00798639655	FALSE	0.0389078856	FALSE	0.0167749822	FALSE	0.124266118	FALSE	0.0148364902	FALSE	0.0115327835	FALSE	0.0375697911	FALSE	0.00915503502	FALSE	0.0125483274	FALSE	0.504238069	TRUE	0.119571447	FALSE
2022	071-2022	AN ORDINANCE ENJOINING ALL BUSINESS ESTABLISHMENTS AND LOCAL PUBLIC TRANSPORTATION IN THE CITY OF BAGUIO TO ADOPT QR PH DIGITAL PAYMENTS IN LINE WITH THE PALENG-QR PH PROGRAM.	0.0432250798	FALSE	0.0159473717	FALSE	0.00886020064	FALSE	0.0279999077	FALSE	0.0146398544	FALSE	0.00740101933	FALSE	0.00976744294	FALSE	0.0859783292	FALSE	0.110317022	FALSE	0.106882781	FALSE	0.347885191	FALSE	0.0116221905	FALSE	0.074562639	FALSE	0.00693389773	FALSE	0.0105181336	FALSE	0.0700669	FALSE	0.244195461	FALSE
2022	072-2022	AN ORDINANCE CREATING THE BAGUIO CITY INFORMATION AND COMMUNICATIONS TECHNOLOGY COUNCIL (BCICTC), DEFINING ITS FUNCTIONS AND APPROPRIATING FUNDS THEREOF.	0.0192215443	FALSE	0.014000237	FALSE	0.0105556548	FALSE	0.0404398739	FALSE	0.0138312578	FALSE	0.00652882457	FALSE	0.0109668374	FALSE	0.0554923117	FALSE	0.113828212	FALSE	0.127288818	FALSE	0.437027812	FALSE	0.0114909708	FALSE	0.0672223	FALSE	0.00904604793	FALSE	0.0110856295	FALSE	0.064594686	FALSE	0.191587269	FALSE
2022	073-2022	INSTITUTIONALIZING THE COMPREHENSIVE GERIATRICS PROGRAM OF BAGUIO CITY AND PROVIDING FUNDS THEREOF.	0.0397023261	FALSE	0.0160980225	FALSE	0.0108395219	FALSE	0.00998756289	FALSE	0.0112580657	FALSE	0.00429692864	FALSE	0.00623655319	FALSE	0.0748588443	FALSE	0.0681712329	FALSE	0.0956201553	FALSE	0.323095322	FALSE	0.0168972909	FALSE	0.0528349578	FALSE	0.00582772493	FALSE	0.0201087	FALSE	0.0272982717	FALSE	0.146907359	FALSE
2022	074-2022	APPROVING THE REQUEST FOR AUTHORITY TO CHARGE THE TOTAL AMOUNT OF P100,759.12 AGAINST THE 2022 CURRENT APPROPRIATIONS OF THE CITY HEALTH SERVICES OFFICE (CHSO) UNDER ACCOUNT CODE 5-01-01-010 (SALARIES AND WAGES-REGULAR) FOR THE PAYMENT OF TERMINAL LEAVE BENEFITS OF MR. JAMES MICHAEL ARCE IN THE AMOUNT OF P21,210.33 WHO RESIGNED EFFECTIVE 01 MAY 2019, AND MS. GRACE DAO-EY IN THE AMOUNT OF P79,548.79 WHO RESIGNED EFFECTIVE 15 NOVEMBER 2020.	0.05355075	FALSE	0.00930151343	FALSE	0.0141838193	FALSE	0.0563173294	FALSE	0.0216602683	FALSE	0.0035662353	FALSE	0.01142326	FALSE	0.456922412	FALSE	0.0948119462	FALSE	0.119584531	FALSE	0.0465951264	FALSE	0.0141850412	FALSE	0.0133530498	FALSE	0.00274571776	FALSE	0.00631412864	FALSE	0.0376496613	FALSE	0.184777051	FALSE
2022	075-2022	APPROVING THE REQUEST FOR AUTHORITY TO CHARGE THE TOTAL AMOUNT OF P330,979.85 AGAINST THE 2022 CURRENT APPROPRIATIONS OF THE CITY ENGINEERING OFFICE (CEO) UNDER ACCOUNT CODE 5-02-04-020 (ELECTRICITY EXPENSES) FOR THE PAYMENT OF UNPAID BENGUET ELECTRIC COOPERATIVE (BENECO) ACCOUNTS OF STREETLIGHT ELECTRIC CONSUMPTION FOR THE YEAR 2021 RESULTING FROM THE CONVERSION OF UNMETERED HPS STREETLIGHTS TO METERED LED STREETLIGHTS ON THE SAME YEAR.	0.0107779503	FALSE	0.00857526064	FALSE	0.00755655766	FALSE	0.0177654326	FALSE	0.00673103333	FALSE	0.00649511814	FALSE	0.0575633347	FALSE	0.064920783	FALSE	0.161361247	FALSE	0.0362000167	FALSE	0.58712852	TRUE	0.0243609846	FALSE	0.0372092724	FALSE	0.00721764565	FALSE	0.017932266	FALSE	0.0436016917	FALSE	0.0920918584	FALSE
2022	076-2022	APPROVING THE REQUEST FOR AUTHORITY TO CHARGE THE TOTAL AMOUNT OF P225,000.00 AGAINST THE 2022 CURRENT APPROPRIATIONS OF THE OFFICE OF THE SANGGUNIANG PANLUNGSOD (SP) UNDER ACCOUNT CODES: 5-01-04-030 (TERMINAL LEAVE BENEFITS)-P133,000.00; 5-01-01-010 (SALARIES AND WAGES-REGULAR) - P32,000.00; 5-01-02-140 (YEAR-END BONUS) - P45,000.00; 5-01-02-150 (CASH GIFT) - P14,000.00; AND 5-01-03-030 (PHILHEALTH CONTRIBUTIONS) - P1,000.00, FOR THE PAYMENT OF TERMINAL LEAVE BENEFITS, SALARIES AND WAGES, YEAR-END BONUS, CASH GIFT, AND PHILHEALTH CONTRIBUTIONS OF MS. CARMELITA G. BAYQUEN, MR. RICHARD E. HADSAN, MR. DIONISIO D. PADIO, AND MR. MICHAEL JOSEPH F. TABANDA, WHOSE TERM ENDED ON 01 JULY 2016 AS COTERMINOUS STAFF.	0.0334714949	FALSE	0.0160963833	FALSE	0.00502079725	FALSE	0.0162024498	FALSE	0.0482107699	FALSE	0.00451284647	FALSE	0.0113276243	FALSE	0.674873471	TRUE	0.0580521226	FALSE	0.122229308	FALSE	0.00947934389	FALSE	0.0224024951	FALSE	0.0172792673	FALSE	0.00525212288	FALSE	0.00805270672	FALSE	0.0405952334	FALSE	0.0868099	FALSE
2022	077-2022	AMENDING SECTION 31(C) OF ORDINANCE NUMBERED 18, SERIES OF 2016 (ENVIRONMENT CODE OF THE CITY OF BAGUIO)."	0.031481117	FALSE	0.0181871355	FALSE	0.00977614522	FALSE	0.0142758191	FALSE	0.0123893619	FALSE	0.00707259774	FALSE	0.00746077299	FALSE	0.0330576599	FALSE	0.0257574618	FALSE	0.0737104714	FALSE	0.706778824	TRUE	0.0202976763	FALSE	0.151871	FALSE	0.0276374221	FALSE	0.0758325458	FALSE	0.0922255516	FALSE	0.068741709	FALSE
2022	078-2022	AN ORDINANCE AUTHORIZING THE GRANT OF SERVICE RECOGNITION INCENTIVE (SRI) TO ALL QUALIFIED OFFICIALS AND EMPLOYEES OF THE CITY GOVERNMENT OF BAGUIO FOR FISCAL YEAR 2022 IN THE TOTAL AMOUNT OF THIRTY-SIX MILLION PESOS (P36,000,000.00).	0.0246447027	FALSE	0.0159311295	FALSE	0.0117652416	FALSE	0.0245645344	FALSE	0.0284420252	FALSE	0.0053986907	FALSE	0.00835514069	FALSE	0.05677104	FALSE	0.0469929874	FALSE	0.15572229	FALSE	0.193693101	FALSE	0.0105980039	FALSE	0.057675302	FALSE	0.00727504492	FALSE	0.0113045275	FALSE	0.269073606	FALSE	0.197885513	FALSE
2022	078A-2022	AN ORDINANCE AUTHORIZING THE GRANT OF GRATUITY PAY TO ALL QUALIFIED CONTRACT OF SERVICE (COS) AND JOB ORDER (JO) WORKERS OF THE CITY GOVERNMENT OF BAGUIO FOR FISCAL YEAR 2022 IN THE TOTAL AMOUNT OF TWO MILLION SEVEN HUNDRED FIFTY THOUSAND PESOS (P2,750,000.00).	0.0205305815	FALSE	0.0116297007	FALSE	0.00453144312	FALSE	0.020843029	FALSE	0.0373162329	FALSE	0.00480294228	FALSE	0.0094692409	FALSE	0.603570461	TRUE	0.058567822	FALSE	0.14839384	FALSE	0.0498860478	FALSE	0.017545104	FALSE	0.0156802833	FALSE	0.00677996874	FALSE	0.00878557563	FALSE	0.0837039948	FALSE	0.0803782344	FALSE
2022	079-2022	GRANTING FINANCIAL ASSISTANCE IN THE AMOUNT OF P2,000,000.00 FROM THE CITY DISASTER RISK REDUCTION AND MANAGEMENT QUICK RESPONSE FUND OF THE CITY GOVERNMENT OF BAGUIO TO THE DIFFERENT MUNICIPALITIES/CITIES OF REGION VI AND THE BANGSAMORO REGION IN THE MUSLIM MINDANAO WHICH WAS DEVASTATED BY A STRONG TYPHOON NAMED "PAENG" ON OCTOBER 26 TO 29, 2022.	0.027990967	FALSE	0.0137152076	FALSE	0.0151363611	FALSE	0.0150803924	FALSE	0.0133093	FALSE	0.00922489166	FALSE	0.0124117732	FALSE	0.0162065029	FALSE	0.023217231	FALSE	0.0253871381	FALSE	0.117494255	FALSE	0.0133360922	FALSE	0.846032381	TRUE	0.0172656476	FALSE	0.0198843777	FALSE	0.0269944966	FALSE	0.0416703224	FALSE
2022	080-2022	GRANTING ONE-TIME RICE ASSISTANCE TO ALL QUALIFIED OFFICIALS AND EMPLOYEES OF THE CITY GOVERNMENT OF BAGUIO FOR FISCAL YEAR 2022.	0.115745991	FALSE	0.0788695812	FALSE	0.0071619451	FALSE	0.0300536156	FALSE	0.0438436866	FALSE	0.00503718853	FALSE	0.0127211809	FALSE	0.133016944	FALSE	0.0324761569	FALSE	0.233595312	FALSE	0.0689646304	FALSE	0.0120826662	FALSE	0.114151835	FALSE	0.00426986814	FALSE	0.0149753392	FALSE	0.091234237	FALSE	0.140661478	FALSE
2022	081-2022	AUTHORIZING A SUPPLEMENTAL BUDGET IN THE TOTAL AMOUNT OF TWENTY-SEVEN MILLION ONE HUNDRED THOUSAND PESOS (P27,100,000.00) FOR THE FUNDING OF VARIOUS PRIORITY PROJECTS IDENTIFIED IN THE APPROVED SECOND (2ND) SUPPLEMENTAL ANNUAL INVESTMENT PROGRAM FOR FISCAL YEAR 2022 OF THE CITY GOVERNMENT OF BAGUIO UNDER RESOLUTION NUMBERED 615, SERIES OF 2022.	0.0238687694	FALSE	0.00906938314	FALSE	0.0203447938	FALSE	0.0170779228	FALSE	0.00894540548	FALSE	0.00742644072	FALSE	0.0127989352	FALSE	0.0330784619	FALSE	0.162332952	FALSE	0.0548483133	FALSE	0.402893722	FALSE	0.0182632804	FALSE	0.0380340517	FALSE	0.00804245472	FALSE	0.0199175477	FALSE	0.0610427856	FALSE	0.34262833	FALSE
2022	082-2022	AUTHORIZING THE ANNUAL BUDGET OF THE CITY OF BAGUIO FOR CALENDAR YEAR 2023 IN THE TOTAL AMOUNT OF TWO BILLION FOUR HUNDRED TWENTY-THREE MILLION SEVEN HUNDRED EIGHTY-ONE THOUSAND SIX HUNDRED NINE PESOS (P2,423,781,609.00) COVERING THE VARIOUS EXPENDITURES FOR THE OPERATION OF THE CITY GOVERNMENT OF BAGUIO AND APPROPRIATING THE NECESSARY FUNDS FOR THE PURPOSE.	0.0290633738	FALSE	0.0122183859	FALSE	0.0144190788	FALSE	0.0136104226	FALSE	0.00933197141	FALSE	0.00575083494	FALSE	0.00968670845	FALSE	0.0506739318	FALSE	0.0830100179	FALSE	0.0871852636	FALSE	0.442013204	FALSE	0.0138781071	FALSE	0.0300446153	FALSE	0.00595062971	FALSE	0.0161622167	FALSE	0.0864588	FALSE	0.231242925	FALSE
2023	001-2023	MANDATING ALL RESTAURANTS AND OTHER SIMILAR ESTABLISHMENTS IN THE CITY OF BAGUIO OFFERING THEIR SERVICES TO THE PUBLIC TO PROVIDE ACCESS TO FREE POTABLE WATER TO ITS CUSTOMERS.	0.0101225972	FALSE	0.149947524	FALSE	0.00637409091	FALSE	0.02132532	FALSE	0.0130263269	FALSE	0.733756	TRUE	0.069598794	FALSE	0.0191477239	FALSE	0.0875845253	FALSE	0.0187895894	FALSE	0.0484692752	FALSE	0.124294549	FALSE	0.0213548839	FALSE	0.0157011747	FALSE	0.0297102034	FALSE	0.0136027336	FALSE	0.030626744	FALSE
2023	002-2023	AN ORDINANCE ADOPTING AND IMPLEMENTING THE DIGITIZED INHABITANT REGISTRATION OF REGISTRATION OF RESIDENTS, TRANSIENTS, TOURISTS AND ALL PUBLIC AND PRIVATE ESTABLISHMENTS, THROUGH A ONE-STOP-SHOP MOBILE APPLICATION WITH DIGITAL GOVERNMENT AND E-COMMERCE SERVICES THAT IS ABLE TO USE QR  CODE FOR ONLINE PAYMENT TRANSACTIONS FOR AN EFFECTIVE AND EFFICIENT GOVERNANCE AND FOR THE CONVENIENCE OF THE PUBLIC, KNOWN AS THE 'BAGUIO SMART CITY ECOSYSTEM ORDINANCE'	0.028483808	FALSE	0.015303731	FALSE	0.0124602914	FALSE	0.0202531219	FALSE	0.00523939729	FALSE	0.0170754194	FALSE	0.00631654263	FALSE	0.0317619741	FALSE	0.10426423	FALSE	0.0581147373	FALSE	0.332654566	FALSE	0.064629674	FALSE	0.0812246799	FALSE	0.0611400604	FALSE	0.131501049	FALSE	0.051402688	FALSE	0.324497581	FALSE
2023	003-2023	APPROVING THE TEMPORARY CLOSURE AND USE OF VARIOUS ROADS AND THE RE-ROUTING OF VICTORY LINE BUSES AND OTHER BUS LINES FOR THE CELEBRATION OF THE BAGUIO FLOWER FESTIVAL: PANAGBENGA 2023, SUBJECT TO CONDITIONS.	0.00953641534	FALSE	0.0442357063	FALSE	0.00890600681	FALSE	0.0237208307	FALSE	0.0239694417	FALSE	0.00519675	FALSE	0.0145819187	FALSE	0.0376176536	FALSE	0.0510288179	FALSE	0.0454569459	FALSE	0.475525707	FALSE	0.0283121467	FALSE	0.115632325	FALSE	0.0115810633	FALSE	0.0546001494	FALSE	0.0339850783	FALSE	0.0594083667	FALSE
2023	004-2023	CHANGING THE PROJECT TITLE, 'DEMOLITION AND RECONSTRUCTION OF THE PACDAL DAY CARE CENTER' UNDER THE 2022 ANNUAL INVESTMENT PLANE AMOUNTING TO ₱1,500,000.00 TO 'CONSTRUCTION OR REHABILITATION OF DRAINAGE FROM ANTHONY SIMSIM'S RESIDENCE TO VIOLETA TAMOG-ONG'S RESIDENCE GOING DOWN TO THE CREEK' AT PACDAL BARANGAY, BAGUIO CITY	0.0398666263	FALSE	0.014090687	FALSE	0.018830508	FALSE	0.0123826861	FALSE	0.0137397945	FALSE	0.0122421682	FALSE	0.00814127922	FALSE	0.0315255225	FALSE	0.0410821736	FALSE	0.0243661106	FALSE	0.845534921	TRUE	0.0200226	FALSE	0.0198801458	FALSE	0.0132588148	FALSE	0.0682563484	FALSE	0.0319522023	FALSE	0.0592645109	FALSE
2023	005-2023	AN ORDINANCE DECLARING THE FIRST (1ST) FRIDAY OF OCTOBER OF EVERY YEAR AS OFFICIAL TEACHERS' DAY IN THE CITY OF BAGUIO, INSTITUTIONALIZING THE OUTSTANDING TEACHERS' AWARDS, AND APPROPRIATING FUNDS THEREOF.	0.021397233	FALSE	0.0176851153	FALSE	0.0106814206	FALSE	0.116288364	FALSE	0.0431264043	FALSE	0.00320401788	FALSE	0.00519162416	FALSE	0.0476168096	FALSE	0.023940444	FALSE	0.130827069	FALSE	0.0608737469	FALSE	0.00547602773	FALSE	0.0339230895	FALSE	0.00426509976	FALSE	0.005533427	FALSE	0.238096923	FALSE	0.100004107	FALSE
2023	006-2023	AN ORDINANCE MANDATING THE CITY SOCIAL WELFARE AND DEVELOPMENT OFFICE (CSWDO) THROUGH THE CHILD DEVELOPMENT WORK, TO REQUIRE THE PARENTS/GUARDIANS TO PRESENT THE CHILD'S IMMUNIZATION CARD UPON ENROLLMENT AT THE DAY CARE CENTERS IN THE CITY OF BAGUIO, AND PROVIDING FOR MECHANISM SHOULD THE CHILD BE NOT IMMUNIZED OR PARTIALLY IMMUNIZED.	0.100276858	FALSE	0.0125623047	FALSE	0.0176727772	FALSE	0.0286926031	FALSE	0.0260635018	FALSE	0.00579801202	FALSE	0.00450328	FALSE	0.108273923	FALSE	0.0426498652	FALSE	0.289431959	FALSE	0.250471592	FALSE	0.00832885504	FALSE	0.0176654458	FALSE	0.00495678186	FALSE	0.00901457667	FALSE	0.0579095781	FALSE	0.166598648	FALSE
2023	007-2023	APPROVING THE REQUEST FOR AUTHORITY TO CHARGE THE AMOUNT OF ₱12,500.00 AGAINST THE DISCRETIONARY FUND OF THE CITY MAYOR FOR THE YEAR 2023 UPON REPLENISHMENT OF SAID BUDGET ALLOCATION FOR THE PAYMENT OF MEALS CONSISTING OF AM AND PM SNACKS, AND A BUFFET LUNCH OF THE WORKSHOP FOR THE DEVELOPMENT OF THE NATIONAL ACTION PLAN AGAINST THE CORONAVIRUS DISEASE 2019 (COVID-19) PHASE IV HELD AT THE BAGUIO CONVENTION AND CULTURAL CENTER ON 18 MAY 2022 WHICH INCURRED ADDITIONAL EXPENSE DUE TO ITS TRANSFER OF VENUE FROM THE BAGUIO COUNTRY CLUB.	0.0398414433	FALSE	0.0195230842	FALSE	0.120797306	FALSE	0.046893537	FALSE	0.0145827532	FALSE	0.00794142485	FALSE	0.00563782454	FALSE	0.0181934536	FALSE	0.0416335762	FALSE	0.0904984176	FALSE	0.273433477	FALSE	0.0145291686	FALSE	0.0124852955	FALSE	0.00728625059	FALSE	0.0204319954	FALSE	0.163756639	FALSE	0.245109409	FALSE
2023	008-2023	APPROVING THE REQUEST FOR AUTHORITY TO CHARGE THE TOTAL AMOUNT OF ₱9,804.87 AGAINST THE 2023 CURRENT APPROPRIATIONS OF THE OFFICE OF THE SANGGUNIANG PANLUNGSOD (SP) UNDER ACCOUNT CODE 5-02-03-090 (FUEL, OIL AND LUBRICANTS EXPENSES) FOR THE PAYMENT OF TWO (2) STATEMENT OF ACCOUNTS OF DIESEL CONSUMPTIONS OF GOVERNMENT OFFICE VEHICLES WITH PLATE NO. P4-B568 IN THE AMOUNT OF ₱1,127.83 DATED 05 JANUARY 2023, AND PLATE NO. NGA-6860 IN THE AMOUNT OF ₱8,677.04 DATED 09 JANUARY 2023.	0.00473836064	FALSE	0.0219086111	FALSE	0.00953376293	FALSE	0.00271722674	FALSE	0.00788146257	FALSE	0.0153931379	FALSE	0.391761184	FALSE	0.100961536	FALSE	0.0858358443	FALSE	0.0157286227	FALSE	0.00900518894	FALSE	0.214963466	FALSE	0.0110114217	FALSE	0.0141096711	FALSE	0.0245042443	FALSE	0.0423149168	FALSE	0.0618673861	FALSE
2023	009-2023	REALIGNING THE AMOUNT OF ₱500,000.00 FROM THE PROJECT, “RE-ROUTING OF SEWERLINE AT #39 BUGALLON STREET, RESIDENCE OF MRS. RAQUEL CRUZ” UNDER THE 2018 ANNUAL INVESTMENT PLAN TO “IMPROVEMENT AND REHABILITATION OF OLD SEWERLINE FROM PUROK 1, LEDESMA STREET, RESIDENCES OF REALINA, TABORA AND VELASCO FAMILIES GOING DOWN TO E. NAVARRO ALLEY, PUROK 5, INTERIOR LEDESMA STREET, RESIDENCES OF SANTOS, RUSGAL, QUIAÑO, VALMORES, NIWANI, BAINTO, RAMOS AND FRIGILLANA FAMILIES” AT EAST MODERN SITE BARANGAY, BAGUIO CITY.	0.0157053769	FALSE	0.00990024209	FALSE	0.00503152609	FALSE	0.0129735768	FALSE	0.00960835814	FALSE	0.027490437	FALSE	0.0038446188	FALSE	0.0436006188	FALSE	0.0781354606	FALSE	0.0119238794	FALSE	0.446205497	FALSE	0.0274015069	FALSE	0.00983482599	FALSE	0.0151794553	FALSE	0.0401165783	FALSE	0.0104174316	FALSE	0.0403888524	FALSE
2023	010-2023	N ORDINANCE PROVIDING FREE MAINTENANCE MEDICINE TO INDIGENT RESIDENTS OF THE CITY OF BAGUIO AND APPROPRIATING FUNDS THEREOF.	0.118700862	FALSE	0.0359728038	FALSE	0.0107486844	FALSE	0.0286737382	FALSE	0.110663563	FALSE	0.00474411249	FALSE	0.00343900919	FALSE	0.082695812	FALSE	0.0200244188	FALSE	0.264631331	FALSE	0.0534644425	FALSE	0.00542327762	FALSE	0.0254637301	FALSE	0.00459808111	FALSE	0.00937709212	FALSE	0.202810794	FALSE	0.100333393	FALSE
2023	011-2023	AN ORDINANCE ESTABLISHING A POLICY IN PREVENTING TEENAGE PREGNANCIES, INSTITUTIONALIZING THE SOCIAL PROTECTION PROGRAM FOR TEENAGE PARENTS AND THEIR CHILDREN IN LINE WITH EXECUTIVE ORDER NO. 141 ADDRESSING THE ROOT CAUSES OF TEENAGE PREGNANCY AND PROVIDING SOCIAL PROTECTION FOR TEENAGE MOTHERS AND THEIR CHILDREN.	0.0433447361	FALSE	0.0308126211	FALSE	0.364943743	FALSE	0.0282656252	FALSE	0.475056887	FALSE	0.0035302043	FALSE	0.00546070933	FALSE	0.0339313149	FALSE	0.0108892322	FALSE	0.0413681269	FALSE	0.00836902857	FALSE	0.0060044229	FALSE	0.00608792901	FALSE	0.004950881	FALSE	0.00545236468	FALSE	0.094658196	FALSE	0.0428975523	FALSE
2023	012-2023	APPROVING THE REQUEST FOR AUTHORITY TO CHARGE THE TOTAL AMOUNT OF P48,800.00 AGAINST THE 2022 CURRENT APPROPRIATIONS OF THE OFFICE OF THE SANGGUNIANG PANLUNGSOD (SP) UNDER ACCOUNT CODES: 5-01-01-010 (SALARIES AND WAGES-REGULAR) - P32,000.00; 5-01-02-010 (PERSONAL ECONOMIC RELIEF ALLOWANCE-PERA) - P8,000.00; 5-01-03-010 (RETIREMENT AND LIFE INSURANCE PREMIUMS) - P8,000.00; 5-01-03-020 (PAG-IBIG CONTRIBUTIONS) - P400.00; AND 5-01-04-040 (EMPLOYEES COMPENSATION INSURANCE PREMIUMS) - P400.00, FOR THE PAYMENT OF SALARIES AND WAGES, PERSONAL ECONOMIC RELIEF ALLOWANCE, RETIREMENT AND LIFE INSURANCE PREMIUMS, PAG-IBIG CONTRIBUTIONS, AND EMPLOYEES COMPENSATION INSURANCE PREMIUMS OF MS. CARMELITA G. BAYQUEN, MR. RICHARD E. HADSAN, MR. DIONISIO D. PADIO, AND MR. MICHAEL JOSEPH F. TABANDA, WHOSE TERM ENDED ON 01 JULY 2016 AS COTERMINOUS STAFF.	0.0480034947	FALSE	0.0128587782	FALSE	0.00664743781	FALSE	0.0143181682	FALSE	0.0392743349	FALSE	0.0055038929	FALSE	0.0121045113	FALSE	0.736845553	TRUE	0.0513928235	FALSE	0.0901024044	FALSE	0.011161685	FALSE	0.0279916227	FALSE	0.0140435398	FALSE	0.0068282783	FALSE	0.0103629529	FALSE	0.0308920145	FALSE	0.0666972101	FALSE
2023	013-2023	CHANGING THE PROJECT TITLE, 'COMPLETION OF EVACUATION AND ISOLATION CENTER LOCATED AT THE VIEW DECK COMPOUND BOUNDED ON THE WEST BY THE QUIRINO HILL ELEMENTARY SCHOOL AND ON THE EAST BY SAN ROQUE CHURCH' UNDER THE 2022 ANNUAL INVESTMENT PLAN AMOUNTING TO P500,000.00 TO 'COMPLETION AND ISOLATION AND EVACUATION CENTER INCLUDING ITS PERIMETER FENCE TO SECURE THE AREA WHICH IS LOCATED AT THE VIEW DECK COMPOUND BOUNDED ON THE WEST BY THE QUIRINO HILL ELEMENTARY SCHOOL AND ON THE EAST BY SAN ROQUE CHURCH' AT MIDDLE QUIRINO HILL BARANGAY, BAGUIO CITY.	0.0269173086	FALSE	0.0110251606	FALSE	0.0219585896	FALSE	0.0219342113	FALSE	0.0141816437	FALSE	0.00844502449	FALSE	0.00929966569	FALSE	0.0209689736	FALSE	0.0453847647	FALSE	0.0321760178	FALSE	0.775744796	TRUE	0.0107703209	FALSE	0.035405606	FALSE	0.0154060721	FALSE	0.0280297697	FALSE	0.0276221335	FALSE	0.0630193353	FALSE
2023	014-2023	FURTHER AMENDING SECTION 4 OF ORDINANCE NUMBERED 28, SERIES OF 2018 (AMENDING ORDINANCE NUMBERED 108, SERIES OF 2008 [REGULATING THE USE OF PARKING SPACES AND BLUE LANES FOR THE USE OF PERSONS WITH DISABILITIES (PWDS)]).	0.03909114	FALSE	0.0072799325	FALSE	0.0105270147	FALSE	0.0740965307	FALSE	0.056851536	FALSE	0.00384795666	FALSE	0.00366476178	FALSE	0.0392552316	FALSE	0.0109386742	FALSE	0.50322324	TRUE	0.0962651074	FALSE	0.00366821885	FALSE	0.012681365	FALSE	0.00771656632	FALSE	0.0087493062	FALSE	0.096837908	FALSE	0.0357910097	FALSE
2023	015-2023	AN ORDINANCE CREATING THE BAGUIO CITY CULTURE AND ARTS COUNCIL (BCCAC), DEFINING ITS FUNCTIONS, AND APPROPRIATING FUNDS THEREOF.	0.027875334	FALSE	0.0144198239	FALSE	0.00905197859	FALSE	0.0408196449	FALSE	0.0225991905	FALSE	0.00511884689	FALSE	0.00675845146	FALSE	0.0570418835	FALSE	0.0341483057	FALSE	0.177816659	FALSE	0.52706629	TRUE	0.00939777493	FALSE	0.0739266872	FALSE	0.0107209086	FALSE	0.0142423213	FALSE	0.0904678702	FALSE	0.0917485952	FALSE
2023	016-2023	APPROVING THE REQUEST FOR AUTHORITY TO CHARGE THE AMOUNT OF P19,183.49 AGAINST THE 2023 CURRENT APPROPRIATIONS OF THE CITY ENVIRONMENT AND PARKS MANAGEMENT OFFICE (CEPMO) UNDER ACCOUNT CODE: 5-02-03-090 (FUEL, OIL AND LUBRICANTS EXPENSES) FOR THE PAYMENT OF UNPAID GASOLINE AND DIESEL OIL CONSUMPTION OF VEHICLES AND EQUIPMENT FOR THE PERIOD TO DECEMBER 2022.	0.0107791126	FALSE	0.0115678012	FALSE	0.0121516287	FALSE	0.00757023692	FALSE	0.00613212585	FALSE	0.0158231556	FALSE	0.0410374403	FALSE	0.0296577513	FALSE	0.0518174767	FALSE	0.0186782479	FALSE	0.833339095	TRUE	0.0511094332	FALSE	0.0335562527	FALSE	0.0232428908	FALSE	0.0901530087	FALSE	0.0463202298	FALSE	0.0360690951	FALSE
2023	017-2023	APPROVING THE REQUEST FOR AUTHORITY TO CHARGE THE TOTAL AMOUNT OF P138,064.96 AGAINST THE 2023 CURRENT APPROPRIATIONS OF THE MANAGEMENT INFORMATION TECHNOLOGY DIVISION (MITD) UNDER THE CITY MAYOR'S OFFICE UNDER ACCOUNT CODE 5-02-03-030 (INTERNET SUBSCRIPTION EXPENSES) FOR THE PAYMENT OF UNBILLED WEBSITE HOSTING STATEMENT IN JANUARY 2021 TO DECEMBER 2021 FROM THE HOSTING PROVIDER BITSTOP NETWORK SOLUTIONS, INC. (BNSI).	0.0113280118	FALSE	0.00999581814	FALSE	0.0108444989	FALSE	0.114786923	FALSE	0.0117207766	FALSE	0.00629109144	FALSE	0.0168404281	FALSE	0.0784552395	FALSE	0.214965314	FALSE	0.0650917292	FALSE	0.297713876	FALSE	0.0177039206	FALSE	0.0289791524	FALSE	0.00764012337	FALSE	0.0112327337	FALSE	0.0748302042	FALSE	0.210717052	FALSE
2023	018-2023	APPROVING FREE ACCOMMODATION OR ENTRANCE AT THE BAGUIO BOTANICAL GARDEN OF IDENTIFIED PARTICIPANTS TO THE ECO-WALK ON 7 FEBRUARY 2023 AT 8:00 A.M. TO 12:00 P.M. ORGANIZED BY THE PERSONS WITH DISABILITY AFFAIRS OFFICE (PDAO).	0.0208717883	FALSE	0.0162037909	FALSE	0.00954058766	FALSE	0.199954391	FALSE	0.101265877	FALSE	0.00285318494	FALSE	0.00466841459	FALSE	0.0561379492	FALSE	0.0133731067	FALSE	0.35811615	FALSE	0.10509035	FALSE	0.00753262639	FALSE	0.0742089748	FALSE	0.0200927854	FALSE	0.0251380205	FALSE	0.0383059382	FALSE	0.0272079408	FALSE
2023	019-2023	APPROVING THE REQUEST FOR AUTHORITY TO CHARGE THE AMOUNT OF P3,471.72 AGAINST THE 2023 CURRENT APPROPRIATIONS OF THE CITY DISASTER RISK REDUCTION AND MANAGEMENT OFFICE (CDRRMO) UNDER ACCOUNT CODE 5-02-03-090 (FUEL, OIL AND LUBRICANTS EXPENSES) FOR THE FULL PAYMENT OF UNPAID CONSUMPTION OF THEIR OFFICE VEHICLE WITH PLATE NUMBER SKE 110 INCURRED IN DECEMBER 2022 IN THE TOTAL AMOUNT OF P15,471.72.	0.0220536888	FALSE	0.0125956833	FALSE	0.0105935931	FALSE	0.0115301013	FALSE	0.0143168867	FALSE	0.0103062987	FALSE	0.0160708427	FALSE	0.0168371797	FALSE	0.0224399865	FALSE	0.0164296925	FALSE	0.0661048	FALSE	0.0168837011	FALSE	0.84663403	TRUE	0.0183878243	FALSE	0.0190213621	FALSE	0.0267676711	FALSE	0.0315885544	FALSE
2023	020-2023	APPROVING THE REQUEST FOR AUTHORITY TO CHARGE THE AMOUNT OF P909.36 AGAINST THE 2023 CURRENT APPROPRIATIONS OF THE CITY DISASTER RISK REDUCTION AND MANAGEMENT OFFICE (CDRRMO) UNDER ACCOUNT CODE 5-02-03-090 (FUEL, OIL AND LUBRICANTS EXPENSES) FOR THE PAYMENT OF FUEL CONSUMPTION OF THE GENERATOR USED DURING THE GROUNDBREAKING CEREMONY AT KENNON ROAD ON 05 DECEMBER 2022.	0.0172386765	FALSE	0.0124773085	FALSE	0.0103660226	FALSE	0.00910401344	FALSE	0.00881189108	FALSE	0.0136829615	FALSE	0.021564275	FALSE	0.0124168992	FALSE	0.0243507326	FALSE	0.0124245286	FALSE	0.0816048682	FALSE	0.0219812393	FALSE	0.853133261	TRUE	0.020310849	FALSE	0.0231367946	FALSE	0.0184600055	FALSE	0.0285855234	FALSE
2023	021-2023	APPROVING THE REQUEST FOR AUTHORITY TO CHARGE THE AMOUNT OF P63,953.45 AGAINST THE 2023 CURRENT APPROPRIATIONS OF THE CITY ENVIRONMENT AND PARKS MANAGEMENT OFFICE (CEPMO) UNDER ACCOUNT CODE 5-02-04-020 (ELECTRICITY EXPENSES) FOR THE PAYMENT OF UNPAID ELECTRICITY CONSUMPTION OF CITY PARKS AND FIELD OFFICES COVERING THE PERIOD 22 NOVEMBER 2022 TO 26 JANUARY 2023.	0.0187841058	FALSE	0.0121774375	FALSE	0.0114764571	FALSE	0.0108752847	FALSE	0.0063457191	FALSE	0.0105979741	FALSE	0.0308860242	FALSE	0.0218090415	FALSE	0.0401501656	FALSE	0.0285644233	FALSE	0.842053652	TRUE	0.0265482962	FALSE	0.102008641	FALSE	0.0157287717	FALSE	0.0783761144	FALSE	0.0417617857	FALSE	0.0459758937	FALSE
2023	022-2023	FURTHER AMENDING ORDINANCE NUMBERED 050, SERIES OF 1995 (GOVERNING THE USE OF UNIFORMS BY CITY GOVERNMENT OFFICIALS AND EMPLOYEES AND FOR OTHER PURPOSES) AS AMENDED BY ORDINANCE NUMBERED 114, SERIES OF 2017 AND ORDINANCE NUMBERED 24, SERIES OF 2021.	0.0268636644	FALSE	0.0186478198	FALSE	0.0155788362	FALSE	0.0406646729	FALSE	0.0342593789	FALSE	0.00698745251	FALSE	0.0119613409	FALSE	0.0490386188	FALSE	0.0362451971	FALSE	0.181815565	FALSE	0.333031088	FALSE	0.0116238892	FALSE	0.0785728395	FALSE	0.0100444257	FALSE	0.0171977282	FALSE	0.377196759	FALSE	0.158032089	FALSE
2023	023-2023	AN ORDINANCE PRESCRIBING QUALIFICATION STANDARDS FOR THE POSITION OF SUPERVISING LABOR AND EMPLOYMENT OFFICER, SG-22/1, IN THE PUBLIC EMPLOYMENT SERVICE OFFICE (PESO) UNDER THE CITY MAYOR'S OFFICE.	0.0260726213	FALSE	0.0157917738	FALSE	0.0039935112	FALSE	0.0238126516	FALSE	0.0315199792	FALSE	0.00470715761	FALSE	0.00794276595	FALSE	0.62658608	TRUE	0.0699514747	FALSE	0.152816057	FALSE	0.0390037596	FALSE	0.0200650692	FALSE	0.0186921656	FALSE	0.00637269	FALSE	0.00881791115	FALSE	0.0652110875	FALSE	0.0937923789	FALSE
2023	024-2023	APPROVING THE REQUEST FOR AUTHORITY TO CHARGE THE TOTAL AMOUNT OF P12,655.48 AGAINST THE 2023 CURRENT APPROPRIATIONS OF THE CITY ASSESSOR'S OFFICE UNDER ACCOUNT CODE 5-02-03-090 (FUEL, OIL AND LUBRICANTS EXPENSES) FOR THE PAYMENT OF UNPAID FUEL CONSUMPTION OF THEIR OFFICE VEHICLES INCURRED IN DECEMBER 2022.	0.00557875633	FALSE	0.015540123	FALSE	0.00675275922	FALSE	0.00442498922	FALSE	0.00689938664	FALSE	0.00726777315	FALSE	0.503696263	TRUE	0.0550363064	FALSE	0.0353868306	FALSE	0.0414787531	FALSE	0.0354869664	FALSE	0.0430575311	FALSE	0.0255357027	FALSE	0.00768435	FALSE	0.0111994147	FALSE	0.0793511569	FALSE	0.032300204	FALSE
2023	025-2023	AN ORDINANCE SETTING A ONE-WAY TRAFFIC SCHEME ALONG CRYSTAL AND PEARL ALLEY AT UPPER ROCK QUARRY BARANGAY, BAGUIO CITY FROM DACOROON RESIDENCE EXIT GOING DOWN TO SUDAYAN STREET BETWEEN GONZALES RESIDENCE AND IGADNA'S RESIDENCE	0.0489885509	FALSE	0.0248871744	FALSE	0.00800952315	FALSE	0.022118181	FALSE	0.0405103862	FALSE	0.00736665726	FALSE	0.00834512711	FALSE	0.083100915	FALSE	0.031819135	FALSE	0.0552730858	FALSE	0.792800188	TRUE	0.0133577883	FALSE	0.0760026276	FALSE	0.0152511299	FALSE	0.0280558765	FALSE	0.0482777655	FALSE	0.0308513343	FALSE
2023	026-2023	APPROVING THE REQUEST FOR AUTHORITY TO CHARGE THE AMOUNT OF P23,000.00 AGAINST THE 2023 CURRENT APPROPRIATIONS OF THE CITY ADMINISTRATOR'S OFFICE UNDER ACCOUNT CODE 5-02-05-990 (OTHER SUPPLIES AND MATERIALS EXPENSES) FOR THE PAYMENT OF TOKENS OF PERSONALIZED T-CHAIRS PURCHASED SINCE 2020 AND WERE GIVEN TO DELEGATION MEMBERS AS KEEPSAKES OF THE DAVAO, PARTICULARLY DOMESTIC AND INTERNATIONAL SISTER CITIES.	0.0181527734	FALSE	0.00745219	FALSE	0.0141423047	FALSE	0.020850867	FALSE	0.0099055469	FALSE	0.00559970737	FALSE	0.00819000602	FALSE	0.0387012362	FALSE	0.0673378408	FALSE	0.185572892	FALSE	0.457709074	FALSE	0.00983145833	FALSE	0.0303333402	FALSE	0.0105141699	FALSE	0.014264375	FALSE	0.0476793945	FALSE	0.173460066	FALSE
2023	027-2023	AMENDING ORDINANCE NUMBERED 12, SERIES OF 2013 (ESTABLISHING THE PUBLIC UTILITIES MONITORING PROGRAM FOR GOVERNMENT OFFICES/BUILDINGS AND PROVIDING INCENTIVE FOR THE SAME) AND REDUCTION IN THE CONSUMPTION OF WATER AND ELECTRICITY.	0.0155223906	FALSE	0.0326731503	FALSE	0.0141962469	FALSE	0.0148414373	FALSE	0.00796315074	FALSE	0.644540191	TRUE	0.0909376442	FALSE	0.0149549544	FALSE	0.0792762339	FALSE	0.0240815282	FALSE	0.0671891	FALSE	0.0778703094	FALSE	0.0246372819	FALSE	0.0135549009	FALSE	0.025873363	FALSE	0.0444814265	FALSE	0.106743336	FALSE
2023	028-2023	AN ORDINANCE REPEALING ORDINANCE NUMBERED 23, SERIES OF 2010 [REQUIRING THE PRESENTATION OF SOCIAL SECURITY SYSTEM (SSS) CLEARANCE CERTIFICATE PRIOR TO ISSUANCE OF MAYOR'S PERMIT OR BUSINESS LICENSE/PERMIT TO EMPLOYERS/BUSINESS ESTABLISHMENTS AND AGENCIES AND FURTHER REQUIRING THE DISPLAY OF THE SSS CERTIFICATE OF SAID THE BUSINESS ESTABLISHMENTS AND OFFICES].	0.021676898	FALSE	0.016613245	FALSE	0.00410732627	FALSE	0.0278613269	FALSE	0.0547926426	FALSE	0.0050047636	FALSE	0.00622555614	FALSE	0.225670695	FALSE	0.0284426808	FALSE	0.282892406	FALSE	0.0314152837	FALSE	0.0114177465	FALSE	0.0282010436	FALSE	0.00457334518	FALSE	0.00800526142	FALSE	0.350211978	FALSE	0.0777151585	FALSE
2023	029-2023	AN ORDINANCE GOVERNING THE OPERATION, MANAGEMENT AND MAINTENANCE OF THE CITY DISASTER RISK REDUCTION AND MANAGEMENT OFFICE (CDRRMO) BUILDING AND AUTHORIZING THE COLLECTION OF FEES FOR THE USE THEREOF.	0.0231490731	FALSE	0.0126106143	FALSE	0.0116536319	FALSE	0.0139246583	FALSE	0.0124926269	FALSE	0.00974366069	FALSE	0.0117732882	FALSE	0.0154137015	FALSE	0.0268768966	FALSE	0.0184430778	FALSE	0.138884246	FALSE	0.0155946612	FALSE	0.843701363	TRUE	0.0177751482	FALSE	0.0214782357	FALSE	0.0219536424	FALSE	0.0390436649	FALSE
2023	030-2023	AUTHORIZING A SUPPLEMENTAL BUDGET FROM THE CITY DISASTER RISK REDUCTION AND MANAGEMENT FUND-TRUST FUND IN THE TOTAL AMOUNT OF EIGHT MILLION PESOS (₱8,000,000.00) FOR THE PROCUREMENT OF NECESSARY SUPPLIES AND EQUIPMENT TO FACILITATE TEMPORARY STALLS OF AFFECTED VENDORS OF BLOCKS 3 AND 4 OF THE BAGUIO CITY PUBLIC MARKET, AND ALSO TO RESTORE THE ROOFING OF THE LIVESTOCK AREA THEREAT.	0.0203384161	FALSE	0.0108222663	FALSE	0.0119656026	FALSE	0.0107689202	FALSE	0.00960749388	FALSE	0.00876775384	FALSE	0.0135465562	FALSE	0.014226526	FALSE	0.0242067873	FALSE	0.0157999694	FALSE	0.121685505	FALSE	0.0163393021	FALSE	0.82706356	TRUE	0.016851455	FALSE	0.0226952732	FALSE	0.0202690363	FALSE	0.0351812541	FALSE
2023	031-2023	REALIGNING THE AMOUNT OF P20,000,000.00 FROM THE PROJECT 'SIDEWALK RECOVERY AND IMPROVEMENT AT UPPER P. BURGOS GOING TO STO. TOMAS MAGALANG,' TO KINGSTON MAGAYSAY UNDER THE 2022 ANNUAL INVESTMENT PLAN TO THE PROJECT PHASE OF ROAD RIGHT-OF-WAY AND SIDEWALK RECOVERY AT CITY CAMP (NORTH) STO. TOMAS ROAD)' AT STO. TOMAS, BAGUIO CITY.	0.0210283697	FALSE	0.00833758712	FALSE	0.011172086	FALSE	0.00996503234	FALSE	0.00900968909	FALSE	0.00871303678	FALSE	0.0133634508	FALSE	0.0618972182	FALSE	0.134859353	FALSE	0.0184356272	FALSE	0.803999782	TRUE	0.0254977643	FALSE	0.0209025145	FALSE	0.0140500665	FALSE	0.035782665	FALSE	0.0193013251	FALSE	0.0718301535	FALSE
2023	032-2023	AUHTORIZING A SUPPLEMENTAL BUDGET IN THE TOTAL AMOUNT OF ONE HUNDRED SEVENTY-EIGHT MILLION ONE HUNDRED TWENTY THOUSAND PESOS (₱178,120,000.00) FOR THE FUNDING OF VARIOUS PRIORITY PROJECTS IDENTIFIED IN THE APPROVED FIRST (1ST) SUPPLEMENTAL ANNUAL INVESTMENT PROGRAM FOR CALENDAR YEAR 2023 OF THE CITY GOVERNMENT OF BAGUIO UNDER RESOLUTIONS NUMBERED 133 AND 146, BOTH SERIES OF 2023	0.0257945061	FALSE	0.0086529851	FALSE	0.0177002251	FALSE	0.0151230991	FALSE	0.00846365094	FALSE	0.0071490705	FALSE	0.00971776247	FALSE	0.0322897732	FALSE	0.139546245	FALSE	0.0526778102	FALSE	0.44822669	FALSE	0.017701447	FALSE	0.0322585702	FALSE	0.00828561187	FALSE	0.0226120651	FALSE	0.0568178892	FALSE	0.303804517	FALSE
2023	033-2023	APPROVING THE REQUEST FOR AUTHORITY TO CHARGE THE TOTAL AMOUNT OF ₱5,305.86 AGAINST THE 2023 CURRENT APPROPRIATIONS OF THE CITY SOCIAL WELFARE AND DEVELOPMENT OFFICE (CSWDO) UNDER ACCOUNT CODE 5-01-01-010 (SALARIES AND WAGES-REGULAR) – ₱5,105.86; ACCOUNT CODE 5-01-03-020 (PAG-IBIG CONTRIBUTIONS) – ₱100.00; AND ACCOUNT CODE 5-01-03-040 (EMPLOYEES COMPENSATION INSURANCE PREMIUMS) – ₱100.00, FOR THE PAYMENT OF GOVERNMENT ADJUSTED GOVERNMENT SERVICE INSURANCE SYSTEM (GSIS) SHARE, PAG-IBIG AND SOCIAL INSURANCE FUND (SIF) OF THE NEWLY APPOINTED MS. ELLEN G. WILLIAM AS SOCIAL WELFARE OFFICER IV OF THE SAID OFFICE FOR THE MONTH OF DECEMBER 2022.	0.0540290177	FALSE	0.00941607356	FALSE	0.00460600853	FALSE	0.0144819319	FALSE	0.0208273828	FALSE	0.00417536497	FALSE	0.00731822848	FALSE	0.518807173	TRUE	0.044344902	FALSE	0.191438437	FALSE	0.0638640225	FALSE	0.0142925382	FALSE	0.013000071	FALSE	0.00525102	FALSE	0.00925946236	FALSE	0.0223549	FALSE	0.064365238	FALSE
2023	034-2023	APPROVING THE REQUEST FOR AUTHORITY TO CHARGE THE AMOUNT OF P4,612.79 AGAINST THE 2023 CURRENT APPROPRIATIONS OF THE CITY ENVIRONMENT AND PARKS MANAGEMENT OFFICE (CEPMO) UNDER ACCOUNT CODE 5-01-03-010 (RETIREMENT AND LIFE INSURANCE) FOR THE PAYMENT OF UNPAID TERMINAL LEAVE BENEFIT OF MR. ANDREW D. NACATAB, FORMER FORESTER I OF THE SAID OFFICE.	0.065908581	FALSE	0.0246466398	FALSE	0.00538387895	FALSE	0.00557458401	FALSE	0.0106265843	FALSE	0.00746101141	FALSE	0.0091452	FALSE	0.30791384	FALSE	0.0881495774	FALSE	0.0200377405	FALSE	0.258324385	FALSE	0.194933683	FALSE	0.0398294926	FALSE	0.0170951784	FALSE	0.306932658	FALSE	0.042381376	FALSE	0.113818139	FALSE
2023	035-2023	APPROVING THE REQUEST FOR AUTHORITY TO CHARGE THE TOTAL AMOUNT OF P18,800.50 AGAINST THE 2023 CURRENT APPROPRIATIONS OF THE CITY MAYOR'S OFFICE UNDER ACCOUNT CODE 5-01-02-140 (YEAR-END BONUS) IN THE AMOUNT OF P14,050.50, AND ACCOUNT CODE 5-01-05-130 (CASH GIFT) IN THE AMOUNT OF P4,750.00, FOR THE PAYMENT OF YEAR-END BONUS AND CASH GIFT OF MR. ARMAND C. DURAN, FORMER ADMINISTRATIVE AIDE III (DRIVER I) OF THE SAID OFFICE, WHO RETIRED FROM GOVERNMENT SERVICE EFFECTIVE	0.0208241642	FALSE	0.00719434	FALSE	0.0105071962	FALSE	0.0216561556	FALSE	0.0163323283	FALSE	0.00569888949	FALSE	0.00634011626	FALSE	0.0487549305	FALSE	0.0268679559	FALSE	0.202853292	FALSE	0.251402497	FALSE	0.0110293925	FALSE	0.0161387324	FALSE	0.00726950169	FALSE	0.0172788203	FALSE	0.387876511	FALSE	0.112522095	FALSE
2023	036-2023	APPROVING THE REQUEST FOR AUTHORITY TO CHARGE THE AMOUNT OF P3,050.00 AGAINST THE 2023 CURRENT APPROPRIATIONS OF THE CITY SOCIAL WELFARE AND DEVELOPMENT OFFICE (CSWDO) UNDER ACCOUNT CODE 5-02-02-010 (TRAINING EXPENSES) FOR THE PAYMENT OF GASOLINE, JIG WORLD IN THE PURCHASE ORDER NO. 1336 USED DURING THE CONDUCT OF PARTICIPATORY COMMUNITY BUILDING ON 17 AND 18 NOVEMBER 2020.	0.0380364656	FALSE	0.0125803947	FALSE	0.00580081344	FALSE	0.0116409063	FALSE	0.0118669271	FALSE	0.00728452206	FALSE	0.00923669338	FALSE	0.12916708	FALSE	0.0431679785	FALSE	0.397598445	FALSE	0.408246815	FALSE	0.0194560587	FALSE	0.0207407176	FALSE	0.00829404593	FALSE	0.0255997777	FALSE	0.0584152043	FALSE	0.0833309889	FALSE
2023	037-2023	APPROVING THE REQUEST FOR AUTHORITY TO CHARGE THE AMOUNT OF P1,600,000.00 AGAINST THE 2023 CURRENT APPROPRIATIONS OF THE CITY SOCIAL WELFARE AND DEVELOPMENT OFFICE (CSWDO) UNDER ACCOUNT CODE 5-02-07-060-10 (MOTOR VEHICLES) FOR THE PURCHASE OF OFFICE MOTOR VEHICLE, PARTICULARLY A DIESEL PASSENGER VAN WITH ENGINE DISPLACEMENT OF 2500 CC AND ENGINE NOT EXCEEDING FOUR (4) CYLINDERS.	0.0643250048	FALSE	0.0119712651	FALSE	0.00834989548	FALSE	0.0108636618	FALSE	0.0141888559	FALSE	0.00696131587	FALSE	0.00855752826	FALSE	0.0872223675	FALSE	0.0286487043	FALSE	0.462362	FALSE	0.405045867	FALSE	0.0108483732	FALSE	0.0187584758	FALSE	0.00921297073	FALSE	0.0186705589	FALSE	0.0377922654	FALSE	0.059142977	FALSE
2023	038-2023	APPROVING THE REQUEST FOR AUTHORITY TO CHARGE THE TOTAL AMOUNT OF P336,117.34 AGAINST THE 2023 CURRENT APPROPRIATIONS OF THE CITY ADMINISTRATOR'S OFFICE UNDER ACCOUNT CODE 5-02-04-020 (ELECTRICITY EXPENSES) AND DISBURSE THE SAME FOR THE PAYMENT OF ELECTRIC COMPANY BILLS INCURRED AT THE SWIMMING POOL FACILITY FOR THE MONTHS OF NOVEMBER 2022 IN THE AMOUNT OF P80,598.30, AND DECEMBER 2022 IN THE TOTAL AMOUNT OF P255,519.04.	0.0103860199	FALSE	0.0059183538	FALSE	0.00752720237	FALSE	0.024476409	FALSE	0.0130546093	FALSE	0.0123850107	FALSE	0.0215599239	FALSE	0.037956	FALSE	0.0418468714	FALSE	0.147880673	FALSE	0.333184481	FALSE	0.015227735	FALSE	0.0195841193	FALSE	0.0388296545	FALSE	0.0164576769	FALSE	0.107336074	FALSE	0.0835796	FALSE
2023	039-2023	AN ORDINANCE DECLARING BAGUIO CITY AS A CHARACTER CITY, ADOPTING ITS CHARACTER CITY PROGRAMS, AND FOR OTHER PURPOSES.	0.0512466133	FALSE	0.027579546	FALSE	0.00829199	FALSE	0.0336605906	FALSE	0.0312241018	FALSE	0.00592204928	FALSE	0.00846514106	FALSE	0.0434990823	FALSE	0.0264997482	FALSE	0.15684098	FALSE	0.453229904	FALSE	0.00793394446	FALSE	0.131347507	FALSE	0.00849553943	FALSE	0.0135805309	FALSE	0.0898907781	FALSE	0.0738297105	FALSE
2023	040-2023	APPROVING THE REQUEST OF MRK QUEEN OF PEACE BARANGAY, BAGUIO CITY FOR THE CLOSURE OF QUEEN OF PEACE ROAD FROM 1:00 IN THE AFTERNOON OF 06 MAY 2023 (SATURDAY) UNTIL 11:59 IN THE EVENING OF 07 MAY 2023 (SUNDAY) FOR THE CONDUCT OF THEIR BARANGAY FIESTA 2023	0.0337361693	FALSE	0.0345566571	FALSE	0.0130614638	FALSE	0.0309709609	FALSE	0.12722	FALSE	0.00457853079	FALSE	0.00576576591	FALSE	0.0569278	FALSE	0.0231961012	FALSE	0.173619807	FALSE	0.369497657	FALSE	0.0116775334	FALSE	0.0912478864	FALSE	0.0117805302	FALSE	0.0287129581	FALSE	0.198207349	FALSE	0.081867516	FALSE
2023	041-2023	AUTHORIZING A SUPPLEMENTAL BUDGET IN THE TOTAL AMOUNT OF SEVEN MILLION PESOS (₱7,000,000.00) FOR THE FUNDING OF VARIOUS PRIORITY PROJECTS IDENTIFIED IN THE APPROVED FIRST (1ST) SUPPLEMENTAL ANNUAL INVESTMENT PROGRAM FOR CALENDAR YEAR 2023 OF THE CITY GOVERNMENT OF BAGUIO UNDER RESOLUTIONS NUMBERED 133 AND 146, BOTH SERIES OF 2023, SUBJECT TO CONDITIONS.	0.0236548483	FALSE	0.00932923	FALSE	0.0206752419	FALSE	0.0169734955	FALSE	0.00989460945	FALSE	0.00703018904	FALSE	0.0113649666	FALSE	0.0319359601	FALSE	0.142863482	FALSE	0.0497427881	FALSE	0.448425859	FALSE	0.0178931355	FALSE	0.0441764295	FALSE	0.00836861134	FALSE	0.0208537281	FALSE	0.0637889802	FALSE	0.316787601	FALSE
2023	042-2023	AUTHORIZING A SUPPLEMENTAL BUDGET IN THE TOTAL AMOUNT OF FOURTEEN MILLION ONE HUNDRED EIGHTEEN SIS HUNDRED PESOS (₱14,118,600.00) FOR THE FUNDING OF VARIOUS PRIORITY PROJECTS IDENTIFIED IN THE APPROVED THIRD (3RD) SUPPLEMENTAL ANNUAL INVESTMENT PROGRAM FOR CALENDAR YEAR 2023 OF THE CITY GOVERNMENT OF BAGUIO	0.0260520577	FALSE	0.00881582499	FALSE	0.0173348486	FALSE	0.0155274868	FALSE	0.00801211596	FALSE	0.00710111856	FALSE	0.010591805	FALSE	0.0328594148	FALSE	0.141764432	FALSE	0.0595860183	FALSE	0.397402	FALSE	0.0164817572	FALSE	0.0373754203	FALSE	0.0078599453	FALSE	0.0193173	FALSE	0.0535214841	FALSE	0.311192214	FALSE
2023	043-2023	APPROVING THE REQUEST FOR AUTHORITY TO REALIGN/TRANSFER IN THE SCHOOLS DIVISION OF BAGUIO CITY THE AMOUNT OF FOUR MILLION PESOS (P4,000,000.00) FROM ACCOUNT CODE 5-02-13-020 (REPAIRS AND MAINTENANCE-BUILDINGS AND OTHER STRUCTURES) TO ACCOUNT CODE 1-07-04-010 (BUILDINGS) UNDER OBLIGATION REQUEST NO. 211-2020 DATED 29 DECEMBER 2020 TO COVER THE FUNDING REQUIREMENT FOR THE PROJECT ENTITLED 'MODERNIZATION OF EDUCATIONAL FACILITIES – REPAIR AND UPGRADING OF DIVISION OFFICE COMFORT ROOMS AND OTHER FACILITIES FOR PERSONS WITH DISABILITIES.'	0.0195269883	FALSE	0.0067705214	FALSE	0.018874824	FALSE	0.753000498	TRUE	0.0201295614	FALSE	0.00712522864	FALSE	0.00814816356	FALSE	0.0268687308	FALSE	0.0398288369	FALSE	0.0847025514	FALSE	0.159226149	FALSE	0.00767466426	FALSE	0.0132446289	FALSE	0.00984528661	FALSE	0.0102644861	FALSE	0.02965644	FALSE	0.0477005541	FALSE
2023	044-2023	AN ORDINANCE ADOPTING A CITY DEVELOPMENTAL APPROACH TO MENDICANCY, CREATING A TASK FORCE FOR THE PURPOSE AND DEFINING THE SCOPE OF WORK AND FUNCTIONS THEREOF.	0.0519731641	FALSE	0.0233398676	FALSE	0.00923004746	FALSE	0.0342274606	FALSE	0.0790480673	FALSE	0.00621980429	FALSE	0.0061289072	FALSE	0.0720825791	FALSE	0.0252421498	FALSE	0.0583115816	FALSE	0.604941249	TRUE	0.00763419271	FALSE	0.039054215	FALSE	0.00818917155	FALSE	0.0139585137	FALSE	0.0409205556	FALSE	0.0264763832	FALSE
2023	045-2023	AMENDING SECTIONS 3, 7 AND 9 OF ORDINANCE NUMBERED 116, SERIES OF 2019 (AN ORDINANCE PROVIDING FOR THE CITY GOVERNMENT OF BAGUIO COLLEGE SCHOLARSHIP PROGRAM FOR DESERVING STUDENTS, PROVIDING FUNDS THEREFOR AND FOR OTHER PURPOSES).	0.0302515924	FALSE	0.0132761	FALSE	0.0116848052	FALSE	0.225766361	FALSE	0.0312593579	FALSE	0.00393468142	FALSE	0.00427076221	FALSE	0.0361257493	FALSE	0.0387941599	FALSE	0.189012855	FALSE	0.0634860694	FALSE	0.00589099526	FALSE	0.0322850347	FALSE	0.00584641099	FALSE	0.00704219937	FALSE	0.144485384	FALSE	0.180254668	FALSE
2023	046-2023	AN ORDINANCE AMENDING SECTION 164 OF ORDINANCE NUMBERED 18, SERIES OF 2016 TO CLARIFY THAT THE COLLECTION OF SEWERAGE FEES IN ACCORDANCE WITH SECTION 163 OF THE SAID ORDINANCE IS ONLY FROM THE ACTUAL USER.	0.00964748859	FALSE	0.234870076	FALSE	0.00711861253	FALSE	0.0208918452	FALSE	0.0239265859	FALSE	0.111788332	FALSE	0.0112672746	FALSE	0.0792661905	FALSE	0.0625937879	FALSE	0.0533427298	FALSE	0.0107390583	FALSE	0.154355079	FALSE	0.0544423461	FALSE	0.049360007	FALSE	0.0320567787	FALSE	0.0634661913	FALSE	0.115041822	FALSE
2023	047-2023	AUTHORIZING A SUPPLEMENTAL BUDGET IN THE TOTAL AMOUNT OF TWENTY-SEVEN MILLION PESOS (₱27,000,000.00) FOR THE FUNDING OF THE PROJECT 'COMPLETION OF THE REHABILITATION OF MINES VIEW BUILDING' AS IDENTIFIED IN THE APPROVED THIRD (3rd) SUPPLEMENTAL ANNUAL INVESTMENT PROGRAM FOR CALENDAR YEAR 2023 OF THE CITY GOVERNMENT OF BAGUIO UNDER RESOLUTION NUMBERED 244, SERIES OF 2023	0.0145636797	FALSE	0.00575390458	FALSE	0.0120242238	FALSE	0.0129778981	FALSE	0.00790801644	FALSE	0.00667569041	FALSE	0.0119269788	FALSE	0.0605047941	FALSE	0.164589703	FALSE	0.0289331675	FALSE	0.597538173	TRUE	0.030769825	FALSE	0.0293787122	FALSE	0.0112376809	FALSE	0.0299471319	FALSE	0.0691185892	FALSE	0.214722663	FALSE
2023	048-2023	APPROVING THE REQUEST FOR AUTHORITY TO CHARGE THE TOTAL AMOUNT OF P8,817.00 AGAINST THE 2023 CURRENT APPROPRIATIONS OF THE CITY HEALTH SERVICES OFFICE (CHSO) UNDER ACCOUNT CODE 5-01-02-110 (HAZARD PAY) IN THE AMOUNT OF P8,817.00 AND ACCOUNT CODE 5-01-030 (PRODUCTIVITY INCENTIVE) ALLOWANCE IN THE AMOUNT OF P5,000.00, FOR THE PAYMENT OF DEFICIENCY FOR HAZARD PAY AND PRODUCTIVITY INCENTIVE ALLOWANCE FOR THE PERIOD DECEMBER 2022 OF MS. MYRNA G. SABADO, NURSE II FROM GOVERNMENT SERVICE EFFECTIVE 13 DECEMBER 2022.	0.0587605536	FALSE	0.00617775321	FALSE	0.0285931528	FALSE	0.0598219931	FALSE	0.0139328539	FALSE	0.00436866283	FALSE	0.00577351451	FALSE	0.161417305	FALSE	0.0760378242	FALSE	0.0718772411	FALSE	0.15156278	FALSE	0.0122225285	FALSE	0.011221081	FALSE	0.00374817848	FALSE	0.00772097707	FALSE	0.0242232978	FALSE	0.159018189	FALSE
2023	049-2023	APPROVING THE REQUEST FOR AUTHORITY TO CHARGE THE AMOUNT OF P2,930,784.25 AGAINST THE 2023 CURRENT APPROPRIATIONS OF THE CITY TREASURY OFFICE (CTO) UNDER THE CAPITAL OUTLAY - CONTINUING APPROPRIATIONS FOR THE PROCUREMENT OF OFFCIE MOTOR VEHICLES.	0.0287365615	FALSE	0.0143736899	FALSE	0.00521695614	FALSE	0.0121466219	FALSE	0.0226175487	FALSE	0.00433680415	FALSE	0.0138988197	FALSE	0.141407251	FALSE	0.0535109341	FALSE	0.125169843	FALSE	0.238966763	FALSE	0.0153841376	FALSE	0.0238986909	FALSE	0.00572875142	FALSE	0.0134510398	FALSE	0.235390514	FALSE	0.105906874	FALSE
2023	050-2023	AMENDING ORDINANCE NUMBERED 34, SERIES OF 2023 SUCH THAT THE UNPAID TERMINAL BENEFIT OF MR. ANDREW D. NACATAB SHALL BE CHARGED AGAINST THE 2023 CURRENT APPROPRIATIONS OF THE CITY ENVIRONMENT AND PARKS MANAGEMENT OFFICE (CEPMO) UNDER ACCOUNT CODE 5-01-01-010 (SALARIES AND WAGES-REGULAR) INSTEAD OF ACCOUNT CODE 5-01-03-010 (RETIREMENT AND LIFE INSURANCE).	0.0786528	FALSE	0.0125232041	FALSE	0.00531423092	FALSE	0.00920924544	FALSE	0.0108301044	FALSE	0.00393608212	FALSE	0.00749743	FALSE	0.352899015	FALSE	0.066888541	FALSE	0.0397825241	FALSE	0.410311639	FALSE	0.0377415419	FALSE	0.0291306973	FALSE	0.00919681787	FALSE	0.0389091969	FALSE	0.0332472026	FALSE	0.0803326368	FALSE
2023	051-2023	AN ORDINANCE REQUIRING THE USE OF LIFE VESTS WHEN RIDING WATERCRAFTS AT BURNHAM PARK LAKE IN THE CITY OF BAGUIO.	0.020308882	FALSE	0.0388295949	FALSE	0.00425538421	FALSE	0.0147000849	FALSE	0.0222298801	FALSE	0.376136482	FALSE	0.0140419006	FALSE	0.0241051018	FALSE	0.0236743689	FALSE	0.0333358645	FALSE	0.134559333	FALSE	0.0356172025	FALSE	0.0599037111	FALSE	0.0883380473	FALSE	0.029635042	FALSE	0.0477746129	FALSE	0.0303642154	FALSE
2023	052-2023	AMENDING ORDINANCE NUMBERED 33, SERIES OF 2023 SUCH THAT THE AMOUNT OF P6,105.86 SHALL BE CHARGED UNDER ACCOUNT CODE NO. 5-01-01-010 (SALARIES AND WAGES-REGULAR) AGAINST THE 2023 CURRENT APPROPRIATIONS OF THE CITY SOCIAL WELFARE AND DEVELOPMENT OFFICE (CSWDO) INSTEAD OF P5,105.86 FOR THE PAYMENT OF GOVERNMENT ADJUSTED GOVERNMENT SERVICE INSURANCE SYSTEM (GSIS) OF THE NEWLY APPOINTED SOCIAL WELFARE OFFICER IV OF THE SAID OFFICE, MS. ELLEN G. WILLIAM, FOR THE MONTH OF DECEMBER 2022.	0.0434287786	FALSE	0.0106100142	FALSE	0.00572934747	FALSE	0.0173938274	FALSE	0.0236694217	FALSE	0.00443124771	FALSE	0.0108844638	FALSE	0.689480543	TRUE	0.0708144307	FALSE	0.118904293	FALSE	0.0539453626	FALSE	0.0215085447	FALSE	0.0162978172	FALSE	0.00728535652	FALSE	0.0102272332	FALSE	0.0309516788	FALSE	0.083991468	FALSE
2023	053-2023	AN ORDINANCE ADOPTING A YOUTH WELFARE AND EMPOWERMENT CODE FOR THE CITY OF BAGUIO.	0.0179980099	FALSE	0.0149893761	FALSE	0.00721457601	FALSE	0.0259637833	FALSE	0.208099663	FALSE	0.00450149179	FALSE	0.00505200028	FALSE	0.106389046	FALSE	0.0152764618	FALSE	0.256027162	FALSE	0.0270384252	FALSE	0.00595039129	FALSE	0.0163711607	FALSE	0.00523543358	FALSE	0.00628221035	FALSE	0.177025169	FALSE	0.0450351536	FALSE
2023	054-2023	AMENDING THE PROVISIONS OF ORDINANCE NUMBERED 021, SERIES OF 2000 (CODE OF PUBLIC SAFETY DURING SPECIAL CELEBRATIONS IN THE CITY OF BAGUIO).	0.0177216828	FALSE	0.00567048788	FALSE	0.0185552239	FALSE	0.023691386	FALSE	0.0165823102	FALSE	0.00523969531	FALSE	0.00951305	FALSE	0.0257532597	FALSE	0.0218213797	FALSE	0.0754231811	FALSE	0.130965978	FALSE	0.00835230947	FALSE	0.026565522	FALSE	0.0122885406	FALSE	0.0103735328	FALSE	0.563040674	TRUE	0.0914940834	FALSE
2023	055-2023	GRANTING THE SAMAHANG TAEKWONDO NG PILIPINAS (STP), A 30% DISCOUNT ON THE RENTAL OF THE BAGUIO CONVENTION AND CULTURAL CENTER (BCCC) IN THE CONDUCT OF THE NATIONAL TAEKWONDO CHAMPIONSHIPS ON 17 TO 18 JUNE 2023 IN THE CITY OF BAGUIO, SUBJECT TO THE CONDITION THAT THE CITY GOVERNMENT OF BAGUIO SHALL BE A CO-SPONSOR TO THE SAID EVENT.	0.0235542357	FALSE	0.0152971148	FALSE	0.0101799071	FALSE	0.0728940666	FALSE	0.0726278722	FALSE	0.00404831767	FALSE	0.00714564323	FALSE	0.168795377	FALSE	0.040718317	FALSE	0.237109	FALSE	0.240300328	FALSE	0.0133122504	FALSE	0.0298528373	FALSE	0.00783366	FALSE	0.0158284605	FALSE	0.25236547	FALSE	0.126408845	FALSE
2023	056-2023	AN ORDINANCE ALLOWING THE OFFICE OF THE SENIOR CITIZENS AFFAIRS (OSCA) TO COLLECT REPLACEMENT FEES FOR LOST OSCA SENIOR CITIZEN ID CARDS FOR LOST OSCA SENIOR CITIZEN ID OF THE CITY GOVERNMENT OF BAGUIO FROM SENIOR CITIZENS.	0.0229763389	FALSE	0.0167483091	FALSE	0.00923758745	FALSE	0.0392418504	FALSE	0.0332247019	FALSE	0.00396409631	FALSE	0.00684717298	FALSE	0.0475197434	FALSE	0.0271603167	FALSE	0.211601377	FALSE	0.0853310227	FALSE	0.00806793571	FALSE	0.0565070212	FALSE	0.00649866462	FALSE	0.00913724303	FALSE	0.315623283	FALSE	0.135858923	FALSE
2023	057-2023	AN ORDINANCE IN THE ADOPTION AND INSTITUTIONALIZATION OF THE DISASTER RISK REDUCTION AND MANAGEMENT FOR HEALTH (DRRM-H) SYSTEM AT THE BAGUIO CHSO FOR IMPLEMENTATION AT THE CITY HEALTH SERVICES OFFICE (CHSO).	0.0297940075	FALSE	0.0131543875	FALSE	0.0161290765	FALSE	0.0183075368	FALSE	0.0137498975	FALSE	0.00988018513	FALSE	0.0106654465	FALSE	0.0154311955	FALSE	0.0247379541	FALSE	0.0237879157	FALSE	0.101406664	FALSE	0.0128868222	FALSE	0.823787451	TRUE	0.0142172873	FALSE	0.0168381035	FALSE	0.0270802081	FALSE	0.0512239337	FALSE
2023	058-2023	REALIGNING THE TOTAL AMOUNT OF P1,000,000.00 FROM THE PROJECTS, 'CONSTRUCTION OF A BDRRM STORAGE ROOM' IN THE AMOUNT OF P500,000.00; AND 'CONSTRUCTION OF SEPTIC-IN-1 PHASE 6 AT BARANGAY MULTI-PURPOSE HALL TO RIMANDO ROAD' IN THE AMOUNT OF P500,000.00, BOTH UNDER THE 2022 ANNUAL INVESTMENT PLAN, TO REHABILITATION OF STAIRS AND CONSTRUCTION OF CANOPY ALONG INTERIOR MALVAR ST.' AT AURORA HILL PROPER BARANGAY, BAGUIO CITY.	0.0210680366	FALSE	0.00880625844	FALSE	0.0110594034	FALSE	0.0125248134	FALSE	0.00919908285	FALSE	0.0118974447	FALSE	0.0089764	FALSE	0.0493547618	FALSE	0.132846147	FALSE	0.0157670379	FALSE	0.7664361	TRUE	0.028190434	FALSE	0.0124036074	FALSE	0.0120864809	FALSE	0.0433489084	FALSE	0.0200099051	FALSE	0.0807938	FALSE
2023	059-2023	REALIGNING THE AMOUNT OF P750,000.00 FROM THE PROJECT, 'REHABILITATION OF HILLSIDE DAY CARE CENTER ADJACENT TO HILLSIDE HIGH SCHOOL ANNEX, PUROK 7' UNDER THE 2022 ANNUAL INVESTMENT PLAN TO 'IMPROVEMENT OF BARANGAY CULTURE AND ARTS CENTER, STOCK ROOM AND SEPARATE RESTROOMS FOR MALE AND FEMALE LOCATED AT PUROK 2' HILLSIDE BARANGAY, BAGUIO CITY.	0.0404400229	FALSE	0.0135572851	FALSE	0.0366385877	FALSE	0.0823664069	FALSE	0.223873794	FALSE	0.00734847784	FALSE	0.00488728285	FALSE	0.0673921704	FALSE	0.0540011525	FALSE	0.0255288184	FALSE	0.28308937	FALSE	0.0125989318	FALSE	0.0101766288	FALSE	0.00740921497	FALSE	0.015035063	FALSE	0.0386955142	FALSE	0.0719947815	FALSE
2023	060-2023	REALIGNING THE AMOUNT OF P500,000.00 FROM THE PROJECT, 'IMPROVEMENT OF MULTI-PURPOSE HALL (EXTENSION BUILDING) AT PUROK 2' UNDER THE 2023 ANNUAL INVESTMENT PLAN TO 'CONSTRUCTION OF DAY CARE CENTER' AT SAN ANTONIO VILLAGE BARANGAY, BAGUIO CITY.	0.0283592045	FALSE	0.0131446719	FALSE	0.00885579	FALSE	0.0204003453	FALSE	0.0132964551	FALSE	0.00633752346	FALSE	0.00857311487	FALSE	0.100578874	FALSE	0.236229211	FALSE	0.0154243708	FALSE	0.537754536	TRUE	0.0321708918	FALSE	0.0223002434	FALSE	0.00541475415	FALSE	0.0258321762	FALSE	0.0179809928	FALSE	0.124075919	FALSE
2023	061-2023	APPROVING THE REQUEST FOR AUTHORITY TO CHARGE THE TOTAL AMOUNT OF P14,462.62 AGAINST THE 2023 CURRENT APPROPRIATIONS OF THE CITY HEALTH SERVICES OFFICE (CHSO) UNDER ACCOUNT CODE 5-01-01-010 (SALARIES AND WAGES-REGULAR) FOR THE PAYMENT OF UNPAID RETIREMENT BENEFITS OF MS. BRIGETTE B. ANGWAY IN THE AMOUNT OF P5,350.12; AND MS. MARICAV. JURSAY IN THE AMOUNT OF P9,112.50, BOTH RETIRED EMPLOYEES OF CHSO	0.0525327325	FALSE	0.00912430882	FALSE	0.0129832923	FALSE	0.0566274226	FALSE	0.0313226581	FALSE	0.00336569548	FALSE	0.0106879175	FALSE	0.611277699	TRUE	0.0826052427	FALSE	0.0778327584	FALSE	0.0333833396	FALSE	0.0162281394	FALSE	0.00981217623	FALSE	0.00350558758	FALSE	0.00681081414	FALSE	0.0402602255	FALSE	0.115817547	FALSE
2023	062-2023	APPROVING THE REQUEST FOR AUTHORITY TO TRANSFER IN THE CITY VETERINARY AND AGRICULTURE OFFICE (CVAO) THE AMOUNT OF P600,000.00 UNDER ACCOUNT CODE 1-07-05-990 (OTHER MACHINERY AND EQUIPMENT) TO ACCOUNT CODES 5-02-04-010 (WATER EXPENSES) - P300,000.00; AND 5-02-13-050 (REPAIRS AND MAINTENANCE - MACHINERY AND EQUIPMENT) - P300,000.00; AND THE AMOUNT OF P36,000.00 UNDER ACCOUNT CODE 1-07-05-030 (INFORMATION AND COMMUNICATION TECHNOLOGY EQUIPMENT) TO ACCOUNT CODE 5-02-05-990 (OTHER SUPPLIES AND MATERIALS EXPENSES), TO AUGMENT THE NEEDED DAILY WATER SUPPLY NEEDS AND THE ANTIQUATED REPAIR OF THE DEEP WELL SYSTEM, AND THE PROPER CHARGING OF ACCOUNT FOR THE MULTIMEDIA PROJECTOR NEEDED BY THE OFFICE.	0.0140619874	FALSE	0.147660345	FALSE	0.00896993279	FALSE	0.0323052406	FALSE	0.0134240389	FALSE	0.369225532	FALSE	0.0126746893	FALSE	0.0222265124	FALSE	0.0518566668	FALSE	0.0157546699	FALSE	0.126169503	FALSE	0.0479534864	FALSE	0.00454029441	FALSE	0.0101749301	FALSE	0.0353306234	FALSE	0.0125274062	FALSE	0.0341757834	FALSE
2023	063-2023	AN ORDINANCE PROVIDING FOR POLICIES AND STRATEGIES ON RESEARCH, SUSTAINABILITY, INNOVATION TECHNOLOGY TRANSFER, CREATIVE AND INNOVATION ALLIANCE BETWEEN THE CITY GOVERNMENT OF BAGUIO, ECONOMIC INDUSTRY, NON-GOVERNMENT ORGANIZATIONS (NGOs) AND EDUCATIONAL INSTITUTIONS, PROVIDING FUNDS THEREFOR, AND FOR OTHER PURPOSES.	0.0101257861	FALSE	0.0144487321	FALSE	0.0108761191	FALSE	0.0473985076	FALSE	0.00813499093	FALSE	0.0165230632	FALSE	0.0200637579	FALSE	0.0565191507	FALSE	0.674115598	TRUE	0.0184268653	FALSE	0.149103314	FALSE	0.071190238	FALSE	0.0321300626	FALSE	0.0100588202	FALSE	0.0302293599	FALSE	0.0183222	FALSE	0.245859832	FALSE
2023	064-2023	AN ORDINANCE PRESCRIBING POLICIES FOR THE INSTITUTIONALIZATION OF A VOLUNTEER PROGRAM FOR THE CITY OF BAGUIO AND PROVIDING FOR THE EMPOWERMENT AND DEVELOPMENT	0.0492401421	FALSE	0.0235617161	FALSE	0.0137362182	FALSE	0.0239143372	FALSE	0.0328292251	FALSE	0.00520303845	FALSE	0.00737684965	FALSE	0.052408576	FALSE	0.0489148498	FALSE	0.205167	FALSE	0.266674101	FALSE	0.0110079348	FALSE	0.0735272765	FALSE	0.00600162148	FALSE	0.0149490833	FALSE	0.214170516	FALSE	0.212627649	FALSE
2023	065-2023	AN ORDINANCE ON THE RULES AND REGULATIONS IN THE ENTRY, HANDLING AND SALE OF FRESH, FROZEN AND PROCESSED FISH AND OTHER FISHERY PRODUCTS IN THE CITY OF BAGUIO.	0.0127168298	FALSE	0.0278733075	FALSE	0.00511729717	FALSE	0.0164885819	FALSE	0.0137462616	FALSE	0.0463866591	FALSE	0.00666752458	FALSE	0.0377186835	FALSE	0.0253580213	FALSE	0.037992388	FALSE	0.133382916	FALSE	0.0301859379	FALSE	0.0266897082	FALSE	0.661133766	TRUE	0.0395320356	FALSE	0.031909734	FALSE	0.029920429	FALSE
2023	066-2023	GRANTING FINANCIAL ASSISTANCE IN THE AMOUNT OF ONE MILLION PESOS (P1,000,000.00) FROM THE 2023 CURRENT APPROPRIATIONS UNDER THE CITY DISASTER RISK REDUCTION AND MANAGEMENT QUICK RESPONSE FUND OF THE CITY GOVERNMENT OF BAGUIO TO THE DIFFERENT LOCAL GOVERNMENT UNITS (LGUs) IN THE PROVINCE OF ORIENTAL MINDORO WHICH WAS DECLARED UNDER A STATE OF CALAMITY PER RESOLUTION NO. 6340, SERIES OF 2023 DUE TO OIL SPILL FROM THE SUNKEN SHIP MT PRINCESS EMPRESS ON 28 FEBRUARY 2023.	0.0231392682	FALSE	0.00908947	FALSE	0.0141628087	FALSE	0.0128681362	FALSE	0.011464119	FALSE	0.0119003952	FALSE	0.0116018355	FALSE	0.012702316	FALSE	0.0198865831	FALSE	0.0182567835	FALSE	0.152128428	FALSE	0.0131969452	FALSE	0.807771	TRUE	0.028154254	FALSE	0.0217813849	FALSE	0.0232865512	FALSE	0.0313519239	FALSE
2023	067-2023	APPROVING THE REQUEST FOR AUTHORITY TO CHARGE THE AMOUNT OF P2,214,200.00 AGAINST THE CONTINUING APPROPRIATIONS OF THE BAGUIO CITY FIRE STATION UNDER CODE 1-07-06-01 (MOTOR VEHICLES) FOR THE PURCHASE OF A SERVICE VEHICLE THAT WILL SUPPORT THE NEED OF THE STATION.	0.0224488676	FALSE	0.0115075111	FALSE	0.0170858204	FALSE	0.0160825849	FALSE	0.0222210586	FALSE	0.0121636391	FALSE	0.0150780678	FALSE	0.0339178145	FALSE	0.0262844861	FALSE	0.0833681524	FALSE	0.686075926	TRUE	0.0155487955	FALSE	0.0377061963	FALSE	0.0122811794	FALSE	0.0368103385	FALSE	0.274332017	FALSE	0.0594226122	FALSE
2023	068-2023	APPROVING THE REQUEST FOR THE PAYMENT OF UNPAID BONUS AND CASH GIFT IN THE AMOUNT OF P36,725.00 TO BE CHARGED AGAINST THE 2023 CURRENT APPROPRIATIONS OF THE CITY ENVIRONMENT AND PARKS MANAGEMENT OFFICE (CEPMO) UNDER ACCOUNT CODE 5-01-01-010 (SALARIES AND WAGES - REGULAR) TO MR. ANDREW D. NACATAB, FORMER FORESTER OF THE SAID OFFICE.	0.0393486321	FALSE	0.0104110241	FALSE	0.00597560406	FALSE	0.0082376	FALSE	0.00918063521	FALSE	0.00463089347	FALSE	0.00818905234	FALSE	0.0904603601	FALSE	0.0334145725	FALSE	0.0589803457	FALSE	0.686545193	TRUE	0.030870676	FALSE	0.0412412	FALSE	0.0124581158	FALSE	0.10607326	FALSE	0.0578248203	FALSE	0.0616547167	FALSE
2023	069-2023	AMENDING SECTION 8 OF ORDINANCE NUMBERED 86, SERIES OF 2021 [AN ORDINANCE GRANTING AMNESTY PROGRAM FOR A PERIOD OF THREE (3) MONTHS FOR VIOLATIONS OF PERTINENT PROVISIONS OF TAX ORDINANCE NUMBERED 2000-001 [AN ORDINANCE PROVIDING A SET OF RULES AND REGULATIONS GOVERNING THE ADMINISTRATION, APPRAISAL, ASSESSMENT, LEVY AND COLLECTION OF REALTY TAXES, BUSINESS TAXES, PERMIT FEES, BUILDING AND LOT RENTALS IN THE CITY OF BAGUIO AND SUCH OTHER FEES AND CHARGES THEREFOR PURSUANT TO THE PROVISIONS OF THE LOCAL GOVERNMENT CODE OF 1991] IN THE BAGUIO CITY PUBLIC MARKET, INCLUDING IN ALL CITY-OWNED SATELLITE MARKETS AND SLAUGHTERHOUSE COMPOUND.	0.0547583401	FALSE	0.00901672244	FALSE	0.0197009444	FALSE	0.0094525516	FALSE	0.0156018436	FALSE	0.00744381547	FALSE	0.00892919302	FALSE	0.0527507365	FALSE	0.0256083012	FALSE	0.0453469753	FALSE	0.393161833	FALSE	0.0170699656	FALSE	0.016620636	FALSE	0.00840109587	FALSE	0.0292999744	FALSE	0.439284563	FALSE	0.101653963	FALSE
2023	070-2023	APPROVING THE REQUEST FOR AUTHORITY TO TRANSFER FUNDS UNDER THE 2023 CURRENT APPROPRIATIONS OF THE CITY DISASTER RISK REDUCTION AND MANAGEMENT OFFICE (CDRRMO) IN THE AMOUNT OF ₱200,000.00 UNDER ACCOUNT CODE 1-07-05-070 (COMMUNICATION EQUIPMENT) TO ACCOUNT CODE 5-02-03-990 (OTHER SUPPLIES AND MATERIALS EXPENSES) FOR THE PROCUREMENT OF INTERCOM.	0.0251711011	FALSE	0.0129038095	FALSE	0.0143451989	FALSE	0.0129892826	FALSE	0.012857914	FALSE	0.00985917449	FALSE	0.013163209	FALSE	0.0156646371	FALSE	0.0255973935	FALSE	0.0172642767	FALSE	0.113082081	FALSE	0.0170270205	FALSE	0.870924115	TRUE	0.020167619	FALSE	0.0234755278	FALSE	0.0224783421	FALSE	0.039527595	FALSE
2023	071-2023	GRANTING MR. LEO L. SANTECO, CO-ORGANIZER, A THIRTY PERCENT (30%) DISCOUNT ON THE RENTAL OF THE BAGUIO CONVENTION AND CULTURAL CENTER (BCCC) FOR THEIR EVENT ASIAN SPORT JIU-JITSU FEDERATION (ASJJF) BAGUIO INTERNATIONAL JIU-JITSU OPEN 2023 ON 07 TO 08 OCTOBER 2023 IN THE CITY OF BAGUIO, SUBJECT TO THE CONDITION THAT THE CITY GOVERNMENT OF BAGUIO SHALL BE A CO-SPONSOR TO THE SAID EVENT.	0.0164723396	FALSE	0.00993228	FALSE	0.0188429952	FALSE	0.0394358039	FALSE	0.0269432962	FALSE	0.00566506386	FALSE	0.00720182061	FALSE	0.0870612	FALSE	0.0734528601	FALSE	0.108189851	FALSE	0.638213396	TRUE	0.01662606	FALSE	0.0254460275	FALSE	0.0147743225	FALSE	0.0240540504	FALSE	0.115788102	FALSE	0.138260275	FALSE
2023	072-2023	APPROVING THE REQUEST FOR AUTHORITY TO TRANSFER IN THE CITY MAYOR'S OFFICE THE AMOUNT OF ₱490,000.00 IN ITS 2023 CURRENT APPROPRIATIONS UNDER ACCOUNT CODE 5-01-01-010 (SALARIES AND WAGES-REGULAR) TO ACCOUNT CODE 5-01-04-030 (TERMINAL LEAVE BENEFITS) FOR THE PAYMENT OF TERMINAL LEAVE BENEFITS CLAIM OF FIVE (5) PRIMARY CONFIDENTIAL STAFF AND TWO (2) PERMANENT EMPLOYEES WHO RECENTLY RESIGNED IN THE SAID OFFICE.	0.031683594	FALSE	0.0149154961	FALSE	0.00466448069	FALSE	0.035648644	FALSE	0.0592041	FALSE	0.00383096933	FALSE	0.0113339126	FALSE	0.658525825	TRUE	0.0496560633	FALSE	0.176766306	FALSE	0.0204293132	FALSE	0.0196495056	FALSE	0.0173496306	FALSE	0.00475072861	FALSE	0.00865268707	FALSE	0.114073098	FALSE	0.0780535638	FALSE
2023	073-2023	AN ORDINANCE AMENDING SECTIONS 239, 251 AND 255 OF ORDINANCE NUMBERED 18, SERIES OF 2016 [ENVIRONMENT CODE OF THE CITY OF BAGUIO].	0.0264525712	FALSE	0.0228958726	FALSE	0.00736564398	FALSE	0.0141791701	FALSE	0.0113155544	FALSE	0.00875374675	FALSE	0.00718161464	FALSE	0.0275287032	FALSE	0.0257054865	FALSE	0.0596755743	FALSE	0.678183675	TRUE	0.0223949552	FALSE	0.239425868	FALSE	0.0334811211	FALSE	0.10026896	FALSE	0.0702038705	FALSE	0.0625382662	FALSE
2023	074-2023	AN ORDINANCE AMENDING SECTIONS 1, 2 AND 3 OF ORDINANCE NUMBERED 102, SERIES OF 2008 [REQUIRING ALL BUSINESS ESTABLISHMENTS WITH ENTERTAINERS, AND NIGHT WORKERS TO REQUIRE THEIR EMPLOYEES TO SUBMIT AN AUTHENTICATED BIRTH CERTIFICATE FROM THE NATIONAL STATISTICS OFFICE (NSO)-AUTHENTICATED BIRTH CERTIFICATES IN COMPLIANCE WITH THEIR WORKING PERMITS IN THE CITY OF BAGUIO]	0.0253502727	FALSE	0.00888717175	FALSE	0.0106779635	FALSE	0.0485159159	FALSE	0.130354702	FALSE	0.00325101614	FALSE	0.00428131223	FALSE	0.218762845	FALSE	0.0217014253	FALSE	0.243415415	FALSE	0.0704091787	FALSE	0.00593394041	FALSE	0.0124623179	FALSE	0.00517076254	FALSE	0.00584107637	FALSE	0.139971167	FALSE	0.0516506732	FALSE
2023	075-2023	APPROVING THE REQUEST FOR THE PAYMENT OF MAGNA CARTA BENEFITS IN THE TOTAL AMOUNT OF TWENTY-EIGHT MILLION THREE HUNDRED EIGHT THOUSAND PESOS (₱28,308,000.00) TO QUALIFIED EMPLOYEES OF THE CITY HEALTH SERVICES OFFICE (CHSO), CITY SOCIAL WELFARE AND DEVELOPMENT OFFICE (CSWDO), AND CITY VETERINARY AND AGRICULTURE OFFICE (CVAO), FOR THE PERIOD 01 JANUARY 2023 TO 31 DECEMBER 2023.	0.125401258	FALSE	0.159060448	FALSE	0.0144684613	FALSE	0.0256994963	FALSE	0.0329680145	FALSE	0.00721997	FALSE	0.00591534376	FALSE	0.147984	FALSE	0.0462524891	FALSE	0.156793386	FALSE	0.258657753	FALSE	0.0243144333	FALSE	0.0167682469	FALSE	0.00358298421	FALSE	0.0260519683	FALSE	0.055123508	FALSE	0.161750138	FALSE
2023	076-2023	APPROVING THE REQUEST FOR AUTHORITY TO CHARGE THE AMOUNT OF ₱1,900,000.00 AGAINST THE CURRENT APPROPRIATIONS OF THE CITY SOCIAL WELFARE AND DEVELOPMENT OFFICE (CSWDO) UNDER ACCOUNT CODE 1-07-06-010 (MOTOR VEHICLES) FOR THE PURCHASE OF OFFICE SPORTS UTILITY VEHICLE (SUV) WITH AN ENGINE DISPLACEMENT NOT EXCEEDING 3,000 CC (DIESEL-FED) FOUR (4)-CYLINDERS, SUBJECT TO COMPLIANCE OF THE REQUIREMENTS.	0.0657660961	FALSE	0.0116697252	FALSE	0.0082539022	FALSE	0.01265499	FALSE	0.0145658553	FALSE	0.00708645582	FALSE	0.0072735846	FALSE	0.0781287551	FALSE	0.0269194245	FALSE	0.394631982	FALSE	0.526872754	TRUE	0.0107979774	FALSE	0.0208737552	FALSE	0.0107583702	FALSE	0.0206547678	FALSE	0.0460270047	FALSE	0.053512603	FALSE
2023	077-2023	"AMENDING THE PROVISIONS OF ORDINANCE NUMBERED 49, SERIES OF 2019 [PROHIBITING AND REGULATING THE USE OF MOBILE DEVICES AND OTHER DISTRACTIVE DEVICES AND ITEMS WHILE WALKING AND CROSSING THE STREETS AND SIDEWALKS IN THE CITY OF BAGUIO].	0.0258899033	FALSE	0.0112711787	FALSE	0.0103832185	FALSE	0.0447060168	FALSE	0.0327691734	FALSE	0.0053871274	FALSE	0.0104518533	FALSE	0.0420797467	FALSE	0.019516319	FALSE	0.2706424	FALSE	0.373662055	FALSE	0.00628191233	FALSE	0.0285655856	FALSE	0.00838193297	FALSE	0.0119988322	FALSE	0.222989738	FALSE	0.0500684381	FALSE
2023	078-2023	AMENDING THE PROVISIONS OF ORDINANCE NUMBERED 49, SERIES OF 2019 [PROHIBITING AND REGULATING THE USE OF MOBILE DEVICES AND OTHER DISTRACTIVE DEVICES AND ITEMS WHILE WALKING AND CROSSING THE STREETS AND SIDEWALKS IN THE CITY OF BAGUIO].	0.0261105	FALSE	0.0115267336	FALSE	0.00987294316	FALSE	0.046765089	FALSE	0.0324679911	FALSE	0.00562888384	FALSE	0.0103157759	FALSE	0.0423334241	FALSE	0.0197885334	FALSE	0.27649042	FALSE	0.404119	FALSE	0.00626856089	FALSE	0.0304311514	FALSE	0.00881668925	FALSE	0.0121341646	FALSE	0.197337955	FALSE	0.0473300219	FALSE
2023	079-2023	AUTHORIZING A SUPPLEMENTAL BUDGET IN THE TOTAL AMOUNT OF SIXTY-FIVE MILLION EIGHT HUNDRED SIXTY-FIVE THOUSAND PESOS (₱65,865,000.00) FOR THE FUNDING OF VARIOUS PRIORITY PROJECTS IDENTIFIED IN THE APPROVED FOURTH (4TH) SUPPLEMENTAL ANNUAL INVESTMENT PROGRAM FOR CALENDAR YEAR 2023 OF THE CITY GOVERNMENT OF BAGUIO.	0.0226894915	FALSE	0.00798407197	FALSE	0.0160923898	FALSE	0.0154064894	FALSE	0.00776225328	FALSE	0.00709572434	FALSE	0.0103798509	FALSE	0.0317227542	FALSE	0.148436934	FALSE	0.0477481484	FALSE	0.412506968	FALSE	0.0161973238	FALSE	0.0349156857	FALSE	0.00800436735	FALSE	0.0184467435	FALSE	0.0480901	FALSE	0.287892938	FALSE
2023	080-2023	GRANTING THE REQUEST OF DR. JOSE ENRICO H. LAZARO, PRESIDENT OF THE PHILIPPINE SOCIETY FOR CELL BIOLOGY, FOR A FIFTY PERCENT (50%) DISCOUNT ON ALL THE FEES/CHARGES RELATED TO THE USE OF THE BAGUIO CONVENTION AND CULTURAL CENTER (BCCC) AS VENUE OF THEIR UPCOMING 6TH INTERNATIONAL AND 14TH ANNUAL NATIONAL CONVENTION AND SCIENTIFIC MEETING, SUBJECT TO THE CONDITION THAT THE CITY GOVERNMENT OF BAGUIO SHALL BE A CO-SPONSOR OF THE SAID EVENT.	0.0175762773	FALSE	0.0154787302	FALSE	0.0443909168	FALSE	0.0511504412	FALSE	0.0244736373	FALSE	0.00851362944	FALSE	0.00544971228	FALSE	0.0218779147	FALSE	0.0575026274	FALSE	0.107543498	FALSE	0.425768077	FALSE	0.0177479386	FALSE	0.0201265216	FALSE	0.0178183615	FALSE	0.0313571095	FALSE	0.146250069	FALSE	0.264846385	FALSE
2023	081-2023	AMENDING THE PROVISIONS OF ORDINANCE NUMBERED 15, SERIES OF 2011 [BANNING PARKING OF ALL MOTOR VEHICLES MARKED 'FOR SALE' ON ALL ROADS IN THE CITY OF BAGUIO].	0.0233376026	FALSE	0.0169689357	FALSE	0.01158005	FALSE	0.0284931064	FALSE	0.0244466066	FALSE	0.00669693947	FALSE	0.00949770212	FALSE	0.0493429	FALSE	0.0299068093	FALSE	0.119659394	FALSE	0.562291741	TRUE	0.0101648271	FALSE	0.0585213602	FALSE	0.0122281909	FALSE	0.0176211894	FALSE	0.193663657	FALSE	0.0751538575	FALSE
2023	082-2023	APPROVING THE REQUEST FOR AUTHORITY TO CHARGE THE AMOUNT OF ₱268,000.00 AGAINST THE 2023 CURRENT APPROPRIATIONS OF THE OFFICE OF THE SANGGUNIANG PANLUNGSOD UNDER THE FOLLOWING ACCOUNT CODES: 5-01-01-010 (SALARIES AND WAGES – REGULAR) – ₱70,000.00; 5-01-02-010 (PERSONAL ECONOMIC RELIEF ALLOWANCE – PERA) – ₱10,000.00; 5-01-03-010 (RETIREMENT AND LIFE INSURANCE PREMIUMS) – ₱10,000.00; 5-01-03-020 (PAG-IBIG CONTRIBUTIONS) – ₱1,500.00; 5-01-03-030 (PHILHEALTH CONTRIBUTIONS) – ₱1,500.00; 5-01-03-040 (EMPLOYEES COMPENSATION INSURANCE PREMIUMS) – ₱1,500.00; 5-01-02-140 (YEAR-END BONUS) – ₱55,000.00; 5-01-02-150 (CASH GIFT) – ₱20,000.00; 5-01-02-990 (OTHER BONUSES AND ALLOWANCES) – ₱100,000.00; FOR SIX COTERMINOUS EMPLOYEES WHOSE TERM ENDED ON 01 JULY 2016.	0.0537197292	FALSE	0.0182871819	FALSE	0.00648924708	FALSE	0.0117649734	FALSE	0.0340799093	FALSE	0.00570181	FALSE	0.0128879845	FALSE	0.738656521	TRUE	0.058825165	FALSE	0.0541226566	FALSE	0.0102920532	FALSE	0.0401033461	FALSE	0.0152541101	FALSE	0.00758063793	FALSE	0.0124318302	FALSE	0.0259169638	FALSE	0.0665123761	FALSE
2023	083-2023	APPROVING THE REQUEST FOR AUTHORITY TO TRANSFER FUNDS UNDER THE 2023 CURRENT APPROPRIATIONS OF THE CITY HUMAN RESOURCE MANAGEMENT OFFICE (CHRMO) FROM ACCOUNT CODE 5-02-99-990 (OTHER MAINTENANCE AND OPERATING EXPENSES) TO ACCOUNT CODE 1-07-05-990 (OTHER MACHINERY AND EQUIPMENT) THE AMOUNT OF ₱100,000.00 FOR THE PROCUREMENT OF KEYBOARD FOR THE USE OF THE CITY’S UNI TI UMILI PERFORMING ARTS GROUP.	0.0352163911	FALSE	0.0144412518	FALSE	0.00450229645	FALSE	0.0405879915	FALSE	0.0116603673	FALSE	0.00818553567	FALSE	0.00561493635	FALSE	0.34125495	FALSE	0.102428526	FALSE	0.0347660482	FALSE	0.244512558	FALSE	0.0570170283	FALSE	0.00892996788	FALSE	0.00825128	FALSE	0.0351571739	FALSE	0.0374566615	FALSE	0.0954249501	FALSE
2023	084-2023	APPROVING THE REQUEST FOR AUTHORITY TO TRANSFER FUNDS UNDER THE 2023 CURRENT APPROPRIATIONS OF THE CITY MAYOR'S OFFICE FROM ACCOUNT CODE 5-02-05-030 (INTERNET SUBSCRIPTION EXPENSES) TO ACCOUNT CODE 5-02-13-040 (REPAIRS AND MAINTENANCE - BUILDINGS AND OTHER STRUCTURES) THE AMOUNT OF ₱2,570,535.17 AND TO DISBURSE THE SAME FOR THE RENOVATION OF THE RESEARCH AND DEVELOPMENT HUB (RDH) AT THE BAGUIO CITY POLICE OFFICE (BCPO), SUBJECT TO PROCUREMENT LAW.	0.0187807381	FALSE	0.00690788031	FALSE	0.020536691	FALSE	0.0229786038	FALSE	0.0197664201	FALSE	0.00856599212	FALSE	0.0123393536	FALSE	0.0309769809	FALSE	0.0239904821	FALSE	0.0539163947	FALSE	0.364539474	FALSE	0.0117839575	FALSE	0.0153794885	FALSE	0.0113766491	FALSE	0.0188580155	FALSE	0.555553913	TRUE	0.0590414107	FALSE
2023	085-2023	AMENDING SECTION 10 OF TAX ORDINANCE NUMBERED 2012-01, SERIES OF 2012 [PRESCRIBING RULES AND REGULATIONS GOVERNING THE OPERATION OF THE SLAUGHTERHOUSE, LIVESTOCK AND MEAT INSPECTION SERVICE IN THE CITY OF BAGUIO AND AMENDING SECTION 34 A TO G AND SECTION 35 OF TAX ORDINANCE NUMBERED 2000-001].	0.0435750782	FALSE	0.1302858	FALSE	0.0149003863	FALSE	0.0186766088	FALSE	0.0442008674	FALSE	0.00923907757	FALSE	0.0088678	FALSE	0.0831859708	FALSE	0.0253350139	FALSE	0.0741826892	FALSE	0.109550714	FALSE	0.0248259604	FALSE	0.0245842338	FALSE	0.00608676672	FALSE	0.0263662338	FALSE	0.375433922	FALSE	0.140917093	FALSE
2023	086-2023	AMENDING SECTION 8, PARAGRAPHS B AND C, OF TAX ORDINANCE NUMBERED 2000-001 [AN ORDINANCE PROVIDING A SET OF RULES AND REGULATIONS GOVERNING THE ADMINISTRATION, APPRAISAL, ASSESSMENT, LEVY AND COLLECTION OF REALTY TAXES, BUSINESS TAXES, PERMIT FEES, BUILDING AND LOT RENTALS IN THE CITY OF BAGUIO AND SUCH OTHER FEES AND CHARGES THEREFOR PURSUANT TO THE PROVISIONS OF THE LOCAL GOVERNMENT CODE OF 1991].	0.0589291453	FALSE	0.0102341771	FALSE	0.0129902661	FALSE	0.010633707	FALSE	0.0126483142	FALSE	0.00560250878	FALSE	0.00595584512	FALSE	0.0742561221	FALSE	0.035024792	FALSE	0.0531472266	FALSE	0.466191471	FALSE	0.0168620348	FALSE	0.0257254243	FALSE	0.00959518552	FALSE	0.0273518562	FALSE	0.244780958	FALSE	0.137863487	FALSE
2023	087-2023	FURTHER AMENDING SECTION 23 OF TAX ORDINANCE NUMBERED 2000-001 [AN ORDINANCE PROVIDING, A SET OF RULES AND REGULATIONS GOVERNING THE ADMINISTRATION, APPRAISAL, ASSESSMENT, LEVY AND COLLECTION OF REALTY TAXES, BUSINESS TAXES, PERMIT FEES, BUILDING AND LOT RENTALS IN THE CITY OF BAGUIO AND SUCH OTHER FEES AND CHARGES THEREFOR PURSUANT TO THE PROVISIONS OF THE LOCAL GOVERNMENT CODE OF 1991.], AS AMENDED BY TAX ORDINANCE NUMBERED 2014-002.	0.0504198074	FALSE	0.00757467747	FALSE	0.0144273937	FALSE	0.0103773773	FALSE	0.0111877918	FALSE	0.00514569879	FALSE	0.00674021244	FALSE	0.0809952915	FALSE	0.0383565128	FALSE	0.0593053102	FALSE	0.338964164	FALSE	0.0175245106	FALSE	0.0228113234	FALSE	0.00939080119	FALSE	0.025496006	FALSE	0.335843384	FALSE	0.179039091	FALSE
2023	088-2023	AN ORDINANCE CREATING THE MEAT AND FISHERY PRODUCTS MONITORING TASK FORCE IN THE CITY OF BAGUIO AND DEFINING ITS FUNCTIONS.	0.0208133161	FALSE	0.104093313	FALSE	0.00324773788	FALSE	0.0182465017	FALSE	0.0252126753	FALSE	0.0327408314	FALSE	0.00562682748	FALSE	0.161207587	FALSE	0.0336691439	FALSE	0.0624682605	FALSE	0.06855461	FALSE	0.0470959246	FALSE	0.0334010422	FALSE	0.325446486	FALSE	0.0276021361	FALSE	0.035354346	FALSE	0.041105479	FALSE
2023	089-2023	AN ORDINANCE PRESCRIBING NEW RULES AND REGULATIONS IN THE CONDUCT OF FUN RUN AND OTHER RACES IN THE CITY OF BAGUIO	0.0302899778	FALSE	0.0213494	FALSE	0.00608435273	FALSE	0.024434	FALSE	0.0659922957	FALSE	0.00470939279	FALSE	0.00860229135	FALSE	0.135996729	FALSE	0.0205132961	FALSE	0.247378856	FALSE	0.116223216	FALSE	0.00832507	FALSE	0.0577453971	FALSE	0.00917741656	FALSE	0.00893056393	FALSE	0.330218762	FALSE	0.070772022	FALSE
2023	090-2023	AN ORDINANCE INSTITUTIONALIZING THE MID-AUTUMN FESTIVAL IN THE CITY OF BAGUIO AND PROVIDING GUIDELINES THEREOF	0.0355418026	FALSE	0.040399164	FALSE	0.00911811	FALSE	0.0300815105	FALSE	0.0566284359	FALSE	0.00523841381	FALSE	0.00623652339	FALSE	0.0597873926	FALSE	0.030031532	FALSE	0.207189351	FALSE	0.197081447	FALSE	0.00993716717	FALSE	0.145118296	FALSE	0.00848394632	FALSE	0.01349774	FALSE	0.171693623	FALSE	0.118388414	FALSE
2023	091-2023	AUHTORIZING THE ANNUAL BUDGET OF THE CITY GOVERNMENT OF THE CITY GOVERNMENT OF BAGUIO FOR FISCAL YEAR 2024 IN THE TOTAL AMOUNT OF TWO HUNDRED BILLION SEVEN HUNDRED FORTY-FIVE MILLION TWO HUNDRED SEVENTY-FOUR THOUSAND ONE HUNDRED SEVENTY-ONE (₱2,745,274,171.00) COVERING THE VARIOUS EXPENDITURES FOR THE OPERATION OF THE CITY GOVERNMENT OF BAGUIO AND APPROPRIATING THE NECESSARY FUNDS FOR THE PURPOSE.	0.0333468914	FALSE	0.0108181238	FALSE	0.0139907598	FALSE	0.0138204396	FALSE	0.009180516	FALSE	0.00538900495	FALSE	0.00969991088	FALSE	0.051265	FALSE	0.0664319694	FALSE	0.102343768	FALSE	0.420248568	FALSE	0.0129746199	FALSE	0.0303373337	FALSE	0.00583022833	FALSE	0.0163215697	FALSE	0.113254905	FALSE	0.218020439	FALSE
2023	092-2023	APPROVING THE REQUEST FOR AUTHORITY TO CHARGE THE TOTAL AMOUNT OF ₱131,030.00 AGAINST THE 2023 CURRENT APPROPRIATIONS OF THE CITY HEALTH SERVICES OFFICE (CHSO) UNDER ACCOUNT CODES: 5-02-13-040 (REPAIRS AND MAINTENANCE – BUILDINGS AND OTHER STRUCTURES) – ₱114,930.00; AND 5-02-13-060 (REPAIRS AND MAINTENANCE – TRANSPORTATION AND EQUIPMENT) – ₱16,100.00 FOR THE REPAIR OF THEIR OFFICE BUILDING.	0.0391412079	FALSE	0.00763180852	FALSE	0.03644979	FALSE	0.0645729303	FALSE	0.0195576251	FALSE	0.00803640485	FALSE	0.00736191869	FALSE	0.0313466489	FALSE	0.0446711779	FALSE	0.0696584284	FALSE	0.652651787	TRUE	0.00727918744	FALSE	0.0199224055	FALSE	0.00877481699	FALSE	0.0136534274	FALSE	0.0476166904	FALSE	0.0914981663	FALSE
2023	093-2023	AN ORDINANCE PROMOTING THE CREATION, USE, AND MAINTENANCE OF HEALTHY OPEN SPACES IN COMMUNITIES, AND OTHER HEALTH AND ENVIRONMENT INITIATIVES IN THE CITY OF BAGUIO.	0.0384393632	FALSE	0.0165881217	FALSE	0.016595751	FALSE	0.0127474964	FALSE	0.00901907682	FALSE	0.0104450881	FALSE	0.00540456176	FALSE	0.0215644538	FALSE	0.0411960483	FALSE	0.0577804148	FALSE	0.551490724	TRUE	0.0459933	FALSE	0.0473693907	FALSE	0.0151940286	FALSE	0.332070708	FALSE	0.0544431508	FALSE	0.139523923	FALSE
2023	094-2023	FURTHER AMENDING SECTION 3 OF ORDINANCE NUMBERED 116, SERIES OF 2019 [AN ORDINANCE PROVIDING FOR THE CITY GOVERNMENT OF BAGUIO COLLEGE EDUCATION FINANCIAL ASSISTANCE GRANT PROGRAM TO STUDENTS, PROVIDING FUNDS THEREFOR AND FOR OTHER PURPOSES] AS AMENDED BY ORDINANCE NUMBERED 45, SERIES OF 2023 [AMENDING SECTIONS 3, 7 AND 9 OF ORDINANCE NUMBERED 116, SERIES OF 2019].	0.0705436468	FALSE	0.0175279379	FALSE	0.0238828957	FALSE	0.0990935	FALSE	0.019274056	FALSE	0.00564110279	FALSE	0.00667342544	FALSE	0.0359454751	FALSE	0.0788366199	FALSE	0.154328287	FALSE	0.0606945157	FALSE	0.0103974044	FALSE	0.0533070564	FALSE	0.00519114733	FALSE	0.0102477074	FALSE	0.11052826	FALSE	0.434564948	FALSE
2023	095-2023	FURTHER AMENDING SECTION 24 OF TAX ORDINANCE NUMBERED 2000-001 [AN ORDINANCE PROVIDING A SET OF RULES AND REGULATIONS GOVERNING THE ADMINISTRATION, APPRAISAL, ASSESSMENT, LEVY AND COLLECTION OF REALTY TAXES, BUSINESS TAXES, PERMIT FEES, BUILDING AND LOT RENTALS IN THE CITY OF BAGUIO AND SUCH OTHER FEES AND CHARGES THEREFOR PURSUANT TO THE PROVISIONS OF THE LOCAL GOVERNMENT CODE OF 1991] AS AMENDED BY TAX ORDINANCE NUMBERED 2003-05 [AMENDING SECTIONS 24 AND 27, CHAPTER VI OF TAX ORDINANCE NUMBERED 2000-001] AND TAX ORDINANCE NUMBERED 2005-02 [AMENDING ITEM NO. 6, SECTION 24, CHAPTER VI OF TAX ORDINANCE NUMBERED 2000-001].	0.0532991	FALSE	0.00706827641	FALSE	0.015263468	FALSE	0.0096797049	FALSE	0.0121650994	FALSE	0.00560519099	FALSE	0.00600302219	FALSE	0.0749561787	FALSE	0.0331653655	FALSE	0.0518907905	FALSE	0.276060104	FALSE	0.01719293	FALSE	0.014883548	FALSE	0.00992876291	FALSE	0.027774781	FALSE	0.35832724	FALSE	0.160903573	FALSE
2023	096-2023	AN ORDINANCE PROVIDING FREE MEALS TO BAGUIO CITY YOUTH ENROLLED IN THE DIFFERENT HIGHER EDUCATIONAL INSTITUTIONS IN THE CITY OF BAGUIO, ESTABLISHING FOR ITS PURPOSE A FREE YOUTH MEALS PROGRAM, AND APPROPRIATING FUNDS THEREFOR.	0.0548982322	FALSE	0.129344642	FALSE	0.00897964835	FALSE	0.0812285244	FALSE	0.058850348	FALSE	0.00445342064	FALSE	0.00441467762	FALSE	0.147467017	FALSE	0.043361038	FALSE	0.165281773	FALSE	0.0171180367	FALSE	0.0158612728	FALSE	0.0374061465	FALSE	0.00281104445	FALSE	0.00900837779	FALSE	0.064976126	FALSE	0.161953062	FALSE
2023	097-2023	AN ORDINANCE STRENGTHENING THE EXISTING SATELLITE MARKETS AND ESTABLISHING ADDITIONAL DISTRICT SATELLITE MARKETS IN THE CITY OF BAGUIO, ALLOCATING FUNDS THEREFOR AND FOR OTHER PURPOSES	0.0874609649	FALSE	0.0473122895	FALSE	0.010250777	FALSE	0.0196899176	FALSE	0.0346090198	FALSE	0.00664767623	FALSE	0.00863820314	FALSE	0.0895370543	FALSE	0.0715867	FALSE	0.222641349	FALSE	0.157207608	FALSE	0.0153635442	FALSE	0.0691485405	FALSE	0.00485652685	FALSE	0.0185143352	FALSE	0.204708934	FALSE	0.307626	FALSE
2023	098-2023	AMENDING CERTAIN PROVISIONS OF ORDINANCE NUMBER 47, SERIES OF 2021, OTHERWISE KNOWN AS THE BAGUIO CITY COMPREHENSIVE SPORTS CODE	0.0206522346	FALSE	0.0125188231	FALSE	0.0153240561	FALSE	0.0500501096	FALSE	0.0283768177	FALSE	0.00383615494	FALSE	0.011868149	FALSE	0.0456903875	FALSE	0.0331379175	FALSE	0.207582057	FALSE	0.123243272	FALSE	0.00888234377	FALSE	0.0757505	FALSE	0.0105317831	FALSE	0.0106434226	FALSE	0.353358209	FALSE	0.177729458	FALSE
2023	099-2023	ORDINANCE PRESCRIBING PROCEDURE FOR ADMINISTRATIVE COMPLAINTS AGAINST SK ELECTIVE OFFICIALS IN BAGUIO	0.0131312609	FALSE	0.0154003799	FALSE	0.00761899352	FALSE	0.0267925262	FALSE	0.110655904	FALSE	0.00448960066	FALSE	0.0082654357	FALSE	0.0417635143	FALSE	0.0133570433	FALSE	0.0928596258	FALSE	0.0129529238	FALSE	0.00843074918	FALSE	0.0318263173	FALSE	0.00695490837	FALSE	0.0081076324	FALSE	0.628284335	TRUE	0.0277775824	FALSE
2023	100-2023	AUTHORIZING A SUPPLEMENTAL BUDGET NO. 3 IN THE TOTAL AMOUNT OF ONE HUNDRED FIVE THOUSAND PESOS (₱105,000.00) FOR THE FUNDING OF VARIOUS PROGRAMS/PROJECTS/ACTIVITIES (PPAS) OF THE BAGUIO CITY BUREAU OF JAIL MANAGEMENT AND PENOLOGY (BJMP)–FEMALE DORM.	0.0204196274	FALSE	0.0119109154	FALSE	0.0318180919	FALSE	0.0464791059	FALSE	0.693078697	TRUE	0.00642573833	FALSE	0.0074890852	FALSE	0.113464355	FALSE	0.0213858783	FALSE	0.0448015928	FALSE	0.0542194545	FALSE	0.00685146451	FALSE	0.013446629	FALSE	0.00894358754	FALSE	0.00845173	FALSE	0.236509383	FALSE	0.0368994772	FALSE
2023	101-2023	GRANTING CASH INCENTIVE TO ALL OFFICIALS AND EMPLOYEES OF THE CITY GOVERNMENT OF BAGUIO PURSUANT TO SECTION 25, ARTICLE II AND SECTION 2, ARTICLE X OF THE 1987 PHILIPPINE CONSTITUTION; SECTION 458 (A) (1) (VIII) AND (XI) OF THE LOCAL GOVERNMENT CODE IN RELATION TO EXECUTIVE ORDER NO. 292; AND THE LATEST SUPREME COURT DECISIONS.	0.0211673081	FALSE	0.00960019231	FALSE	0.0129560828	FALSE	0.0240809619	FALSE	0.0278497934	FALSE	0.00740879774	FALSE	0.00760492682	FALSE	0.0391168892	FALSE	0.0225031078	FALSE	0.0985613763	FALSE	0.272948503	FALSE	0.00954327	FALSE	0.0274074674	FALSE	0.0115639269	FALSE	0.0136809647	FALSE	0.506751299	TRUE	0.0848851502	FALSE
2023	102-2023	AN ORDINANCE APPROPRIATING THE TOTAL AMOUNT OF THREE HUNDRED THIRTY-FIVE THOUSAND SEVEN HUNDRED THIRTY-SEVEN PESOS AND SIXTEEN CENTAVOS (₱335,737.16) TO SATISFY THE MONETARY JUDGMENT AWARD DUE TO SPOUSES NATHANIEL T. VALENCIA AND GLENDA B. VALENCIA.	0.0384992659	FALSE	0.0468883514	FALSE	0.0158135295	FALSE	0.0270237029	FALSE	0.387666017	FALSE	0.00467392802	FALSE	0.00541719794	FALSE	0.156588703	FALSE	0.0231542	FALSE	0.139015555	FALSE	0.00922492146	FALSE	0.00955715775	FALSE	0.0235520601	FALSE	0.00533255935	FALSE	0.00711300969	FALSE	0.206566513	FALSE	0.106187582	FALSE
2023	103-2023	INSTITUTIONALIZING THE BAGUIO CITY PARENT ACADEMY PROGRAM, DEFINING ITS PURPOSE, AND APPROPRIATING FUNDS THEREOF.	0.0553120077	FALSE	0.0258627832	FALSE	0.00706735253	FALSE	0.0383490622	FALSE	0.0376503766	FALSE	0.0044862628	FALSE	0.00696253777	FALSE	0.0637957454	FALSE	0.0394128263	FALSE	0.293803334	FALSE	0.209696442	FALSE	0.00862979889	FALSE	0.0676671565	FALSE	0.00543186069	FALSE	0.0111354589	FALSE	0.0608525276	FALSE	0.114886791	FALSE
2023	104-2023	ORDINANCE DECLARING SEPTEMBER 4 OF EVERY YEAR AS “DANIEL H. BURNHAM DAY” IN THE CITY OF BAGUIO	0.0423054397	FALSE	0.0696895719	FALSE	0.00736090541	FALSE	0.0479171276	FALSE	0.143484801	FALSE	0.00580388308	FALSE	0.0104214847	FALSE	0.131862342	FALSE	0.023126781	FALSE	0.263031781	FALSE	0.0986830294	FALSE	0.00931856	FALSE	0.113223493	FALSE	0.00945225358	FALSE	0.0116648674	FALSE	0.184847921	FALSE	0.0555507541	FALSE
2023	105-2023	AN ORDINANCE DECLARING THE SECOND WEEK OF DECEMBER OF EVERY YEAR AS ARCHITECTURE WEEK IN THE CITY OF BAGUIO.	0.0383307934	FALSE	0.0289880037	FALSE	0.00837257504	FALSE	0.039252162	FALSE	0.0431738198	FALSE	0.00733318925	FALSE	0.0104258657	FALSE	0.091673851	FALSE	0.035284847	FALSE	0.11992535	FALSE	0.619625926	TRUE	0.0117470622	FALSE	0.126059562	FALSE	0.0127792954	FALSE	0.0193372369	FALSE	0.137470633	FALSE	0.0601341724	FALSE
2023	106-2023	AUTHORIZING A SUPPLEMENTAL BUDGET NO.4 IN THE TOTAL AMOUNT OF NINETY-ONE MILLION PESOS (₱91,000,000.00) FOR THE FUNDING OF VARIOUS PRIORITY PROJECTS IDENTIFIED IN THE APPROVED SEVENTH (7TH) SUPPLEMENTAL ANNUAL INVESTMENT PROGRAM FOR CALENDAR YEAR 2023 OF THE CITY GOVERNMENT OF BAGUIO.	0.0235739648	FALSE	0.00850915909	FALSE	0.0177637041	FALSE	0.0154556632	FALSE	0.00825569	FALSE	0.00754147768	FALSE	0.0110436976	FALSE	0.031984508	FALSE	0.146973908	FALSE	0.050814271	FALSE	0.423179835	FALSE	0.0167354941	FALSE	0.0355272889	FALSE	0.00818774104	FALSE	0.0190574527	FALSE	0.0537449718	FALSE	0.302982	FALSE
2023	107-2023	APPROVING THE REQUEST FOR AUTHORITY TO TRANSFER FUNDS UNDER THE 2023 CURRENT APPROPRIATIONS OF THE CITY BUILDINGS AND ARCHITECT OFFICE (CBAO) FROM ACCOUNT CODE 5-02-12-990 (OTHER GENERAL SERVICES) TO ACCOUNT CODE 1-07-05-030 (INFORMATION AND COMMUNICATION TECHNOLOGY EQUIPMENT) THE AMOUNT OF ₱400,000.00 FOR THE PURCHASE OF A DESKTOP COMPUTER FOR INTENSIVE CLOUD-BASED GEOGRAPHIC INFORMATION SYSTEM (GIS) WORKLOAD AND PROCESSES IN THE SAID OFFICE.	0.0173469782	FALSE	0.00833571	FALSE	0.0126254559	FALSE	0.0298820436	FALSE	0.00765487552	FALSE	0.00865292549	FALSE	0.0131814778	FALSE	0.0410918	FALSE	0.131099284	FALSE	0.0415582657	FALSE	0.776148498	TRUE	0.0183844864	FALSE	0.0316785276	FALSE	0.0120553374	FALSE	0.0252306759	FALSE	0.0346724093	FALSE	0.110212475	FALSE
2023	108-2023	APPROVING THE REQUEST FOR AUTHORITY TO CHARGE THE TOTAL AMOUNT OF FOUR HUNDRED TWENTY-SEVEN THOUSAND PESOS (₱427,000.00) AGAINST THE 2023 CURRENT APPROPRIATIONS OF THE OFFICE OF THE SANGGUNIANG PANLUNGSOD UNDER THE FOLLOWING ACCOUNT CODES: - 5-01-01-010 (SALARIES AND WAGES – REGULAR) – ₱150,000.00 - 5-01-02-020 (REPRESENTATION ALLOWANCE (RA)) – ₱8,500.00 - 5-01-02-030 (TRANSPORTATION ALLOWANCE (TA)) – ₱8,500.00 - 5-01-02-010 (PERSONAL ECONOMIC RELIEF ALLOWANCE (PERA)) – ₱10,000.00 - 5-01-03-010 (RETIREMENT AND LIFE INSURANCE PREMIUMS) – ₱20,000.00 - 5-01-03-020 (PAG-IBIG CONTRIBUTIONS) – ₱1,000.00 - 5-01-03-040 (EMPLOYEES COMPENSATION INSURANCE PREMIUMS) – ₱1,000.00 - 5-01-03-030 (PHILHEALTH CONTRIBUTIONS) – ₱1,000.00 - 5-01-02-140 (YEAR-END BONUS) – ₱100,000.00- 5-01-02-150 (CASH GIFT) – ₱25,000.00 - 5-01-02-990 (OTHER BONUSES AND ALLOWANCES) – ₱100,000.00 FOR THE PAYMENT OF BENEFITS DUE TO ATTORNEY RICHARD A. CARIÑO AND FIVE OTHER FORMER OFFICIALS AND EMPLOYEES OF THE SAID OFFICE.	0.0555726	FALSE	0.0150062442	FALSE	0.00729164481	FALSE	0.00969874859	FALSE	0.0305622816	FALSE	0.00484484434	FALSE	0.0114541352	FALSE	0.7037431	TRUE	0.0587998033	FALSE	0.0487852097	FALSE	0.0101191401	FALSE	0.043708235	FALSE	0.0123859048	FALSE	0.00655639172	FALSE	0.013733834	FALSE	0.036293149	FALSE	0.0759385824	FALSE
2023	109-2023	APPROVING THE REQUEST FOR AUTHORITY TO CHARGE THE TOTAL AMOUNT OF SIX HUNDRED THOUSAND PESOS (₱600,000.00) AGAINST THE 2023 CURRENT APPROPRIATIONS OF THE OFFICE OF THE SANGGUNIANG PANLUNGSOD UNDER ACCOUNT CODE 5-01-01-010 (SALARIES AND WAGES – REGULAR) FOR THE PAYMENT OF SALARY DIFFERENTIAL FOR THE PERIOD 30 JUNE 2019 TO 31 DECEMBER 2022 OF HONORABLE COUNCILORS FRED L. BAGBAGEN, ISABELO B. COSALAN JR., AND BETTY LOURDES F. TABANDA.	0.0415038764	FALSE	0.0183775723	FALSE	0.00553318858	FALSE	0.0199868679	FALSE	0.056584388	FALSE	0.00454372168	FALSE	0.0140716136	FALSE	0.724286914	TRUE	0.0529230535	FALSE	0.0931473076	FALSE	0.0114565194	FALSE	0.0254162252	FALSE	0.0187557936	FALSE	0.00552380085	FALSE	0.00872066617	FALSE	0.0431200862	FALSE	0.0677053	FALSE
2023	110-2023	AN ORDINANCE PROVIDING UPDATED GUIDELINES FOR THE IMPLEMENTATION OF THE INSTITUTIONALIZED ADOPT-A-PARK PROJECT IN THE CITY OF BAGUIO.	0.0484604537	FALSE	0.0175549388	FALSE	0.0197187364	FALSE	0.0283255875	FALSE	0.0178067088	FALSE	0.00983285904	FALSE	0.00888857245	FALSE	0.0206562877	FALSE	0.0393534899	FALSE	0.108899981	FALSE	0.443618119	FALSE	0.0127685368	FALSE	0.0715873837	FALSE	0.00826337934	FALSE	0.024382621	FALSE	0.177538037	FALSE	0.17555362	FALSE
2023	111-2023	APPROVING THE REQUEST FOR AUTHORITY TO TRANSFER FUNDS UNDER THE 2023 CURRENT APPROPRIATIONS OF THE BAGUIO CITY SCHOOLS DIVISION OFFICE FROM ACCOUNT CODE 5-02-03-990 (OTHER SUPPLIES AND MATERIALS EXPENSES) TO ACCOUNT CODE 1-07-04-020 (SCHOOL BUILDINGS) THE AMOUNT OF ₱1,200,000.00 AND TO DISBURSE THE SAME FOR THE CONSTRUCTION OF COMFORT ROOM AT DOMINICAN-MIRADOR ELEMENTARY SCHOOL, BAGUIO CITY.	0.0302379131	FALSE	0.00897339	FALSE	0.020242095	FALSE	0.15468356	FALSE	0.0130006969	FALSE	0.00731870532	FALSE	0.0111591816	FALSE	0.0258486867	FALSE	0.036776185	FALSE	0.0501754	FALSE	0.585017323	TRUE	0.00923976302	FALSE	0.0194930136	FALSE	0.00954550505	FALSE	0.0154465139	FALSE	0.0573577285	FALSE	0.0770175159	FALSE
2023	112-2023	AUTHORIZING A SUPPLEMENTAL BUDGET NO.5 IN THE TOTAL AMOUNT OF TWO HUNDRED-EIGHT MILLION SEVEN HUNDRED EIGHTY-THREE THOUSAND SIX HUNDRED TWENTY-THREE PESOS (₱208,783,623.00) FOR THE FUNDING OF VARIOUS PRIORITY PROJECTS IDENTIFIED IN THE APPROVED SIXTH (6TH) AND SEVENTH (7TH) SUPPLEMENTAL ANNUAL INVESTMENT PROGRAM (SAIPS)FOR CALENDAR YEAR 2023 OF THE CITY GOVERNMENT OF BAGUIO.	0.0232434869	FALSE	0.0082462132	FALSE	0.0200327933	FALSE	0.0183588862	FALSE	0.00753492117	FALSE	0.00806465745	FALSE	0.0101282597	FALSE	0.0301755965	FALSE	0.176076949	FALSE	0.0504233241	FALSE	0.332339227	FALSE	0.0181159675	FALSE	0.0280574262	FALSE	0.00802108645	FALSE	0.0189298987	FALSE	0.0480930507	FALSE	0.352774	FALSE
2023	113-2023	APPROVING THE REQUEST FOR AUTHORITY TO CHARGE THE TOTAL AMOUNT OF TWO HUNDRED ONE THOUSAND THREE HUNDRED FOUR PESOS (₱201,304.00) AGAINST THE 2023 CURRENT APPROPRIATIONS OF THE SMART CITY COMMAND CENTER (SC3), SUPERVISED BY THE MANAGEMENT INFORMATION AND TECHNOLOGY DIVISION, CITY MAYOR’S OFFICE, UNDER ACCOUNT CODE 5-02-04-020 (ELECTRICITY EXPENSES), FOR THE PAYMENT OF UNPAID ELECTRICITY EXPENSES INCURRED FOR THE PERIOD 13 AUGUST 2021 TO 31 DECEMBER 2022 DUE TO THE ELECTRIC CONSUMPTION OF SC3’S IOT BOXES, CCTVS, AND AIR QUALITY MONITORING DEVICES INSTALLED AT VARIOUS LOCATIONS WITHIN THE CITY OF BAGUIO.	0.00983670354	FALSE	0.00563699	FALSE	0.0120438635	FALSE	0.0163075328	FALSE	0.00554779172	FALSE	0.00832817	FALSE	0.142885357	FALSE	0.0355804861	FALSE	0.117687851	FALSE	0.028655231	FALSE	0.620374382	TRUE	0.0252003074	FALSE	0.0311018229	FALSE	0.0108495951	FALSE	0.0231503248	FALSE	0.0415452421	FALSE	0.0666092038	FALSE
2024	001-2024	AN ORDINANCE INSTITUTIONALIZING A BAGUIO CITY VOLKSWAGEN APPRECIATION WEEK IN THE CITY OF BAGUIO EVERY FIRST WEEK OF DECEMBER OF EVERY YEAR AND PROVIDING GUIDELINES THEREOF.	0.0343469977	FALSE	0.028072685	FALSE	0.0107170343	FALSE	0.0301819146	FALSE	0.0349141657	FALSE	0.00431776047	FALSE	0.00773572922	FALSE	0.0822809041	FALSE	0.048487395	FALSE	0.187840194	FALSE	0.12908712	FALSE	0.00930002332	FALSE	0.0868805051	FALSE	0.00473967195	FALSE	0.0087325871	FALSE	0.114605188	FALSE	0.159806907	FALSE
2024	002-2024	AN ORDINANCE INSTITUTIONALIZING THE BAGUIO CITY COSPLAY FESTIVAL AND PROVIDING GUIDELINES THEREOF.	0.0179189444	FALSE	0.0389589965	FALSE	0.00785079598	FALSE	0.0433897078	FALSE	0.0948143899	FALSE	0.00426292419	FALSE	0.00692307949	FALSE	0.0870966613	FALSE	0.0262817144	FALSE	0.294955671	FALSE	0.0411369801	FALSE	0.00832793117	FALSE	0.0742465258	FALSE	0.00653225183	FALSE	0.00731903315	FALSE	0.10069263	FALSE	0.081633538	FALSE
2024	003-2024	AN ORDINANCE SETTING GUIDELINES FOR BAGUIO CITY WRITERS, AUTHORS, AND PUBLISHERS IN FURNISHING, PROVIDING, OR DEPOSITING COPIES OF BOOKS ORIGINALLY PRINTED, PRODUCED, OR PUBLISHED IN THE CITY OF BAGUIO TO THE BAGUIO CITY PUBLIC LIBRARY.	0.0408550501	FALSE	0.0107542574	FALSE	0.0108989179	FALSE	0.497614801	FALSE	0.026699245	FALSE	0.00464347	FALSE	0.0051972568	FALSE	0.0291028917	FALSE	0.0236485898	FALSE	0.109148264	FALSE	0.210519075	FALSE	0.00545448065	FALSE	0.0271945596	FALSE	0.00745844841	FALSE	0.00831988454	FALSE	0.0875514746	FALSE	0.0590645373	FALSE
2024	004-2024	AN ORDINANCE RENAMING A PORTION OF ASIN ROAD, BAGUIO CITY PARTICULARLY FROM THE NAGUILIAN-ASIN ROAD JUNCTION TO THE ASIN ROAD-SAN ROQUE-SAN LUIS JUNCTION AS 'ASIN ROAD-RECOLETOS LOOP'.	0.0440214276	FALSE	0.0305603743	FALSE	0.012109071	FALSE	0.0312844217	FALSE	0.0243221819	FALSE	0.00761696696	FALSE	0.00577071309	FALSE	0.0546233058	FALSE	0.0419952273	FALSE	0.171995431	FALSE	0.574930906	TRUE	0.0110208094	FALSE	0.0438938439	FALSE	0.0106714666	FALSE	0.0199841857	FALSE	0.0623700917	FALSE	0.0997194052	FALSE
2024	005-2024	AN ORDINANCE CREATING THE BAGUIO CITY LOCAL BLOOD COUNCIL (BCLBC), DEFINING ITS PURPOSE AND FUNCTIONS, AND APPROPRIATING FUNDS THEREOF.	0.0389036834	FALSE	0.0212654173	FALSE	0.00970873237	FALSE	0.0234510899	FALSE	0.031146884	FALSE	0.00501099229	FALSE	0.0059145987	FALSE	0.0490751266	FALSE	0.0386574268	FALSE	0.204835445	FALSE	0.155512452	FALSE	0.00797262788	FALSE	0.0486394763	FALSE	0.00599443913	FALSE	0.010522455	FALSE	0.192522943	FALSE	0.177860677	FALSE
2024	006-2024	AN ORDINANCE APPROVING THE TEMPORARY CLOSURE AND USE OF VARIOUS ROADS AND THE RE-ROUTING OF VICTORY LINER BUSES AND OTHER BUS LINES FOR THE CELEBRATION OF THE BAGUIO FLOWER FESTIVAL: PANAGBENGA 2024, SUBJECT TO CONDITIONS.	0.00993189216	FALSE	0.0249825716	FALSE	0.0145340562	FALSE	0.0367205441	FALSE	0.0364060104	FALSE	0.00519087911	FALSE	0.0118708014	FALSE	0.0727148354	FALSE	0.0779096782	FALSE	0.074036926	FALSE	0.374990672	FALSE	0.0210418403	FALSE	0.125614434	FALSE	0.0233286321	FALSE	0.0224459767	FALSE	0.065499872	FALSE	0.129713267	FALSE
2024	007-2024	AN ORDINANCE INSTITUTIONALIZING 'MATAKAL JEN OBDA' SKILLS FESTIVAL IN THE CITY OF BAGUIO EVERY LAST WEEK OF SEPTEMBER OF EVERY YEAR, CREATING A WORKING COMMITTEE FOR THE PURPOSE, AND PROVIDING FUNDS FOR THE ACTIVITIES.	0.037920028	FALSE	0.02857849	FALSE	0.0126559436	FALSE	0.107978076	FALSE	0.0367937684	FALSE	0.00375464559	FALSE	0.00476846099	FALSE	0.0875106156	FALSE	0.0733084083	FALSE	0.162548035	FALSE	0.071647495	FALSE	0.00910413265	FALSE	0.060433954	FALSE	0.00460982323	FALSE	0.00800922513	FALSE	0.0897403657	FALSE	0.274279892	FALSE
2024	008-2024	CORRECTING AND AMENDING THE ELIGIBILITY QUALIFICATION FOR THE POSITION OF ENGINEER II PROVIDED UNDER SECTION 2 OF ORDINANCE NUMBERED 78, SERIES OF 2023 [AN ORDINANCE CREATING THE POSITION OF ENGINEER II (ELECTRONICS ENGINEER), SG-16/1, IN THE CITY BUILDINGS AND ARCHITECTURE OFFICE (CBAO), APPROPRIATING FUNDS THEREFOR, AND FOR OTHER PURPOSES].	0.0220039487	FALSE	0.00893136859	FALSE	0.0126219988	FALSE	0.0219032168	FALSE	0.0124585032	FALSE	0.00816682	FALSE	0.00878229737	FALSE	0.0364953279	FALSE	0.0519062	FALSE	0.0533015132	FALSE	0.81150794	TRUE	0.0126943588	FALSE	0.0423555672	FALSE	0.0171504021	FALSE	0.0266318023	FALSE	0.073438853	FALSE	0.0774876773	FALSE
2024	009-2024	APPROVING THE REQUEST FOR AUTHORITY TO CHARGE THE AMOUNT OF P537,254.50 AGAINST THE 2024 CURRENT APPROPRIATIONS OF THE CITY ENVIRONMENT AND PARKS MANAGEMENT OFFICE (CEPMO) UNDER ACCOUNT CODE 5-02-04-020 (ELECTRICITY EXPENSES) FOR THE PAYMENT OF UNPAID ELECTRICITY CONSUMPTION OF CITY PARKS AND FIELD OFFICES COVERING THE PERIOD 18 NOVEMBER 2023 TO 26 JANUARY 2024.	0.0193414092	FALSE	0.0120636523	FALSE	0.0115853548	FALSE	0.0112716556	FALSE	0.00643566251	FALSE	0.010614574	FALSE	0.0288887918	FALSE	0.0219401419	FALSE	0.0390687883	FALSE	0.0303784907	FALSE	0.846093297	TRUE	0.0250884295	FALSE	0.100809634	FALSE	0.0162034929	FALSE	0.0742255151	FALSE	0.0421327055	FALSE	0.0449246764	FALSE
2024	010-2024	APPROVING THE REQUEST FOR AUTHORITY TO CHARGE THE TOTAL AMOUNT OF P8,650.00 AGAINST THE 2024 CURRENT APPROPRIATIONS OF THE CITY PLANNING, DEVELOPMENT AND SUSTAINABILITY OFFICE (CPDSO) UNDER THE PROGRAM/PROJECT OF COMPREHENSIVE LAND USE PLAN (CLUP)/ COMPREHENSIVE DEVELOPMENT PLAN (CDP) WITH THE ACCOUNT CODE 5-02-99-030 (REPRESENTATION EXPENSES) FOR THE COST OF SNACKS SERVED DURING THE CITY DEVELOPMENT COUNCIL MEETING HELD ON 29 NOVEMBER 2023.	0.0140326023	FALSE	0.0179401934	FALSE	0.00723075867	FALSE	0.00962898135	FALSE	0.00358846784	FALSE	0.0168330967	FALSE	0.00779703259	FALSE	0.0177674	FALSE	0.0873420835	FALSE	0.00931206346	FALSE	0.63274008	TRUE	0.0819965601	FALSE	0.0294476151	FALSE	0.0136398971	FALSE	0.216600031	FALSE	0.0122633278	FALSE	0.0522839725	FALSE
2024	011-2024	APPROVING THE REQUEST FOR AUTHORITY TO CHARGE FROM THE 2024 CURRENT APPROPRIATIONS OF THE CITY ADMINISTRATOR'S OFFICE (CADMO) THE 2023 EXPENDITURES AND OBLIGATIONS REPRESENTING UNPAID INCENTIVES OF LOCAL ATHLETES AND COACHES DURING THEIR PARTICIPATION IN VARIOUS SPORTS EVENTS AND THE UNPAID 2023 WATER BILL OF THE SWIMMING POOL, SUBJECT TO AVAILABILITY OF FUNDS.	0.0119414032	FALSE	0.00688579679	FALSE	0.00638875365	FALSE	0.0433299541	FALSE	0.0592398643	FALSE	0.00852188468	FALSE	0.00450912118	FALSE	0.0650382042	FALSE	0.0225616395	FALSE	0.158509076	FALSE	0.0844506323	FALSE	0.00763744116	FALSE	0.0188599229	FALSE	0.0300550461	FALSE	0.00744077563	FALSE	0.0853307843	FALSE	0.0503398776	FALSE
2024	012-2024	APPROVING THE REQUEST FOR AUTHORITY TO CHARGE THE AMOUNT OF P2,675,000.00 AGAINST THE CONTINUING APPROPRIATIONS OF THE CITY GENERAL SERVICE OFFICE (CGSO) UNDER ACCOUNT CODE 1-07-06-010 (MOTOR VEHICLES) FOR THE PURCHASE OF AN OFFICE PASSENGER VEHICLE.	0.0200454891	FALSE	0.00938424468	FALSE	0.00910359621	FALSE	0.0199548304	FALSE	0.0108812749	FALSE	0.00801742077	FALSE	0.00999063253	FALSE	0.0544390082	FALSE	0.0705046654	FALSE	0.187772155	FALSE	0.525569201	TRUE	0.0141404569	FALSE	0.0278036594	FALSE	0.0104734302	FALSE	0.0185958147	FALSE	0.0853996575	FALSE	0.136743456	FALSE
2024	013-2024	APPROVING THE REQUEST OF REV. FR. VICTORINO K. AGCAOILI, CO-CHAIRMAN, BISHOP CARLITO J. CENZON FOUNDATION, INC. (BCJCFI), FOR SUPPORT AND WAIVER OF AMUSEMENT TAX AND OTHER FEES REQUIRED FOR THE CONDUCT OF THE 20TH BISHOP OTTO CENZON'S GOLF TOURNAMENT ON 03 MAY 2024 AT THE CAMP JOHN HAY GOLF AND COUNTRY CLUB IN THE CITY OF BAGUIO.	0.03683272	FALSE	0.0209732354	FALSE	0.0250122845	FALSE	0.0602094829	FALSE	0.0363947749	FALSE	0.00518319	FALSE	0.013379842	FALSE	0.105684429	FALSE	0.0626334548	FALSE	0.0743126273	FALSE	0.132058114	FALSE	0.0364120901	FALSE	0.0308377445	FALSE	0.0116102993	FALSE	0.0298280418	FALSE	0.409849	FALSE	0.262571156	FALSE
2024	014-2024	APPROVING THE REQUEST FOR AUTHORITY TO TRANSFER FUNDS UNDER THE 2024 CURRENT APPROPRIATIONS OF THE CITY VETERINARY AND AGRICULTURE OFFICE (CVAO) FROM ACCOUNT CODE 1-07-07-010 (FURNITURE AND FIXTURES) TO ACCOUNT CODE 5-02-03-990 (OTHER SUPPLIES AND MATERIALS EXPENSES) THE AMOUNT OF P500,000.00 AND TO DISBURSE THE SAME FOR THE OFFICE PARTITIONS IN THE SAID OFFICE.	0.0866049826	FALSE	0.493046969	FALSE	0.0102341771	FALSE	0.0336595476	FALSE	0.0355629325	FALSE	0.0120262206	FALSE	0.00786265731	FALSE	0.071634233	FALSE	0.0357788205	FALSE	0.0692224205	FALSE	0.198022515	FALSE	0.0351342559	FALSE	0.0219657123	FALSE	0.00465849042	FALSE	0.0384372175	FALSE	0.040667206	FALSE	0.0748293102	FALSE
2024	015-2024	INSTITUTIONALIZING THE ECOLOGICAL WASTE MANAGEMENT AND SUSTAINABILITY FAIR IN THE CITY OF BAGUIO.	0.00842171907	FALSE	0.0254483223	FALSE	0.00461855531	FALSE	0.00710639358	FALSE	0.00413060188	FALSE	0.0228325427	FALSE	0.0172676742	FALSE	0.04717049	FALSE	0.168151349	FALSE	0.0134632289	FALSE	0.318904459	FALSE	0.352347463	FALSE	0.041603	FALSE	0.0175328255	FALSE	0.390065581	FALSE	0.018265903	FALSE	0.0545593798	FALSE
2024	016-2024	APPROVING THE REQUEST FOR AUTHORITY TO TRANSFER FUNDS UNDER THE 2024 CURRENT APPROPRIATIONS OF THE CITY BUILDINGS AND ARCHITECTURE OFFICE (CBAO) FROM ACCOUNT CODE 1-07-05-990 (OTHER MACHINERY AND EQUIPMENT) TO ACCOUNT CODE 5-02-03-990 (OTHER SUPPLIES AND MATERIALS EXPENSES) THE AMOUNT OF P150,000.00 AND TO DISBURSE THE SAME FOR THE PURCHASE OF STEEL CABINETS TO BE USED FOR THE FILING OF CONFIDENTIAL DOCUMENTS WITH COURT CASES OF THE SAID OFFICE.	0.0148662329	FALSE	0.00668442249	FALSE	0.0129133165	FALSE	0.0175408721	FALSE	0.0153335035	FALSE	0.00811970234	FALSE	0.0112892091	FALSE	0.0396966338	FALSE	0.0464643538	FALSE	0.0368351638	FALSE	0.801310658	TRUE	0.0140443444	FALSE	0.0226779878	FALSE	0.0150637031	FALSE	0.0274247229	FALSE	0.111067951	FALSE	0.0478539765	FALSE
2024	017-2024	APPROVING THE REQUEST FOR AUTHORITY TO TRANSFER FUNDS FROM ACCOUNT CODE 5-01-01-010 (SALARIES AND WAGES-REGULAR) TO ACCOUNT CODE 5-01-04-030 (TERMINAL LEAVE BENEFITS) THE AMOUNT OF P126,000.00, AND TO CHARGE THE AMOUNT OF P5,000.00 FROM ACCOUNT CODE 5-01-02-080 (PRODUCTIVITY INCENTIVE ALLOWANCE), BOTH UNDER THE 2024 CURRENT APPROPRIATIONS OF THE CITY MAYOR'S OFFICE (CMO), FOR THE PAYMENT OF TERMINAL LEAVE BENEFITS AND PERFORMANCE ENHANCEMENT INCENTIVE FOR THE YEAR 2023 OF THREE (3) PERMANENT EMPLOYEES WHO RECENTLY RESIGNED IN THE SAID OFFICE.	0.0201335847	FALSE	0.010404855	FALSE	0.00348907709	FALSE	0.0275854468	FALSE	0.0193185508	FALSE	0.00537359715	FALSE	0.0141673386	FALSE	0.665905118	TRUE	0.0960783362	FALSE	0.101972282	FALSE	0.041723609	FALSE	0.0288620293	FALSE	0.0149585605	FALSE	0.00650510192	FALSE	0.0105030835	FALSE	0.0310716927	FALSE	0.0725026131	FALSE
2024	018-2024	AN ORDINANCE INSTITUTIONALIZING THE CLEAN-AS-YOU-GO (CLAYGO) PRACTICE IN CERTAIN FOOD-SERVING ESTABLISHMENTS IN THE CITY OF BAGUIO AND PROVIDING PENALTIES FOR VIOLATIONS THEREOF.	0.0182650089	FALSE	0.42554456	FALSE	0.00571396947	FALSE	0.0096000731	FALSE	0.0202198923	FALSE	0.0111380517	FALSE	0.0191469789	FALSE	0.161243647	FALSE	0.0808826387	FALSE	0.0347833335	FALSE	0.0634174943	FALSE	0.157654941	FALSE	0.0318267941	FALSE	0.00738143921	FALSE	0.0390170515	FALSE	0.100624442	FALSE	0.0828875303	FALSE
2024	019-2024	APPROVING THE REQUEST FOR AUTHORITY TO CHARGE THE AMOUNT OF P37,940.00 AGAINST THE 2024 CURRENT APPROPRIATIONS OF THE CITY ADMINISTRATOR'S OFFICE (CADMO) UNDER ACCOUNT CODE 5-02-13-060 (REPAIRS AND MAINTENANCE-TRANSPORTATION EQUIPMENT) FOR THE PAYMENT OF ITEMS INCURRED IN 2023 FOR THE MAINTENANCE OF SERVICE VEHICLE MITSUBISHI ESTRADA WITH PLATE NO. SKA-802 OF THE SAID OFFICE.	0.0186194181	FALSE	0.00614541769	FALSE	0.0143730938	FALSE	0.0262694061	FALSE	0.00804501772	FALSE	0.00828912854	FALSE	0.011829704	FALSE	0.0404445231	FALSE	0.0702020824	FALSE	0.079462558	FALSE	0.751892686	TRUE	0.013548702	FALSE	0.0225760341	FALSE	0.0157580376	FALSE	0.0229324102	FALSE	0.0686348081	FALSE	0.0986853242	FALSE
2024	020-2024	APPROVING THE REQUEST FOR AUTHORITY TO CHARGE THE TOTAL AMOUNT OF P384,500.00 AGAINST THE 2024 CURRENT APPROPRIATIONS OF THE CITY ADMINISTRATOR'S OFFICE UNDER ACCOUNT CODE 5-02-03-990 (OTHER SUPPLIES AND MATERIALS EXPENSES) TO COVER THE COST OF THE PREVIOUSLY PURCHASED ITEMS IN THE 2023 BUDGET OF THE SAID OFFICE OF A CUSTOMIZED FOLDER - P76,000.00, BARONG WITH ETHNIC CLOTH ACCENT - P115,500.00; AND WELCOME TOKEN (KEY TO THE CITY) - P193,500.00.	0.0302268267	FALSE	0.0114427805	FALSE	0.0116585195	FALSE	0.0257998109	FALSE	0.0147287846	FALSE	0.00600606203	FALSE	0.00648665428	FALSE	0.0353264511	FALSE	0.0334704518	FALSE	0.172617197	FALSE	0.533453405	TRUE	0.0110377669	FALSE	0.0318801701	FALSE	0.00831529498	FALSE	0.0195259154	FALSE	0.113808125	FALSE	0.0998295844	FALSE
2024	021-2024	AUTHORIZING SUPPLEMENTAL BUDGET NO. 1 IN THE TOTAL AMOUNT OF TWO HUNDRED ELEVEN MILLION THIRTY-FIVE THOUSAND PESOS (P211,035,000.00) FOR THE FUNDING OF VARIOUS PROGRAMS, PROJECTS, AND ACTIVITIES APPROVED IN THE 1ST SUPPLEMENTAL ANNUAL INVESTMENT PROGRAMS (SAIP) FOR FISCAL YEAR 2024 OF THE CITY GOVERNMENT OF BAGUIO UNDER RESOLUTION NUMBERED 130, SERIES OF 2024.	0.0240296423	FALSE	0.00926578	FALSE	0.0205651522	FALSE	0.0148303807	FALSE	0.00920382142	FALSE	0.00723430514	FALSE	0.0113586187	FALSE	0.0377879441	FALSE	0.144050866	FALSE	0.0521395504	FALSE	0.416400045	FALSE	0.017942369	FALSE	0.0337251723	FALSE	0.00783819	FALSE	0.0197153986	FALSE	0.0726437569	FALSE	0.344340801	FALSE
2024	022-2024	AN ORDINANCE ADOPTING THE BAGUIO CITY LOCAL PUBLIC TRANSPORT ROUTE PLAN (LPTRP) 2021-2025, SUBJECT TO FULL COMPLIANCE WITH ALL APPLICABLE LAWS, RULES, AND REGULATIONS.	0.0172754228	FALSE	0.00885340571	FALSE	0.0185064673	FALSE	0.0198832154	FALSE	0.00871014595	FALSE	0.00780192	FALSE	0.0150009096	FALSE	0.0356400311	FALSE	0.0909998417	FALSE	0.0737637281	FALSE	0.429702759	FALSE	0.0172465444	FALSE	0.047169894	FALSE	0.0109964013	FALSE	0.0171199143	FALSE	0.132469863	FALSE	0.242089689	FALSE
2024	023-2024	AUTHORIZING SUPPLEMENTAL BUDGET NO. 2 IN THE TOTAL AMOUNT OF TWENTY-TWO MILLION FIVE HUNDRED SEVENTY-ONE THOUSAND PESOS (P22,571,000.00) FOR THE FUNDING OF VARIOUS PROGRAMS, PROJECTS, AND ACTIVITIES APPROVED IN THE 1ST SUPPLEMENTAL ANNUAL INVESTMENT PROGRAM (SAIP) FOR FISCAL YEAR 2024 OF THE CITY GOVERNMENT OF BAGUIO UNDER RESOLUTION NUMBERED 130, SERIES OF 2024.	0.0242666	FALSE	0.0088956058	FALSE	0.020927608	FALSE	0.0151411891	FALSE	0.00887227058	FALSE	0.00761771202	FALSE	0.0111743212	FALSE	0.0353794694	FALSE	0.145265818	FALSE	0.0531084538	FALSE	0.404583	FALSE	0.0179649293	FALSE	0.0321612954	FALSE	0.00810116529	FALSE	0.020185411	FALSE	0.0730246902	FALSE	0.351597607	FALSE
2024	024-2024	APPROVING THE REQUEST FOR AUTHORITY TO CHARGE THE AMOUNT OF P6,300.00 AGAINST THE 2024 CURRENT APPROPRIATIONS OF THE CITY BUILDINGS AND ARCHITECTURE OFFICE (CBAO) UNDER ACCOUNT CODE 5-01-01-010 (SALARIES AND WAGES-REGULAR) EARMARKED FOR POSITIONS THAT REMAIN UNFILLED FOR THE PAYMENT OF OVERTIME PAY FOR THE MONTH OF NOVEMBER 2023 OF MR. ARIEL VALDEZ, FORMER CASUAL ELECTRICIAN II, OF THE SAID OFFICE.	0.0247852504	FALSE	0.00886154175	FALSE	0.00514683127	FALSE	0.0222325623	FALSE	0.0170253217	FALSE	0.00478258729	FALSE	0.0193555057	FALSE	0.290132493	FALSE	0.0830658376	FALSE	0.0680543184	FALSE	0.530795813	TRUE	0.0182189941	FALSE	0.0270674229	FALSE	0.00806620717	FALSE	0.0148842335	FALSE	0.0530040562	FALSE	0.0569947064	FALSE
2024	025-2024	AN ORDINANCE STRENGTHENING THE VACCINATION PROGRAM IN THE CITY OF BAGUIO BY MOBILIZING COMMUNITY VOLUNTEERS TO BE KNOWN AS 'BAKUNA CHAMPIONS', PROVIDING FUNDS THEREFOR, AND FOR OTHER PURPOSES.	0.0881733298	FALSE	0.249728858	FALSE	0.177802324	FALSE	0.0336375237	FALSE	0.0796715	FALSE	0.00702449679	FALSE	0.00874608755	FALSE	0.0306317806	FALSE	0.0290464461	FALSE	0.072335273	FALSE	0.0340190828	FALSE	0.0167284012	FALSE	0.0251001418	FALSE	0.00452712178	FALSE	0.017142415	FALSE	0.103881449	FALSE	0.215696186	FALSE
2024	026-2024	AN ORDINANCE INSTITUTIONALIZING THE CELEBRATION OF 'HEALTH WORKERS' DAY' ON MAY 7 OF EVERY YEAR IN THE CITY OF BAGUIO.	0.024797678	FALSE	0.0249330103	FALSE	0.0136418045	FALSE	0.0324878097	FALSE	0.187159717	FALSE	0.00416320562	FALSE	0.00452488661	FALSE	0.190659165	FALSE	0.0199384987	FALSE	0.154888302	FALSE	0.0233823061	FALSE	0.00553992391	FALSE	0.015976727	FALSE	0.00329235196	FALSE	0.00465124846	FALSE	0.121481776	FALSE	0.0494419932	FALSE
2024	027-2024	APPROVING THE REQUEST FOR AUTHORITY TO TRANSFER FUNDS FROM THE SAVINGS OF THE CITY MAYOR'S OFFICE (CMO) UNDER ACCOUNT CODE 5-01-01-010 (SALARIES AND WAGES-REGULAR) TO ACCOUNT CODE 5-01-04-030 (TERMINAL LEAVE BENEFITS), THE AMOUNT OF P175,000.00 UNDER ITS 2024 CURRENT APPROPRIATIONS FOR THE PAYMENT OF TERMINAL LEAVE BENEFITS OF TWO (2) PERMANENT EMPLOYEES WHO RECENTLY RESIGNED IN THE SAID OFFICE.	0.0250641406	FALSE	0.0119967461	FALSE	0.00397333503	FALSE	0.0271093547	FALSE	0.0298753381	FALSE	0.00454556942	FALSE	0.0135038495	FALSE	0.667060256	TRUE	0.068470329	FALSE	0.146547467	FALSE	0.0357091725	FALSE	0.0226958394	FALSE	0.0166466236	FALSE	0.00599631667	FALSE	0.00882169604	FALSE	0.0664055645	FALSE	0.0786723197	FALSE
2024	028-2024	APPROVING THE REQUEST FOR AUTHORITY TO CHARGE THE AMOUNT OF P281,360.98 FROM THE 2024 CURRENT APPROPRIATIONS OF THE CITY TREASURY OFFICE (CTO) UNDER ACCOUNT CODE 5-02-04-020 (ELECTRICITY EXPENSES) FOR THE PAYMENT OF UNPAID ELECTRICITY CONSUMPTION OF BLOCK 4 EXTENSION CITY MARKET DIVISION FROM DECEMBER 2022 TO DECEMBER 2023.	0.0153024197	FALSE	0.0153294504	FALSE	0.00503784418	FALSE	0.00749999285	FALSE	0.00685632229	FALSE	0.00592333078	FALSE	0.326052845	FALSE	0.111413747	FALSE	0.0876850784	FALSE	0.0595055819	FALSE	0.0978581309	FALSE	0.0314318836	FALSE	0.0782254934	FALSE	0.0053768158	FALSE	0.0125691593	FALSE	0.0522152185	FALSE	0.087169975	FALSE
2024	029-2024	AMENDING SECTION 7 OF ORDINANCE NUMBERED 56, SERIES OF 2023 [AN ORDINANCE ALLOWING THE OFFICE OF THE SENIOR CITIZENS AFFAIRS (OSCA) TO COLLECT REPLACEMENT FEES FOR LOST OSCA SENIOR CITIZEN IDENTIFICATION CARDS WITH OFFICIAL RECEIPT OF THE CITY GOVERNMENT OF BAGUIO FROM SENIOR CITIZENS].	0.0204010308	FALSE	0.0115823746	FALSE	0.0127649009	FALSE	0.0341716409	FALSE	0.0245972574	FALSE	0.00487652421	FALSE	0.00633803	FALSE	0.0320585966	FALSE	0.0228540301	FALSE	0.197363466	FALSE	0.141371459	FALSE	0.00843313336	FALSE	0.0429841876	FALSE	0.00828638673	FALSE	0.0112614334	FALSE	0.379775465	FALSE	0.123380661	FALSE
2024	030-2024	AMENDING SECTION 2 OF ORDINANCE NUMBERED 80, SERIES OF 2022 [GRANTING OF ONE-TIME RICE ALLOWANCE TO ALL QUALIFIED OFFICIALS AND EMPLOYEES OF THE CITY GOVERNMENT OF BAGUIO FOR FISCAL YEAR 2022].	0.0617400408	FALSE	0.0373463333	FALSE	0.0098606348	FALSE	0.0370110273	FALSE	0.0418088436	FALSE	0.00494551659	FALSE	0.00945597887	FALSE	0.0871702731	FALSE	0.0261357725	FALSE	0.194960803	FALSE	0.146036208	FALSE	0.0093126893	FALSE	0.0814407468	FALSE	0.00610256195	FALSE	0.0132180452	FALSE	0.275689423	FALSE	0.141478986	FALSE
2024	031-2024	AN ORDINANCE ESTABLISHING THE CITY PROJECT MONITORING COUNCIL (CPMC), OUTLINING ITS COMPOSITION AND FUNCTIONS, AND PROVIDING FUNDS FOR THE PURPOSE.	0.0211369395	FALSE	0.0150552392	FALSE	0.0169880092	FALSE	0.0225200653	FALSE	0.0137452781	FALSE	0.00932446122	FALSE	0.00922206	FALSE	0.0331969261	FALSE	0.0967675149	FALSE	0.0781248212	FALSE	0.527653635	TRUE	0.0166156	FALSE	0.084936887	FALSE	0.0100043714	FALSE	0.0204662979	FALSE	0.0922156274	FALSE	0.237907082	FALSE
2024	032-2024	REALIGNING THE AMOUNT OF P850,000.00 FROM THE PROJECT 'CONSTRUCTION OF BARANGAY ROAD FROM IGLESIA NI CRISTO CHURCH DOWN TO NABULAY'S RESIDENCE AT PUROK 2' FUNDED FROM VARIOUS PROJECTS UNDER THE 2020 ANNUAL INVESTMENT PLAN TO 'RECOVERY OF GOVERNMENT ROAD IN FRONT OF SIGNEY'S RESIDENCE' AT CAMP 8 BARANGAY, BAGUIO CITY.	0.0576086342	FALSE	0.0148050189	FALSE	0.0116995275	FALSE	0.0147455037	FALSE	0.0142389834	FALSE	0.00481620431	FALSE	0.00646597147	FALSE	0.109181792	FALSE	0.152691841	FALSE	0.0444976389	FALSE	0.506277	TRUE	0.0273560882	FALSE	0.0304276049	FALSE	0.00640639663	FALSE	0.0301072896	FALSE	0.0553505719	FALSE	0.2939004	FALSE
2024	033-2024	APPROVING THE REQUEST FOR AUTHORITY TO CHARGE THE TOTAL AMOUNT OF P30,000.00 AGAINST THE 2024 CURRENT APPROPRIATIONS OF THE OFFICE OF THE SANGGUNIANG PANLUNGSOD (SP) UNDER ACCOUNT CODES 5-01-02-140 (YEAR END BONUS) - P10,000.00; 5-01-02-150 (CASH GIFT) - P5,000.00; AND 5-01-02-990 (OTHER BONUSES AND ALLOWANCES) - P15,000.00, FOR THE PAYMENT OF BENEFITS OF MR. JASON B. SUMAD-EN, FORMER EMPLOYEE OF THE SAID OFFICE.	0.0220482647	FALSE	0.0227584541	FALSE	0.00718185306	FALSE	0.0108382702	FALSE	0.063192457	FALSE	0.00453400612	FALSE	0.00685989857	FALSE	0.217776805	FALSE	0.0384052396	FALSE	0.206893265	FALSE	0.0148698092	FALSE	0.0266130269	FALSE	0.0272539258	FALSE	0.00648987293	FALSE	0.0195036232	FALSE	0.46229443	FALSE	0.183857292	FALSE
2024	034-2024	APPROVING THE REQUEST FOR AUTHORITY TO CHARGE THE AMOUNT OF P44,342.08 AGAINST THE 2024 CURRENT APPROPRIATIONS OF THE CITY HEALTH SERVICES OFFICE (CHSO) UNDER ACCOUNT CODE 5-02-04-020 (ELECTRICITY EXPENSES) TO COVER THE UNPAID ELECTRIC BILLS OF THE LOAKAN HEALTH CENTER FROM 2016 TO THE PRESENT.	0.0450991392	FALSE	0.00611448288	FALSE	0.0304283202	FALSE	0.0420401394	FALSE	0.0206635	FALSE	0.00347802043	FALSE	0.0101026595	FALSE	0.0769578815	FALSE	0.045045495	FALSE	0.131503165	FALSE	0.208584905	FALSE	0.00657635927	FALSE	0.0116057396	FALSE	0.00392943621	FALSE	0.00726032257	FALSE	0.115330249	FALSE	0.144762963	FALSE
2024	035-2024	GRANTING A THIRTY PERCENT (30%) DISCOUNT ON THE RENTAL OF THE BAGUIO CONVENTION AND CULTURAL CENTER (BCCC) FOR THE EVENT '2ND ASIAN SPORT JIU-JITSU FEDERATION (ASJJF) BAGUIO INTERNATIONAL JIU-JITSU OPEN 2024' TO BE HELD ON 05 OCTOBER 2024 IN THE CITY OF BAGUIO, SUBJECT TO THE CONDITION THAT THE CITY GOVERNMENT OF BAGUIO SHALL BE A CO-SPONSOR TO THE SAID EVENT.	0.0154655874	FALSE	0.0104877651	FALSE	0.0150029659	FALSE	0.0326198637	FALSE	0.0218766928	FALSE	0.00569340587	FALSE	0.0074980557	FALSE	0.082121253	FALSE	0.0694101453	FALSE	0.103580713	FALSE	0.668575644	TRUE	0.0155625045	FALSE	0.0270386934	FALSE	0.0149716437	FALSE	0.0223956108	FALSE	0.0783881545	FALSE	0.10967958	FALSE
2024	036-2024	AN ORDINANCE CREATING AN ADMINISTRATIVE BOARD FOR THE ABATEMENT OF PUBLIC NUISANCES IN THE CITY OF BAGUIO.	0.0484564304	FALSE	0.0277148187	FALSE	0.00716093183	FALSE	0.0251320302	FALSE	0.024863869	FALSE	0.00425878167	FALSE	0.0103875697	FALSE	0.0446994305	FALSE	0.0157227516	FALSE	0.107215583	FALSE	0.045594424	FALSE	0.0123757124	FALSE	0.296331167	FALSE	0.0124788284	FALSE	0.0127686262	FALSE	0.143947572	FALSE	0.0616936684	FALSE
2024	037-2024	APPROVING THE REQUEST FOR AUTHORITY TO CHARGE THE AMOUNT OF P3,548.76 AGAINST THE 2024 CURRENT APPROPRIATIONS OF THE CITY DISASTER RISK REDUCTION AND MANAGEMENT OFFICE (CDRRMO) UNDER ACCOUNT CODE 5-02-03-090 (FUEL, OIL AND LUBRICANTS EXPENSES) FOR THE PAYMENT OF THE FUEL USED ON 13 DECEMBER 2023 OF THE NEWLY PURCHASED VEHICLE WITH PLATE NO. SYA 1011 OF THE SAID OFFICE FOR EMERGENCY USE WHICH WAS NOT OBLIGATED IN THE CALENDAR YEAR 2023 BUDGET.	0.0184156895	FALSE	0.0106004179	FALSE	0.0102545023	FALSE	0.00917753577	FALSE	0.00850907	FALSE	0.0130477548	FALSE	0.0149894357	FALSE	0.0122617483	FALSE	0.0239799321	FALSE	0.0126495957	FALSE	0.0869884789	FALSE	0.0206178725	FALSE	0.842113495	TRUE	0.0201574266	FALSE	0.0254653096	FALSE	0.0181705654	FALSE	0.0293123126	FALSE
2024	038-2024	APPROVING THE REQUEST FOR AUTHORITY TO CHARGE THE AMOUNT OF P100,000.00 AGAINST THE 2024 CURRENT APPROPRIATIONS OF THE OFFICE OF THE SANGGUNIANG PANLUNGSOD (SP) UNDER ACCOUNT CODE 5-01-04-030 (TERMINAL LEAVE BENEFITS) FOR THE PAYMENT OF TERMINAL LEAVE BENEFITS OF EMPLOYEES WHO RESIGNED AND CASUAL STAFF WHO WERE NOT RENEWED FOR THE PERIOD 01 JULY 2024 TO 31 DECEMBER 2024 OF THE SAID OFFICE.	0.0141621828	FALSE	0.0187371969	FALSE	0.0065151453	FALSE	0.017639339	FALSE	0.131093204	FALSE	0.00451371074	FALSE	0.00823774934	FALSE	0.260195315	FALSE	0.0316805542	FALSE	0.238006175	FALSE	0.00870260596	FALSE	0.0139872432	FALSE	0.0227378905	FALSE	0.00600430369	FALSE	0.00838843	FALSE	0.343249649	FALSE	0.0854187	FALSE
2024	039-2024	APPROVING THE REQUEST FOR AUTHORITY TO TRANSFER FUNDS IN THE TOTAL AMOUNT OF P134,250.00 UNDER THE 2024 CURRENT APPROPRIATIONS OF THE CITY MAYOR'S OFFICE (CMO) FROM ACCOUNT CODES 1-07-05-020 (OFFICE EQUIPMENT) -P78,650.00; AND 1-07-05-030 (ICT EQUIPMENT) P55,600.00, TO ACCOUNT CODE 5-02-03-990 (MAINTENANCE AND OTHER OPERATING EXPENSES).	0.0238935947	FALSE	0.00811067224	FALSE	0.0106764734	FALSE	0.0221660733	FALSE	0.0120582581	FALSE	0.00529173	FALSE	0.00607299805	FALSE	0.0698369741	FALSE	0.067589432	FALSE	0.12448743	FALSE	0.466856152	FALSE	0.0134427845	FALSE	0.0178791285	FALSE	0.00751104951	FALSE	0.0175229609	FALSE	0.132157654	FALSE	0.173548877	FALSE
2024	040-2024	FURTHER AMENDING SECTION 6 OF ORDINANCE NUMBERED 01, SERIES OF 2003, AS AMENDED BY ORDINANCE NUMBERED 31, SERIES OF 2004 AND ORDINANCE NUMBERED 107, SERIES OF 2008.	0.0209471881	FALSE	0.0253690779	FALSE	0.0118179619	FALSE	0.0234840214	FALSE	0.0530948341	FALSE	0.00441500545	FALSE	0.00897404552	FALSE	0.0437859893	FALSE	0.0219532251	FALSE	0.134583831	FALSE	0.0186753869	FALSE	0.0108660758	FALSE	0.049184233	FALSE	0.00641796	FALSE	0.0120074153	FALSE	0.431928933	FALSE	0.13292262	FALSE
2024	041-2024	APPROVING THE REQUEST FOR AUTHORITY TO CHARGE THE AMOUNT OF P377,309.02 AGAINST THE 2024 CURRENT APPROPRIATIONS OF THE CITY SOCIAL WELFARE AND DEVELOPMENT OFFICE (CSWDO) UNDER ACCOUNT CODE 5-01-01-010 (SALARIES AND WAGES-REGULAR) FOR THE PAYMENT OF TERMINAL BENEFIT OF MS. EVANGELINE A. FANOSAN, FORMER SOCIAL WELFARE OFFICER I OF THE SAID OFFICE WHO RETIRED FROM SERVICE EFFECTIVE 01 APRIL 2023.	0.0836001635	FALSE	0.0165351331	FALSE	0.00438225269	FALSE	0.0193542242	FALSE	0.0306547582	FALSE	0.00474780798	FALSE	0.00795403123	FALSE	0.561195552	TRUE	0.0460239053	FALSE	0.23239252	FALSE	0.0817061663	FALSE	0.0169457197	FALSE	0.0172147155	FALSE	0.00511744618	FALSE	0.0115488768	FALSE	0.0266816318	FALSE	0.0604626238	FALSE
2024	042-2024	AN ORDINANCE GRANTING ANNIVERSARY BONUS TO ALL OFFICIALS AND EMPLOYEES OF THE CITY GOVERNMENT OF BAGUIO ON THE OCCASION OF THE CELEBRATION OF THE 115TH CHARTER ANNIVERSARY OF BAGUIO CITY FOR THE FISCAL YEAR 2024.	0.0281566083	FALSE	0.016667217	FALSE	0.0114569068	FALSE	0.0282489061	FALSE	0.0315687656	FALSE	0.00494837761	FALSE	0.00881871581	FALSE	0.0576719046	FALSE	0.0356391668	FALSE	0.216216892	FALSE	0.182786047	FALSE	0.00888824463	FALSE	0.0672042668	FALSE	0.00769859552	FALSE	0.0113052428	FALSE	0.328875631	FALSE	0.155516863	FALSE
2024	043-2024	AN ORDINANCE SETTING A ONE-WAY TRAFFIC SCHEME ALONG NEW LUCBAN ROAD AND NEW LUCBAN EXTENSION ROAD IN THE CITY OF BAGUIO DURING THE IMPLEMENTATION OF THE PROJECT 'REHABILITATION OF SEWER LINE AND ROAD IMPROVEMENT AT NEW LUCBAN ROAD, NEW LUCBAN BARANGAY' UNTIL ITS COMPLETION.	0.0128810406	FALSE	0.0154871047	FALSE	0.00673753	FALSE	0.027050674	FALSE	0.0113303363	FALSE	0.0650871098	FALSE	0.0052523911	FALSE	0.0341619253	FALSE	0.0575571358	FALSE	0.0199801624	FALSE	0.636096716	TRUE	0.0227265656	FALSE	0.0191265345	FALSE	0.0289402306	FALSE	0.0329453647	FALSE	0.0127298236	FALSE	0.0246093869	FALSE
2024	044-2024	AN ORDINANCE APPROPRIATING AN INITIAL AMOUNT OF ONE HUNDRED-FIFTY THOUSAND PESOS (P150,000.00) FOR THE PURCHASE OF ALCOHOL BREATH ANALYZERS (ABAS) AND DRUG TESTING KITS FOR THE EFFECTIVE IMPLEMENTATION OF REPUBLIC ACT NO. 10586, OTHERWISE KNOWN AS THE 'ANTI-DRUNK AND DRUGGED DRIVING ACT OF 2013', IN THE CITY OF BAGUIO.	0.033696413	FALSE	0.0103547573	FALSE	0.523147	TRUE	0.0185095966	FALSE	0.0494578481	FALSE	0.00976115465	FALSE	0.0130858123	FALSE	0.0192231536	FALSE	0.0134941041	FALSE	0.041002959	FALSE	0.0516657829	FALSE	0.011439085	FALSE	0.00789251924	FALSE	0.0121560395	FALSE	0.0107233524	FALSE	0.393467844	FALSE	0.0886859298	FALSE
2024	045-2024	AN ORDINANCE REGULATING AND GOVERNING THE OPERATION AND MAINTENANCE OF MALCOLM SQUARE (PEOPLE'S PARK), BAGUIO CITY.	0.0491566658	FALSE	0.0252872109	FALSE	0.00987297297	FALSE	0.0197511911	FALSE	0.03474015	FALSE	0.00530290604	FALSE	0.0072876215	FALSE	0.0550357699	FALSE	0.0246952772	FALSE	0.139844775	FALSE	0.580995739	TRUE	0.0107845664	FALSE	0.0597867668	FALSE	0.0113224387	FALSE	0.0247609913	FALSE	0.175778329	FALSE	0.0720407069	FALSE
2024	046-2024	AN ORDINANCE PRESCRIBING THE MANDATORY SUBMISSION TO THE CITY HEALTH SERVICES OFFICE (CHSO) OF WATER TEST RESULTS WITH POSITIVE FINDINGS FROM ALL WATER TESTING FACILITIES.	0.0240467787	FALSE	0.0262676477	FALSE	0.0531197488	FALSE	0.0505626798	FALSE	0.0206865668	FALSE	0.262961566	FALSE	0.00988322496	FALSE	0.0100715756	FALSE	0.0267133713	FALSE	0.0354828835	FALSE	0.121456087	FALSE	0.0108330548	FALSE	0.0126032531	FALSE	0.00808399916	FALSE	0.00740736723	FALSE	0.028791219	FALSE	0.0674445629	FALSE
2024	047-2024	AUTHORIZING SUPPLEMENTAL BUDGET NO. 3 IN THE TOTAL AMOUNT OF EIGHTEEN MILLION TWO HUNDRED TWENTY-THREE THOUSAND NINE HUNDRED PESOS (P18,223,900.00) FROM THE REVERSION OF UNEXPENDED OBLIGATIONS IN THE CALENDAR YEAR 2022 TO THE SURPLUS ACCOUNT OF THE GENERAL FUND.	0.0651243627	FALSE	0.0480535328	FALSE	0.0186850429	FALSE	0.0154187083	FALSE	0.0161961317	FALSE	0.00670191646	FALSE	0.0170273781	FALSE	0.124489218	FALSE	0.136018008	FALSE	0.203484058	FALSE	0.0268854499	FALSE	0.0347732	FALSE	0.0684749782	FALSE	0.00715041161	FALSE	0.020020932	FALSE	0.06431216	FALSE	0.615760446	TRUE
2024	048-2024	CHANGING THE PROJECT TITLE, 'COMPLETE STREET AND ROAD DEVELOPMENT OF CARANTES STREET AND E. JACINTO STREET' UNDER THE 2024 ANNUAL INVESTMENT PLAN AMOUNTING TO P20,000,000.00 TO 'COMPLETE STREET AND ROAD DEVELOPMENT OF E. JACINTO STREET AND PERFECTO STREET' IN THE CITY OF BAGUIO.	0.0281505883	FALSE	0.013864696	FALSE	0.00981646776	FALSE	0.0121528208	FALSE	0.0116747618	FALSE	0.00685748458	FALSE	0.00799629092	FALSE	0.0582252443	FALSE	0.125362843	FALSE	0.0265885	FALSE	0.702001274	TRUE	0.0200415552	FALSE	0.0230512023	FALSE	0.00809693336	FALSE	0.0288741887	FALSE	0.022546649	FALSE	0.105390966	FALSE
2024	049-2024	APPROVING THE REQUEST FOR AUTHORITY TO CHARGE THE AMOUNT OF P6,129.01 AGAINST THE 2024 CURRENT APPROPRIATIONS OF THE CITY VETERINARY AND AGRICULTURE OFFICE (CVAO) UNDER ACCOUNT CODE 5-02-04-020 (ELECTRICITY EXPENSES) FOR THE PAYMENT OF UNPAID ELECTRICITY CONSUMPTION UNDER ACCOUNT NUMBER 4112-1053-06 OF BENECO ELECTRIC BILL FOR THE PERIOD 19 JANUARY 2023 TO 21 DECEMBER 2023 IN THE OPERATION OF THE SHARED SERVICE FACILITY - MEAT PROCESSING CENTER AT SLAUGHTERHOUSE COMPOUND, BAGUIO CITY.	0.0263543129	FALSE	0.346284568	FALSE	0.00505334139	FALSE	0.0137578547	FALSE	0.0111215711	FALSE	0.0156447589	FALSE	0.0537364781	FALSE	0.076744169	FALSE	0.0500744879	FALSE	0.0238705575	FALSE	0.0685270131	FALSE	0.0678502	FALSE	0.0117866099	FALSE	0.00375342369	FALSE	0.025647521	FALSE	0.0271691084	FALSE	0.0462391973	FALSE
2024	050-2024	AN ORDINANCE APPROPRIATING FUNDS FOR MEDICAL ALLOWANCE IN AN AMOUNT NOT EXCEEDING SEVEN THOUSAND PESOS (P7,000.00) EACH PER ANNUM TO ALL QUALIFIED GOVERNMENT OFFICIALS AND EMPLOYEES OF THE CITY GOVERNMENT OF BAGUIO AS A SUBSIDY FOR THE AVAILMENT OF HEALTH MAINTENANCE ORGANIZATION (HMO)-TYPE BENEFITS BEGINNING FISCAL YEAR 2025 IN ACCORDANCE WITH SECTION 7 OF EXECUTIVE ORDER NO. 64, SERIES OF 2024.	0.0550038517	FALSE	0.0119873285	FALSE	0.146121502	FALSE	0.0484079421	FALSE	0.0186015666	FALSE	0.00604936481	FALSE	0.0100488663	FALSE	0.0318107307	FALSE	0.0711591542	FALSE	0.0658243597	FALSE	0.237993658	FALSE	0.0142361224	FALSE	0.0211268365	FALSE	0.00742638111	FALSE	0.0163793266	FALSE	0.177933067	FALSE	0.431138188	FALSE
2024	051-2024	APPROVING THE REQUEST FOR AUTHORITY TO CHARGE THE AMOUNT OF P188,808.90 AGAINST THE 2024 CURRENT APPROPRIATIONS OF THE BURNHAM PARK OFFICE UNDER ACCOUNT CODE 5-02-04-020 (ELECTRICITY EXPENSES) FOR THE PAYMENT OF THE RENTAL COST OF THREE (3) DISTRIBUTION TRANSFORMERS INSTALLED AND ENERGIZED BY THE BENGUET ELECTRIC COOPERATIVE, INC. (BENECO) AT THE ROSE GARDEN ON 29 NOVEMBER 2023 WHICH SUPPLIED THE TEMPORARY POWER REQUIREMENTS OF THE CITY'S ACTIVITY ENTITLED 'AN ENCHANTING BAGUIO CHRISTMAS' IN DECEMBER 2023.	0.0142142773	FALSE	0.00986683369	FALSE	0.00807410479	FALSE	0.0156310201	FALSE	0.00634992123	FALSE	0.0117305517	FALSE	0.0392255187	FALSE	0.0473413169	FALSE	0.0904643536	FALSE	0.0368062556	FALSE	0.727590919	TRUE	0.0354609489	FALSE	0.0191903114	FALSE	0.0119729042	FALSE	0.046985358	FALSE	0.0498453081	FALSE	0.0754064322	FALSE
2024	052-2024	APPROVING THE REQUESTS OF WALTRIX PRODUCTIONS AND DMC ENTERTAINMENT PRODUCTION MANAGEMENT FOR SUPPORT ON THE WAIVER OF AMUSEMENT TAX, WAIVER OF FEES FOR INSTALLATION OF MARKETING COLLATERAL MATERIALS, AND ISSUANCE OF A SPECIAL PERMIT FOR THE CONDUCT OF THE CONCERT OF THE BRITISH SINGER CHLOE FOSTON TO DO THE CARPENTERS REBORN TRIBUTE SHOW WITH HER BAND FROM GLASGLOW, ENGLAND ON 22 SEPTEMBER 2024 AT THE UNIVERSITY OF BAGUIO CARDINALS GYM.	0.0184932053	FALSE	0.0182518661	FALSE	0.0273317695	FALSE	0.0939761102	FALSE	0.0820994377	FALSE	0.00499933958	FALSE	0.0111214817	FALSE	0.0586333275	FALSE	0.0719722211	FALSE	0.0734297931	FALSE	0.071028769	FALSE	0.0184700787	FALSE	0.0234185755	FALSE	0.00802370906	FALSE	0.0170485675	FALSE	0.248836577	FALSE	0.237051845	FALSE
2024	053-2024	APPROVING THE REQUEST FOR ADDITIONAL FUNDING FOR THE SPORTS FUND IN THE AMOUNT OF TWELVE MILLION PESOS (P12,000,000.00) TO BE USED IN PREPARATION FOR THE PARTICIPATION OF THE ATHLETES OF THE CITY OF BAGUIO IN THE ANNUAL GRASSROOTS PROGRAM OF THE PHILIPPINE SPORTS COMMISSION (PSC)-PHILIPPINE YOUTH GAMES 'BATANG PINOY' NATIONAL CHAMPIONSHIPS 2024 FROM 23 TO 28 NOVEMBER 2024 IN PUERTO PRINCESA, PALAWAN, SUBJECT TO AVAILABILITY OF FUNDS.	0.0188097358	FALSE	0.0165620744	FALSE	0.0204730034	FALSE	0.0348562	FALSE	0.0652412176	FALSE	0.00415307283	FALSE	0.00841623545	FALSE	0.12544921	FALSE	0.0825152397	FALSE	0.262027025	FALSE	0.0758021474	FALSE	0.0204098523	FALSE	0.0199017823	FALSE	0.00822150707	FALSE	0.0177125335	FALSE	0.187548846	FALSE	0.347183019	FALSE
2024	054-2024	AN ORDINANCE INSTITUTIONALIZING THE LOCAL SEARCH FOR THE NATATANGING PAMILYANG PILIPINO (NPP) PROGRAM IN THE CITY OF BAGUIO.	0.10242781	FALSE	0.0391931236	FALSE	0.01102373	FALSE	0.0296225548	FALSE	0.04869169	FALSE	0.00808981061	FALSE	0.00865316391	FALSE	0.0799442828	FALSE	0.0358242691	FALSE	0.267445385	FALSE	0.348291934	FALSE	0.00851112604	FALSE	0.0792796612	FALSE	0.00773286819	FALSE	0.0140873492	FALSE	0.131958425	FALSE	0.0987655818	FALSE
2024	055-2024	AN ORDINANCE INCREASING THE SUBSIDY TO BARANGAYS IN THE CITY OF BAGUIO.	0.0496396124	FALSE	0.0339724422	FALSE	0.00751405954	FALSE	0.0352393091	FALSE	0.0514188111	FALSE	0.00500759482	FALSE	0.00829291344	FALSE	0.0624157786	FALSE	0.0300664902	FALSE	0.228258938	FALSE	0.117630303	FALSE	0.00682073832	FALSE	0.0783112943	FALSE	0.00600871444	FALSE	0.00924113393	FALSE	0.159234136	FALSE	0.0980909169	FALSE
2024	056-2024	APPROVING THE REQUEST OF THE HOTEL AND RESTAURANT ASSOCIATION OF BAGUIO (HRAB) FOR TAX EXEMPTIONS FOR THE DOOR TICKETS (ENTRANCE FEES) OF ITS 'ANNUAL HOTEL AND RESTAURANT TOURISM WEEK' AND FOR THE MR. & MS. HRAB COMPETITION.	0.024452	FALSE	0.0421595871	FALSE	0.00878083706	FALSE	0.0154970884	FALSE	0.0442689657	FALSE	0.00855469704	FALSE	0.0113489926	FALSE	0.750042081	TRUE	0.087600112	FALSE	0.154607385	FALSE	0.0367026031	FALSE	0.116493702	FALSE	0.0261807144	FALSE	0.0162353516	FALSE	0.0318795145	FALSE	0.109761775	FALSE	0.135157377	FALSE
2024	057-2024	AUTHORIZING SUPPLEMENTAL BUDGET NO. 4 AMOUNTING TO P66,186,000.00 FOR VARIOUS PROJECTS INCLUDING PROCUREMENT OF A BACKHOE LOADER, MANLIFT BOOM TRUCK, TANKER FIRE TRUCK, A WOOD CHIPPER, AND THE ENCLOSURE OF KIAS BARANGAY COVERED COURT.	0.00521424413	FALSE	0.0108774304	FALSE	0.00532284379	FALSE	0.00475174189	FALSE	0.00951850414	FALSE	0.00792297721	FALSE	0.0836432278	FALSE	0.100601017	FALSE	0.12703678	FALSE	0.0112858713	FALSE	0.221002012	FALSE	0.0926204622	FALSE	0.046716243	FALSE	0.0184789598	FALSE	0.0451735556	FALSE	0.0991995	FALSE	0.0858673155	FALSE
2024	058-2024	AN ORDINANCE INSTITUTIONALIZING THE CREATION OF THE BAGUIO CITY MICRO, SMALL AND MEDIUM ENTERPRISES DEVELOPMENT COUNCIL (MSMEDC).	0.0348205864	FALSE	0.0115812719	FALSE	0.0104053319	FALSE	0.0112947226	FALSE	0.0121058822	FALSE	0.0077778697	FALSE	0.00760555267	FALSE	0.141788572	FALSE	0.194140166	FALSE	0.0437001884	FALSE	0.600899	TRUE	0.0213158727	FALSE	0.0305443406	FALSE	0.00778123736	FALSE	0.020317018	FALSE	0.0413794816	FALSE	0.196846396	FALSE
2024	059-2024	AMENDING THE PROVISIONS OF ORDINANCE NUMBERED 07, SERIES OF 2022 [AN ORDINANCE INSTITUTIONALIZING THE GAWAD LINGAP PROGRAM (GLP) IN THE CITY OF BAGUIO FOR PUBLIC ELEMENTARY AND SECONDARY STUDENTS, AND PROVIDING FUNDS HEREOF].	0.0271554887	FALSE	0.0154882371	FALSE	0.0147418678	FALSE	0.129343957	FALSE	0.0235394239	FALSE	0.00502696633	FALSE	0.00610271096	FALSE	0.0198378563	FALSE	0.0275886655	FALSE	0.0840379894	FALSE	0.126481682	FALSE	0.00557208061	FALSE	0.0356908739	FALSE	0.00446352363	FALSE	0.00670176744	FALSE	0.175310016	FALSE	0.109902382	FALSE
2024	060-2024	AN ORDINANCE PROVIDING FOR THE REVISED GUIDELINES FOR IMPLEMENTATION OF ASSISTANCE TO INDIVIDUALS IN CRISIS SITUATIONS (AICS) IN THE CITY OF BAGUIO, AND AMENDING IN ITS ENTIRETY ORDINANCE NUMBERED 16, SERIES OF 2019 [PROVIDING GUIDELINES FOR THE IMPLEMENTATION OF ASSISTANCE TO INDIVIDUALS IN CRISIS SITUATIONS IN THE CITY OF BAGUIO].	0.0368941724	FALSE	0.0122714341	FALSE	0.0187563	FALSE	0.0193069279	FALSE	0.0206265748	FALSE	0.00426137447	FALSE	0.00736099482	FALSE	0.0329236388	FALSE	0.0313990116	FALSE	0.178517431	FALSE	0.0773727596	FALSE	0.00902733207	FALSE	0.0480808616	FALSE	0.00522309542	FALSE	0.0119930804	FALSE	0.321230114	FALSE	0.227785766	FALSE
2024	060-2024	AN ORDINANCE PROVIDING FOR THE REVISED GUIDELINES FOR IMPLEMENTATION OF ASSISTANCE TO INDIVIDUALS IN CRISIS SITUATIONS (AICS) IN THE CITY OF BAGUIO, AND AMENDING IN ITS ENTIRETY ORDINANCE NUMBERED 16, SERIES OF 2019 [PROVIDING GUIDELINES FOR THE IMPLEMENTATION OF ASSISTANCE TO INDIVIDUALS IN CRISIS SITUATIONS IN THE CITY OF BAGUIO].	0.0368941724	FALSE	0.0122714341	FALSE	0.0187563	FALSE	0.0193069279	FALSE	0.0206265748	FALSE	0.00426137447	FALSE	0.00736099482	FALSE	0.0329236388	FALSE	0.0313990116	FALSE	0.178517431	FALSE	0.0773727596	FALSE	0.00902733207	FALSE	0.0480808616	FALSE	0.00522309542	FALSE	0.0119930804	FALSE	0.321230114	FALSE	0.227785766	FALSE
2024	061-2024	AN ORDINANCE ESTABLISHING THE BAGUIO CITY INTEGRATED CANCER CONTROL PROGRAM.	0.0898845196	FALSE	0.0185319781	FALSE	0.263241768	FALSE	0.0537383258	FALSE	0.0384474099	FALSE	0.00662744045	FALSE	0.00926336646	FALSE	0.0261811912	FALSE	0.0608618259	FALSE	0.0543660522	FALSE	0.251710832	FALSE	0.00815436244	FALSE	0.0314078927	FALSE	0.00746843219	FALSE	0.0102002025	FALSE	0.0899162889	FALSE	0.319406688	FALSE
2024	062-2024	AN ORDINANCE CREATING THE 'BAGUIO CITY MEN OPPOSED TO VIOLENCE AGAINST WOMEN EVERYWHERE (MOVE) ORGANIZATION', APPROPRIATING FUNDS THEREOF AND FOR OTHER PURPOSES.	0.0226475298	FALSE	0.0216285586	FALSE	0.0187932253	FALSE	0.0351308	FALSE	0.842775702	TRUE	0.00985917449	FALSE	0.007232517	FALSE	0.06715	FALSE	0.0125334561	FALSE	0.049503535	FALSE	0.012657851	FALSE	0.00740897655	FALSE	0.0136726797	FALSE	0.0104387701	FALSE	0.00861087441	FALSE	0.108903825	FALSE	0.0120262504	FALSE
2024	063-2024	AN ORDINANCE ON THE ROLLOUT OF THE TRAINING ON THE FORMULATION OF COMPREHENSIVE LOCAL JUVENILE INTERVENTION PROGRAM (CLJIP) AND CHILD RIGHTS-BASED LOCAL ORDINANCES AND PROVIDING FUNDS FOR THE PURPOSE.	0.0248020589	FALSE	0.00797095895	FALSE	0.0122376382	FALSE	0.0130015314	FALSE	0.0815677345	FALSE	0.00605288148	FALSE	0.00765907764	FALSE	0.0441864431	FALSE	0.0103766918	FALSE	0.124044716	FALSE	0.0110787153	FALSE	0.00880008936	FALSE	0.0117812455	FALSE	0.00588813424	FALSE	0.00860345364	FALSE	0.704276383	TRUE	0.0396689177	FALSE
2024	064-2024	AUTHORIZING SUPPLEMENTAL BUDGET NO. 5 IN THE TOTAL AMOUNT OF SEVENTEEN MILLION PESOS (P17,000,000.00) FOR THE FUNDING OF THE EXPENSES OF BATANG PINOY DELEGATES/PARTICIPANTS.	0.0334529281	FALSE	0.0330605507	FALSE	0.0061531961	FALSE	0.0135031641	FALSE	0.0379249454	FALSE	0.00332549214	FALSE	0.0119439662	FALSE	0.366667509	FALSE	0.0987696648	FALSE	0.120539427	FALSE	0.0212824047	FALSE	0.0260912478	FALSE	0.0764406	FALSE	0.00548315048	FALSE	0.0118753314	FALSE	0.114643246	FALSE	0.289420485	FALSE
2024	065-2024	APPROVING THE REQUEST FOR TAX EXEMPTION FOR THE SPECIAL PERMITS OF THE PARENT-TEACHER ASSOCIATION (PTA) OF BRENT INTERNATIONAL SCHOOL FROM ALL KINDS OF FEES IN THE CONDUCT OF THEIR CHARITABLE 'SHOPPER'S DAY' EVENT TO BE HELD ON 23 NOVEMBER 2024 AT THE BRENT INTERNATIONAL SCHOOL BAGUIO GYM.	0.0201297104	FALSE	0.0160847	FALSE	0.0160015523	FALSE	0.666621566	TRUE	0.0680594742	FALSE	0.0042334795	FALSE	0.00604325533	FALSE	0.0686765313	FALSE	0.0358911753	FALSE	0.0798730552	FALSE	0.0136123598	FALSE	0.0101356804	FALSE	0.0242784619	FALSE	0.00594481826	FALSE	0.00803312659	FALSE	0.180052102	FALSE	0.104652524	FALSE
2024	066-2024	AUTHORIZING SUPPLEMENTAL BUDGET NO. 6 AMOUNTING TO P49,830,000.00 FOR VARIOUS PROJECTS INCLUDING PALARONG PAMBARANGAY, NUTRITION AND MENTAL HEALTH PROJECTS, AND VARIOUS INFRASTRUCTURE PROJECTS.	0.0322003067	FALSE	0.177370757	FALSE	0.0220668316	FALSE	0.0169193149	FALSE	0.011138469	FALSE	0.0113737881	FALSE	0.0136981308	FALSE	0.0489130616	FALSE	0.322603464	FALSE	0.0117200911	FALSE	0.0344944	FALSE	0.0899509788	FALSE	0.00969746709	FALSE	0.00374987721	FALSE	0.0201314092	FALSE	0.0116212368	FALSE	0.270125419	FALSE
2024	067-2024	GRANTING FINANCIAL ASSISTANCE IN THE AMOUNT OF ONE MILLION PESOS (P1,000,000.00) FROM THE 2024 CURRENT APPROPRIATIONS UNDER THE CITY DISASTER RISK REDUCTION AND MANAGEMENT QUICK RESPONSE FUND OF THE CITY GOVERNMENT OF BAGUIO TO THE PROVINCE OF BATANES WHICH WAS DECLARED UNDER THE STATE OF CALAMITY DUE TO THE MASSIVE DEVASTATION BROUGHT BY TYPHOON JULIAN.	0.0324665904	FALSE	0.0141513348	FALSE	0.0146124959	FALSE	0.0152520537	FALSE	0.013133198	FALSE	0.00987076759	FALSE	0.0123699605	FALSE	0.0169042647	FALSE	0.0235833824	FALSE	0.0258053541	FALSE	0.128089696	FALSE	0.013804853	FALSE	0.852337956	TRUE	0.0171041489	FALSE	0.0206415057	FALSE	0.0266792178	FALSE	0.0414069	FALSE
2024	068-2025	AUTHORIZING SUPPLEMENTAL BUDGET NO. 7 IN THE TOTAL AMOUNT OF ONE MILLION FIVE HUNDRED SEVENTY-THREE THOUSAND PESOS (₱1,573,000.00) FOR THE 'PAYMENT OF ESTIMATED BACK WAGES OF ATTY. AUGUSTIN P. LABAN III' APPROVED IN THE 5TH SUPPLEMENTAL ANNUAL INVESTMENT PROGRAMS (SAIP) FOR FISCAL YEAR 2024 OF THE CITY GOVERNMENT OF BAGUIO UNDER RESOLUTION NUMBERED 649, SERIES OF 2024.	0.0341794193	FALSE	0.00991421938	FALSE	0.00595447421	FALSE	0.0150262415	FALSE	0.0113502741	FALSE	0.00393712521	FALSE	0.0120816827	FALSE	0.457850963	FALSE	0.174019873	FALSE	0.0754402578	FALSE	0.134020954	FALSE	0.0252954066	FALSE	0.0184830129	FALSE	0.00546211	FALSE	0.0122645497	FALSE	0.0466088057	FALSE	0.243816257	FALSE
2024	069-2024	APPROVING THE REQUEST FOR AUTHORITY TO CHARGE THE AMOUNT OF P97,147.46 AGAINST THE 2024 CURRENT APPROPRIATIONS OF THE CITY BUILDINGS AND ARCHITECTURE OFFICE (CBAO) EARMARKED FOR POSITIONS THAT REMAIN UNFILLED FOR THE PAYMENT OF MONETARY CLAIMS OF MS. MARIA JOENAH CATACUTAN, FORMER ADMINISTRATIVE AIDE VI (CASH CLERK II), WHO RESIGNED FROM GOVERNMENT SERVICE EFFECTIVE 14 AUGUST 2023 OF THE SAID OFFICE.	0.0368029177	FALSE	0.0111726522	FALSE	0.0114735067	FALSE	0.0159572363	FALSE	0.0269913673	FALSE	0.00667664409	FALSE	0.00845456123	FALSE	0.054964453	FALSE	0.0272395909	FALSE	0.0899417102	FALSE	0.711911917	TRUE	0.00932177901	FALSE	0.0405083	FALSE	0.00956374407	FALSE	0.0202136338	FALSE	0.134684652	FALSE	0.0617515147	FALSE
2024	070-2024	AMENDING SECTION 6 OF ORDINANCE NUMBERED 55, SERIES OF 2017 [ANTI-COLORUM ORDINANCE OF THE CITY OF BAGUIO].	0.0422056019	FALSE	0.023633033	FALSE	0.0104289353	FALSE	0.0407473445	FALSE	0.0423690975	FALSE	0.00619488955	FALSE	0.00702950358	FALSE	0.0425951779	FALSE	0.0208227038	FALSE	0.276251733	FALSE	0.180740267	FALSE	0.00711721182	FALSE	0.0585643053	FALSE	0.00787568092	FALSE	0.0128661394	FALSE	0.281975806	FALSE	0.0924012363	FALSE
2024	071-2024	AUTHORIZING SUPPLEMENTAL BUDGET NO. 8 IN THE TOTAL AMOUNT OF FIVE HUNDRED THOUSAND PESOS (P500,000.00) FOR THE FUNDING OF THE PROJECT 'CONTINUATION ON DEVELOPMENT OF LIVELIHOOD CENTER LOCATED AT THE 1ST BASEMENT OF THE MULTI-PURPOSE BLDG. (PARKING STRUCTURE) OF LEONILA HILL (WEST BAYAN PARK) BARANGAY', APPROVED IN THE 5TH SUPPLEMENTAL ANNUAL INVESTMENT PROGRAMS (SAIP) FOR FISCAL YEAR 2024 OF THE CITY GOVERNMENT OF BAGUIO UNDER RESOLUTION NUMBERED 649, SERIES OF 2024.	0.0637606084	FALSE	0.0123057961	FALSE	0.0146091282	FALSE	0.0112738907	FALSE	0.00845551491	FALSE	0.00562497973	FALSE	0.00647756457	FALSE	0.0593382418	FALSE	0.0882312655	FALSE	0.0291746259	FALSE	0.689151764	TRUE	0.031957835	FALSE	0.0174039	FALSE	0.00827807188	FALSE	0.063827306	FALSE	0.0375764668	FALSE	0.159503847	FALSE
2024	072-2024	AUTHORIZING THE ANNUAL BUDGET OF THE CITY GOVERNMENT OF BAGUIO FOR FISCAL YEAR 2025 IN THE TOTAL AMOUNT OF THREE BILLION SIX HUNDRED NINETY-TWO THOUSAND PESOS (P3,000,692,000.00) COVERING THE VARIOUS EXPENDITURES FOR THE OPERATION OF THE CITY GOVERNMENT OF BAGUIO AND APPROPRIATING THE NECESSARY FUNDS FOR THE PURPOSE.	0.0304556787	FALSE	0.0114741623	FALSE	0.0151802599	FALSE	0.0140270591	FALSE	0.0099349916	FALSE	0.0058901608	FALSE	0.0115698576	FALSE	0.0503229797	FALSE	0.0771325231	FALSE	0.10142076	FALSE	0.487513304	FALSE	0.0133802593	FALSE	0.0352142453	FALSE	0.00644508	FALSE	0.0161873698	FALSE	0.097664	FALSE	0.217722386	FALSE
2024	073-2024	AUTHORIZING SUPPLEMENTAL BUDGET NO. 9 IN THE TOTAL AMOUNT OF TEN MILLION PESOS (P10,000,000.00) FOR THE FUNDING OF THE PROJECT 'LAND BANKING PURCHASE OF LOT ADJACENT TO THE ASIN DISTRICT HEALTH CENTER (ADDITIONAL FUNDING)', APPROVED IN THE 4TH SUPPLEMENTAL ANNUAL INVESTMENT PROGRAM (SAIP) FOR FISCAL YEAR 2024 OF THE CITY GOVERNMENT OF BAGUIO UNDER RESOLUTION NUMBERED 495, SERIES OF 2024.	0.0798519552	FALSE	0.0115604103	FALSE	0.0661253333	FALSE	0.0251825452	FALSE	0.0139758587	FALSE	0.00836446881	FALSE	0.0109551847	FALSE	0.0371205509	FALSE	0.108080357	FALSE	0.0531936	FALSE	0.3838135	FALSE	0.0217376351	FALSE	0.0186719596	FALSE	0.00641444325	FALSE	0.0337922275	FALSE	0.0993406475	FALSE	0.447006	FALSE
2024	074-2024	APPROVING THE REQUEST OF HAPPY HOMES OLD LUCBAN BARANGAY, BAGUIO CITY FOR THE CLOSURE OF THE RIGHT SIDE OF THE ROAD, SPECIFICALLY IN PUROK 3, BENITEZ AREA TO CALANGO FRONTAGE, AT HAPPY HOMES OLD LUCBAN BARANGAY, BAGUIO CITY, FROM 01 DECEMBER 2024 AT 10:00 IN THE MORNING UNTIL 19 DECEMBER 2024 AT 5:00 IN THE AFTERNOON FOR THE CONDUCT OF THEIR BARANGAY COMMUNITY GARAGE SALE.	0.0460758209	FALSE	0.0284441113	FALSE	0.0102612376	FALSE	0.0194054544	FALSE	0.0270654261	FALSE	0.00675833225	FALSE	0.00661766529	FALSE	0.0445429087	FALSE	0.0233120024	FALSE	0.044469893	FALSE	0.762388527	TRUE	0.0151613951	FALSE	0.0346103	FALSE	0.0107758641	FALSE	0.0529108346	FALSE	0.0440281034	FALSE	0.0331973732	FALSE
2024	075-2024	APPROVING THE REQUEST OF HAPPY HOMES OLD LUCBAN BARANGAY FOR THE CLOSURE OF THE RIGHT SIDE OF THE ROAD, SPECIFICALLY IN PUROK 3, RODRIGUEZ AREA TO CALANGO FRONTAGE, AT HAPPY HOMES OLD LUCBAN BARANGAY, BAGUIO CITY, FROM 20 DECEMBER 2024 (FRIDAY) AT 10:00 IN THE MORNING UNTIL 21 DECEMBER 2024 (SATURDAY) AT 11:59 IN THE EVENING FOR THE CONDUCT OF THEIR BARANGAY CHRISTMAS CELEBRATION 2024.	0.0491529107	FALSE	0.0355900228	FALSE	0.0141584575	FALSE	0.0279571116	FALSE	0.0384362936	FALSE	0.00504180789	FALSE	0.00658634305	FALSE	0.0461792648	FALSE	0.0212183	FALSE	0.0783959329	FALSE	0.719452	TRUE	0.0132905543	FALSE	0.0459182858	FALSE	0.0111656487	FALSE	0.0486923158	FALSE	0.0620651841	FALSE	0.039018929	FALSE
2024	076-2024	APPROVING THE REQUEST FOR A FIFTY PERCENT (50%) DISCOUNT ON THE MONTHLY KWARTAS OF THE TEMPORARY RELOCATED OCCUPANTS OF THE SECOND AND THIRD FLOOR OF THE RILLERA BUILDING, BAGUIO CITY PUBLIC MARKET, UNTIL A TAX ORDINANCE IS CRAFTED FOR THE AUTHORIZED RATE FOR THE FEES.	0.0483852327	FALSE	0.0115496516	FALSE	0.0138650835	FALSE	0.0150589347	FALSE	0.0141388774	FALSE	0.00794071	FALSE	0.00970119238	FALSE	0.0606214702	FALSE	0.049695909	FALSE	0.0721926391	FALSE	0.643168688	TRUE	0.0121057332	FALSE	0.0382634699	FALSE	0.00919202	FALSE	0.0198348165	FALSE	0.16166079	FALSE	0.132006913	FALSE
2024	077-2024	FURTHER AMENDING SECTION 27, CHAPTER VI OF TAX ORDINANCE NUMBERED 2000-001, AS AMENDED BY TAX ORDINANCE NUMBERED 2003-05, SPECIFICALLY, THOSE SERVICES BEING PROVIDED BY THE CITY HEALTH SERVICES OFFICE (CHSO).	0.0362161696	FALSE	0.00860515237	FALSE	0.0416395068	FALSE	0.0638093054	FALSE	0.0141502917	FALSE	0.00521367788	FALSE	0.00723361969	FALSE	0.029774785	FALSE	0.0464400649	FALSE	0.106619686	FALSE	0.278846323	FALSE	0.00694516301	FALSE	0.0335180759	FALSE	0.00541880727	FALSE	0.00836232305	FALSE	0.0903645158	FALSE	0.201950043	FALSE
2024	078-2024	AN ORDINANCE PROTECTING THE RIGHTS AND FUNDAMENTAL FREEDOMS OF HUMAN RIGHTS DEFENDERS OPERATING IN THE CITY OF BAGUIO, ESTABLISHING PROTECTIVE MECHANISMS, AND APPROPRIATING FUNDS FOR THE PURPOSE.	0.0204515159	FALSE	0.00784665346	FALSE	0.0112045109	FALSE	0.015958786	FALSE	0.0334205925	FALSE	0.00589740276	FALSE	0.00934115052	FALSE	0.0253613	FALSE	0.0122797787	FALSE	0.109596759	FALSE	0.0180419683	FALSE	0.00925245881	FALSE	0.0146179795	FALSE	0.0057387352	FALSE	0.0103848577	FALSE	0.743626773	TRUE	0.0405381024	FALSE
2024	079-2024	AMENDING CERTAIN PROVISIONS OF ORDINANCE NUMBERED 71, SERIES OF 2012 [THE BAGUIO CITY INVESTMENTS AND INCENTIVES CODE (BCIIC) [AMENDING ORDINANCE NUMBERED 35, SERIES OF 2008]].	0.0337255597	FALSE	0.0120610297	FALSE	0.00848582387	FALSE	0.0176018775	FALSE	0.0160107911	FALSE	0.00447258353	FALSE	0.00506263971	FALSE	0.166041255	FALSE	0.170915574	FALSE	0.0816445351	FALSE	0.186022103	FALSE	0.0187650025	FALSE	0.0503535569	FALSE	0.00780069828	FALSE	0.012974292	FALSE	0.0819242299	FALSE	0.359328628	FALSE
2024	080-2024	AUTHORIZING A SUPPLEMENTAL BUDGET NO. 11 IN THE TOTAL AMOUNT OF TWENTY-SEVEN MILLION EIGHT HUNDRED THIRTY-TWO THOUSAND NINE HUNDRED EIGHTY-ONE PESOS (₱27,832,981.00) FOR THE FUNDING OF VARIOUS PROGRAMS, PROJECTS, AND ACTIVITIES IDENTIFIED IN THE APPROVED SIXTH (6TH) SUPPLEMENTAL ANNUAL INVESTMENT PROGRAM FOR CALENDAR YEAR 2024 OF THE CITY GOVERNMENT OF BAGUIO.	0.0257076919	FALSE	0.00862884521	FALSE	0.0205597579	FALSE	0.0145443678	FALSE	0.0080704689	FALSE	0.00752007961	FALSE	0.00998440385	FALSE	0.0324288309	FALSE	0.151294351	FALSE	0.0456993	FALSE	0.380209118	FALSE	0.0180152655	FALSE	0.0279415846	FALSE	0.007925421	FALSE	0.0195277333	FALSE	0.0563330948	FALSE	0.336280763	FALSE
2024	081-2024	AUTHORIZING A SUPPLEMENTAL BUDGET NO. 11 IN THE TOTAL AMOUNT OF TWENTY-SEVEN MILLION EIGHT HUNDRED THIRTY-TWO THOUSAND NINE HUNDRED EIGHTY-ONE PESOS (₱27,832,981.00) FOR THE FUNDING OF VARIOUS PROGRAMS, PROJECTS, AND ACTIVITIES IDENTIFIED IN THE APPROVED SIXTH (6TH) SUPPLEMENTAL ANNUAL INVESTMENT PROGRAM FOR CALENDAR YEAR 2024 OF THE CITY GOVERNMENT OF BAGUIO.	0.0257076919	FALSE	0.00862884521	FALSE	0.0205597579	FALSE	0.0145443678	FALSE	0.0080704689	FALSE	0.00752007961	FALSE	0.00998440385	FALSE	0.0324288309	FALSE	0.151294351	FALSE	0.0456993	FALSE	0.380209118	FALSE	0.0180152655	FALSE	0.0279415846	FALSE	0.007925421	FALSE	0.0195277333	FALSE	0.0563330948	FALSE	0.336280763	FALSE
2024	082-2025	AUTHORIZING SUPPLEMENTAL BUDGET NO. 12 IN THE AMOUNT OF SIX MILLION TWO HUNDRED THOUSAND PESOS (₱6,200,000.00) FOR THE PROJECT 'PROMOTIONAL AND/OR INFORMATIONAL SIGNAGE AT TOURISM SITES IN BAGUIO CITY', APPROVED IN THE 5TH SUPPLEMENTAL ANNUAL INVESTMENT PROGRAMS (SAIP) FOR FISCAL YEAR 2024 OF THE CITY GOVERNMENT OF BAGUIO UNDER RESOLUTION NUMBERED 687, SERIES OF 2024.	0.0174532831	FALSE	0.012175709	FALSE	0.00713434815	FALSE	0.011531651	FALSE	0.0129404664	FALSE	0.00646650791	FALSE	0.0107152462	FALSE	0.507975936	TRUE	0.215586603	FALSE	0.0629745126	FALSE	0.314652175	FALSE	0.0851609707	FALSE	0.0201489925	FALSE	0.023073256	FALSE	0.0375617445	FALSE	0.0490062237	FALSE	0.215134978	FALSE
2024	083-2024	GRANTING FINANCIAL ASSISTANCE IN THE AMOUNT OF FIVE HUNDRED THOUSAND PESOS (P500,000.00) FROM THE 2024 CURRENT APPROPRIATIONS UNDER THE CITY DISASTER RISK REDUCTION AND MANAGEMENT QUICK RESPONSE FUND OF THE CITY GOVERNMENT OF BAGUIO TO THE PROVINCE OF NEGROS OCCIDENTAL, WHICH WAS DECLARED UNDER THE STATE OF CALAMITY DUE TO THE MASSIVE DEVASTATION BROUGHT BY THE ERUPTION OF MOUNT KANLAON.	0.0323930085	FALSE	0.0135194361	FALSE	0.0139920115	FALSE	0.0146065652	FALSE	0.012961	FALSE	0.00975734	FALSE	0.0111788809	FALSE	0.0166221559	FALSE	0.0226653516	FALSE	0.0256430507	FALSE	0.14931339	FALSE	0.0134151876	FALSE	0.831605911	TRUE	0.016500473	FALSE	0.0212824643	FALSE	0.0270994306	FALSE	0.0396278501	FALSE
2024	084-2024	APPROVING THE REQUEST FOR AUTHORITY TO CHARGE THE AMOUNT OF P20,000.00 AGAINST THE 2024 CURRENT APPROPRIATIONS OF THE CITY MAYOR'S OFFICE UNDER ACCOUNT CODE 5-01-01-010 (SALARIES AND WAGES-REGULAR) FOR THE PAYMENT OF TERMINAL LEAVE BENEFITS OF MR. CJ C. MARZAN, FORMER SECURITY AGENT I (PRIMARILY CONFIDENTIAL) OF THE SAID OFFICE.	0.0316078365	FALSE	0.0137827098	FALSE	0.00463834405	FALSE	0.0262084901	FALSE	0.0440513194	FALSE	0.00363180041	FALSE	0.012994051	FALSE	0.635950089	TRUE	0.0509316623	FALSE	0.158788055	FALSE	0.0218507648	FALSE	0.0205225945	FALSE	0.017881155	FALSE	0.00442150235	FALSE	0.00876003504	FALSE	0.151459098	FALSE	0.0862769485	FALSE
2024	085-2024	APPROVING THE REQUEST FOR AUTHORITY TO CHARGE THE AMOUNT OF P37,809.82 AGAINST THE 2024 CURRENT APPROPRIATIONS OF THE CITY MAYOR'S OFFICE (CMO) UNDER ACCOUNT CODE 5-02-13-060 (REPAIR AND MAINTENANCE - TRANSPORTATION EQUIPMENT) FOR THE PAYMENT OF THE REPAIR AND COST OF THE BATTERY OF THEIR OFFICE SERVICE VEHICLE BEARING WITH PLATE NUMBER SJV 133 TO SETTLE THEIR OBLIGATION WITH DILTEX MART.	0.0145019889	FALSE	0.00621941686	FALSE	0.0107229352	FALSE	0.0299392939	FALSE	0.00985142589	FALSE	0.00728881359	FALSE	0.0142738521	FALSE	0.0530662537	FALSE	0.0806789398	FALSE	0.112679064	FALSE	0.599302411	TRUE	0.0145983398	FALSE	0.019399941	FALSE	0.0120021701	FALSE	0.0175965726	FALSE	0.116345733	FALSE	0.109808505	FALSE
2024	086-2024	APPROVING THE REQUEST FOR AUTHORITY TO CHARGE THE AMOUNT OF P6,274,354.22 AGAINST THE CONTINUING APPROPRIATIONS OF THE OFFICE OF THE SANGGUNIANG PANLUNGSOD (SP) UNDER ACCOUNT CODE 1-07-06-010 (MOTOR VEHICLES) FOR THE PURCHASE OF TWO (2) ADDITIONAL OFFICE PASSENGER VEHICLES.	0.00782433152	FALSE	0.017044127	FALSE	0.0069489181	FALSE	0.00933983922	FALSE	0.0417130291	FALSE	0.00365048647	FALSE	0.0199312866	FALSE	0.243242979	FALSE	0.0711457729	FALSE	0.0960920155	FALSE	0.025375843	FALSE	0.0288460851	FALSE	0.0188674927	FALSE	0.00739717484	FALSE	0.0119145215	FALSE	0.203006178	FALSE	0.136749923	FALSE
2024	087-2024	AUTHORIZING SUPPLEMENTAL BUDGET NO. 13 IN THE TOTAL AMOUNT OF ONE HUNDRED-TWENTY MILLION PESOS (P120,000,000.00) APPROVED IN THE 2ND SUPPLEMENTAL INVESTMENT PROGRAM (SAIP) FOR FISCAL YEAR 2024 FOR THE FUNDING OF THE PROJECT 'IMPROVEMENT/UPGRADING/REHABILITATION OF THE BAGUIO ATHLETIC BOWL' APPROVED UNDER RESOLUTION NUMBERED 476, SERIES OF 2024.	0.0380520523	FALSE	0.0201787055	FALSE	0.0314301848	FALSE	0.0477487743	FALSE	0.0139028728	FALSE	0.00793755054	FALSE	0.0183134973	FALSE	0.0536334217	FALSE	0.296276033	FALSE	0.058131963	FALSE	0.130691886	FALSE	0.0412862301	FALSE	0.0358793736	FALSE	0.00988426805	FALSE	0.0306486487	FALSE	0.0738776624	FALSE	0.602946043	TRUE
2025	001-2025	GRANTING FINANCIAL ASSISTANCE IN THE AMOUNT OF THREE HUNDRED THOUSAND PESOS (P300,000.00) FROM THE 2025 CURRENT APPROPRIATIONS UNDER THE CITY DISASTER RISK REDUCTION AND MANAGEMENT QUICK RESPONSE FUND OF THE CITY GOVERNMENT OF BAGUIO TO THE CAMP 6 BARANGAY OF THE MUNICIPALITY OF TUBA, BENGUET TO AID IN THEIR RECOVERY AND REHABILITATION EFFORTS FOLLOWING THE DESTRUCTION BROUGHT ABOUT BY STRUCTURAL FIRE WHICH AFFECTED MULTIPLE FAMILIES.	0.0326929092	FALSE	0.0121213794	FALSE	0.0156416595	FALSE	0.0128095746	FALSE	0.0122183859	FALSE	0.00842711329	FALSE	0.0116045773	FALSE	0.0154227018	FALSE	0.0207194388	FALSE	0.0226224661	FALSE	0.130765289	FALSE	0.0136319101	FALSE	0.819179714	TRUE	0.0146588981	FALSE	0.0234102905	FALSE	0.0255194604	FALSE	0.0385771096	FALSE
2025	002-2025	APPROVING THE REQUESTS OF WALTRIX PRODUCTIONS FOR SUPPORT ON THE WAIVER OF AMUSEMENT TA, WAIVER OF FEES FOR INSTALLATION OF MARKETING COLLATERAL MATERIALS, AND ISSUANCE OF A SPECIAL PERMIT FOR THE CONDUCT OF THEIR EVENT 'MAKI-CONCERT' SERIES ON 24 JANUARY 2025 (FRIDAY) AT THE UNIVERSITY OF BAGUIO CARDINALS GYM.	0.0152996778	FALSE	0.0214469135	FALSE	0.0118778348	FALSE	0.137490124	FALSE	0.079521209	FALSE	0.00408095121	FALSE	0.0167838037	FALSE	0.123597324	FALSE	0.0856973827	FALSE	0.129455984	FALSE	0.0733630657	FALSE	0.0210123658	FALSE	0.0523067415	FALSE	0.0093575418	FALSE	0.0154284239	FALSE	0.319113672	FALSE	0.222862333	FALSE
2025	003-2025	AN ORDINANCE ALLOCATING THE SPACES IN FRONT OF THE PHILIPPINE NATIONAL RED CROSS - BAGUIO CITY CHAPTER OFFICE BUILDING ALONG HARRISON ROAD FOR PARKING/ENTRY/EXIT OF ITS AMBULANCE UNITS AND CLIENTS AVAILING OF ITS SERVICES.	0.0430552065	FALSE	0.013212204	FALSE	0.0174635053	FALSE	0.0276566744	FALSE	0.0445641875	FALSE	0.00399631262	FALSE	0.00427567959	FALSE	0.0503768027	FALSE	0.0141056776	FALSE	0.438566446	FALSE	0.232653975	FALSE	0.00571197271	FALSE	0.0186531246	FALSE	0.00703474879	FALSE	0.0155055821	FALSE	0.129817128	FALSE	0.0670675039	FALSE
2025	004-2025	AN ORDINANCE APPROVING THE TEMPORARY CLOSURE AND USE OF VARIOUS ROADS AND THE RE-ROUTING OF VICTORY LINER BUSES AND OTHER BUS LINES FOR THE CELEBRATION OF THE BAGUIO FLOWER FESTIVAL: PANAGBENGA 2025, SUBJECT TO CONDITIONS.	0.0104614198	FALSE	0.0262828171	FALSE	0.0144235492	FALSE	0.0349797308	FALSE	0.0328396261	FALSE	0.005243361	FALSE	0.0138520896	FALSE	0.0753764212	FALSE	0.0990403593	FALSE	0.0782156587	FALSE	0.405868411	FALSE	0.0246038735	FALSE	0.137453049	FALSE	0.0216822624	FALSE	0.0248207152	FALSE	0.0614377558	FALSE	0.152537256	FALSE
2025	005-2025	AN ORDINANCE GRANTING A THIRTY PERCENT (30%) DISCOUNT ON THE RENTAL OF THE BAGUIO CONVENTION AND CULTURAL CENTER (BCCC), INCLUDING THE USE OF LIGHTS, SOUND SYSTEM, FULL LED WALL, STAGE, TABLES, AND CHAIRS FOR THE EVENT TITLED 'FIF PHILIPPINES 2ND NELSON TOTANES CLASSIC 2025' BY CHARLOTTE TIBAWEN, ASSISTANT HEAD LUZON OF THE FITNESS INTERNATIONAL FEDERATION (FIF), TO BE HELD ON 26 APRIL 2025 IN THE CITY OF BAGUIO, PROVIDED THAT THE CITY GOVERNMENT OF BAGUIO SHALL BE A CO-HOST TO THE SAID EVENT.	0.0196218193	FALSE	0.0136703849	FALSE	0.0348299146	FALSE	0.038472414	FALSE	0.0293210745	FALSE	0.00785398483	FALSE	0.0110142231	FALSE	0.0792722106	FALSE	0.0698463917	FALSE	0.0624274313	FALSE	0.736029148	TRUE	0.0294987857	FALSE	0.0312295258	FALSE	0.0272367	FALSE	0.0313997567	FALSE	0.165535539	FALSE	0.167949229	FALSE
2025	006-2025	AMENDING CERTAIN PROVISIONS OF ORDINANCE NUMBERED 29, SERIES OF 2021 [PROVIDING FOR A MENTAL HEALTH CARE AND DEVELOPMENTAL WELLNESS PROGRAM FOR THE CITY OF BAGUIO AND APPROPRIATING FUNDS THEREOF] AND INSERTING SECTIONS 18.A. (PENALTIES) AND 18.B. THEREIN.	0.06994766	FALSE	0.00788405538	FALSE	0.0507151484	FALSE	0.0314355493	FALSE	0.0216730237	FALSE	0.00346085429	FALSE	0.00641018152	FALSE	0.0596570075	FALSE	0.0259256065	FALSE	0.215848237	FALSE	0.085105	FALSE	0.00814551115	FALSE	0.0134879947	FALSE	0.00377395749	FALSE	0.00974276662	FALSE	0.325081944	FALSE	0.20986858	FALSE
2025	007-2025	AN ORDINANCE SIMPLIFYING THE REQUIREMENTS FOR THE ISSUANCE OF CERTIFICATES OF FINAL ELECTRICAL INSPECTION (CFEI) OR CERTIFICATES OF ELECTRICAL INSPECTION (CEI) BY THE CITY GOVERNMENT OF BAGUIO THROUGH THE CITY BUILDING OFFICIAL FOR INDEPENDENT ELECTRICAL SERVICE CONNECTIONS IN RESIDENTIAL STRUCTURES IN THE CITY OF BAGUIO.	0.0230802298	FALSE	0.0101385415	FALSE	0.0128164291	FALSE	0.0267217159	FALSE	0.0143823624	FALSE	0.00681167841	FALSE	0.00971019268	FALSE	0.0491234362	FALSE	0.0552761853	FALSE	0.0811992	FALSE	0.707594812	TRUE	0.0109577775	FALSE	0.0541498661	FALSE	0.0117191672	FALSE	0.0153563619	FALSE	0.0981564522	FALSE	0.100450873	FALSE
2025	008-2025	APPROVING THE REQUEST FOR AUTHORITY TO CHARGE THE AMOUNT OF P12,585.00 AGAINST THE 2025 CURRENT APPROPRIATIONS OF THE CITY BUILDINGS AND ARCHITECTURE OFFICE (CBAO) UNDER ACCOUNT CODE 5-02-99-990 (OTHER MAINTENANCE AND OPERATING EXPENSES) FOR THE PAYMENT OF THE COST OF ELECTRICAL MATERIALS USED IN THE CHRISTMAS VILLAGE 2021.	0.0209037066	FALSE	0.0135406852	FALSE	0.0126238465	FALSE	0.0206218958	FALSE	0.0133937	FALSE	0.00927934051	FALSE	0.0167050064	FALSE	0.0471788645	FALSE	0.0585199893	FALSE	0.0413555205	FALSE	0.894003093	TRUE	0.0181842446	FALSE	0.0438282788	FALSE	0.0169278681	FALSE	0.0342254937	FALSE	0.0414903462	FALSE	0.048494786	FALSE
2025	009-2025	APPROVING THE REQUEST FOR AUTHORITY TO CHARGE THE AMOUNT OF P50,167.18 AGAINST THE 2025 CURRENT APPROPRIATIONS OF THE CITY SOCIAL WELFARE AND DEVELOPMENT OFFICE (CSWDO) UNDER ACCOUNT CODE 5-01-01-010 (SALARIES AND WAGES-REGULAR) FOR THE PAYMENT OF TERMINAL BENEFIT OF MS. MARLENE N. EROT, FORMER SOCIAL WELFARE AIDE OF THE SAID OFFICE WHO RETIRED FROM SERVICE EFFECTIVE 31 OCTOBER 2024.	0.0584841073	FALSE	0.0140793025	FALSE	0.00436651707	FALSE	0.0208092928	FALSE	0.0361718833	FALSE	0.00438606739	FALSE	0.00816306472	FALSE	0.57317549	TRUE	0.0488160253	FALSE	0.195911467	FALSE	0.0622496605	FALSE	0.0164055824	FALSE	0.0163179338	FALSE	0.00477993488	FALSE	0.0100099146	FALSE	0.0247737467	FALSE	0.0600552559	FALSE
2025	010-2025	THE CONSOLIDATED ANTI-MOSQUITO-BORNE DISEASES ORDINANCE OF THE CITY OF BAGUIO.	0.0948851705	FALSE	0.0498625934	FALSE	0.0819094181	FALSE	0.0339531898	FALSE	0.0737225115	FALSE	0.00495570898	FALSE	0.00586223602	FALSE	0.0402993858	FALSE	0.0183197856	FALSE	0.122076601	FALSE	0.134452254	FALSE	0.00507795811	FALSE	0.0246532559	FALSE	0.00673127174	FALSE	0.00952374935	FALSE	0.192557365	FALSE	0.134460598	FALSE
2025	011-2025	REALIGNING THE AMOUNT OF P9,986,000.00 FROM THE PROJECT 'ENCLOSURE OF KIAS BARANGAY COVERED COURT AND CONSTRUCTION OF OTHER AMENITIES SO THAT IT CAN BE USED AS AN EVACUATION CENTER OF THE BARANGAY' FUNDED FROM VARIOUS PROJECTS UNDER THE 2020 ANNUAL INVESTMENT PLAN TO 'CONSTRUCTION OF AN EVACUATION CENTER COMPLETE WITH AMENITIES BESIDE THE KIAS COVERED COURT' AT KIAS BARANGAY, BAGUIO CITY.	0.0316426158	FALSE	0.00853455067	FALSE	0.013946116	FALSE	0.0111587644	FALSE	0.00938308239	FALSE	0.00681573153	FALSE	0.00843638182	FALSE	0.0586719811	FALSE	0.166069865	FALSE	0.0383593738	FALSE	0.567728221	TRUE	0.0218452215	FALSE	0.0303096473	FALSE	0.008171767	FALSE	0.0293581784	FALSE	0.0345949829	FALSE	0.226491868	FALSE
2025	012-2025	APPROVING THE REQUEST FOR EXEMPTION FROM GOVERNMENT FEES AND TAXES ASSOCIATED WITH THE USE OF AN AREA ALONG SESSION ROAD DURING THE PANAGBENGA 2025 FESTIVAL FOR THE PERIOD 24 TO 28 FEBRUARY 2025 AND 01 TO 02 MARCH 2025 TO CONDUCT INITIATIVES DEDICATED TO PUBLIC HEALTH AND WELFARE ON TOPICS ON HIV, MENTAL HEALTH, SMOKE-FREE PRACTICES, AND INFORMATION, EDUCATION, AND COMMUNICATION (IEC) PROMOTION TO RAISE AWARENESS AND PROVIDE ESSENTIAL SERVICES TO THE COMMUNITY.	0.0310138464	FALSE	0.0108684599	FALSE	0.64115876	TRUE	0.104504317	FALSE	0.050470233	FALSE	0.00492531061	FALSE	0.00965666771	FALSE	0.0110119581	FALSE	0.0220875144	FALSE	0.0353366435	FALSE	0.0180090666	FALSE	0.00753706694	FALSE	0.00748494267	FALSE	0.00576064	FALSE	0.00674656034	FALSE	0.115586966	FALSE	0.132440269	FALSE
2025	014-2025	APPROVING THE REQUEST FOR AUTHORITY TO CHARGE THE AMOUNT OF P22,000.00 AGAINST THE 2025 CURRENT APPROPRIATIONS OF THE CITY MAYOR'S OFFICE UNDER ACCOUNT CODE 5-01-04-030 (TERMINAL LEAVE BENEFITS) FOR THE PAYMENT OF TERMINAL BENEFIT OF MS. JANET C. AGUIRRE, FORMER LICENSING OFFICER II OF THE PERMITS AND LICENSING DIVISION, CITY MAYOR'S OFFICE (PLD-CMO).	0.0239749253	FALSE	0.00781828165	FALSE	0.00962916	FALSE	0.03318578	FALSE	0.0235362649	FALSE	0.00504034758	FALSE	0.00636422634	FALSE	0.0483725369	FALSE	0.0298087895	FALSE	0.260201305	FALSE	0.261937022	FALSE	0.00982457399	FALSE	0.0263383389	FALSE	0.00718918443	FALSE	0.015945822	FALSE	0.333263963	FALSE	0.108476073	FALSE
2025	015-2025	APPROVING THE REQUEST FOR AUTHORITY TO CHARGE THE AMOUNT OF P18,632.00 AGAINST THE 2025 CURRENT APPROPRIATIONS OF THE CITY MAYOR'S OFFICE UNDER ACCOUNT CODE 5-02-10-030 (EXTRAORDINARY AND MISCELLANEOUS EXPENSES) FOR THE PAYMENT OF THE COST INCURRED BY PUNONG BARANGAY LEVY LLOYD B. ORCALES OF SOUTH CENTRAL AURORA HILL BARANGAY, BAGUIO CITY, AS THE OFFICIAL REPRESENTATIVE OF THE CITY GOVERNMENT OF BAGUIO THROUGH THE CITY PLANNING, DEVELOPMENT AND SUSTAINABILITY OFFICE (CPDSO), DURING HIS OFFICIAL PARTICIPATION IN THE SDG HOUSING AND SUSTAINABILITY FORUM HELD ON 02 TO 10 NOVEMBER 2024 IN CAIRO, EGYPT.	0.0124415159	FALSE	0.0123744011	FALSE	0.00875940919	FALSE	0.013207674	FALSE	0.00434881449	FALSE	0.0152288675	FALSE	0.0106449127	FALSE	0.027584523	FALSE	0.115154445	FALSE	0.0135550797	FALSE	0.644192755	TRUE	0.107438594	FALSE	0.016852051	FALSE	0.015447706	FALSE	0.249891698	FALSE	0.0251409113	FALSE	0.0696065426	FALSE
2025	016-2025	AN ORDINANCE GRANTING RELIEF ON SURCHARGES AND INTERESTS ON LOCAL TRANSFER TAX ON REAL PROPERTY IN THE CITY OF BAGUIO.	0.186300844	FALSE	0.0444269478	FALSE	0.00891923904	FALSE	0.0170622766	FALSE	0.0399684608	FALSE	0.00502064824	FALSE	0.0100458264	FALSE	0.117754459	FALSE	0.0358918	FALSE	0.203054011	FALSE	0.182136297	FALSE	0.0118738711	FALSE	0.0774404407	FALSE	0.00497150421	FALSE	0.0193258822	FALSE	0.193928301	FALSE	0.169030845	FALSE
2025	017-2025	AN ORDINANCE INVITING THE RESIDENTS OF BAGUIO CITY, LA TRINIDAD, ITOGON, SABLAN, TUBA, AND TUBLAY (BLISTT) TO THE BAGUIO BOTANICAL GARDEN FROM 20 MARCH 2025 TO 20 APRIL 2025 FOR FREE VISITS AS A POST-PANAGBENGA GESTURE OF GRATITUDE OF THE CITY GOVERNMENT OF BAGUIO.	0.0598732233	FALSE	0.0507893264	FALSE	0.0125564635	FALSE	0.0417397022	FALSE	0.0446589887	FALSE	0.00539526343	FALSE	0.00579115748	FALSE	0.0588847101	FALSE	0.0330065191	FALSE	0.210595846	FALSE	0.429444522	FALSE	0.0192443132	FALSE	0.0801887214	FALSE	0.0116482079	FALSE	0.0485240221	FALSE	0.256269634	FALSE	0.169264317	FALSE
2025	018-2025	APPROVING THE USE OF MALCOLM SQUARE AS THE OFFICIAL VENUE FOR THE LABOR DAY KADIWA FARMERS' MARKET 2025 FROM 30 APRIL 2025 TO 04 MAY 2025 AND WAIVING THE RENTAL FEES, AS WELL AS THE FEES LEVIED FOR THE USE OF ELECTRICITY AND SPECIAL PERMITS.	0.0403175652	FALSE	0.0547028482	FALSE	0.00375404954	FALSE	0.0177405477	FALSE	0.0728931427	FALSE	0.0057553947	FALSE	0.019489795	FALSE	0.68964535	TRUE	0.0575723648	FALSE	0.0678724051	FALSE	0.0190745592	FALSE	0.036821574	FALSE	0.041683346	FALSE	0.00670728087	FALSE	0.0121951401	FALSE	0.0221510828	FALSE	0.0397867262	FALSE
2025	019-2025	AN ORDINANCE SETTING A ONE-WAY TRAFFIC SCHEME AT TORRES BUGALLON STREET, WEST MODERNSITE BARANGAY, BAGUIO CITY, DURING THE IMPLEMENTATION OF THE PROJECT 'BASIC INFRASTRUCTURE PROGRAM (BIP)-CONSTRUCTION OF ROAD, TORRES BUGALLON ROAD, BARANGAY WEST MODERNSITE, BAGUIO CITY' UNTIL ITS COMPLETION.	0.0151297748	FALSE	0.00941741467	FALSE	0.0102055073	FALSE	0.0191773772	FALSE	0.00769919157	FALSE	0.0116325617	FALSE	0.0144471824	FALSE	0.0448895395	FALSE	0.433258116	FALSE	0.0163404942	FALSE	0.34735018	FALSE	0.033675611	FALSE	0.0142591894	FALSE	0.00679126382	FALSE	0.0217781067	FALSE	0.0147817135	FALSE	0.145701081	FALSE
2025	020-2025	APPROVING THE REQUEST OF HAPPY HOMES OLD LUCBAN BARANGAY COUNCIL FOR THE CLOSURE OF THE RIGHT SIDE OF THE ROAD, SPECIFICALLY IN PUROK 3, BENITEZ AREA TO CALANGO FRONTAGE, AT HAPPY HOMES OLD LUCBAN BARANGAY, BAGUIO CITY, FROM 24 MARCH 2025 AT 9:00 IN THE MORNING UNTIL 31 MARCH 2025 AT 5:00 IN THE AFTERNOON FOR THE CONDUCT OF THE LIVELIHOOD ACTIVITY OF WOMEN'S ORGANIZATION IN THE BARANGAY IN CELEBRATION OF WOMEN'S MONTH.	0.04652372	FALSE	0.0288256407	FALSE	0.0301139951	FALSE	0.0400542319	FALSE	0.783260465	TRUE	0.00796768069	FALSE	0.00484788418	FALSE	0.0721116364	FALSE	0.0120007098	FALSE	0.0606554151	FALSE	0.0310290754	FALSE	0.00706744194	FALSE	0.0107268989	FALSE	0.0107892454	FALSE	0.011762768	FALSE	0.0419929922	FALSE	0.0135474801	FALSE
2025	021-2025	AN ORDINANCE WAIVING THE EIGHTY PERCENT (80%) SHARE FROM THE ADMINISTRATIVE FINE IMPOSED UNDER PRESIDENTIAL DECREE NO. 1096 ON BUILDINGS CONSTRUCTED WITHOUT PERMITS PRIOR TO THE EFFECTIVITY OF SAID DECREE AND THE REVISED IMPLEMENTING RULES AND REGULATIONS IN 2005 AND FOR OTHER PURPOSES.	0.0217719376	FALSE	0.0144730508	FALSE	0.017252028	FALSE	0.024295032	FALSE	0.0228689611	FALSE	0.00544530153	FALSE	0.0130917132	FALSE	0.036126703	FALSE	0.0342474282	FALSE	0.0613799095	FALSE	0.313905627	FALSE	0.0148028731	FALSE	0.0798088312	FALSE	0.0117932856	FALSE	0.0265034437	FALSE	0.459661961	FALSE	0.139618009	FALSE
2025	022-2025	APPROVING THE REQUEST FOR AUTHORITY TO CHARGE THE AMOUNT OF P4,500.00 AGAINST THE 2025 CURRENT APPROPRIATIONS OF THE CITY HUMAN RESOURCE MANAGEMENT OFFICE (CHRMO) UNDER ACCOUNT CODE 5-02-03-990 (OTHER SUPPLIES AND MATERIALS EXPENSES) FOR THE PAYMENT OF THE SUPPLY OF PLAQUES PROCURED FROM PINDER AND ART DESIGN STUDIO UNDER PURCHASE ORDER NO. 335.	0.0300421715	FALSE	0.0125494	FALSE	0.00520411134	FALSE	0.00928881764	FALSE	0.00672927499	FALSE	0.00961959362	FALSE	0.00586566329	FALSE	0.290848911	FALSE	0.121121675	FALSE	0.0391891599	FALSE	0.299774349	FALSE	0.0870932043	FALSE	0.0093511343	FALSE	0.00964874	FALSE	0.0567698479	FALSE	0.0361201763	FALSE	0.128270924	FALSE
2025	023-2025	APPROVING THE REQUEST FOR AUTHORITY TO CHARGE THE AMOUNT OF P82,882.73 AGAINST THE 2025 CURRENT APPROPRIATIONS OF THE CITY BUILDINGS AND ARCHITECTURE OFFICE (CBAO) UNDER ACCOUNT CODE 5-01-01-010 (SALARIES AND WAGES-REGULAR) ON THE SALARY SAVINGS EARMARKED FOR POSITIONS THAT REMAIN UNFILLED OF THE SAID OFFICE FOR THE PAYMENT OF OVERTIME PAY FOR THE MONTH OF NOVEMBER 2024.	0.0238702893	FALSE	0.00909379125	FALSE	0.00500562787	FALSE	0.0251884162	FALSE	0.0197827816	FALSE	0.00459173322	FALSE	0.0166772902	FALSE	0.353475571	FALSE	0.0736072958	FALSE	0.0719192	FALSE	0.38875258	FALSE	0.0160968602	FALSE	0.0262266397	FALSE	0.00833171606	FALSE	0.0111916065	FALSE	0.045370698	FALSE	0.0523113906	FALSE
2025	024-2025	APPROVING THE REQUEST FOR AUTHORITY TO CHARGE THE TOTAL AMOUNT OF P268.12 AGAINST THE 2025 CURRENT APPROPRIATIONS OF THE CITY VETERINARY AND AGRICULTURE OFFICE (CVAO) UNDER ACCOUNT CODES: 5-01-03-010 (GSIS PREMIUM) - P228.79; AND 5-01-03-030 (PHILHEALTH PREMIUM) - P39.33, FOR THE PAYMENT OF UNCLAIMED SALARIES AND TERMINAL LEAVE BENEFITS OF MR. JERVIN BRUCE M. CANAO AND MR. REDNER P. DAYOTAO, WHO WAS SEPARATED FROM THE CITY GOVERNMENT OF BAGUIO EFFECTIVE 31 AUGUST 2024 AND 27 AUGUST 2024, RESPECTIVELY.	0.085706532	FALSE	0.355402946	FALSE	0.0106067657	FALSE	0.0251153111	FALSE	0.0304614902	FALSE	0.0106024444	FALSE	0.0068475306	FALSE	0.0601422489	FALSE	0.0229304731	FALSE	0.0958874822	FALSE	0.247151971	FALSE	0.0294944644	FALSE	0.0233575702	FALSE	0.00570583344	FALSE	0.0463890433	FALSE	0.0610266924	FALSE	0.0701996088	FALSE
2025	025-2025	AMENDING ORDINANCE NUMBERED 02, SERIES OF 2025 [APPROVING THE REQUESTS OF WALTRIX PRODUCTIONS FOR SUPPORT ON THE WAIVER OF AMUSEMENT TAX, WAIVER OF FEES FOR INSTALLATION OF MARKETING COLLATERAL MATERIALS, AND ISSUANCE OF A SPECIAL PERMIT FOR THE CONDUCT OF THEIR EVENT 'MAKI-CONCERT' SERIES ON 24 JANUARY 2025 (FRIDAY) AT THE UNIVERSITY OF BAGUIO CARDINALS GYM].	0.0248704255	FALSE	0.0247545242	FALSE	0.0186270475	FALSE	0.0769166052	FALSE	0.0429154932	FALSE	0.00550916791	FALSE	0.0188082755	FALSE	0.117516011	FALSE	0.0841980875	FALSE	0.10281384	FALSE	0.087320894	FALSE	0.0266060233	FALSE	0.0511566699	FALSE	0.0110086501	FALSE	0.0224242806	FALSE	0.546503961	TRUE	0.350962341	FALSE
2025	026-2025	PEOPLE'S COUNCIL ORDINANCE AND PEOPLE'S PARTICIPATION IN GOVERNANCE ORDINANCE OF THE CITY OF BAGUIO, AND AMENDING ORDINANCE NUMBERED 36, SERIES OF 2018 [GOVERNING THE CONDUCT OF PARTICIPATORY LEGISLATION IN THE CITY OF BAGUIO], FOR THE PURPOSE.	0.0213617384	FALSE	0.0147257745	FALSE	0.00943669677	FALSE	0.0212385058	FALSE	0.0313179493	FALSE	0.00549832	FALSE	0.00663077831	FALSE	0.0291633606	FALSE	0.0206688941	FALSE	0.20415172	FALSE	0.0517492294	FALSE	0.00934168696	FALSE	0.0351811945	FALSE	0.00635880232	FALSE	0.0119520128	FALSE	0.453670233	FALSE	0.105857939	FALSE
2025	027-2025	INSTITUTIONALIZING THE COMMEMORATION OF GREGORIA DE JESUS, KNOWN AS THE 'LAKAMBINI NG KATIPUNAN' AND WIFE OF OUR NATIONAL HERO, ANDRES BONIFACIO, ON HER 150TH BIRTH ANNIVERSARY THIS YEAR 2025, PROVIDING PROGRAMS IN RECOGNITION OF HER SIGNIFICANT CONTRIBUTION TO PHILIPPINE HISTORY, AND APPROPRIATING FUNDS THEREFOR.	0.0197196305	FALSE	0.0309618413	FALSE	0.0175517201	FALSE	0.0365332663	FALSE	0.637952507	TRUE	0.00446942449	FALSE	0.00555425882	FALSE	0.111674994	FALSE	0.0202619135	FALSE	0.0549530387	FALSE	0.013495028	FALSE	0.00973010063	FALSE	0.0172552466	FALSE	0.0062507391	FALSE	0.00820162892	FALSE	0.113289773	FALSE	0.0389051735	FALSE
2025	028-2025	APPROVING THE REQUEST FOR AUTHORITY TO CHARGE THE TOTAL AMOUNT OF P28,233.05 AGAINST THE 2025 CURRENT APPROPRIATIONS OF THE CITY HEALTH SERVICES OFFICE (CHSO) UNDER VARIOUS PERSONNEL SERVICES (PS) ACCOUNTS FOR THE PAYMENT OF UNPAID PERSONNEL BENEFITS OF MR. RR A. DELA CRUZ, MR. JOHN GERALD B. PAGUI-EN, AND MR. MARK STEFAN M. PACIO, ALL RESIGNED EMPLOYEES OF THE SAID OFFICE.	0.0322601497	FALSE	0.00529962778	FALSE	0.0407583714	FALSE	0.0397223234	FALSE	0.021070689	FALSE	0.00328493118	FALSE	0.00631463528	FALSE	0.0481668115	FALSE	0.0368024111	FALSE	0.135686547	FALSE	0.183680207	FALSE	0.00622266531	FALSE	0.0133107901	FALSE	0.00385296345	FALSE	0.00782176852	FALSE	0.147911578	FALSE	0.150253087	FALSE
2025	029-2025	APPROVING THE REQUEST FOR AUTHORITY TO CHARGE THE TOTAL AMOUNT OF P34,050.00 AGAINST THE 2025 CURRENT APPROPRIATIONS OF THE CITY ASSESSOR'S OFFICE UNDER ACCOUNT CODES: 5-01-01-010 (SALARIES AND WAGES REGULAR) - P9,200.00; 5-01-02-010 (PERSONAL ECONOMIC RELIEF ALLOWANCE) - P1,100.00; 5-01-02-140 (YEAR-END BONUS) - P16,900.00; 5-01-02-150 (CASH GIFT) - P5,000.00; 5-01-03-010 (RETIREMENT AND LIFE INSURANCE PREMIUM) - P1,300.00; 5-01-03-020 (PAG-IBIG CONTRIBUTIONS) - P200.00; 5-01-03-030 (PHILHEALTH CONTRIBUTIONS) - P250.00; AND 5-01-03-040 (EMPLOYEES COMPENSATION INSURANCE PREMIUMS) - P100.00, FOR THE PAYMENT OF UNPAID SALARIES AND WAGES OF MS. CECILIA C. ASPIRAS, FORMER ADMINISTRATIVE AIDE IV OF THE SAID OFFICE, WHO RETIRED FROM GOVERNMENT SERVICE EFFECTIVE 18 NOVEMBER 2024.	0.0439224541	FALSE	0.0104147494	FALSE	0.00508868694	FALSE	0.01376459	FALSE	0.030308634	FALSE	0.00484186411	FALSE	0.0109736919	FALSE	0.714587033	TRUE	0.0535981655	FALSE	0.0966408253	FALSE	0.017871052	FALSE	0.0253650546	FALSE	0.0148261189	FALSE	0.00577512383	FALSE	0.0100280643	FALSE	0.0331718028	FALSE	0.0709967911	FALSE
2025	030-2025	APPROVING THE REQUESTS OF MS. JOANNE URAGA, LINE PRODUCTION PERSONNEL OF THE CNCA PRODUCTIONS, FOR THE WAIVER OF THE AMUSEMENT TAX, WAIVER OF FEES FOR INSTALLATION OF MARKETING COLLATERAL MATERIALS, AND APPROVAL AND ISSUANCE OF SPECIAL PERMITS OF THE EVENT TJ MONTERDE 'SARILI NATING MUNDO' CONCERT ON 21 JUNE 2025 (SATURDAY) AND 22 JUNE 2025 (SUNDAY) AT THE UNIVERSITY OF BAGUIO (UB) CARDINALS GYM, BAGUIO CITY.	0.0242031217	FALSE	0.0149096251	FALSE	0.033970356	FALSE	0.0683587492	FALSE	0.0677974224	FALSE	0.00503441691	FALSE	0.0223825872	FALSE	0.110928416	FALSE	0.163503379	FALSE	0.0653742552	FALSE	0.242818534	FALSE	0.0286721885	FALSE	0.0291310549	FALSE	0.0106538534	FALSE	0.0244914	FALSE	0.281762719	FALSE	0.351125062	FALSE
2025	031-2025	AN ORDINANCE EXTENDING THE FREE ACCESS TO THE BAGUIO BOTANICAL GARDEN FOR THE RESIDENTS OF BAGUIO CITY, LA TRINIDAD, ITOGON, SABLAN, TUBA, AND TUBLAY (BLISTT) FROM 21 APRIL 2025 TO 20 MAY 2025.	0.0864114463	FALSE	0.136706531	FALSE	0.0165567696	FALSE	0.0236414373	FALSE	0.0550966263	FALSE	0.00768208504	FALSE	0.0075917542	FALSE	0.0832690895	FALSE	0.033200115	FALSE	0.283838034	FALSE	0.223123401	FALSE	0.0379763544	FALSE	0.0839903951	FALSE	0.012042284	FALSE	0.132298112	FALSE	0.304226875	FALSE	0.245350659	FALSE
2025	032-2025	APPROVING THE REQUEST OF THE SAN LORENZO RUIZ PARISH, LOAKAN PROPER, BAGUIO CITY, FOR A 30% DISCOUNT ON THE RENTAL FEE OF THE VENUE FOR THEIR UPCOMING FUNDRAISING CONCERT ENTITLED 'LOVE IN 3 WORDS: A JOURNEY TOWARDS UNCONDITIONAL LOVE' SCHEDULED ON 04 MAY 2025 (SUNDAY), AT 7:00 P.M. AT THE BAGUIO CONVENTION AND CULTURAL CENTER.	0.0318436921	FALSE	0.0160699487	FALSE	0.00952985883	FALSE	0.0289967656	FALSE	0.124215692	FALSE	0.00266647339	FALSE	0.00397765636	FALSE	0.136616945	FALSE	0.0263187	FALSE	0.225091934	FALSE	0.183096707	FALSE	0.00964659452	FALSE	0.0320034623	FALSE	0.00679063797	FALSE	0.015930146	FALSE	0.0865745544	FALSE	0.072009176	FALSE
2025	033-2025	APPROVING THE REQUEST OF THE MRR QUEEN OF PEACE BARANGAY COUNCIL FOR THE CLOSURE OF THE QUEEN OF PEACE ROAD AT MRR QUEEN OF PEACE BARANGAY, BAGUIO CITY, ON 03 MAY 2025 (SATURDAY) AT 1:00 IN THE AFTERNOON UNTIL 04 MAY 2025 (SUNDAY) AT 11:59 IN THE EVENING FOR THE CONDUCT OF THEIR BARANGAY FIESTA 2025 WITH THE THEME 'KULTURA AT KALIKASAN: PAGKAKAISA PARA SA KINABUKASAN'.	0.0183112025	FALSE	0.0211229622	FALSE	0.0130650401	FALSE	0.0484916866	FALSE	0.11673823	FALSE	0.00378289819	FALSE	0.0046724081	FALSE	0.0423257053	FALSE	0.0200029612	FALSE	0.190695137	FALSE	0.204315156	FALSE	0.00905433297	FALSE	0.0515898764	FALSE	0.00943082571	FALSE	0.0180097222	FALSE	0.185058564	FALSE	0.0797478855	FALSE
2025	034-2025	APPROVING THE REQUESTS OF ATTY. MARISSA J. MADRID-DACAYANAN, CO-CONVENOR, SANG-ATAN BLISTT BIKE FESTIVAL 2025, IN RELATION TO THE CONDUCT OF THE 3RD SANG-ATAN BLISTT BIKE FESTIVAL FROM 01 MAY 2025 TO JUNE 3, 2025 ACROSS VARIOUS LOCATIONS IN THE CITY OF BAGUIO.	0.0113208	FALSE	0.0154187977	FALSE	0.010768801	FALSE	0.0406155884	FALSE	0.0925084949	FALSE	0.00495603681	FALSE	0.00601255894	FALSE	0.0811398	FALSE	0.0459927619	FALSE	0.162201941	FALSE	0.140090197	FALSE	0.0142071545	FALSE	0.0316050351	FALSE	0.00998154283	FALSE	0.0148716271	FALSE	0.0933780074	FALSE	0.116188854	FALSE
2025	035-2025	GRANTING AUTHORITY TO MS. ROSARIO V. ALBERTO, RACE DIRECTOR, TO HOLD A FUN RUN EVENT IN BEHALF OF THE BAGUIO GENERAL HOSPITAL AND MEDICAL CENTER (BGHMC) - PHYSICAL FITNESS COMMITTEE ON 21 JUNE 2025 (SATURDAY) AT 5:00 IN THE MORNING, SUBJECT TO CONDITIONS.	0.0118719935	FALSE	0.0639745891	FALSE	0.0546142161	FALSE	0.0333092511	FALSE	0.455229551	FALSE	0.00322264433	FALSE	0.0164878964	FALSE	0.119392246	FALSE	0.0198872983	FALSE	0.0276013315	FALSE	0.0162484348	FALSE	0.0241626799	FALSE	0.0306738615	FALSE	0.00735065341	FALSE	0.0141414106	FALSE	0.156963497	FALSE	0.0507757962	FALSE
2025	036-2025	APPROVING THE REQUEST FOR AUTHORITY TO CHARGE THE AMOUNT OF P19,000.00 AGAINST THE 2025 CURRENT APPROPRIATIONS OF THE CITY MAYOR'S OFFICE - EARLY WARNING AND SURVEILLANCE SYSTEM UNDER ACCOUNT CODE 5-01-01-020 (SALARIES AND WAGES-CASUAL/CONTRACTUAL) FOR THE PAYMENT OF THE TERMINAL LEAVE BENEFIT OF AMIEL JOHN B. FLORES, FORMER CASUAL EMPLOYEE OF THE SAID OFFICE WHO RESIGNED IN DECEMBER 2024.	0.034153223	FALSE	0.0116462708	FALSE	0.00502583385	FALSE	0.0320974886	FALSE	0.0336218774	FALSE	0.00394257903	FALSE	0.0131783485	FALSE	0.657522559	TRUE	0.0726732612	FALSE	0.12206459	FALSE	0.0333337784	FALSE	0.0203984976	FALSE	0.0198949575	FALSE	0.00469556451	FALSE	0.00797566772	FALSE	0.0793201625	FALSE	0.0971114337	FALSE
2025	037-2025	AN ORDINANCE INSTITUTIONALIZING THE MARKET ENCOUNTER AS AN OPENING ACTIVITY EVERY FIRST SUNDAY OF OCTOBER OF EVERY YEAR IN CELEBRATION OF THE COOPERATIVE MONTH IN THE CITY OF BAGUIO TO PROVIDE AN OPPORTUNITY FOR COOPERATIVES TO SHOWCASE THEIR PRODUCTS AND SERVICES.	0.0513456464	FALSE	0.0710422397	FALSE	0.00828489661	FALSE	0.0240318775	FALSE	0.0266842842	FALSE	0.0061104	FALSE	0.00784018636	FALSE	0.112456799	FALSE	0.0777776241	FALSE	0.183868736	FALSE	0.106567919	FALSE	0.0182459652	FALSE	0.0910430551	FALSE	0.00451502204	FALSE	0.0155707598	FALSE	0.0984329581	FALSE	0.267594635	FALSE
2025	038-2025	AN ORDINANCE INSTITUTIONALIZING THE WOMEN OFFICIALS FOR-A-DAY (WOFAD) IN THE BARANGAYS AND IN THE EXECUTIVE AND LEGISLATIVE OFFICES OF THE CITY GOVERNMENT OF BAGUIO AS PART OF THE CELEBRATION OF WOMEN'S MONTH IN MARCH OF EVERY YEAR IN THE CITY OF BAGUIO.	0.0279731154	FALSE	0.0221585035	FALSE	0.0235534906	FALSE	0.0527941	FALSE	0.819954395	TRUE	0.00779375434	FALSE	0.00715142488	FALSE	0.0682724416	FALSE	0.013686657	FALSE	0.0564917922	FALSE	0.0187919438	FALSE	0.00584238768	FALSE	0.0166692734	FALSE	0.00837168097	FALSE	0.00733372569	FALSE	0.0898985565	FALSE	0.0155767202	FALSE
2025	039-2025	FURTHER AMENDING SECTIONS 3, 7, AND 9 OF ORDINANCE NUMBERED 116, SERIES OF 2019 [AN ORDINANCE PROVIDING FOR THE CITY GOVERNMENT OF BAGUIO COLLEGE EDUCATION FINANCIAL ASSISTANCE/GRANT PROGRAM TO STUDENTS, PROVIDING FUNDS THEREFOR AND FOR OTHER PURPOSES], AS AMENDED BY ORDINANCE NUMBERED 45, SERIES OF 2023 [AMENDING SECTIONS 3, 7, AND 9 OF ORDINANCE NUMBERED 116, SERIES OF 2019].	0.0537721217	FALSE	0.0143235028	FALSE	0.0230088532	FALSE	0.125493109	FALSE	0.0191912353	FALSE	0.00506544113	FALSE	0.00594764948	FALSE	0.0361733139	FALSE	0.0786649883	FALSE	0.132237703	FALSE	0.0659750104	FALSE	0.00959661603	FALSE	0.0398750901	FALSE	0.00509250164	FALSE	0.00928321481	FALSE	0.121527642	FALSE	0.410754412	FALSE
2025	040-2025	AUTHORIZING SUPPLEMENTAL BUDGET NO. 1 IN THE AMOUNT OF TWENTY-FIVE MILLION PESOS (P25,000,000.00) FOR THE PROJECT 'MAHARLIKA LIVELIHOOD COMPLEX REHABILITATION AND INTERIM OPERATIONS' FOR THE OPERATIONAL BUDGET OF THE MAHARLIKA LIVELIHOOD COMPLEX FOR THE THREE (3) MONTH PERIOD, STARTING 31 MAY 2025, APPROVED UNDER RESOLUTION NUMBERED 340, SERIES OF 2025.	0.213823706	FALSE	0.0527589619	FALSE	0.021871537	FALSE	0.012973249	FALSE	0.0193350911	FALSE	0.00340890884	FALSE	0.00550204515	FALSE	0.144134462	FALSE	0.0622205734	FALSE	0.131419271	FALSE	0.105354935	FALSE	0.0513048172	FALSE	0.0238615274	FALSE	0.00380703807	FALSE	0.0625533462	FALSE	0.0697378218	FALSE	0.363523036	FALSE
2025	041-2025	AMENDING SECTION 4 OF ORDINANCE NUMBERED 02, SERIES OF 2022 [AN ORDINANCE INSTITUTIONALIZING THE SALENG (PINE TREE) FESTIVAL IN THE CITY OF BAGUIO].	0.0414703786	FALSE	0.0463610888	FALSE	0.0106671751	FALSE	0.034938097	FALSE	0.046518147	FALSE	0.00741526484	FALSE	0.0072158277	FALSE	0.0524983704	FALSE	0.0210548043	FALSE	0.175350487	FALSE	0.372635186	FALSE	0.0139493942	FALSE	0.0830991268	FALSE	0.0113457441	FALSE	0.0311349928	FALSE	0.271897435	FALSE	0.102819085	FALSE
2025	042-2025	AN ORDINANCE APPROVING THE BAGUIO CITY INTEGRATED TERMINAL (BCIT) PROJECT, WITH CONDITIONS.	0.0230091214	FALSE	0.0142166913	FALSE	0.0102935433	FALSE	0.0207420886	FALSE	0.0133624375	FALSE	0.0112134814	FALSE	0.0105884373	FALSE	0.0448215604	FALSE	0.147862822	FALSE	0.0598855615	FALSE	0.579365134	TRUE	0.0144152045	FALSE	0.0399201512	FALSE	0.00843191147	FALSE	0.0150471032	FALSE	0.0293373466	FALSE	0.14449048	FALSE
2025	043-2025	AN ORDINANCE INSTITUTIONALIZING COMMUNITY ARTSCAPE: ADAPTED AS 'DUGAD MI': BARANGAY STORIES IN VISUAL AND PERFORMING ARTS AND OTHER FORMS OF CREATIVE EXPRESSION IN THE CITY OF BAGUIO.	0.037184298	FALSE	0.0124109983	FALSE	0.00927218795	FALSE	0.175398499	FALSE	0.0333623588	FALSE	0.00633004308	FALSE	0.00718471408	FALSE	0.0584792793	FALSE	0.0325616598	FALSE	0.165025204	FALSE	0.540178657	TRUE	0.00741091371	FALSE	0.0568173826	FALSE	0.0100812018	FALSE	0.0114542246	FALSE	0.0507440269	FALSE	0.0445690155	FALSE
2025	044-2025	APPROVING THE REQUEST FOR AUTHORITY TO CHARGE THE TOTAL AMOUNT OF FIVE HUNDRED THOUSAND PESOS (₱500,000.00) AGAINST THE 2025 CURRENT APPROPRIATIONS OF THE CITY GENERAL SERVICES OFFICE (CGSO) UNDER ACCOUNT CODE 5-02-04-020 (ELECTRICITY EXPENSES) FOR THE PAYMENT OF UNPAID ELECTRIC BILL OF VARIOUS FACILITIES OF THE CITY GOVERNMENT OF BAGUIO INCURRED IN THE YEAR 2024.	0.0288054943	FALSE	0.0074313283	FALSE	0.00746667385	FALSE	0.015514046	FALSE	0.0113603771	FALSE	0.00408768654	FALSE	0.0282543	FALSE	0.0867736638	FALSE	0.058460772	FALSE	0.146179259	FALSE	0.309873521	FALSE	0.0137917399	FALSE	0.0333839655	FALSE	0.00606498122	FALSE	0.0155786574	FALSE	0.286650121	FALSE	0.132013738	FALSE
2025	045-2025	APPROVING THE REQUEST FOR AUTHORITY TO CHARGE THE AMOUNT OF ₱11,890.44 AGAINST THE 2025 CURRENT APPROPRIATIONS OF THE CITY HUMAN RESOURCE MANAGEMENT OFFICE (CHRMO) UNDER ACCOUNT CODE 5-01-04-030 (TERMINAL LEAVE BENEFITS) FOR THE PAYMENT OF THE TERMINAL BENEFIT OF MS. JOANNE L. DOMINGO, FORMER ADMINISTRATIVE ASSISTANT II OF THE SAID OFFICE.	0.0592163503	FALSE	0.0173610449	FALSE	0.0051471293	FALSE	0.0086607635	FALSE	0.008703053	FALSE	0.00687032938	FALSE	0.00391149521	FALSE	0.28105998	FALSE	0.0593866706	FALSE	0.0775701106	FALSE	0.0929787457	FALSE	0.0417585075	FALSE	0.0119110644	FALSE	0.00434559584	FALSE	0.0287607908	FALSE	0.0358759165	FALSE	0.157349169	FALSE
2025	046-2025	AUTHORIZING A SUPPLEMENTAL BUDGET NO. 2 IN THE TOTAL AMOUNT OF ONE HUNDRED FOURTEEN MILLION FOUR HUNDRED SIXTY-EIGHT THOUSAND ONE HUNDRED TWENTY-FIVE PESOS (₱114,468,125.00) FOR THE FUNDING OF VARIOUS PROGRAMS, PROJECTS, AND ACTIVITIES IN ITEMS NOS. 4, 5, 6, 7, 8, 9, 10, 11, 12, 13, 14, 15, 16, 17, 18, 19, 20, 21, 22, 23, 24, 25, 26 AND 27, IDENTIFIED IN THE APPROVED FIRST (1ST) SUPPLEMENTAL ANNUAL INVESTMENT PROGRAM FOR CALENDAR YEAR 2025 OF THE CITY GOVERNMENT OF BAGUIO.	0.0202514231	FALSE	0.00747284293	FALSE	0.0245807469	FALSE	0.01399225	FALSE	0.0073928535	FALSE	0.00775077939	FALSE	0.0113867223	FALSE	0.0314167738	FALSE	0.153149009	FALSE	0.0302945375	FALSE	0.49287951	FALSE	0.0187666118	FALSE	0.0239609778	FALSE	0.00906339288	FALSE	0.021260947	FALSE	0.0496786237	FALSE	0.269488662	FALSE
2025	047-2025	APPROVING THE REQUEST FOR AUTHORITY TO CHARGE THE AMOUNT OF ₱1,600,000.00 AGAINST THE 2025 CONTINUING APPROPRIATIONS OF THE CITY GENERAL SERVICES OFFICE (CGSO) UNDER ACCOUNT CODE 1-07-06-010 (MOTOR VEHICLE) FOR THE PURCHASE OF A UTILITY VEHICLE TO BE USED BY THE ASSET AND PROPERTY MANAGEMENT DIVISION OF THE SAID OFFICE, SUBJECT TO COMPLIANCE WITH THE REQUIREMENTS.	0.0254696012	FALSE	0.00797742605	FALSE	0.0154393315	FALSE	0.0156335235	FALSE	0.0110482574	FALSE	0.00950297713	FALSE	0.00884050131	FALSE	0.0252900124	FALSE	0.0497365	FALSE	0.0704892278	FALSE	0.651928365	TRUE	0.015060693	FALSE	0.0264883339	FALSE	0.012036711	FALSE	0.0338838398	FALSE	0.106685966	FALSE	0.128394842	FALSE
2025	048-2025	CHANGING THE PROJECT TITLE, 'RECOVERY OF ROAD-RIGHT-OF-WAY ALONG MAGSAYSAY AVENUE FROM LYMAN OGILBY CENTRUM BUILDING TOWARDS M. ROXAS ROAD' IN THE APPROPRIATION ORDINANCE NUMBERED 61, SERIES OF 2022, AMONG THE PRIORITIES APPROVED IN THE FIRST (1ST) SUPPLEMENTAL ANNUAL INVESTMENT PROGRAM FOR FISCAL YEAR 2022 OF THE CITY GOVERNMENT OF BAGUIO UNDER RESOLUTION NUMBERED 244, SERIES OF 2022’ AMOUNTING TO ₱3,500,000.00 TO 'RECOVERY OF ROAD-RIGHT-OF-WAY ALONG MAGSAYSAY AVENUE FROM LYMAN OGILBY CENTRUM BUILDING TOWARDS M. ROXAS ROAD (PHASE II)' IN THE CITY OF BAGUIO.	0.0369668	FALSE	0.00852000713	FALSE	0.0176841021	FALSE	0.0170802474	FALSE	0.0109091103	FALSE	0.00706270337	FALSE	0.00590583682	FALSE	0.0606829226	FALSE	0.109859556	FALSE	0.0645782053	FALSE	0.578512609	TRUE	0.0158771276	FALSE	0.0226304233	FALSE	0.00822150707	FALSE	0.0208722949	FALSE	0.076341	FALSE	0.249859393	FALSE
2025	049-2025	APPROVING THE REQUEST FOR AUTHORITY TO CHARGE THE AMOUNT OF ₱5,000.00 AGAINST THE 2025 CURRENT APPROPRIATIONS OF THE CITY TREASURY OFFICE (CTO) UNDER ACCOUNT CODE 5-01-01-010 (SALARIES AND WAGES-REGULAR) FOR THE PAYMENT OF AN ADDITIONAL LOYALTY AWARD TO MR. DOMINADOR O. ABELLA JR., WHO IS A 10TH-YEAR LOYALTY AWARDEE IN 2024.	0.0470401347	FALSE	0.0127355754	FALSE	0.00406387448	FALSE	0.0209467113	FALSE	0.021702379	FALSE	0.00393882394	FALSE	0.0119017065	FALSE	0.629561	TRUE	0.0737945139	FALSE	0.153746694	FALSE	0.045473516	FALSE	0.022490412	FALSE	0.021576196	FALSE	0.00471246243	FALSE	0.00976005197	FALSE	0.0473590791	FALSE	0.110129744	FALSE
2025	050-2025	APPROVING THE REQUEST FOR AUTHORITY TO CHARGE THE AMOUNT OF THIRTY THOUSAND ONE HUNDRED THIRTY-EIGHT PESOS AND 39/100 (₱30,138.39) AGAINST THE 2025 CURRENT APPROPRIATIONS OF THE CITY TREASURY OFFICE UNDER ACCOUNT CODE 5-02-04-020 (ELECTRICITY EXPENSES) FOR THE PAYMENT OF UNPAID ELECTRIC BILLS FOR THE CALENDAR YEAR 2023.	0.0310011208	FALSE	0.00938621163	FALSE	0.00607103109	FALSE	0.014680475	FALSE	0.0101753175	FALSE	0.004735291	FALSE	0.0553331375	FALSE	0.132632911	FALSE	0.0913703144	FALSE	0.155947685	FALSE	0.24223578	FALSE	0.0186771154	FALSE	0.0449281037	FALSE	0.00599041581	FALSE	0.0147046149	FALSE	0.17914	FALSE	0.177922428	FALSE
2025	051-2025	AN ORDINANCE INSTITUTIONALIZING THE 'BARANGAY PAGBASA PROGRAM' IN THE CITY OF BAGUIO, DEFINING ITS PURPOSE AND APPROPRIATING FUNDS THEREOF.	0.052722156	FALSE	0.0293681324	FALSE	0.00730827451	FALSE	0.0260912478	FALSE	0.0433415174	FALSE	0.00412213802	FALSE	0.00595170259	FALSE	0.0649651	FALSE	0.0270662904	FALSE	0.242948204	FALSE	0.110109389	FALSE	0.00724959373	FALSE	0.0632346	FALSE	0.00515881181	FALSE	0.00977066159	FALSE	0.18051523	FALSE	0.110960424	FALSE
2025	052-2025	AUTHORIZING A SUPPLEMENTAL BUDGET NO. 3 IN THE TOTAL AMOUNT OF TWENTY-FOUR MILLION PESOS (₱24,000,000.00) FOR THE FUNDING OF THE VARIOUS PROGRAMS, PROJECTS, AND ACTIVITIES IN ITEMS NOS. 1, 2 AND 3, IDENTIFIED IN THE APPROVED FIRST (1ST) SUPPLEMENTAL ANNUAL INVESTMENT PROGRAM FOR CALENDAR YEAR 2025 OF THE CITY GOVERNMENT OF BAGUIO.	0.0223560631	FALSE	0.00818744302	FALSE	0.0210187137	FALSE	0.0133048296	FALSE	0.00828328729	FALSE	0.00728029	FALSE	0.0104941726	FALSE	0.036105305	FALSE	0.157130599	FALSE	0.0405626297	FALSE	0.415000677	FALSE	0.0184032023	FALSE	0.0262131989	FALSE	0.00801715255	FALSE	0.0193242431	FALSE	0.0581386387	FALSE	0.318268418	FALSE
2025	053-2025	APPROVING THE REQUEST FOR AUTHORITY TO CHARGE THE AMOUNT OF ₱1,260,040.25 AGAINST THE 2025 CURRENT APPROPRIATIONS OF THE CITY ADMINISTRATOR'S OFFICE (CADMO) UNDER ACCOUNT CODE 5-02-04-010 (WATER EXPENSES) IN THE AMOUNT OF ₱90,040.25 AND ACCOUNT CODE 5-02-06-020 (PRIZES) IN THE AMOUNT OF ₱1,170,000.00 FOR THE PAYMENT OF THE UNPAID 2022 WATER BILLS OF THE SWIMMING POOL AND THE UNPAID INCENTIVES OF ATHLETES FOR CALENDAR YEAR 2024, RESPECTIVELY.	0.0173048675	FALSE	0.00648075342	FALSE	0.00764173269	FALSE	0.0330488086	FALSE	0.0248194933	FALSE	0.0342731178	FALSE	0.00530383	FALSE	0.0551247895	FALSE	0.0323164761	FALSE	0.199985832	FALSE	0.253265321	FALSE	0.0120997131	FALSE	0.0137402415	FALSE	0.0597811937	FALSE	0.0136654079	FALSE	0.0738422275	FALSE	0.0754836798	FALSE
2025	054-2025	APPROVING THE REQUEST FOR AUTHORITY TO CHARGE THE AMOUNT OF ₱3,557.09 AGAINST THE 2025 CURRENT APPROPRIATIONS OF THE CITY PLANNING, DEVELOPMENT AND SUSTAINABILITY OFFICE (CPDSO) UNDER ACCOUNT CODE 5-02-03-090 (FUEL, OIL AND LUBRICANT EXPENSES) FOR THE PAYMENT OF THE FUEL USED ON 13 DECEMBER 2024 OF THE VEHICLE WITH PLATE NO. D2D 415 OF THE SAID OFFICE.	0.00744459033	FALSE	0.0116472244	FALSE	0.00748324394	FALSE	0.00897747278	FALSE	0.00381430984	FALSE	0.0161774158	FALSE	0.0202024579	FALSE	0.0272043943	FALSE	0.17086032	FALSE	0.00703713298	FALSE	0.596234262	TRUE	0.127365053	FALSE	0.0182766318	FALSE	0.0187983811	FALSE	0.149598271	FALSE	0.0158735514	FALSE	0.0506484807	FALSE
2025	055-2025	APPROVING THE REQUEST OF THE DEPARTMENT OF AGRICULTURE (DA) TO WAIVE THE SPECIAL PERMITS FEES FOR THE YOUNG FARMERS CHALLENGE BOOTHS DURING THE CONDUCT OF THE YOUNG FARMERS CHALLENGE BATCH 2024 NATIONAL AWARDING CEREMONY ON 17 JULY 2025 AT THE BAGUIO CONVENTION AND CULTURAL CENTER, BAGUIO CITY.	0.0448196828	FALSE	0.690852225	TRUE	0.00935670733	FALSE	0.0334406495	FALSE	0.039737612	FALSE	0.0114555359	FALSE	0.0128754675	FALSE	0.0323707163	FALSE	0.0236789882	FALSE	0.0481923223	FALSE	0.076993525	FALSE	0.0454576	FALSE	0.0824303627	FALSE	0.00943127275	FALSE	0.0585053265	FALSE	0.0321744084	FALSE	0.0472635031	FALSE
2025	056-2025	APPROVING THE REQUEST FOR AUTHORITY TO CHARGE THE AMOUNT OF P594.49 TO THE 2025 CURRENT APPROPRIATIONS OF THE MANAGEMENT INFORMATION AND TECHNOLOGY DIVISION, CITY MAYOR'S OFFICE (MITD-CMO), UNDER ACCOUNT CODE 5-02-05-030 (INTERNET SUBSCRIPTION EXPENSES) TO COVER THE UNOBLIGATED ZOOM PRO ACCOUNT EXPENSES OF MITD FOR THE PERIOD NOVEMBER 29, 2024, TO DECEMBER 28, 2024.	0.0158979	FALSE	0.0100774765	FALSE	0.0101521909	FALSE	0.0629077852	FALSE	0.01396963	FALSE	0.00639915466	FALSE	0.0113547146	FALSE	0.0729574263	FALSE	0.114024222	FALSE	0.0796929598	FALSE	0.617332757	TRUE	0.0147261918	FALSE	0.0413236618	FALSE	0.0120917261	FALSE	0.0162841976	FALSE	0.0709283054	FALSE	0.131147832	FALSE
2025	057-2025	APPROVING THE REQUEST FOR AUTHORITY TO CHARGE THE AMOUNT OF P24,500.00 TO THE 2025 CURRENT APPROPRIATIONS OF THE CITY MAYOR'S OFFICE UNDER ACCOUNT CODE 5-02-02-010 (TRAINING EXPENSES) ON THE CULTURE AND ARTS PROGRAM FOR THE FUNDING REQUIREMENTS OF THE UNPAID MEALS SERVED TO PARTICIPANTS OF THE BAGUIO IMAGINEERS' COACHING AND WORKSHOP FOR PRODUCT DEVELOPMENT HELD ON SEPTEMBER 24 TO 25, 2024 AT THE BAGUIO CONVENTION AND CULTURAL CENTER.	0.0116502643	FALSE	0.03585127	FALSE	0.00503584743	FALSE	0.0973453224	FALSE	0.0215425193	FALSE	0.00825113058	FALSE	0.00870788097	FALSE	0.380818248	FALSE	0.28870061	FALSE	0.036273092	FALSE	0.176730305	FALSE	0.0940087736	FALSE	0.0172636807	FALSE	0.00697487593	FALSE	0.0262918174	FALSE	0.0341346264	FALSE	0.11195609	FALSE
2025	058-2025	APPROVING THE REQUEST TO CHARGE THE AMOUNT OF P80,000.00 AGAINST THE 2025 CURRENT APPROPRIATIONS OF THE CITY BUILDINGS AND ARCHITECTURE OFFICE (CBAO) UNDER ACCOUNT CODE 5-01-01-010 (SALARIES AND WAGES - REGULAR) EARMARKED FOR POSITIONS THAT REMAIN UNFILLED IN THE SAID OFFICE FOR THE PAYMENT OF MONETARY CLAIMS OF AR. ARSENIO GLENN MARTIN F. RILLERA, FORMER ARCHITECT II OF THE SAID OFFICE, WHO RESIGNED EFFECTIVE 14 FEBRUARY 2025.	0.025616765	FALSE	0.00756365061	FALSE	0.00678360462	FALSE	0.0196451247	FALSE	0.0163285434	FALSE	0.00487348437	FALSE	0.0182821751	FALSE	0.289991915	FALSE	0.0859468	FALSE	0.0525975525	FALSE	0.579402745	TRUE	0.0200602412	FALSE	0.0232841372	FALSE	0.00911825895	FALSE	0.0172674954	FALSE	0.0695274472	FALSE	0.0690884888	FALSE
2025	059-2025	APPROVING THE REQUEST FOR THE IMMEDIATE TEMPORARY ROAD CLOSURE ALONG SAN CARLOS HEIGHTS, PUROK 24, IRISAN BARANGAY, BAGUIO CITY, FOR THE REPAIR OF THE ERODED CRIB WALL UNTIL SUCH TIME THAT THE PROJECT IS COMPLETED.	0.0238461196	FALSE	0.0163738728	FALSE	0.0167634189	FALSE	0.0176782012	FALSE	0.0162572861	FALSE	0.0139069259	FALSE	0.0112698078	FALSE	0.0227550268	FALSE	0.0394251347	FALSE	0.0218499899	FALSE	0.861235142	TRUE	0.013856262	FALSE	0.0441708863	FALSE	0.0219202936	FALSE	0.0403533578	FALSE	0.0189929605	FALSE	0.0261985064	FALSE
2025	060-2025	AUTHORIZING A SUPPLEMENTAL BUDGET NO. 4 IN THE TOTAL AMOUNT OF ONE HUNDRED NINETY-THREE MILLION SEVEN HUNDRED SIXTY-SIX THOUSAND TWO HUNDRED PESOS (P193,766,200.00) FROM THE FOLLOWING SOURCES: DRRM TRUST FUND; BOTANICAL TRUST FUND; AND UNAPPROPRIATED SURPLUS, TO COVER THE VARIOUS PROGRAMS, PROJECTS, AND ACTIVITIES OF VARIOUS OFFICES UNDER THE THIRD (3RD) SUPPLEMENTAL ANNUAL INVESTMENT PROGRAM (SAIP) FOR CALENDAR YEAR 2025 OF THE CITY GOVERNMENT OF BAGUIO UNDER RESOLUTION NUMBERED 354, SERIES OF 2025, DATED 02 JUNE 2025.	0.0258811116	FALSE	0.00880095363	FALSE	0.0284089446	FALSE	0.0207854807	FALSE	0.00878927112	FALSE	0.00957655907	FALSE	0.00796678662	FALSE	0.0300597548	FALSE	0.153545052	FALSE	0.0446254909	FALSE	0.356843412	FALSE	0.0204041	FALSE	0.0159543157	FALSE	0.00878897309	FALSE	0.0251932144	FALSE	0.0616577566	FALSE	0.393650889	FALSE
2025	061-2025	APPROVING THE REQUEST FOR AUTHORITY TO CHARGE THE TOTAL AMOUNT OF FORTY-SIX THOUSAND EIGHT HUNDRED FORTY-SIX PESOS AND 30/100 (P46,846.30) AGAINST THE 2025 CURRENT APPROPRIATIONS OF THE CITY HEALTH SERVICES OFFICE (CHSO) EARMARKED FOR VARIOUS PERSONNEL SERVICES (PS) ACCOUNTS TO PAY THE VARIOUS PERSONNEL BENEFITS OF RESIGNED EMPLOYEES OF THE SAID OFFICE.	0.0587534	FALSE	0.0070617795	FALSE	0.0419371128	FALSE	0.0488548577	FALSE	0.0211511254	FALSE	0.00414654613	FALSE	0.00609046221	FALSE	0.04458794	FALSE	0.0350325108	FALSE	0.201394618	FALSE	0.139169335	FALSE	0.00623270869	FALSE	0.0108798742	FALSE	0.00373783708	FALSE	0.00819987059	FALSE	0.105329454	FALSE	0.177321821	FALSE
2025	062-2025	AN ORDINANCE FURTHER GRANTING SIX (6) MONTHS OF FREE ACCESS TO THE BAGUIO BOTANICAL GARDEN FOR BAGUIO CITY, LA TRINIDAD, ITOGON, SABLAN, TUBA, AND TUBLAY (BLISTT) RESIDENTS FROM 01 AUGUST 2025 TO 31 JANUARY 2026, A TESTAMENT TO COMMUNITY PARTNERSHIP AND SUSTAINABLE TOURISM.	0.0446616709	FALSE	0.0518511534	FALSE	0.00852942467	FALSE	0.00660458207	FALSE	0.0139629543	FALSE	0.0125338435	FALSE	0.0115768313	FALSE	0.637056947	TRUE	0.138222903	FALSE	0.126311868	FALSE	0.0316486955	FALSE	0.249590814	FALSE	0.0250313878	FALSE	0.0188819468	FALSE	0.0826951	FALSE	0.0387334526	FALSE	0.336678833	FALSE
2025	063-2025	AN ORDINANCE PROVIDING GUIDELINES FOR THE GRANT OF A CASH SUBSIDY TO ELIGIBLE SOLO PARENTS IN THE CITY OF BAGUIO.	0.110958785	FALSE	0.0202955902	FALSE	0.0155747235	FALSE	0.0443813801	FALSE	0.184874445	FALSE	0.00362062454	FALSE	0.00441807508	FALSE	0.082360208	FALSE	0.0141770542	FALSE	0.263542295	FALSE	0.0423354208	FALSE	0.00457090139	FALSE	0.0181797743	FALSE	0.00400167704	FALSE	0.00739720464	FALSE	0.258329302	FALSE	0.075940907	FALSE
2025	064-2025	APPROVING THE REQUEST OF DUCK SPORTS & MUSIC PRODUCTIONS INC. FOR THE CONSIDERATION OF THE WAIVER OF AMUSEMENT TAX FOR THE CONDUCT OF THEIR EVENT "BEN&BEN LIVE IN BAGUIO: THE TRAVELLER ACROSS DIMENSIONS TOUR" ON 23 AND 24 AUGUST 2025 AT THE CAMP JOHN HAY CONVENTION CENTER.	0.0239629149	FALSE	0.0152190328	FALSE	0.0090739727	FALSE	0.048656404	FALSE	0.0344339907	FALSE	0.00312066078	FALSE	0.0130738914	FALSE	0.342817277	FALSE	0.132569402	FALSE	0.15950796	FALSE	0.16806671	FALSE	0.030678153	FALSE	0.060533762	FALSE	0.00820094347	FALSE	0.01851964	FALSE	0.109935582	FALSE	0.246116728	FALSE
2025	065-2025	AN ORDINANCE ESTABLISHING A BAGUIO CITY ANIMAL CARE AND ADOPTION CENTER, AND PROVIDING FUNDS THEREOF.	0.0311785936	FALSE	0.057826966	FALSE	0.017945379	FALSE	0.028519541	FALSE	0.348450184	FALSE	0.00481817126	FALSE	0.0051612258	FALSE	0.0957371294	FALSE	0.0190393031	FALSE	0.0963542759	FALSE	0.0137773156	FALSE	0.00820079446	FALSE	0.0146377385	FALSE	0.00354072452	FALSE	0.00616446137	FALSE	0.062820524	FALSE	0.0595799387	FALSE
2025	066-2025	APPROVING THE REQUEST OF THE MB SKY PRODUCTION FOR THE FREE USE OF THE BAGUIO CONVENTION AND CULTURAL CENTER (BCCC) FOR THE GRAND FINALS VENUE OF THE "LITTLE MISS BAGUIO 2025" AS PART OF THE BAGUIO CHARTER DAY CELEBRATION ON 13 SEPTEMBER 2025 AT 4:00 P.M., AND THE CASH PRIZES AMOUNTING TO P20,000.00 FOR THE TOP THREE (3) WINNERS.	0.013527602	FALSE	0.0168004036	FALSE	0.0169436038	FALSE	0.0467040837	FALSE	0.174004495	FALSE	0.0056078136	FALSE	0.0144102573	FALSE	0.0787250698	FALSE	0.0752731	FALSE	0.0828469396	FALSE	0.278267503	FALSE	0.0231261551	FALSE	0.0323867202	FALSE	0.0102811456	FALSE	0.0290102363	FALSE	0.0912825167	FALSE	0.129346758	FALSE
2025	067-2025	APPROVING THE REQUEST FOR AUTHORITY TO CHARGE THE AMOUNT OF P67,547.72 AGAINST THE 2025 CURRENT APPROPRIATIONS OF THE CITY ENGINEERING OFFICE (CEO) EARMARKED FOR VARIOUS PERSONNEL SERVICES (PS) ACCOUNTS TO PAY THE PERSONNEL BENEFITS OF SEPARATED EMPLOYEES OF THE SAID OFFICE.	0.018450588	FALSE	0.00949916244	FALSE	0.00884437561	FALSE	0.0224523544	FALSE	0.0128942132	FALSE	0.00615933537	FALSE	0.0104917288	FALSE	0.0618940592	FALSE	0.0935840905	FALSE	0.133733034	FALSE	0.549476743	TRUE	0.0135433972	FALSE	0.0468947887	FALSE	0.00881955	FALSE	0.0179350376	FALSE	0.0949275196	FALSE	0.156017035	FALSE
2025	068-2025	AN ORDINANCE GRANTING A ONE-TIME NON-EXTENDABLE RELIEF ON SURCHARGES AND INTEREST FOR DELINQUENT BUSINESS TAXPAYERS IN THE CITY OF BAGUIO.	0.175357759	FALSE	0.0119431615	FALSE	0.00556564331	FALSE	0.0173352063	FALSE	0.0824790597	FALSE	0.00424930453	FALSE	0.0045042336	FALSE	0.0811091363	FALSE	0.00754484534	FALSE	0.314538	FALSE	0.0270114839	FALSE	0.00504860282	FALSE	0.0162023604	FALSE	0.00428578258	FALSE	0.00838571787	FALSE	0.156693637	FALSE	0.023678571	FALSE
2025	069-2025	APPROVING THE REQUEST FOR AUTHORITY TO CHARGE THE AMOUNT OF P34,600.00 AGAINST THE 2025 CURRENT APPROPRIATIONS OF THE CITY ADMINISTRATOR'S OFFICE (CADMO) UNDER ACCOUNT CODE 5-02-13-060 (REPAIR AND MAINTENANCE - TRANSPORTATION EQUIPMENT) FOR THE PAYMENT OF UNPAID EXPENSES FOR THE YEAR 2024 OF ITEMS FOR THE MAINTENANCE OF THEIR OFFICE SERVICE VEHICLE, MITSUBISHI XPANDER, 030110, UNDER PR NO. 1103.	0.018188864	FALSE	0.00493353605	FALSE	0.0147412419	FALSE	0.0263314247	FALSE	0.00943374634	FALSE	0.00684973598	FALSE	0.0116171241	FALSE	0.0488548279	FALSE	0.073791	FALSE	0.080656141	FALSE	0.715258956	TRUE	0.0130190551	FALSE	0.0223534703	FALSE	0.0139519274	FALSE	0.0203485191	FALSE	0.103629261	FALSE	0.105126143	FALSE
2025	070-2025	APPROVING THE REQUEST TO WAIVE THE AMUSEMENT TAX FOR THE TICKET SELLING OF THE MISS BAGUIO 2025 PRELIMINARIES AND GRAND CORONATION NIGHT SCHEDULED ON 01 AND 06 SEPTEMBER 2025, RESPECTIVELY.	0.0165859163	FALSE	0.0544537604	FALSE	0.00689026713	FALSE	0.0868459344	FALSE	0.437223166	FALSE	0.00677832961	FALSE	0.0141996145	FALSE	0.224672109	FALSE	0.0256378949	FALSE	0.0805534124	FALSE	0.0284619033	FALSE	0.0157980919	FALSE	0.0423834026	FALSE	0.00932189822	FALSE	0.0099785924	FALSE	0.0630872846	FALSE	0.0251275301	FALSE
2025	071-2025	APPROVING THE REQUEST OF THE BRENT INTERNATIONAL SCHOOL BAGUIO FOR EXEMPTION FROM PAYMENT OF TAXES DUE FOR THE FUNDRAISING ACTIVITY "BRENT CHRISTMAS BAZAAR" ON NOVEMBER 29 TO 30, 2025, AT THE BRENT MEMORIAL GYMNASIUM.	0.022271961	FALSE	0.0319574177	FALSE	0.00565773249	FALSE	0.122872889	FALSE	0.0340528488	FALSE	0.00355374813	FALSE	0.0105364025	FALSE	0.233132452	FALSE	0.0769507289	FALSE	0.138894796	FALSE	0.0447760522	FALSE	0.0177659094	FALSE	0.0406563282	FALSE	0.00429534912	FALSE	0.0117208064	FALSE	0.0955880284	FALSE	0.223749638	FALSE
2025	072-2025	APPROVING THE REQUEST FOR AUTHORITY TO CHARGE THE AMOUNT OF P20,000.00 AGAINST THE 2025 CURRENT APPROPRIATIONS OF THE CITY BUILDINGS AND ARCHITECTURE OFFICE (CBAO) EARMARKED FOR POSITIONS THAT REMAIN UNFILLED FOR THE PAYMENT OF SALARY AND PERSONNEL ECONOMIC RELIEF ALLOWANCE (PERA) FOR THE PERIOD OCTOBER 22 TO 31, 2024, OF AR. MARY ANGELINE D. VINLUAN, FORMER ARCHITECT II, OF THE SAID OFFICE.	0.0366159678	FALSE	0.00831240416	FALSE	0.00920748711	FALSE	0.018538177	FALSE	0.0162648857	FALSE	0.00533950329	FALSE	0.00949078798	FALSE	0.0937984288	FALSE	0.0399858057	FALSE	0.064379096	FALSE	0.733943284	TRUE	0.00990614295	FALSE	0.0432777703	FALSE	0.0103593171	FALSE	0.017218262	FALSE	0.0426822305	FALSE	0.0504377782	FALSE
2025	073-2025	APPROVING THE REQUEST FOR AUTHORITY TO UTILIZE THE SAVINGS OF THE 2025 CURRENT APPROPRIATIONS OF THE CITY ENGINEERING OFFICE (CEO) EARMARKED FOR PERSONNEL SERVICES (PS) IN THE AMOUNT OF SIXTY-SEVEN THOUSAND FIVE HUNDRED FORTY-SEVEN PESOS AND 72/100 (P67,547.72) FOR THE PAYMENT OF BENEFITS OF THE EMPLOYEES OF SAID OFFICE WHO RESIGNED FROM THE SERVICE IN 2024.	0.0188592672	FALSE	0.00711724162	FALSE	0.00704008341	FALSE	0.0225384831	FALSE	0.0124272108	FALSE	0.00532752275	FALSE	0.00919857621	FALSE	0.0961412787	FALSE	0.0880142748	FALSE	0.1707322	FALSE	0.490167558	FALSE	0.0125201046	FALSE	0.0338004231	FALSE	0.00858914852	FALSE	0.0142753124	FALSE	0.0928586125	FALSE	0.141628116	FALSE
2025	074-2025	AN ORDINANCE GRANTING FULL AMUSEMENT TAX EXEMPTION TO THE HOTEL AND RESTAURANT ASSOCIATION OF BAGUIO (HRAB) FOR TWO (2) SPECIFIED 2025 EVENTS IN THE CITY OF BAGUIO.	0.0452970266	FALSE	0.0296153724	FALSE	0.00873187184	FALSE	0.0288844407	FALSE	0.0221740603	FALSE	0.00551566482	FALSE	0.009693712	FALSE	0.260678053	FALSE	0.0493350029	FALSE	0.154824018	FALSE	0.328329027	FALSE	0.0261412263	FALSE	0.0428146422	FALSE	0.00980913639	FALSE	0.0190565288	FALSE	0.215023667	FALSE	0.116173327	FALSE
2025	075-2025	GRANTING A FINANCIAL ASSISTANCE FUND IN THE AMOUNT OF TWO MILLION PESOS (P2,000,000.00) FROM THE CITY DISASTER RISK REDUCTION AND MANAGEMENT QUICK RESPONSE FUND OF THE CITY GOVERNMENT OF BAGUIO TO BOGO CITY, SAN REMIGIO, MEDELLIN, AND DAANBANTAYAN IN THE NORTHERN PROVINCE OF CEBU, WHICH WERE DEVASTATED BY A POWERFUL MAGNITUDE 6.9 EARTHQUAKE ON 30 SEPTEMBER 2025.	0.040194422	FALSE	0.0126694441	FALSE	0.0158890188	FALSE	0.0129930973	FALSE	0.0109927952	FALSE	0.0074903965	FALSE	0.0121251643	FALSE	0.0189875364	FALSE	0.0250738263	FALSE	0.0340931416	FALSE	0.120975316	FALSE	0.012971133	FALSE	0.792308629	TRUE	0.0143432319	FALSE	0.0186982751	FALSE	0.0284657478	FALSE	0.061411649	FALSE
2025	076-2025	AMENDING CERTAIN PROVISIONS OF ORDINANCE NUMBERED 23, SERIES OF 2021[CREATING A BARANGAY INFORMATION MANAGEMENT SYSTEM IN ALL BARANGAYS IN THE CITY OF BAGUIO AND FOR OTHER PURPOSES].	0.033528626	FALSE	0.0208645761	FALSE	0.00879579782	FALSE	0.0412644148	FALSE	0.0244477391	FALSE	0.00431090593	FALSE	0.00786340237	FALSE	0.0366068184	FALSE	0.0224175751	FALSE	0.208000213	FALSE	0.227889061	FALSE	0.00786700845	FALSE	0.115246296	FALSE	0.00859704614	FALSE	0.0154643655	FALSE	0.164863676	FALSE	0.0864202678	FALSE
2025	077-2025	GRANTING FINANCIAL ASSISTANCE FUND IN THE TOTAL AMOUNT OF TWO MILLION FIVE HUNDRED THOUSAND PESOS (P2,500,000.00) FROM THE CITY DISASTER RISK REDUCTION AND MANAGEMENT QUICK RESPONSE FUND OF THE CITY GOVERNMENT OF BAGUIO TO THE PROVINCES OF MASBATE - P500,000.00, AND DAVAO ORIENTAL - P2,000,000.00, WHICH WERE DECLARED UNDER A STATE OF CALAMITY, SUBJECT TO COMPLIANCE WITH COMMISSION ON AUDIT (COA) CIRCULAR NO. 2013-002 ON THE INTER-LOCAL GOVERNMENT UNIT (LGU) FINANCIAL TRANSACTIONS.	0.0402117074	FALSE	0.0108260214	FALSE	0.0172742307	FALSE	0.013196975	FALSE	0.0102530122	FALSE	0.00814011693	FALSE	0.00970646739	FALSE	0.0174627602	FALSE	0.0234724581	FALSE	0.0296807289	FALSE	0.129176795	FALSE	0.0119969845	FALSE	0.768022418	TRUE	0.015198797	FALSE	0.0192592442	FALSE	0.031907618	FALSE	0.0635647178	FALSE
2025	078-2025	APPROVING THE REQUEST FOR AUTHORITY TO CHARGE THE AMOUNT OF P27,875.00 AGAINST THE 2025 CURRENT APPROPRIATIONS OF THE BAGUIO CITY POLICE OFFICE (BCPO) UNDER ACCOUNT CODE 5-02-13-060 (REPAIR AND MAINTENANCE-TRANSPORTATION OF EQUIPMENT) FOR THE PAYMENT OF FIVE (5) PIECES OF TIRES AND TIRE VALVE FOR GOVERNMENT SERVICE VEHICLE WITH PLATE NO. SJG 770 ISSUED TO POLICE STATION 10-BCPO.	0.0127500892	FALSE	0.00448679924	FALSE	0.0201799572	FALSE	0.01831159	FALSE	0.0145584941	FALSE	0.00680425763	FALSE	0.0111069381	FALSE	0.0499943495	FALSE	0.0435867906	FALSE	0.0822126269	FALSE	0.398609579	FALSE	0.014046967	FALSE	0.0114794672	FALSE	0.0110764503	FALSE	0.018894136	FALSE	0.365671396	FALSE	0.10240677	FALSE
2025	079-2025	AN ORDINANCE AWARDING PHILIPPINE NATIONAL FLAGS TO DECEASED BAGUIO CITY PUBLIC SCHOOL TEACHERS AND PUBLIC CHILD DEVELOPMENT WORKERS DURING THE WAKE OR FUNERAL SERVICES.	0.0804972053	FALSE	0.023797065	FALSE	0.013492316	FALSE	0.0832734406	FALSE	0.16034162	FALSE	0.00433889031	FALSE	0.00506195426	FALSE	0.526776	TRUE	0.0637825727	FALSE	0.0588305891	FALSE	0.0214932561	FALSE	0.0138140917	FALSE	0.0172574222	FALSE	0.00331127644	FALSE	0.00560250878	FALSE	0.0960431397	FALSE	0.125873446	FALSE
2025	080-2025	AN ORDINANCE MANDATING THE CONDUCT OF A FEASIBILITY STUDY FOR THE ESTABLISHMENT OF A BAGUIO CITY HOSPITAL.	0.0288382471	FALSE	0.0202098489	FALSE	0.0312772691	FALSE	0.0567413568	FALSE	0.0516705811	FALSE	0.00519812107	FALSE	0.00732648373	FALSE	0.0489901602	FALSE	0.0353678763	FALSE	0.0967693925	FALSE	0.201572746	FALSE	0.00556716323	FALSE	0.0491527915	FALSE	0.00729036331	FALSE	0.00687682629	FALSE	0.151758879	FALSE	0.10931024	FALSE
2025	081-2025	INSTITUTIONALIZING THE IMPLEMENTATION OF PAG-ANGAT PANGKABUHAYAN PROGRAM (3PS) IN THE CITY OF BAGUIO, AND ESTABLISHING GUIDELINES THEREFOR.	0.0474278927	FALSE	0.0327841043	FALSE	0.0142709911	FALSE	0.0242572129	FALSE	0.0351268351	FALSE	0.00699794292	FALSE	0.0108813941	FALSE	0.0388260484	FALSE	0.0434178114	FALSE	0.200286031	FALSE	0.282566309	FALSE	0.0109735429	FALSE	0.117151767	FALSE	0.00660344958	FALSE	0.0160886049	FALSE	0.166435599	FALSE	0.167633384	FALSE
2025	082-2025	APPROVING THE REQUEST FOR AUTHORITY TO CHARGE THE AMOUNT OF P104,000.00 AGAINST THE 2025 CURRENT APPROPRIATIONS OF THE OFFICE OF THE SANGGUNIANG PANLUNGSOD (SP) UNDER ACCOUNT CODES: 5-01-01-010 (SALARIES AND WAGES - REGULAR) - P75,000.00; 5-01-02-020 (REPRESENTATION ALLOWANCE - RA) - P8,500.00; 5-01-02-030 (TRANSPORTATION ALLOWANCE - TA) - P8,500.00; 5-01-02-010 (PERSONAL ECONOMIC RELIEF ALLOWANCE - PERA) - P2,000.00; 5-01-03-010 (RETIREMENT AND LIFE INSURANCE PREMIUMS) - P9,000.00; 5-01-03-020 (PAG-IBIG CONTRIBUTIONS) - P300.00; 5-01-03-040 (EMPLOYEES COMPENSATION INSURANCE PREMIUMS) - ?200.00; AND 5-01-03-030 (PHILHEALTH CONTRIBUTIONS) - ?500.00, FOR THE PAYMENT OF SALARIES AND WAGES, AND OTHER BENEFITS OF ENGR. ISABELO B. COSALAN JR., FORMER SP MEMBER OF THE SAID OFFICE.	0.0493025482	FALSE	0.0143313408	FALSE	0.00703024864	FALSE	0.0130575895	FALSE	0.0336684287	FALSE	0.00617733598	FALSE	0.0151153207	FALSE	0.758668184	TRUE	0.0674625337	FALSE	0.0479514599	FALSE	0.0128386915	FALSE	0.0391830504	FALSE	0.0143613219	FALSE	0.00921738148	FALSE	0.0117588043	FALSE	0.0250234604	FALSE	0.0592880249	FALSE
2025	083-2025	APPROVING THE REQUEST FOR AUTHORITY TO CHARGE THE AMOUNT OF P24,280.60 AGAINST THE 2025 CURRENT APPROPRIATIONS OF THE CITY TREASURY OFFICE FOR THE PAYMENT OF CLAIMS FOR PERFORMANCE-BASED BONUS (PBB) AND COLLECTIVE NEGOTIATION AGREEMENT (CNA) INCENTIVE OF  MR. NOEL V. FLORA, FORMER REVENUE COLLECTION CLERK II OF THE SAID OFFICE.	0.0397399664	FALSE	0.0125422478	FALSE	0.00938794	FALSE	0.0121493936	FALSE	0.0164288878	FALSE	0.00641456246	FALSE	0.00725752115	FALSE	0.041829288	FALSE	0.0408854187	FALSE	0.179465652	FALSE	0.318975151	FALSE	0.0128796697	FALSE	0.0434678793	FALSE	0.00647550821	FALSE	0.0204378963	FALSE	0.200253159	FALSE	0.172373027	FALSE
2025	084-2025	APPROVING THE REQUEST FOR AUTHORITY TO CHARGE THE AMOUNT OF P13,000.00 AGAINST THE 2025 CURRENT APPROPRIATIONS OF THE OFFICE OF THE SANGGUNIANG PANLUNGSOD (SP) UNDER ACCOUNT CODE 5-01-04-030 (TERMINAL LEAVE BENEFITS) FOR THE PAYMENT OF TERMINAL PAY OF MR. ALEXANDER C. SORIANO SR., FORMER EMPLOYEE OF THE SAID OFFICE.	0.0213095546	FALSE	0.0175296068	FALSE	0.00646039844	FALSE	0.0119231343	FALSE	0.0603698492	FALSE	0.00415080786	FALSE	0.00743317604	FALSE	0.274429053	FALSE	0.0399371386	FALSE	0.270879328	FALSE	0.0123771727	FALSE	0.0186510682	FALSE	0.0287466347	FALSE	0.00645375252	FALSE	0.0107865036	FALSE	0.341144145	FALSE	0.163091511	FALSE
2025	085-2025	APPROVING THE REQUEST FOR THE UTILIZATION OF AN EXISTING BUDGET ALLOCATION IN THE CITY CIVIL REGISTRY OFFICE UNDER ACCOUNT CODE 1-07-06-010 (MOTOR VEHICLE) IN THE AMOUNT OF P2,488,970.00 FOR THE PROCUREMENT OF AN OFFICE SERVICE MOTOR VEHICLE.	0.0240292251	FALSE	0.00922089815	FALSE	0.0228207707	FALSE	0.0203910172	FALSE	0.0139178336	FALSE	0.0104787052	FALSE	0.0124645531	FALSE	0.0217205584	FALSE	0.0424445868	FALSE	0.0556215644	FALSE	0.648379445	TRUE	0.012717098	FALSE	0.0271189213	FALSE	0.0137535036	FALSE	0.0191463828	FALSE	0.114767373	FALSE	0.0991168916	FALSE
2025	086-2025	THE SANITATION CODE OF BAGUIO CITY	0.0960903764	FALSE	0.203418076	FALSE	0.0252461135	FALSE	0.019505471	FALSE	0.0413432717	FALSE	0.143472821	FALSE	0.0297190845	FALSE	0.129386306	FALSE	0.0674293041	FALSE	0.0603781044	FALSE	0.193736553	FALSE	0.0683804452	FALSE	0.0446654856	FALSE	0.0281201303	FALSE	0.0452943146	FALSE	0.0510807037	FALSE	0.105916947	FALSE
2025	087-2025	APPROVING THE REQUEST OF THE BAGUIO DIOCESAN ASSOCIATION OF PARISH PREX (PARISH RENEWAL EXPERIENCE) SECRETARIES (BDAPPS) FOR THE WAIVER OF FEES ON THE REMAINING BALANCE FOR THE USE OF THE BAGUIO ATHLETIC BOWL FROM 07 TO 09 NOVEMBER 2025 FOR THE 16TH PREX NATIONAL CONVENTION.	0.03470698	FALSE	0.0516366661	FALSE	0.0167241991	FALSE	0.0722538233	FALSE	0.0718092918	FALSE	0.00577929616	FALSE	0.00796926	FALSE	0.0321013629	FALSE	0.030671984	FALSE	0.222518772	FALSE	0.0550688505	FALSE	0.0160637498	FALSE	0.0638431907	FALSE	0.00787287951	FALSE	0.0229978561	FALSE	0.301457584	FALSE	0.17375347	FALSE
2025	088-2025	AUTHORIZING A SUPPLEMENTAL BUDGET NO. 5 IN THE TOTAL AMOUNT OF SIXTY-NINE MILLION PESOS (P69,000,000.00) FROM THE FOLLOWING SOURCES: NEW REVENUE AND UNAPPROPRIATED SURPLUS TO COVER VARIOUS PROGRAMS, PROJECTS, AND ACTIVITIES OF VARIOUS OFFICES UNDER THE FIFTH (5TH) SUPPLEMENTAL ANNUAL INVESTMENT PROGRAM (SAIP) FOR CALENDAR YEAR 2025 OF THE CITY GOVERNMENT OF BAGUIO UNDER RESOLUTIONS NUMBERED 568 AND 575, BOTH SERIES OF 2025, DATED 08 SEPTEMBER 2025 AND 11 SEPTEMBER 2025, RESPECTIVELY.	0.02506724	FALSE	0.00925019383	FALSE	0.0204671025	FALSE	0.0150645971	FALSE	0.0086992681	FALSE	0.0080229342	FALSE	0.00975331664	FALSE	0.0380369127	FALSE	0.15715757	FALSE	0.0492761433	FALSE	0.39013049	FALSE	0.0180383921	FALSE	0.0234338641	FALSE	0.00759255886	FALSE	0.0202325881	FALSE	0.0574890971	FALSE	0.34763515	FALSE
2025	089-2025	AMENDING SECTION 1 OF ORDINANCE NUMBERED 55, SERIES OF 2024 [AN ORDINANCE INCREASING THE SUBSIDY TO BARANGAYS IN THE CITY OF  BAGUIO].	0.0496414602	FALSE	0.030349195	FALSE	0.00948518515	FALSE	0.0440146923	FALSE	0.0485607088	FALSE	0.00507363677	FALSE	0.00734686852	FALSE	0.0470552742	FALSE	0.023571372	FALSE	0.233181119	FALSE	0.148821205	FALSE	0.00694733858	FALSE	0.0761091709	FALSE	0.00682875514	FALSE	0.0114822686	FALSE	0.202842444	FALSE	0.0965756178	FALSE
2025	090-2025	AUTHORIZING THE ANNUAL BUDGET OF THE CITY GOVERNMENT OF BAGUIO FOR FISCAL YEAR 2026 IN THE TOTAL AMOUNT OF THREE BILLION SIX HUNDRED FIFTY-ONE MILLION FIVE HUNDRED NINETY-TWO THOUSAND FIVE HUNDRED SIXTY PESOS (P3,651,592,560.00), COVERING THE VARIOUS EXPENDITURES FOR THE OPERATION OF THE CITY GOVERNMENT OF BAGUIO AND APPROPRIATING THE NECESSARY FUNDS FOR THE PURPOSE.	0.0292750299	FALSE	0.0109091699	FALSE	0.0151292086	FALSE	0.0141454935	FALSE	0.00925651193	FALSE	0.00592434406	FALSE	0.0102897286	FALSE	0.0479911566	FALSE	0.0777137578	FALSE	0.0890918374	FALSE	0.461882949	FALSE	0.0136166811	FALSE	0.0307842493	FALSE	0.00614497066	FALSE	0.0168428421	FALSE	0.10196799	FALSE	0.22665748	FALSE
2025	091-2025	CHANGING THE PROJECT TITLE, "COMPLETION OF OUTDOOR BLEACHERS AT ATHLETIC BOWL" IN APPROPRIATION ORDINANCE NUMBERED 88, SERIES OF 2025, AMONG THE PROJECTS APPROVED IN THE FIFTH (5TH) SUPPLEMENTAL ANNUAL INVESTMENT PROGRAM (SAIP) FOR FISCAL YEAR 2025 OF THE CITY GOVERNMENT OF BAGUIO UNDER RESOLUTIONS NUMBERED 568  AND 575 , BOTH SERIES OF 2025, DATED 08 SEPTEMBER 2025 AND 11 SEPTEMBER 2025, RESPECTIVELY, IN THE AMOUNT OF P15,000,000.00, TO "UPGRADING/REHABILITATION OF OUTDOOR BLEACHERS AT ATHLETIC BOWL" IN THE CITY OF BAGUIO.	0.0316192508	FALSE	0.0113855	FALSE	0.0349519551	FALSE	0.0473767221	FALSE	0.0146203935	FALSE	0.00944343209	FALSE	0.00913357735	FALSE	0.0395488143	FALSE	0.135424346	FALSE	0.0918571055	FALSE	0.544572949	TRUE	0.0196717083	FALSE	0.0322146416	FALSE	0.0123678744	FALSE	0.0243397057	FALSE	0.126259714	FALSE	0.381999701	FALSE
2025	092-2025	APPROVING THE REQUEST FOR AUTHORITY TO CHARGE THE AMOUNT OF THREE HUNDRED FORTY-SIX THOUSAND TWO HUNDRED FIFTY PESOS (P346,250.00) AGAINST THE 2025 CURRENT APPROPRIATIONS OF THE CITY HEALTH SERVICES OFFICE (CHSO) EARMARKED FOR SUPPLIES FOR THE PAYMENT OF UNPAID ITEMS IN PREVIOUS YEARS.	0.036401391	FALSE	0.00722503662	FALSE	0.0236480534	FALSE	0.051836282	FALSE	0.0161155462	FALSE	0.0036598444	FALSE	0.00722321868	FALSE	0.0556877553	FALSE	0.0466983318	FALSE	0.138426453	FALSE	0.218843162	FALSE	0.00651180744	FALSE	0.015827328	FALSE	0.00361603498	FALSE	0.00686553121	FALSE	0.0768422484	FALSE	0.135252327	FALSE
2025	093-2025	APPROVING THE REQUEST FOR AUTHORITY TO CHARGE THE AMOUNT OF SIXTY THOUSAND PESOS (P60,000.00) AGAINST THE 2025 CURRENT APPROPRIATIONS OF THE CITY ADMINISTRATOR'S OFFICE (CADMO) UNDER ACCOUNT CODE 5-02-99-990 (OTHER MAINTENANCE AND OPERATING EXPENSES) FOR THE PAYMENT OF EXPENSES INCURRED FOR THE GONG FESTIVAL 2024.	0.0508368909	FALSE	0.0125588775	FALSE	0.00860837102	FALSE	0.0216795802	FALSE	0.0160936117	FALSE	0.00584825873	FALSE	0.00873714685	FALSE	0.0745225549	FALSE	0.0404632092	FALSE	0.310290039	FALSE	0.462320536	FALSE	0.0126414299	FALSE	0.0503131151	FALSE	0.00917902589	FALSE	0.0205490887	FALSE	0.177139282	FALSE	0.140792727	FALSE
2025	094-2025	FURTHER AMENDING SECTION 6 OF ORDINANCE NUMBERED 01, SERIES OF 2003 , AS AMENDED BY ORDINANCE NUMBERED 31, SERIES OF 2004  AND ORDINANCE NUMBERED 107, SERIES OF 2008 . (NUMBER CODING)	0.0158751905	FALSE	0.0217956603	FALSE	0.0123933852	FALSE	0.0228088498	FALSE	0.046205759	FALSE	0.00429356098	FALSE	0.00870004296	FALSE	0.0394458175	FALSE	0.019903481	FALSE	0.114481866	FALSE	0.0165685713	FALSE	0.0109757483	FALSE	0.0369769931	FALSE	0.00703114271	FALSE	0.0120529234	FALSE	0.482486308	FALSE	0.126037925	FALSE
2025	095-2025	AN ORDINANCE RATIONALIZING THE PRIMARILY CONFIDENTIAL AND COTERMINOUS/CASUAL POSITIONS IN THE SANGGUNIANG PANLUNGSOD (CITY COUNCIL) OF BAGUIO.	0.0349382162	FALSE	0.01308164	FALSE	0.00633341074	FALSE	0.0358508229	FALSE	0.0648841858	FALSE	0.00614357	FALSE	0.00503349304	FALSE	0.0447340906	FALSE	0.0121892989	FALSE	0.304539382	FALSE	0.23163256	FALSE	0.00383803248	FALSE	0.0292396247	FALSE	0.00951173902	FALSE	0.00881195068	FALSE	0.134293675	FALSE	0.0300737917	FALSE
2025	096-2025	AN ORDINANCE DECLARING THE MONTH OF JUNE AS BAGUIO CITY SOCIAL WORKERS' MONTH AND JUNE 19TH OF EVERY YEAR AS BAGUIO CITY SOCIAL WORKERS DAY IN RECOGNITION OF ALL REGISTERED SOCIAL WORKERS IN THE CITY OF BAGUIO, WHETHER EMPLOYED IN PUBLIC OR PRIVATE SECTORS, AND FOR ITS ANNUAL OBSERVANCE.	0.0287180543	FALSE	0.0160311759	FALSE	0.0056476593	FALSE	0.0206260085	FALSE	0.0889457464	FALSE	0.00541999936	FALSE	0.00749388337	FALSE	0.582294226	TRUE	0.0463614762	FALSE	0.331950724	FALSE	0.0341936946	FALSE	0.0147570372	FALSE	0.0195069313	FALSE	0.00698822737	FALSE	0.00933030248	FALSE	0.0797421038	FALSE	0.0775667727	FALSE
2025	097-2025	APPROVING THE REQUEST FOR THE USE OF THE ROAD IN THE AREA OF MALCOLM SQUARE FOR THE YOUTH ENTREP FEST (EXPERIENCING RESPONSIBLE ENTERPRISE BY THE COMMUNITY) ON 14 DECEMBER 2025 FROM 7:00 A.M. TO 6:00 P.M. TO BE CONDUCTED BY THE BAGUIO CHARACTER COUNCIL, THROUGH THE PUBLIC EMPLOYMENT SERVICE OFFICE, CITY MAYOR'S OFFICE (PESO-CMO).	0.0318678916	FALSE	0.0069873631	FALSE	0.00474199653	FALSE	0.0281780362	FALSE	0.0313401818	FALSE	0.00469958782	FALSE	0.00794962049	FALSE	0.43449688	FALSE	0.0492889	FALSE	0.250122905	FALSE	0.150553703	FALSE	0.0121634007	FALSE	0.0143122971	FALSE	0.00780522823	FALSE	0.00901684165	FALSE	0.0592847764	FALSE	0.0570636392	FALSE
2025	098-2025	AUTHORIZING A SUPPLEMENTAL BUDGET NO. 6 IN THE TOTAL AMOUNT OF NINETY-FIVE MILLION PESOS (P95,000,000.00) FROM THE FOLLOWING SOURCES: PERSONAL SERVICES (PS), AND  MAINTENANCE AND OTHER OPERATING EXPENSES (MOOE) OF VARIOUS OFFICES TO COVER THE GRANT OF COLLECTIVE NEGOTIATION AGREEMENT (CNA) AND SERVICE RECOGNITION INCENTIVE (SRI) TO ALL QUALIFIED OFFICIALS AND EMPLOYEES OF THE CITY GOVERNMENT OF BAGUIO, AND GRATUITY PAY TO CONTRACT OF SERVICE AND JOB ORDER WORKERS, FOR CALENDAR YEAR 2025.	0.0154487491	FALSE	0.00705853105	FALSE	0.00447687507	FALSE	0.0155100524	FALSE	0.0246717632	FALSE	0.00527271628	FALSE	0.00844061375	FALSE	0.605126202	TRUE	0.0864197314	FALSE	0.113021821	FALSE	0.0402478874	FALSE	0.0231507123	FALSE	0.0109531879	FALSE	0.00686809421	FALSE	0.0101756454	FALSE	0.0638077259	FALSE	0.100162119	FALSE
2025	099-2025	AMENDING CERTAIN PROVISIONS OF ORDINANCE NUMBERED 16, SERIES OF 2019 [PROVIDING THE GUIDELINES FOR THE IMPLEMENTATION OF ASSISTANCE TO INDIVIDUALS IN CRISIS SITUATIONS (AICS) IN THE CITY OF BAGUIO].	0.0342425704	FALSE	0.0127818882	FALSE	0.0132769942	FALSE	0.0167945921	FALSE	0.0211468935	FALSE	0.00410234928	FALSE	0.00864478946	FALSE	0.0413057208	FALSE	0.0303699374	FALSE	0.235839516	FALSE	0.0890533	FALSE	0.00878948	FALSE	0.0701237619	FALSE	0.00576081872	FALSE	0.0122109056	FALSE	0.2886011	FALSE	0.186377823	FALSE
2025	100-2025	APPROVING THE REQUEST FOR AUTHORITY TO CHARGE THE AMOUNT OF P10,000.00 AGAINST THE 2025 CURRENT APPROPRIATIONS OF THE CITY MAYOR'S OFFICE (CMO) UNDER ACCOUNT CODE 5-02-13-060 (REPAIR AND MAINTENANCE - TRANSPORTATION EQUIPMENT) FOR THE PAYMENT OF REPAIR AND MAINTENANCE OF THE OFFICE SERVICE VEHICLE BEARING PLATE NUMBER SND 8337.	0.0169050694	FALSE	0.00628721714	FALSE	0.0108608305	FALSE	0.0276968479	FALSE	0.00943422318	FALSE	0.00812473893	FALSE	0.01145491	FALSE	0.0498990715	FALSE	0.0713622868	FALSE	0.125929981	FALSE	0.637142777	TRUE	0.0145910084	FALSE	0.0190592706	FALSE	0.0125949383	FALSE	0.0197182596	FALSE	0.112572223	FALSE	0.105547369	FALSE
2025	101-2025	APPROVING THE REQUEST FOR AUTHORITY TO CHARGE THE AMOUNT OF TWO HUNDRED FIFTY THOUSAND PESOS (P250,000.00) AGAINST THE 2025 CURRENT APPROPRIATIONS OF THE BAGUIO CITY JAIL - FEMALE DORMITORY (BCJ-FD) UNDER ACCOUNT CODE 5-02-13-040 (REPAIRS AND MAINTENANCE - BUILDINGS AND OTHER STRUCTURES) FOR THE PAYMENT OF THE COMPLETED PROJECT "REPAIR AND IMPROVEMENT OF EXISTING ALLEY TO BE UTILIZED AS QUARANTINE AND ISOLATION CELL OF BAGUIO CITY JAIL - FEMALE DORMITORY"	0.0311535299	FALSE	0.010204494	FALSE	0.0308835506	FALSE	0.0318796039	FALSE	0.63753283	TRUE	0.0085337162	FALSE	0.00497919321	FALSE	0.0614165068	FALSE	0.0128755569	FALSE	0.0661076605	FALSE	0.0754009485	FALSE	0.00594446063	FALSE	0.0057592988	FALSE	0.0105165541	FALSE	0.0126879513	FALSE	0.155877382	FALSE	0.0206589401	FALSE
2025	102-2025	AN ORDINANCE INCREASING THE SALARY SUBSIDY OF THE CITY PARENT-PAID CHILD DEVELOPMENT WORKERS FROM EIGHT THOUSAND PESOS (P8,000.00) TO TEN THOUSAND PESOS (P10,000.00) PER MONTH, EFFECTIVE JANUARY 2026.	0.072050035	FALSE	0.0186574161	FALSE	0.006408602	FALSE	0.016063273	FALSE	0.0379105806	FALSE	0.00480917096	FALSE	0.00678023696	FALSE	0.676895142	TRUE	0.100431681	FALSE	0.0995598137	FALSE	0.0541284382	FALSE	0.0232413113	FALSE	0.018555522	FALSE	0.00435572863	FALSE	0.0108869374	FALSE	0.0344286263	FALSE	0.155441612	FALSE
2025	103-2025	AN ORDINANCE RATIONALIZING THE GUIDELINES IN THE ISSUANCE OF CLEARANCES FOR THE DISPOSITION OF THE LANDS RESERVED FOR THE WORKINGMEN'S VILLAGE PURPOSES AS PER PROCLAMATION NO. 358, DATED 17 DECEMBER 1938, THAT WAS REVOKED BY PROCLAMATION NO. 364, DATED 27 JANUARY 1953, AND REPEALING FOR THE PURPOSE ORDINANCE NUMBERED 65, SERIES OF 1948, AS AMENDED, AND AUTHORIZING THE COLLECTION OF CERTAIN FEES.	0.0737122595	FALSE	0.0243415534	FALSE	0.00963228941	FALSE	0.0245451331	FALSE	0.0860329866	FALSE	0.00341489911	FALSE	0.00375112891	FALSE	0.229691207	FALSE	0.0236621797	FALSE	0.139065981	FALSE	0.0669596493	FALSE	0.0135080814	FALSE	0.0200879872	FALSE	0.004850775	FALSE	0.020886451	FALSE	0.409864247	FALSE	0.107954025	FALSE
2025	104-2025	AN ORDINANCE ESTABLISHING THE LOCAL SENIOR SOCIAL PENSION PROGRAM OF THE CITY OF BAGUIO.	0.0570732355	FALSE	0.0219683945	FALSE	0.00519281626	FALSE	0.0250801742	FALSE	0.0340184569	FALSE	0.00374215841	FALSE	0.00618121028	FALSE	0.219077259	FALSE	0.031506896	FALSE	0.451683789	FALSE	0.0181637704	FALSE	0.00899085402	FALSE	0.0326311588	FALSE	0.00470748544	FALSE	0.00748211145	FALSE	0.0636868179	FALSE	0.119586945	FALSE
2025	105-2025	GRANTING FINANCIAL ASSISTANCE FUND IN THE TOTAL AMOUNT OF SIX HUNDRED THOUSAND PESOS (P600,000.00) FROM THE CITY DISASTER RISK REDUCTION AND MANAGEMENT QUICK RESPONSE FUND OF THE CITY GOVERNMENT OF BAGUIO TO THE PROVINCES OF IFUGAO - P200,00.00; KALINGA - P200,00.00; AND MOUNTAIN PROVINCE - P200,00.00, WHICH WERE DECLARED UNDER A STATE OF CALAMITY, SUBJECT TO COMPLIANCE WITH THE COMMISSION ON AUDIT (COA) CIRCULAR NO. 2013-002 ON THE INTER-LOCAL GOVERNMENT UNIT (LGU) FINANCIAL TRANSACTIONS.	0.0399624407	FALSE	0.0104856789	FALSE	0.0184092224	FALSE	0.0136810541	FALSE	0.0106265843	FALSE	0.00801053643	FALSE	0.00986161828	FALSE	0.0176410675	FALSE	0.02377671	FALSE	0.0312424898	FALSE	0.136095494	FALSE	0.0116095841	FALSE	0.745984912	TRUE	0.0138421357	FALSE	0.0181493461	FALSE	0.0351917446	FALSE	0.0694262683	FALSE
2025	106-2025	AUTHORIZING A SUPPLEMENTAL BUDGET NO. 7 IN THE TOTAL AMOUNT OF TWENTY FIVE MILLION FOUR HUNDRED FOUR THOUSAND PESOS (P25,404,000.00) TO FUND VARIOUS PROJECTS AND ACTIVITIES IN THE SUPPLEMENTAL ANNUAL INVESTMENT PLAN (SAIP), CHARGEABLE AGAINST THE SURPLUS ACCOUNT OF THE GENERAL FUND, UNDER APPROPRIATION ORDINANCE NUMBERED 72, SERIES OF 2024 .	0.053959161	FALSE	0.0246949196	FALSE	0.0248297453	FALSE	0.0182233155	FALSE	0.0130896568	FALSE	0.00796240568	FALSE	0.0124530196	FALSE	0.0747593045	FALSE	0.1811454	FALSE	0.147719353	FALSE	0.0466912389	FALSE	0.0315315127	FALSE	0.0388301909	FALSE	0.00764447451	FALSE	0.0215435624	FALSE	0.0902397	FALSE	0.68611896	TRUE
2026	001-2026	APPROVING THE REQUEST FOR THE AUTHORITY TO CHARGE THE AMOUNT OF P317,895.52 AGAINST THE 2026 APPROPRIATIONS OF THE BAGUIO CITY POLICE OFFICE UNDER ACCOUNT CODE 5-02-13-040 (REPAIRS AND MAINTENANCE - BUILDINGS AND OTHER STRUCTURES) FOR THE PAYMENT OF THE COMPLETED PROJECT TITLED "RENOVATION OF POLICE STATION 8, COMPAC 1, KENNON ROAD VIEW DECK".	0.0187296867	FALSE	0.00729984045	FALSE	0.0223540664	FALSE	0.018602699	FALSE	0.016212523	FALSE	0.0118711591	FALSE	0.00990822911	FALSE	0.0275144279	FALSE	0.0335736275	FALSE	0.0545603037	FALSE	0.73514986	TRUE	0.0131784379	FALSE	0.017665118	FALSE	0.0169144869	FALSE	0.0323738456	FALSE	0.168068796	FALSE	0.0705864429	FALSE
2026	002-2026	APPROVING THE REQUEST FOR THE TRANSFER OF FUNDS IN THE TOTAL AMOUNT OF FOUR HUNDRED THOUSAND PESOS (P400,000.00) AGAINST THE 2025 APPROPRIATIONS OF THE CITY DISASTER RISK REDUCTION MANAGEMENT OFFICE (CDRRMO) UNDER ACCOUNT CODES 5-02-13-040 (RM-BUILDINGS AND OTHER STRUCTURES) - P250,000.00; AND 5-02-13-050 (RM-MACHINERY AND EQUIPMENT) - P150,000.00, TO ACCOUNT CODE 1-07-05-990 (OTHER MACHINERY AND EQUIPMENT) - P400,000.00, FOR THE PURCHASE OF AUTOMATIC VOLTAGE REGULATOR (AVR) AND AUTOMATIC RESCUE DEVICE (ARD) FOR THE ELEVATOR.	0.0178587735	FALSE	0.00863534212	FALSE	0.0150357187	FALSE	0.0112385154	FALSE	0.00972527266	FALSE	0.0110761225	FALSE	0.0150538087	FALSE	0.0119183064	FALSE	0.0212998688	FALSE	0.0142793357	FALSE	0.163841516	FALSE	0.015765518	FALSE	0.795570135	TRUE	0.0214094222	FALSE	0.025143683	FALSE	0.0218830705	FALSE	0.031068027	FALSE
2026	003-2026	APPROVING THE REQUEST FOR AUTHORITY TO UTILIZE THE AMOUNT OF TWO MILLION SIX HUNDRED FIFTY-FOUR THOUSAND SIX PESOS AND 92/100 (P2,654,006.92) UNDER THE CITY TREASURY OFFICE CONTINUING APPROPRIATION FOR THE PROCUREMENT OF A MOTOR VEHICLE TO BE USED IN THE PERFORMANCE OF THEIR OFFICIAL OFFICE FUNCTIONS.	0.0496681333	FALSE	0.0144338608	FALSE	0.00674852729	FALSE	0.0152905583	FALSE	0.0254180729	FALSE	0.00519421697	FALSE	0.0111364722	FALSE	0.115269274	FALSE	0.0390129685	FALSE	0.17959559	FALSE	0.224134952	FALSE	0.0158441961	FALSE	0.0177462399	FALSE	0.00449606776	FALSE	0.0161914527	FALSE	0.355389476	FALSE	0.113234699	FALSE
2026	004-2026	APPROVING THE REQUEST FOR AUTHORITY TO CHARGE THE AMOUNT OF P5,000.00 AGAINST THE 2026 CURRENT APPROPRIATIONS OF THE CITY MAYOR'S OFFICE UNDER ACCOUNT CODE 5-01-01-020 (SALARIES AND WAGES-CASUAL/CONTRACTUAL) FOR THE PAYMENT OF PRODUCTIVITY ENHANCEMENT INCENTIVE (PEI) OF A CASUAL EMPLOYEE OF THE CITY MAYOR'S OFFICE - EARLY WARNING AND SURVEILLANCE SYSTEMS WHO RESIGNED IN DECEMBER 2024.	0.0272416472	FALSE	0.0141450763	FALSE	0.00395596027	FALSE	0.0258023739	FALSE	0.0269099474	FALSE	0.00477921963	FALSE	0.0171779394	FALSE	0.720556438	TRUE	0.0937459767	FALSE	0.103979051	FALSE	0.0302732587	FALSE	0.0297746658	FALSE	0.0234986544	FALSE	0.00639870763	FALSE	0.00956699252	FALSE	0.033136189	FALSE	0.0821625888	FALSE
2026	005-2026	APPROVING THE REFUND OF THE RENTAL FEES PAID FOR THE USE OF THE BAGUIO CONVENTION AND CULTURAL CENTER FOR THE EVENT "BAGUIO VOGUE: WHERE FASHION MEETS CULTURE" HELD ON 20 SEPTEMBER 2025.	0.0156517327	FALSE	0.0197774172	FALSE	0.00814601779	FALSE	0.0396716595	FALSE	0.0907503664	FALSE	0.00418889523	FALSE	0.00784850121	FALSE	0.259598702	FALSE	0.0677669048	FALSE	0.062956959	FALSE	0.33079052	FALSE	0.0195230842	FALSE	0.0358297527	FALSE	0.012096256	FALSE	0.0184922814	FALSE	0.0282883942	FALSE	0.0456078053	FALSE
2026	006-2026	APPROVING THE REQUEST TO RESCHEDULE THE YOUTH ENTREP FEST (EXPERIENCING RESPONSIBLE ENTERPRISE BY THE COMMUNITY) TO 25 JANUARY 2026 FROM 6:00 A.M. TO 6:00 P.M., AND THE USE OF THE ROAD IN THE AREA OF MALCOLM SQUARE TO BE CONDUCTED BY THE BAGUIO CHARACTER COUNCIL, THROUGH THE PUBLIC EMPLOYMENT SERVICE OFFICE, CITY MAYOR'S OFFICE (PESO-CMO).	0.0292677283	FALSE	0.00745749474	FALSE	0.00422862172	FALSE	0.0256187022	FALSE	0.0402773619	FALSE	0.00461944938	FALSE	0.00802341104	FALSE	0.505863547	TRUE	0.0435060263	FALSE	0.247701108	FALSE	0.0862291455	FALSE	0.0131918192	FALSE	0.016012609	FALSE	0.00758701563	FALSE	0.00840619206	FALSE	0.0747979879	FALSE	0.0542463362	FALSE
2026	007-2026	AN ORDINANCE PROHIBITING ACTS OF ONLINE SEXUAL ABUSE AND EXPLOITATION OF CHILDREN (OSAEC) AND THE ANTI-CHILD SEXUAL ABUSE OR EXPLOITATION MATERIALS (ACSAEM) IN THE CITY OF BAGUIO WITH CORRESPONDING PENALTIES, THEREAFTER PROVIDING A SUPPORTIVE ENVIRONMENT FOR THE SURVIVORS.	0.0170033276	FALSE	0.0163356662	FALSE	0.0194322169	FALSE	0.0189569	FALSE	0.787014127	TRUE	0.00896570086	FALSE	0.00660321116	FALSE	0.0668838322	FALSE	0.010289222	FALSE	0.0453879833	FALSE	0.0112960339	FALSE	0.00735706091	FALSE	0.00931263	FALSE	0.00999480486	FALSE	0.00864312053	FALSE	0.118635952	FALSE	0.0102056265	FALSE
2026	008-2026	AN ORDINANCE APPROVING THE TEMPORARY CLOSURE AND USE OF VARIOUS ROADS AND THE RE-ROUTING OF VICTORY LINER BUSES AND OTHER BUS LINES FOR THE CELEBRATION OF THE BAGUIO FLOWER FESTIVAL: PANAGBENGA 2026, SUBJECT TO CONDITIONS.	0.00988701	FALSE	0.024581939	FALSE	0.0147716403	FALSE	0.0367697775	FALSE	0.0374077559	FALSE	0.00515794754	FALSE	0.0117717981	FALSE	0.0735300779	FALSE	0.0783619881	FALSE	0.0743523538	FALSE	0.370972812	FALSE	0.0208436847	FALSE	0.122258246	FALSE	0.0229749084	FALSE	0.0221461058	FALSE	0.0669842064	FALSE	0.132093191	FALSE
2026	009-2026	AN ORDINANCE IMPLEMENTING REPUBLIC ACT NO. 4136 , OTHERWISE KNOWN AS THE "LAND TRANSPORTATION AND TRAFFIC CODE", REQUIRING THE USE OF DAYTIME RUNNING LIGHTS ON ALL MOTOR VEHICLES WHILE IN OPERATION ON PUBLIC HIGHWAYS, ROADS, AND PARKING FACILITIES WITHIN BAGUIO CITY.	0.0468384027	FALSE	0.00829276443	FALSE	0.0179879665	FALSE	0.0123201311	FALSE	0.0082154274	FALSE	0.0111792684	FALSE	0.00810343	FALSE	0.0265471935	FALSE	0.0404184759	FALSE	0.0192035139	FALSE	0.701130688	TRUE	0.0163266361	FALSE	0.0165958703	FALSE	0.0157324672	FALSE	0.0404231846	FALSE	0.0574329793	FALSE	0.0811161697	FALSE
2026	010-2026	AN ORDINANCE ESTABLISHING THE EYE HEALTH PROGRAM IN THE CITY OF BAGUIO.	0.0524539053	FALSE	0.0217916965	FALSE	0.0697952509	FALSE	0.0568229258	FALSE	0.0492378771	FALSE	0.00478497148	FALSE	0.00489807129	FALSE	0.0378900766	FALSE	0.0248913467	FALSE	0.12194407	FALSE	0.067756325	FALSE	0.00568071	FALSE	0.0191629529	FALSE	0.00534507632	FALSE	0.00649982691	FALSE	0.248239666	FALSE	0.213324755	FALSE
2026	011-2026	AN ORDINANCE PROMOTING LITERACY IN THE CITY OF BAGUIO, CREATING FOR THIS PURPOSE THE BAGUIO CITY LITERACY COUNCIL, DEFINING ITS PRIMARY PURPOSE AND FUNCTIONS, AND APPROPRIATING FUNDS THEREOF.	0.021345973	FALSE	0.0180187225	FALSE	0.0103418529	FALSE	0.836907148	TRUE	0.0212567151	FALSE	0.00705400109	FALSE	0.00553846359	FALSE	0.0186325014	FALSE	0.0175109208	FALSE	0.0533647239	FALSE	0.0132203102	FALSE	0.00714412332	FALSE	0.0130285025	FALSE	0.00449559093	FALSE	0.00740292668	FALSE	0.0156818628	FALSE	0.0211614072	FALSE
2026	012-2026	AN ORDINANCE INCREASING THE HONORARIUM OF THE HEAD OF THE OFFICE OF SENIOR CITIZENS AFFAIRS (OSCA), AMENDING SECTION 1 OF ORDINANCE NUMBERED 12, SERIES OF 2008.	0.0188106894	FALSE	0.0170501471	FALSE	0.0159652233	FALSE	0.0265617073	FALSE	0.0649174154	FALSE	0.00365334749	FALSE	0.00731050968	FALSE	0.0433956385	FALSE	0.0221773386	FALSE	0.146914899	FALSE	0.0169934332	FALSE	0.00809818506	FALSE	0.0388884544	FALSE	0.00665906072	FALSE	0.00788497925	FALSE	0.467044562	FALSE	0.143403	FALSE
2026	013-2026	APPROVING THE REQUESTS OF WALTRIX PRODUCTIONS FOR THE WAIVER OF AMUSEMENT TAX, WAIVER OF FEES FOR THE INSTALLATION OF MARKETING COLLATERAL MATERIALS, AND THE ISSUANCE OF SPECIAL PERMITS FOR THE IMPLEMENTATION OF THE EVENT "CUP OF JOE CONCERT" ON 06 FEBRUARY AT THE UNIVERSITY OF BAGUIO CARDINALS GYM.	0.0248592794	FALSE	0.0191766918	FALSE	0.0207274556	FALSE	0.0872101486	FALSE	0.0553018153	FALSE	0.00487196445	FALSE	0.0192837417	FALSE	0.109495372	FALSE	0.0825634	FALSE	0.102062643	FALSE	0.124334514	FALSE	0.0258824229	FALSE	0.0336206555	FALSE	0.00909137726	FALSE	0.0253898501	FALSE	0.42591083	FALSE	0.273374617	FALSE
2026	014-2026	APPROVING THE REQUEST FOR AUTHORITY TO REFUND THE AGGREGATE AMOUNT OF SIX HUNDRED SIXTY-SIX THOUSAND EIGHT HUNDRED THIRTY-SIX AND 01/100 PESOS (P666,836.01) TO THE VARIOUS SUBLESSORS OF THE MAHARLIKA LIVELIHOOD CENTER (MLC).	0.230923742	FALSE	0.348387361	FALSE	0.0075818	FALSE	0.0162731409	FALSE	0.0715575814	FALSE	0.00654414296	FALSE	0.00541856885	FALSE	0.0915806592	FALSE	0.0235053	FALSE	0.103020757	FALSE	0.0224490166	FALSE	0.0381900966	FALSE	0.0407546461	FALSE	0.00735864043	FALSE	0.0379541516	FALSE	0.020394057	FALSE	0.0485885143	FALSE
2026	015-2026	AN ORDINANCE ADOPTING AND ESTABLISHING THE "PANSA-NOPEN TAYO" CIRCULAR ECONOMY FRAMEWORK TO GUIDE INCLUSIVE AND SUSTAINABLE DEVELOPMENT IN THE CITY OF BAGUIO.	0.0167219639	FALSE	0.0160139799	FALSE	0.00738811493	FALSE	0.0126537085	FALSE	0.00387975574	FALSE	0.01089257	FALSE	0.0122909248	FALSE	0.0492877066	FALSE	0.262901396	FALSE	0.0231098533	FALSE	0.475649059	FALSE	0.11480996	FALSE	0.0375427902	FALSE	0.00806459785	FALSE	0.111950666	FALSE	0.0277211964	FALSE	0.204606175	FALSE
2026	016-2026	AN ORDINANCE AUTHORIZING THE CITY MAYOR OF BAGUIO CITY TO INSTITUTE NEGOTIATION AND EXPROPRIATION PROCEEDINGS FOR THE ACQUISITION OF A PORTION OF THE ROAD LOCATED IN BADIHOY STREET, GUISAD SURONG, BAGUIO CITY, WHICH HAS LONG BEEN USED AS THE ONLY ACCESS ROAD BY RESIDENTS, IN VIEW OF THE IMMINENT THREAT OF ITS CLOSURE.	0.0424551964	FALSE	0.0160517991	FALSE	0.0132906437	FALSE	0.0223655105	FALSE	0.0243340433	FALSE	0.00741791725	FALSE	0.00609704852	FALSE	0.0429628789	FALSE	0.0258652568	FALSE	0.109601945	FALSE	0.601724505	TRUE	0.0095500946	FALSE	0.043171972	FALSE	0.00995844603	FALSE	0.020785898	FALSE	0.206358641	FALSE	0.0808997154	FALSE
2026	017-2026	APPROVING THE REQUEST FOR AUTHORITY TO CHARGE THE AMOUNT OF EIGHTEEN THOUSAND FOUR HUNDRED SEVENTY-TWO PESOS AND THIRTY-FIVE CENTAVOS (P18,472.35) AGAINST THE 2026 CURRENT APPROPRIATIONS OF THE CITY SOCIAL WELFARE AND DEVELOPMENT OFFICE (CSWDO) UNDER ACCOUNT CODES 5-01-01-010 (SALARIES AND WAGES - REGULAR) - P3,734.45; 5-01-03-040 (EMPLOYEES' COMPENSATION INSURANCE PREMIUMS) - P846.55; 5-01-03-030 (PHILHEALTH CONTRIBUTIONS) - P173.37; 5-01-02-110 (HAZARD PAY) - P13,067.98; AND  5-01-02-050 (SUBSISTENCE ALLOWANCE) - P650.00, TO AUGMENT EMPLOYEES' COMPENSATION AND PAYMENT OF THEIR PREMIUM CONTRIBUTIONS FOR THE MONTH OF JANUARY 2026 OF THE SAID OFFICE.	0.0499820411	FALSE	0.0106887221	FALSE	0.00395101309	FALSE	0.0151290596	FALSE	0.0224272311	FALSE	0.00461170077	FALSE	0.00831282139	FALSE	0.558874667	TRUE	0.0430421829	FALSE	0.248970807	FALSE	0.0571315885	FALSE	0.0171707869	FALSE	0.0122721791	FALSE	0.00567817688	FALSE	0.0106283724	FALSE	0.0299449265	FALSE	0.0579018	FALSE
2026	018-2026	APPROVING THE REQUEST FOR AUTHORITY TO CHARGE THE AMOUNT OF ONE HUNDRED FORTY THOUSAND PESOS (P140,000.00) AGAINST THE 2026 CURRENT APPROPRIATIONS OF THE CITY LIBRARY OFFICE UNDER ACCOUNT CODE 5-02-13-040 (REPAIRS AND MAINTENANCE - BUILDINGS AND OTHER STRUCTURES) FOR THE PAYMENT OF THE COMPLETED PROJECT "IMPROVEMENT OF CITY LIBRARY".	0.035890907	FALSE	0.00860187411	FALSE	0.0125079751	FALSE	0.0247041285	FALSE	0.0116760433	FALSE	0.00979957	FALSE	0.00877198577	FALSE	0.0348405242	FALSE	0.0356147289	FALSE	0.0794171691	FALSE	0.800176919	TRUE	0.0100089312	FALSE	0.0192960501	FALSE	0.0146034658	FALSE	0.0273223519	FALSE	0.0443640351	FALSE	0.052862972	FALSE
2026	019-2026	APPROVING THE REQUEST FOR AUTHORITY TO CHARGE THE AMOUNT OF ONE MILLION TWO HUNDRED FORTY-FIVE THOUSAND PESOS (P1,245,000.00) AGAINST THE 2026 CURRENT APPROPRIATIONS OF THE CITY ADMINISTRATOR'S OFFICE UNDER ACCOUNT CODE 5-02-06-020 (PRIZES), REPRESENTING THE PRIZES INTENDED TO COVER THE PAYMENT OF CASH INCENTIVES FOR ATHLETES WHO WON IN THE 2025 SOUTHEAST ASIAN GAMES, TOGETHER WITH THEIR COACHES.	0.0194324851	FALSE	0.0109086633	FALSE	0.0101539791	FALSE	0.0554040372	FALSE	0.069082737	FALSE	0.00385445356	FALSE	0.00502216816	FALSE	0.121732563	FALSE	0.0356630981	FALSE	0.312000811	FALSE	0.121139735	FALSE	0.00922989845	FALSE	0.0164106786	FALSE	0.00762864947	FALSE	0.00985062122	FALSE	0.181414634	FALSE	0.115922749	FALSE
2026	020-2026	AN ORDINANCE ENHANCING THE BAGUIO VISITOR INFORMATION AND TRAVEL ASSISTANCE (VISITA) AS THE OFFICIAL TOURISM WEB-BASED APPLICATION OF BAGUIO CITY, OUTLINING ITS EXPANDED FUNCTIONS, USE, AND IMPLEMENTATION, AND PROVIDING FUNDS THEREFOR.	0.024297893	FALSE	0.0208101273	FALSE	0.00945124	FALSE	0.0155732632	FALSE	0.0119432509	FALSE	0.00544562936	FALSE	0.00917959213	FALSE	0.247476429	FALSE	0.118405789	FALSE	0.304814816	FALSE	0.0694745779	FALSE	0.0416787267	FALSE	0.0800172091	FALSE	0.0116330683	FALSE	0.0221185386	FALSE	0.0596426427	FALSE	0.417753935	FALSE
2026	021-2026	APPROVING THE REQUEST FOR AUTHORITY TO CHARGE THE TOTAL AMOUNT OF P34,387.16 AGAINST THE 2026 CURRENT APPROPRIATIONS OF THE CITY BUILDINGS AND ARCHITECTURE OFFICE (CBAO) EARMARKED FOR POSITIONS THAT REMAIN UNFILLED IN THE SAID OFFICE FOR THE PAYMENT OF MONETARY CLAIMS OF AR. MARY ANGELINE D. VINLUAN, FORMER ARCHITECT II, WHOSE RETIREMENT TOOK EFFECT ON 16 MAY 2025.	0.0254112184	FALSE	0.0111622512	FALSE	0.0161774158	FALSE	0.0157641172	FALSE	0.0183956921	FALSE	0.00920677185	FALSE	0.0111573935	FALSE	0.0349961519	FALSE	0.0315390825	FALSE	0.0385677814	FALSE	0.875814438	TRUE	0.0118258595	FALSE	0.0382563174	FALSE	0.0176011622	FALSE	0.0324121714	FALSE	0.0554770231	FALSE	0.0393857956	FALSE
2026	022-2026	APPROVING THE REQUEST FOR AUTHORITY TO CHARGE THE TOTAL AMOUNT OF P163,748.76 AGAINST THE 2026 CURRENT APPROPRIATIONS OF THE CITY ENVIRONMENT AND PARKS MANAGEMENT OFFICE (CEPMO) FOR THE PAYMENT OF SALARIES, YEAR-END BONUS, AND CASH GIFT OF VARIOUS RETIREES OF THE SAID OFFICE.	0.0273340642	FALSE	0.0126942694	FALSE	0.0115875602	FALSE	0.00986537337	FALSE	0.00971105695	FALSE	0.0105308294	FALSE	0.00787854195	FALSE	0.0207059383	FALSE	0.0232034624	FALSE	0.03630656	FALSE	0.831710935	TRUE	0.0190353096	FALSE	0.063852489	FALSE	0.0218249261	FALSE	0.106772989	FALSE	0.0372522175	FALSE	0.0403419435	FALSE
2026	023-2026	APPROVING THE REQUEST FOR A SETTLEMENT AGREEMENT WITH THE BAGUIO WATER DISTRICT (BWD) FOR THE PAYMENT OF UNPAID WATER CHARGES IN THE AMOUNT OF P74,306.45 INCURRED DURING CONSTRUCTION WORKS AT THE BAGUIO CITY SPORTS COMPLEX SWIMMING POOL BY ME SICAT CONSTRUCTION, WITHOUT PREJUDICE TO THE CITY GOVERNMENT OF BAGUIO'S CONTINUING LEGAL ACTION AGAINST THE SAID CONTRACTOR TO RECOVER THE SAID AMOUNT.	0.00598073	FALSE	0.00448533893	FALSE	0.0100584924	FALSE	0.0179811418	FALSE	0.0331116021	FALSE	0.0507718325	FALSE	0.00876948237	FALSE	0.0244159698	FALSE	0.0166509449	FALSE	0.0495479703	FALSE	0.125042617	FALSE	0.0123115182	FALSE	0.00938004255	FALSE	0.0429354906	FALSE	0.0137042701	FALSE	0.318149447	FALSE	0.0276907086	FALSE
2026	024-2026	APPROVING THE TEMPORARY ROAD CLOSURE OF BURNHAM LAKE DRIVE, HARRISON ROAD, ABAD SANTOS DRIVE, KISAD ROAD, AND CHANUM STREET IN THE CITY OF BAGUIO ON 31 MAY 2026 (SUNDAY),  TO FACILITATE THE CONDUCT OF THE "HARI NG AHON SEASON 4 - LEG 5 CRITERIUM RACE".	0.0152380466	FALSE	0.014890939	FALSE	0.0175616443	FALSE	0.018771112	FALSE	0.0269903839	FALSE	0.00895687938	FALSE	0.00882908702	FALSE	0.0323832035	FALSE	0.0341090262	FALSE	0.0394093394	FALSE	0.745456755	TRUE	0.0131307542	FALSE	0.0463594794	FALSE	0.018702656	FALSE	0.0386410058	FALSE	0.0481858253	FALSE	0.0432067513	FALSE
2026	025-2026	AUTHORIZING A SUPPLEMENTAL BUDGET NO. 1 IN THE TOTAL AMOUNT OF SIX HUNDRED FIFTY-TWO MILLION TWO HUNDRED FORTY-FIVE THOUSAND SIX HUNDRED FIFTY PESOS (P652,245,650.00) FROM THE UNAPPROPRIATED SURPLUS OF THE GENERAL FUND/REALIGNMENT/CHANGE OF TITLE, AND TRUST FUND ON FEES COLLECTED UNDER REPUBLIC ACT NO. 10172  TO FUND VARIOUS PROGRAMS, PROJECTS, AND ACTIVITIES INCLUDED UNDER SUPPLEMENTAL ANNUAL INVESTMENT PROGRAM (SAIP) NO. 1 UNDER RESOLUTION NUMBERED 103, SERIES OF 2026, DATED 09 FEBRUARY 2026, AND RESOLUTION NUMBERED 119, SERIES OF 2026, DATED 26 FEBRUARY 2026, RESPECTIVELY.	0.0336054862	FALSE	0.0144898	FALSE	0.0276088417	FALSE	0.0162002742	FALSE	0.0112034678	FALSE	0.00856882334	FALSE	0.0099518	FALSE	0.0536438227	FALSE	0.180838108	FALSE	0.0802571177	FALSE	0.0340639353	FALSE	0.0338643789	FALSE	0.0208282769	FALSE	0.00783416629	FALSE	0.0210363865	FALSE	0.075032115	FALSE	0.644239068	TRUE
2026	026-2026	AN ORDINANCE PROVIDING FOR THE INTERIM POLICY GUIDELINES OF THE MAHARLIKA LIVELIHOOD CENTER (MLC) PENDING THE FORMULATION OF ITS MASTER DEVELOPMENT PLAN AND ESTABLISHMENT AS A LOCAL ECONOMIC ENTERPRISE (LEE).	0.162680149	FALSE	0.0398158431	FALSE	0.0149456561	FALSE	0.0142813325	FALSE	0.0152079761	FALSE	0.00456136465	FALSE	0.00610980392	FALSE	0.164993197	FALSE	0.15504998	FALSE	0.110717714	FALSE	0.117966771	FALSE	0.0353287458	FALSE	0.0702689588	FALSE	0.00426706672	FALSE	0.0259758532	FALSE	0.0438055098	FALSE	0.510644794	TRUE
2026	027-2026	AN ORDINANCE ESTABLISHING THE HEALTHY PUBLIC FOOD PROCUREMENT POLICY OF THE CITY OF BAGUIO.	0.0548287928	FALSE	0.754631042	TRUE	0.0119594336	FALSE	0.0226312876	FALSE	0.0708138645	FALSE	0.0115995705	FALSE	0.0132822394	FALSE	0.057197094	FALSE	0.0213737488	FALSE	0.0552867949	FALSE	0.0394602418	FALSE	0.0429174	FALSE	0.032681644	FALSE	0.00702610612	FALSE	0.026853472	FALSE	0.0523176193	FALSE	0.0426392555	FALSE
2026	028-2026	APPROVING THE REQUEST OF THE PALMA-URBANO BARANGAY COUNCIL FOR THE TEMPORARY CLOSURE OF NACNAC STREET IN PALMA-URBANO BARANGAY, BAGUIO CITY, FROM 16 MARCH 2026 TO 12 APRIL 2026, FOR THE CONDUCT OF A BARANGAY LIVELIHOOD FAIR.	0.2501086	FALSE	0.0499415398	FALSE	0.00750026107	FALSE	0.0209329426	FALSE	0.0498405695	FALSE	0.00463277102	FALSE	0.00426757336	FALSE	0.102257252	FALSE	0.019266367	FALSE	0.14691335	FALSE	0.296381891	FALSE	0.0124449134	FALSE	0.024567008	FALSE	0.00605416298	FALSE	0.0262313485	FALSE	0.0395635664	FALSE	0.0372343659	FALSE
2026	029-2026	APPROVING THE REQUESTS OF WALTRIX PRODUCTIONS FOR THE WAIVER OF AMUSEMENT TAX, WAIVER OF FEES FOR MARKETING COLLATERAL, AND THE ISSUANCE OF SPECIAL PERMITS FOR THE EVENT "WOLFGANG: THE REUNION" CONCERT ON 21 MARCH 2026 AT THE UNIVERSITY OF BAGUIO CARDINALS GYM.	0.0245318413	FALSE	0.023727119	FALSE	0.0181332827	FALSE	0.0703905523	FALSE	0.0640074313	FALSE	0.00393024087	FALSE	0.0213902	FALSE	0.122554839	FALSE	0.0782497823	FALSE	0.175526708	FALSE	0.0926546156	FALSE	0.0309102535	FALSE	0.0420371	FALSE	0.0102923512	FALSE	0.0305685103	FALSE	0.45773977	FALSE	0.300980389	FALSE
2026	030-2026	AN ORDINANCE APPROPRIATING AN ANNUAL BUDGET OF THREE HUNDRED THOUSAND PESOS (P300,000.00) FOR THE IMPLEMENTATION OF REPUBLIC ACT NO. 7438 , OTHERWISE KNOWN AS THE "RIGHTS OF PERSONS ARRESTED, DETAINED OR UNDER CUSTODIAL INVESTIGATION", IN BAGUIO CITY, AND FOR OTHER PURPOSES.	0.0174680352	FALSE	0.00841096	FALSE	0.014405638	FALSE	0.0135664642	FALSE	0.0356901884	FALSE	0.00443682075	FALSE	0.00974500179	FALSE	0.0388861	FALSE	0.0187171698	FALSE	0.072189182	FALSE	0.0307881236	FALSE	0.00946721435	FALSE	0.0181002915	FALSE	0.00824996829	FALSE	0.0108317137	FALSE	0.726326406	TRUE	0.0914075375	FALSE
2026	031-2026	GRANTING A FIFTY PERCENT (50%) DISCOUNT ON THE SPECIAL PERMITS OF THE WORLD FOOD EXPO (WOFEX) BAGUIO 2026, SCHEDULED FROM 26 TO 29 MARCH 2026 AT THE BAGUIO CONVENTION AND CULTURAL CENTER, IN CONSIDERATION OF THEIR ADDITIONAL EXPENSES FOR GENERATOR RENTAL AND IN RECOGNITION OF THEIR SIGNIFICANT CONTRIBUTIONS TO THE LOCAL ECONOMY AND ENTREPRENEURIAL DEVELOPMENT.	0.0310746729	FALSE	0.301571697	FALSE	0.00396341085	FALSE	0.0107967556	FALSE	0.0276615322	FALSE	0.00867435336	FALSE	0.0109958053	FALSE	0.475811273	FALSE	0.0708708465	FALSE	0.0245227218	FALSE	0.0133234262	FALSE	0.0957348049	FALSE	0.0156483352	FALSE	0.00800317526	FALSE	0.0209202468	FALSE	0.0118587613	FALSE	0.0316582322	FALSE
2026	032-2026	APPROVING THE REQUEST FOR AUTHORITY TO CHARGE THE TOTAL AMOUNT OF P3,368.98 AGAINST THE 2026 CURRENT APPROPRIATIONS OF THE CITY TREASURY OFFICE UNDER ACCOUNT CODES: 5-01-02-010 (PERSONAL ECONOMIC RELIEF ALLOWANCE) - P1,090.90; 5-01-03-020 (PAG-IBIG CONTRIBUTIONS) - P194.90; 5-01-03-030 (PHILHEALTH CONTRIBUTIONS) - P500.00; 5-01-03-040 (EMPLOYEES COMPENSATION INSURANCE PREMIUMS) - P200.00; AND 5-01-03-010 (RETIREMENT AND LIFE INSURANCE CONTRIBUTIONS) - P1,383.18, TO COVER THE UNOBLIGATED AND UNPAID SALARY AND OTHER PERSONAL SERVICES OF THE SAID OFFICE FOR THE YEAR 2025.	0.0691579878	FALSE	0.00753045082	FALSE	0.00578352809	FALSE	0.00939160585	FALSE	0.0176995099	FALSE	0.00322034955	FALSE	0.00619396567	FALSE	0.541483819	TRUE	0.0393781364	FALSE	0.117256552	FALSE	0.0280298889	FALSE	0.0164045095	FALSE	0.0132341683	FALSE	0.00433674455	FALSE	0.00974544883	FALSE	0.0366083682	FALSE	0.0899389088	FALSE
2026	033-2026	APPROVING THE REQUEST FOR AUTHORITY TO CHARGE THE AMOUNT OF P101,882.56 AGAINST THE 2026 CURRENT APPROPRIATIONS OF THE CITY SOCIAL WELFARE AND DEVELOPMENT OFFICE (CSWDO) TO COVER THE UNOBLIGATED AND UNPAID TERMINAL LEAVE BENEFITS FOR THE YEAR 2024.	0.0726141	FALSE	0.0173943937	FALSE	0.00634524226	FALSE	0.0165112615	FALSE	0.0392881632	FALSE	0.00407329202	FALSE	0.0066550374	FALSE	0.128989279	FALSE	0.0179169476	FALSE	0.638371885	TRUE	0.043517977	FALSE	0.00827431679	FALSE	0.0273768306	FALSE	0.00636383891	FALSE	0.0112865567	FALSE	0.0442967713	FALSE	0.0529343486	FALSE
2026	034-2026	APPROVING THE REQUEST FOR AUTHORITY TO CHARGE THE AMOUNT OF TWO HUNDRED SEVENTY-FIVE THOUSAND THREE HUNDRED PESOS (P275,300.00) AGAINST THE 2026 CURRENT APPROPRIATIONS OF THE CITY HEALTH SERVICES OFFICE (CHSO), EARMARKED FOR VARIOUS PERSONNEL SERVICES (PS) ACCOUNTS IN VACANT PLANTILLA POSITIONS OF ITEM NOS. 122 AND 166, BOTH MEDICAL OFFICER IV, FOR THE PAYMENT OF THE EMPLOYEE BENEFITS OF PERSONNEL WHO WERE SEPARATED FROM SERVICE IN THE SAID OFFICE.	0.0355642736	FALSE	0.00473636389	FALSE	0.0706044436	FALSE	0.060076803	FALSE	0.0173085034	FALSE	0.00461137295	FALSE	0.00542223454	FALSE	0.0350183845	FALSE	0.0416185856	FALSE	0.095415175	FALSE	0.168254346	FALSE	0.00760155916	FALSE	0.00665068626	FALSE	0.00504502654	FALSE	0.0101379454	FALSE	0.121271789	FALSE	0.186301887	FALSE
2026	035-2026	APPROVING THE REQUEST FOR AUTHORITY TO CHARGE THE AMOUNT OF P34,825.00 AGAINST THE 2026 CURRENT APPROPRIATIONS OF THE CITY ADMINISTRATOR'S OFFICE UNDER ACCOUNT CODE 5-02-99-030 (REPRESENTATION EXPENSES) TO COVER THE UNPAID 2025 EXPENDITURE ON THE LUNCH BUFFET FOR OFFICIALS FROM THE PHILIPPINE SPORTS COMMISSION (PSC), BAGUIO CITY OFFICIALS, AND THE WORKING COMMITTEE DURING THE BATANG PINOY AWARDING OF CASH INCENTIVES AND CEREMONIAL TURNOVER OF GYM EQUIPMENT.	0.0127716959	FALSE	0.0061660111	FALSE	0.00888463855	FALSE	0.0544718206	FALSE	0.0261769593	FALSE	0.00318816304	FALSE	0.00889483094	FALSE	0.0963081717	FALSE	0.0332685113	FALSE	0.119855195	FALSE	0.20951578	FALSE	0.0091227293	FALSE	0.0252747536	FALSE	0.00927856565	FALSE	0.0101263225	FALSE	0.29365015	FALSE	0.0882388055	FALSE
2026	036-2026	AUTHORIZING A SUPPLEMENTAL BUDGET NO. 2 IN THE TOTAL AMOUNT OF SIX HUNDRED SIXTY-SIX THOUSAND EIGHT HUNDRED THIRTY-SIX PESOS AND 01/100 (P666,836.01) FROM THE SURPLUS OF THE MAHARLIKA LIVELIHOOD CENTER (MLC) TO FUND THE PROGRAM/PROJECT/ACTIVITY IN ITEM NO. 4, "REFUND OF THE MAHARLIKA LIVELIHOOD CENTER (MLC) TENANTS/SUBLESSORS", INCLUDED UNDER SUPPLEMENTAL ANNUAL INVESTMENT PROGRAM (SAIP) NO. 2 UNDER RESOLUTION NUMBERED 300, SERIES OF 2026.	0.081389606	FALSE	0.0292947888	FALSE	0.020690918	FALSE	0.0145106912	FALSE	0.0117394328	FALSE	0.00532910228	FALSE	0.00626081228	FALSE	0.093230933	FALSE	0.217478424	FALSE	0.0443758667	FALSE	0.0531828105	FALSE	0.0572260916	FALSE	0.0137045383	FALSE	0.00465261936	FALSE	0.0338410437	FALSE	0.030567199	FALSE	0.526961446	TRUE
2026	037-2026	APPROVING THE REQUEST FOR AUTHORITY TO CHARGE THE AMOUNT OF SEVENTY-NINE THOUSAND FOUR HUNDRED EIGHTY-EIGHT PESOS (P79,488.00) AGAINST THE CURRENT APPROPRIATIONS UNDER ACCOUNT CODE NO. 5-02-99-060 (MEMBERSHIP DUES AND CONTRIBUTIONS TO ORGANIZATIONS) OF THE GENERAL FUND - ANNUAL DUES FOR THE FUNDING REQUIREMENT OF THE PAYMENT OF THE CITY'S 2024 AND 2025 MEMBERSHIP FEES TO ICLEI LOCAL GOVERNMENTS FOR SUSTAINABILITY.	0.00957530737	FALSE	0.0238823	FALSE	0.00912535191	FALSE	0.011932075	FALSE	0.00309252739	FALSE	0.0261176527	FALSE	0.0115136504	FALSE	0.0193780363	FALSE	0.135470837	FALSE	0.0135678351	FALSE	0.213966817	FALSE	0.276396424	FALSE	0.020688206	FALSE	0.0153637528	FALSE	0.395678729	FALSE	0.029797256	FALSE	0.110424727	FALSE
2026	038-2026	AN ORDINANCE WAIVING THE ENTRANCE FEES OF ACCREDITED LOCAL TOUR GUIDES, TOUR OPERATORS, TRAVEL AGENTS, TOUR COORDINATORS, AND TOUR MANAGERS IN ALL CITY-OPERATED TOURIST SITES IN THE CITY OF BAGUIO AND ENCOURAGING PRIVATE ESTABLISHMENTS TO ADOPT THE SAME.	0.0287210345	FALSE	0.00957918167	FALSE	0.0105672777	FALSE	0.0161462426	FALSE	0.0133119822	FALSE	0.00420707464	FALSE	0.00449952483	FALSE	0.160980821	FALSE	0.0756517947	FALSE	0.268685	FALSE	0.196483344	FALSE	0.0195958614	FALSE	0.0520874262	FALSE	0.0107378662	FALSE	0.0219315886	FALSE	0.139155835	FALSE	0.330196738	FALSE
2026	039-2026	APPROVING THE REQUESTS OF THE BAGUIO DIALYSIS PATIENTS ORGANIZATION INC. TO HOLD A PRODUCTIVITY FAIR ON MAY 5 TO 20, 2026, AND THE WAIVER OF LOCAL TAXES, FEES, AND CHARGES TO CONCESSIONAIRES AT JUAN LUNA DRIVE, BURNHAM PARK, BAGUIO CITY	0.051720351	FALSE	0.0352715552	FALSE	0.00296786427	FALSE	0.0184243023	FALSE	0.0315554142	FALSE	0.00669172406	FALSE	0.0163958967	FALSE	0.707832754	TRUE	0.0925865173	FALSE	0.0836496055	FALSE	0.0413113832	FALSE	0.0432738662	FALSE	0.0366582572	FALSE	0.00758233666	FALSE	0.0138020813	FALSE	0.0181322098	FALSE	0.059761554	FALSE
2026	040-2026	APPROVING THE REQUEST OF THE DEPARTMENT OF LABOR AND EMPLOYMENT-CORDILLERA ADMINISTRATIVE REGION (DOLE-CAR) FOR THE WAIVER OF APPLICABLE LOCAL TAXES, FEES, AND CHARGES FOR PARTICIPATING MICRO, SMALL, AND MEDIUM ENTERPRISES (MSMES) IN THE CONDUCT OF THE "KADIWA NG PANGULO" JOB FAIRS ON 01 MAY 2026 TO 03 MAY 2026, AND 12 JUNE 2026 TO 14 JUNE 2026, AT MALCOLM SQUARE, BAGUIO CITY.	0.0325276554	FALSE	0.0210835338	FALSE	0.00459882617	FALSE	0.0188200474	FALSE	0.0489546955	FALSE	0.00843513	FALSE	0.0144763887	FALSE	0.800317705	TRUE	0.0681392848	FALSE	0.10567686	FALSE	0.0224919319	FALSE	0.0408563	FALSE	0.0202338099	FALSE	0.0128305256	FALSE	0.0138103962	FALSE	0.0295113325	FALSE	0.0514193177	FALSE
2026	041-2026	APPROVING THE REQUESTS FOR THE WAIVER OF APPLICABLE LOCAL TAXES, FEES, AND CHARGES, AND THE EXTENSION OF THE CONDUCT OF THE "ABATAN TI SIRIB" SERVICE CARAVAN FOR YOUTH AND SOLO PARENT CONCESSIONAIRES AT MALCOLM SQUARE, AND THE LIVELIHOOD FAIR FOR YOUTH ENTREPRENEURS ALONG PERFECTO STREET, FROM 27 APRIL 2026 TO 01 MAY 2026, IN THE CITY OF BAGUIO.	0.0395163894	FALSE	0.0123140514	FALSE	0.00415864587	FALSE	0.0183583796	FALSE	0.047665298	FALSE	0.00573465228	FALSE	0.00670939684	FALSE	0.735660434	TRUE	0.0857637823	FALSE	0.0879942775	FALSE	0.0398997366	FALSE	0.0283063054	FALSE	0.0164360404	FALSE	0.00839903951	FALSE	0.0140990317	FALSE	0.0332570076	FALSE	0.0605052114	FALSE
2026	042-2026	APPROVING THE REQUEST OF THE COALITION BAGUIO-BENGUET LABAN SA KORAPSYON ON THE WAIVER OF LOCAL TAXES, FEES, AND CHARGES ON THE USE OF IGOROT PARK, BURNHAM PARK, BAGUIO CITY, AS THE VENUE FOR THE MAYO UNO (LABOR DAY) PROGRAM ON 01 MAY 2026.	0.0466390848	FALSE	0.0239436626	FALSE	0.00308486819	FALSE	0.0219248533	FALSE	0.0641527474	FALSE	0.00636196136	FALSE	0.0121898055	FALSE	0.752994776	TRUE	0.0674044788	FALSE	0.108956218	FALSE	0.0323572457	FALSE	0.0363172	FALSE	0.0489864647	FALSE	0.0106705427	FALSE	0.0146654248	FALSE	0.0420759916	FALSE	0.0578011274	FALSE
2026	043-2026	AN ORDINANCE INSTITUTIONALIZING BAGUIO CITY SKATEBOARDING DAY IN THE CITY OF BAGUIO AND PROVIDING GUIDELINES THEREOF.	0.0187079608	FALSE	0.0126614869	FALSE	0.00608634949	FALSE	0.0342101753	FALSE	0.0175879896	FALSE	0.00623381138	FALSE	0.012680769	FALSE	0.0541503727	FALSE	0.0399546325	FALSE	0.201675653	FALSE	0.406024247	FALSE	0.00872448087	FALSE	0.0494508743	FALSE	0.0121517181	FALSE	0.00953748822	FALSE	0.0847784579	FALSE	0.0662172437	FALSE
2026	044-2026	AN ORDINANCE ESTABLISHING THE EMERGENCY MEDICAL SERVICES COUNCIL OF BAGUIO CITY, DEFINING ITS POWERS AND FUNCTIONS, AND PROVIDING FUNDS THEREFOR.	0.0374218225	FALSE	0.0186527073	FALSE	0.0562789142	FALSE	0.0269284844	FALSE	0.0237535536	FALSE	0.00363388658	FALSE	0.0122081339	FALSE	0.0442597568	FALSE	0.0523384809	FALSE	0.101511	FALSE	0.108256578	FALSE	0.00978371501	FALSE	0.0472974181	FALSE	0.00508773327	FALSE	0.0103150606	FALSE	0.210105687	FALSE	0.362238705	FALSE
2026	045-2026	APPROVING THE REQUEST FOR AUTHORITY TO CHARGE THE TOTAL AMOUNT OF TWO HUNDRED THOUSAND PESOS (P200,000.00) AGAINST THE 2026 CURRENT APPROPRIATIONS OF THE CITY PLANNING, DEVELOPMENT AND SUSTAINABILITY OFFICE (CPDSO) UNDER ACCOUNT CODE 5-02-99-990 (OTHER MAINTENANCE AND OPERATING EXPENSES) FOR THE PAYMENT OF CASH PRIZES ALLOCATED FOR THE VARIOUS AWARD CATEGORIES OF IMPACT WEEK 2025, AN INITIATIVE DESIGNED TO CULTIVATE YOUTH-LED INNOVATION, PROMOTE SUSTAINABLE DEVELOPMENT PRACTICES, AND STRENGTHEN COMMUNITY-DRIVEN SOLUTIONS WITHIN THE CITY OF BAGUIO.	0.00984853506	FALSE	0.0088762641	FALSE	0.0128023326	FALSE	0.0286795199	FALSE	0.00449952483	FALSE	0.0162529051	FALSE	0.0105941594	FALSE	0.0188119411	FALSE	0.234420925	FALSE	0.0133045316	FALSE	0.522959173	TRUE	0.0707416236	FALSE	0.0142103732	FALSE	0.011643827	FALSE	0.106873691	FALSE	0.0173335075	FALSE	0.105270684	FALSE
2026	046-2026	APPROVING THE REQUEST FOR AUTHORITY TO CHARGE THE AMOUNT OF TWO MILLION FOUR HUNDRED SEVENTY-FOUR THOUSAND EIGHT HUNDRED SEVENTY-ONE PESOS AND 25/100 (P2,474,871.25) AGAINST THE CONTINUING APPROPRIATION OF THE CITY LIBRARY OFFICE UNDER ACCOUNT CODE 1-07-06-010 (MOTOR VEHICLES) FOR THE PURCHASE OF A NEW MOTOR VEHICLE IN THE CITY LIBRARY OFFICE.	0.0422185361	FALSE	0.00785312057	FALSE	0.00892081857	FALSE	0.0902745426	FALSE	0.0133904219	FALSE	0.00791832805	FALSE	0.00683861971	FALSE	0.0420399904	FALSE	0.0296863914	FALSE	0.269553691	FALSE	0.486112595	FALSE	0.00808361173	FALSE	0.0119000971	FALSE	0.0105551481	FALSE	0.0179436207	FALSE	0.100141704	FALSE	0.0668416917	FALSE
2026	047-2026	AN ORDINANCE AMENDING AND ENHANCING ORDINANCE NUMBERED 043, SERIES OF 1996 [REQUIRING CONTRACTORS AND PUBLIC UTILITY COMPANIES DOING REPAIR OF ROADS AND FACILITIES TO INSTALL REFLECTORIZED EARLY WARNING DEVICES IN PROPER PLACES AT THEIR WORK AREA TO PREVENT ACCIDENTS INVOLVING MOTORISTS AND PEDESTRIANS ESPECIALLY AT NIGHT] PERTAINING TO THE INSTALLATION OF REFLECTORIZED EARLY WARNING DEVICES AT ROAD REPAIR AND CONSTRUCTION SITES.	0.0198785961	FALSE	0.00594356656	FALSE	0.104428083	FALSE	0.0264636576	FALSE	0.0215574205	FALSE	0.00556394458	FALSE	0.010533005	FALSE	0.0207943916	FALSE	0.0310774148	FALSE	0.0303869247	FALSE	0.322262406	FALSE	0.00739687681	FALSE	0.0224537551	FALSE	0.0103355348	FALSE	0.0102837682	FALSE	0.137663722	FALSE	0.119273931	FALSE
2026	048-2026	APPROVING THE REQUEST FOR AUTHORITY TO CHARGE THE TOTAL AMOUNT OF EIGHTY-SEVEN THOUSAND FIVE HUNDRED PESOS (P87,500.00) AGAINST THE 2026 CURRENT APPROPRIATIONS OF THE SPECIAL SERVICES DIVISION, CITY MAYOR'S OFFICE (SSD-CMO) UNDER ACCOUNT CODE 5-02-99-050 (RENT EXPENSES) - P17,500.00 - FOR THE PAYMENT OF RENT EXPENSE INCURRED DURING THE PUNONG BARANGAYS MEETING WITH THE CITY MAYOR AND DEPARTMENT HEADS HELD ON 28 MARCH 2025 AT THE BAGUIO CONVENTION AND CULTURAL CENTER; AND ACCOUNT CODE 5-02-06-020 (PRIZES) - P70,000.00 - FOR THE PRIZES AWARDED TO THE TOP SEVEN (7) BARANGAYS DURING THE SEARCH FOR BEST PERFORMING BARANGAY HELD ON 21 NOVEMBER 2025.	0.051831454	FALSE	0.00866356492	FALSE	0.0143132508	FALSE	0.0241113	FALSE	0.0174996853	FALSE	0.00528985262	FALSE	0.00602588058	FALSE	0.0591627359	FALSE	0.0295372903	FALSE	0.168089688	FALSE	0.694140434	TRUE	0.0109281242	FALSE	0.0210604072	FALSE	0.0128795505	FALSE	0.027228415	FALSE	0.14346382	FALSE	0.085316658	FALSE
2026	049-2026	APPROVING THE REQUEST FOR AUTHORITY TO CHARGE THE AMOUNT OF EIGHTEEN THOUSAND THREE HUNDRED SEVENTY-FIVE PESOS (P18,375.00) AGAINST THE 2026 CURRENT APPROPRIATIONS OF THE CITY TOURISM, CULTURE, AND ARTS OFFICE UNDER ACCOUNT CODE 5-02-99-050 (RENT EXPENSES) FOR THE PAYMENT OF RENTAL FEE FOR THE CENRO-BAGUIO TOURISM SERVICE CENTER AND REST AREA.	0.0340144038	FALSE	0.00795006752	FALSE	0.00737226	FALSE	0.014551729	FALSE	0.0106406808	FALSE	0.00736603141	FALSE	0.00713783503	FALSE	0.282400608	FALSE	0.080737263	FALSE	0.155621022	FALSE	0.493166357	FALSE	0.0346363783	FALSE	0.0136698782	FALSE	0.0167861283	FALSE	0.0288515091	FALSE	0.0353954434	FALSE	0.0988789797	FALSE
2026	050-2026	AUTHORIZING A SUPPLEMENTAL BUDGET NO. 3 IN THE AMOUNT OF FIFTY-SIX MILLION PESOS (?56,000,000.00) FROM THE LOCAL GOVERNMENT SUPPORT FUND (LGSF) TO FUND THE "ASSISTANCE TO INDIGENT INDIVIDUALS OR FAMILIES-FOOD ASSISTANCE/RICE DISTRIBUTION PROJECT", INCLUDED IN THE SECOND (2ND) SUPPLEMENTAL ANNUAL INVESTMENT PROGRAM (SAIP) UNDER RESOLUTION NUMBERED 291, SERIES OF 2026 DATED 13 APRIL 2026.	0.0973573923	FALSE	0.448083431	FALSE	0.0158946812	FALSE	0.0157445371	FALSE	0.0204571784	FALSE	0.0090097785	FALSE	0.00538411736	FALSE	0.0421529114	FALSE	0.0354677439	FALSE	0.0678473115	FALSE	0.012488544	FALSE	0.0380061865	FALSE	0.0217563808	FALSE	0.00474444032	FALSE	0.0290774703	FALSE	0.0218007565	FALSE	0.202301949	FALSE
2026	051-2026	AUTHORIZING A SUPPLEMENTAL BUDGET NO. 4 IN THE TOTAL AMOUNT OF THREE HUNDRED SEVENTY-NINE MILLION THREE HUNDRED FIFTY-THREE THOUSAND FIFTY-FIVE PESOS AND 81/100 (P379,353,055.81) FROM VARIOUS SOURCES TO FUND VARIOUS PROGRAMS, PROJECTS, AND ACTIVITIES OF VARIOUS OFFICES UNDER THE CITY'S ANNUAL INVESTMENT PROGRAM (AIP) UNDER RESOLUTION NUMBERED 778, SERIES OF 2025, DATED 13 NOVEMBER 2025, AND SUPPLEMENTAL ANNUAL INVESTMENT PROGRAM (SAIP) NO. 1 AND 2 PURSUANT TO RESOLUTION NUMBERED 103, SERIES OF 2026, RESOLUTION NUMBERED 291, SERIES OF 2026, AND RESOLUTION NUMBERED 300, SERIES OF 2026, DATED 09 FEBRUARY 2026, 13 APRIL 2026, AND 20 APRIL 2026, RESPECTIVELY.	0.0264493525	FALSE	0.00914305449	FALSE	0.0297795236	FALSE	0.015688926	FALSE	0.00859609246	FALSE	0.00815552473	FALSE	0.0113968849	FALSE	0.0458503067	FALSE	0.212854117	FALSE	0.0437027514	FALSE	0.290157795	FALSE	0.0265163779	FALSE	0.0227202177	FALSE	0.00799396634	FALSE	0.0228740275	FALSE	0.0643162131	FALSE	0.470377028	FALSE
2026	052-2026	AMENDING ORDINANCE NUMBERED 08, SERIES OF 2021, BY PROVIDING FOR AN INCREASE IN THE HONORARIUM OF QUALIFIED SENIOR CITIZENS RENDERING SERVICES AT THE OFFICE OF THE SENIOR CITIZENS IN THE CITY OF BAGUIO.	0.026656121	FALSE	0.0159012079	FALSE	0.00876331329	FALSE	0.0316471457	FALSE	0.0371652246	FALSE	0.00376817584	FALSE	0.00739452243	FALSE	0.0520608425	FALSE	0.0283337533	FALSE	0.20388487	FALSE	0.0735171139	FALSE	0.00745287538	FALSE	0.0550192595	FALSE	0.00572001934	FALSE	0.00903388858	FALSE	0.321235895	FALSE	0.141405672	FALSE
2026	053-2026	AN ORDINANCE INSTITUTIONALIZING THE OPERATION OF "PAG-AYWANAN" (SENIOR CITIZEN CENTERS) AS A COMMUNITY-BASED MODEL FOR ELDERLY CARE AND FAMILY SUPPORT IN BAGUIO CITY.	0.234074503	FALSE	0.0295861363	FALSE	0.0342181325	FALSE	0.0303476155	FALSE	0.197291374	FALSE	0.00336864591	FALSE	0.00316295028	FALSE	0.0579735041	FALSE	0.0144454241	FALSE	0.140252113	FALSE	0.0377092659	FALSE	0.00385770202	FALSE	0.0193210542	FALSE	0.00323301554	FALSE	0.00621312857	FALSE	0.110254824	FALSE	0.0681985617	FALSE
2026	054-2026	APPROVING THE REQUESTS FOR THE TRANSFER OF FUNDS IN THE AMOUNT OF ONE HUNDRED FORTY-EIGHT THOUSAND EIGHT HUNDRED PESOS (P148,800.00) AGAINST THE 2026 CURRENT APPROPRIATIONS OF THE CITY ADMINISTRATOR'S OFFICE UNDER ACCOUNT CODE 5-02-99-030 (REPRESENTATION EXPENSES) TO ACCOUNT CODE 5-02-03-990 (OTHER SUPPLIES AND MATERIALS), AND THE AUTHORITY TO CHARGE THE SAME AMOUNT TO SUPPORT THE REQUEST OF THE CITY ADMINISTRATOR FOR THE PAYMENT OF THE EXPENSES INCURRED FOR THE ARCHERY EQUIPMENT, WHICH WAS NOT PROCESSED AFTER THE BOOKS OF ACCOUNTS HAS BEEN CLOSED.	0.0277395546	FALSE	0.00806328654	FALSE	0.0153101385	FALSE	0.0243761837	FALSE	0.0150428116	FALSE	0.00636157393	FALSE	0.00574666262	FALSE	0.0405942202	FALSE	0.0304782987	FALSE	0.131179	FALSE	0.468441159	FALSE	0.013053894	FALSE	0.0126463175	FALSE	0.0106218755	FALSE	0.0289928019	FALSE	0.223472893	FALSE	0.112583488	FALSE
2026	055-2026	APPROVING THE REQUEST FOR AUTHORITY TO CHARGE THE UNBOOKED OBLIGATION OF THE CITY ENGINEERING OFFICE IN THE AMOUNT OF ONE HUNDRED FIFTEEN THOUSAND PESOS (P115,000.00), REPRESENTING THE UNPAID EXPENSES FOR THE YEAR 2025, AGAINST THE 2026 CURRENT APPROPRIATIONS OF THE SAID OFFICE UNDER ACCOUNT CODE 5-02-13-050 (REPAIR AND MAINTENANCE - MACHINERY AND EQUIPMENT), FOR THE PAYMENT OF THE EXPENSES INCURRED FOR THE CALIBRATION OF EQUIPMENT OF THE MATERIALS TESTING AND QUALITY CONTROL DIVISION.	0.0139015019	FALSE	0.00655424595	FALSE	0.0136933029	FALSE	0.0239384174	FALSE	0.0090662241	FALSE	0.00745922327	FALSE	0.0141442418	FALSE	0.0406898856	FALSE	0.115473211	FALSE	0.0430420339	FALSE	0.72575748	TRUE	0.0172244608	FALSE	0.0268978179	FALSE	0.0138826072	FALSE	0.0237059891	FALSE	0.0618585944	FALSE	0.11108923	FALSE
2026	056-2026	APPROVING THE REQUESTS FOR AUTHORITY TO CHARGE THE AMOUNT OF SEVEN HUNDRED FORTY-ONE THOUSAND PESOS (P741,000.00), REPRESENTING THE UNPAID EXPENSES FOR THE YEAR 2025, AGAINST THE 2026 CURRENT APPROPRIATIONS OF THE CITY ENGINEERING OFFICE (CEO) UNDER ACCOUNT CODE 5-02-13-030 (REPAIR AND MAINTENANCE-INFRASTRUCTURE ASSETS), FOR THE PAYMENT OF THE EXPENSES INCURRED FOR THE REPAIR AND MAINTENANCE OF TRAFFIC SIGNAL LIGHTS, WHICH WAS NOT PROCESSED AFTER THE BOOKS OF ACCOUNTS HAS BEEN CLOSED.	0.0107522905	FALSE	0.00920340419	FALSE	0.0131981671	FALSE	0.0287632346	FALSE	0.00795680285	FALSE	0.0133089125	FALSE	0.0147224665	FALSE	0.0337317	FALSE	0.456401169	FALSE	0.0146231055	FALSE	0.258508801	FALSE	0.0302438736	FALSE	0.0119185746	FALSE	0.00924056768	FALSE	0.0199262202	FALSE	0.016510725	FALSE	0.153078496	FALSE
2026	057-2026	AN ORDINANCE PROVIDING FOR THE APPOINTMENT, REGISTRATION, ACCREDITATION, RETENTION, AND GRANTING OF INCENTIVES TO BARANGAY HEALTH WORKERS (BHWS) IN THE CITY OF BAGUIO AND CREATING THE CITY BHW REGISTRATION AND ACCREDITATION COMMITTEE (BHW-CRAC).	0.0368465483	FALSE	0.0200430155	FALSE	0.023799777	FALSE	0.0383845866	FALSE	0.0887997448	FALSE	0.00420698524	FALSE	0.00386574864	FALSE	0.203402787	FALSE	0.0579232574	FALSE	0.0916945338	FALSE	0.0346549749	FALSE	0.00894466	FALSE	0.0120707154	FALSE	0.00268399715	FALSE	0.00519457459	FALSE	0.0760192275	FALSE	0.184536546	FALSE
2026	058-2026	AN ORDINANCE MANDATING ROAD SAFETY PROTOCOLS, VEHICLE ROADWORTHINESS CHECKS, AND ESCORT COST REIMBURSEMENT FOR HEAVY VEHICLES ON STEEP TERRAIN ROADS IN BAGUIO CITY.	0.0159143806	FALSE	0.0127095878	FALSE	0.0137017369	FALSE	0.0158212483	FALSE	0.0107845366	FALSE	0.00685980916	FALSE	0.0174243152	FALSE	0.0161780417	FALSE	0.043628335	FALSE	0.0154178441	FALSE	0.411516756	FALSE	0.0173214972	FALSE	0.520123482	TRUE	0.0170706511	FALSE	0.0198777914	FALSE	0.0235180259	FALSE	0.0557139218	FALSE
2026	059-2026	AUTHORIZING A SUPPLEMENTAL BUDGET NO. 5 IN THE AMOUNT OF ONE MILLION FOUR HUNDRED SIXTY THOUSAND PESOS (P1,460,000.00) FROM THE CITY DISASTER RISK REDUCTION AND MANAGEMENT (CDRRM) FUND TO FUND THE PROGRAM/PROJECT/ ACTIVITY IN ITEM NO. 114, "RESTORATION OF DAMAGE CEILING, ROOF EAVES, FLASHING, AND WINDOWS WITH ADDITIONAL STEEL SUPPORT, IRISAN MULTI PURPOSE HALL", INCLUDED UNDER SUPPLEMENTAL ANNUAL INVESTMENT PROGRAM (SAIP) NO. 1 PURSUANT TO RESOLUTION NUMBERED 119, SERIES OF 2026.	0.0220781863	FALSE	0.00874573	FALSE	0.0106444061	FALSE	0.00846132636	FALSE	0.00769674778	FALSE	0.00935715437	FALSE	0.0130346715	FALSE	0.0137070715	FALSE	0.0277441144	FALSE	0.0129566491	FALSE	0.168441743	FALSE	0.0195507407	FALSE	0.783789814	TRUE	0.0149549246	FALSE	0.033959955	FALSE	0.0183332264	FALSE	0.0360905826	FALSE
2026	060-2026	AUTHORIZING THE USE OF THE CITY DISASTER RISK REDUCTION AND MANAGEMENT - QUICK RESPONSE FUND (CDRRM-QRF) OF THE CITY GOVERNMENT OF BAGUIO IN THE AMOUNT OF THREE MILLION PESOS (P3,000,000.00) AS FINANCIAL ASSISTANCE TO THE EARTHQUAKE-AFFECTED LOCAL GOVERNMENT UNITS (LGUS) IN MINDANAO WHICH WERE DEVASTATED AND DECLARED UNDER A STATE OF CALAMITY DUE TO THE DAMAGING MAGNITUDE 7.8 OFFSHORE EARTHQUAKE, SUBJECT TO COMPLIANCE WITH THE COMMISSION ON AUDIT (COA) CIRCULAR NO. 2013-002 ON THE INTER-LOCAL GOVERNMENT UNIT (LGU) FINANCIAL	0.0235550404	FALSE	0.0091106	FALSE	0.0140912533	FALSE	0.0114597678	FALSE	0.0102888346	FALSE	0.0087288022	FALSE	0.0122912228	FALSE	0.0138226449	FALSE	0.0209245682	FALSE	0.0210917592	FALSE	0.133048564	FALSE	0.0137848854	FALSE	0.798693955	TRUE	0.0185314715	FALSE	0.0221645236	FALSE	0.0287534595	FALSE	0.0400134921	FALSE
2026	061-2026	APPROVING THE REQUEST FOR AUTHORITY TO CHARGE THE TOTAL AMOUNT OF P14,742.80 AGAINST THE 2026 CURRENT APPROPRIATIONS OF THE CITY ENVIRONMENT AND PARKS MANAGEMENT OFFICE (CEPMO) UNDER ACCOUNT CODE 5-01-02-140 (YEAR END BONUS) - P14,642.80; AND ACCOUNT CODE 5-01-03-040 (EMPLOYEES COMPENSATION INSURANCE PREMIUMS) - P100.00, FOR THE PAYMENT OF UNPAID YEAR-END BONUS AND EMPLOYEES COMPENSATION INSURANCE PREMIUMS (SIF) OF EMPLOYEES OF THE SAID OFFICE WHO HAVE RETIRED FROM GOVERNMENT SERVICE.	0.0231844187	FALSE	0.00741061568	FALSE	0.0114291906	FALSE	0.00907874107	FALSE	0.0102447271	FALSE	0.00773188472	FALSE	0.00850072503	FALSE	0.0317231417	FALSE	0.025049746	FALSE	0.036601007	FALSE	0.8236413	TRUE	0.0159524381	FALSE	0.0400609672	FALSE	0.0189249516	FALSE	0.0660446	FALSE	0.0637096167	FALSE	0.0403828621	FALSE
2026	062-2026	APPROVING THE REQUEST FOR AUTHORITY TO CHARGE THE TOTAL AMOUNT OF P4,790,000.00 FOR THE PAYMENT OF THE SECURITY AND JANITORIAL SERVICES OF THE MAHARLIKA LIVELIHOOD CENTER (MLC) FOR THE PERIOD OCTOBER TO DECEMBER 2025 AGAINST THE 2026 CURRENT APPROPRIATIONS OF THE CITY GENERAL SERVICES OFFICE (CGSO) UNDER ACCOUNT CODE 5-02-12-030 (SECURITY SERVICES) - P3,600,000.00; AND ACCOUNT CODE 5-02-12-020 (JANITORIAL SERVICES) - P1,190,000.00.	0.0947566	FALSE	0.0118640661	FALSE	0.00955498219	FALSE	0.0113349557	FALSE	0.0184271038	FALSE	0.00510388613	FALSE	0.00400620699	FALSE	0.0665826201	FALSE	0.0255671144	FALSE	0.321127594	FALSE	0.349336267	FALSE	0.0113147497	FALSE	0.0148238242	FALSE	0.00656548142	FALSE	0.0249219537	FALSE	0.0923578739	FALSE	0.0894441	FALSE
2026	063-2026	AN ORDINANCE MANDATING EVENT ORGANIZERS UTILIZING PUBLIC LAND, SUCH AS STREETS, PLAZAS, AND OTHER GOVERNMENT-OWNED SPACES, TO IMPLEMENT A WASTE MANAGEMENT SCHEME AND PROVIDING PENALTIES FOR VIOLATION THEREOF.	0.0212883949	FALSE	0.0162331462	FALSE	0.00621160865	FALSE	0.00382983685	FALSE	0.00674721599	FALSE	0.0149744451	FALSE	0.0175768137	FALSE	0.0501735508	FALSE	0.0802305639	FALSE	0.0164651871	FALSE	0.280304343	FALSE	0.130126506	FALSE	0.126401156	FALSE	0.0117322803	FALSE	0.139793217	FALSE	0.110490322	FALSE	0.132694215	FALSE
2026	064-2026	AN ORDINANCE ADOPTING CHILD BUDGET AND EXPENDITURE TAGGING AND TRACKING (CBETT), INSTITUTIONALIZING THE ALLOCATION, TAGGING, AND MONITORING OF FUNDS FOR CHILDREN, AND FOR OTHER PURPOSES.	0.0913503766	FALSE	0.0459375978	FALSE	0.0238538384	FALSE	0.0212091804	FALSE	0.0264400244	FALSE	0.006377846	FALSE	0.0134147108	FALSE	0.117341757	FALSE	0.089076966	FALSE	0.148581296	FALSE	0.0255822241	FALSE	0.024859041	FALSE	0.063670516	FALSE	0.00557070971	FALSE	0.0161007047	FALSE	0.162312716	FALSE	0.594691455	TRUE
2026	065-2026	AN ORDINANCE IMPLEMENTING A BAGUIO CITY SUSTAINABLE TOURISM SUMMIT TO BE CONDUCTED EVERY THREE (3) YEARS.	0.0232313871	FALSE	0.059309274	FALSE	0.00392043591	FALSE	0.00862008333	FALSE	0.0150682926	FALSE	0.0132430196	FALSE	0.020088762	FALSE	0.733891547	TRUE	0.19237867	FALSE	0.0644511282	FALSE	0.0888202786	FALSE	0.303711623	FALSE	0.0600428581	FALSE	0.0256353915	FALSE	0.0727170408	FALSE	0.029217422	FALSE	0.11744833	FALSE
2026	066-2026	AN ORDINANCE ESTABLISHING THE BAGUIO CITY SANITATION, SEPTAGE, AND WASTEWATER MANAGEMENT SYSTEM, AND AUTHORIZING THE COLLECTION OF REVISED SANITATION FEES, SERVICE CHARGES AND OTHER FEES, REPEALING FOR THE PURPOSES ORDINANCE NUMBERED 36, SERIES OF 2020, ALSO KNOWN AS THE “SEPTAGE MANAGEMENT ORDINANCE OF THE CITY OF BAGUIO”, SECTION 163 TO 166 OF ORDINANCE NUMBERED 18, SERIES OF 2016, AS AMENDED, ALSO KNOWN AS THE “ENVIRONMENT CODE OF THE CITY OF BAGUIO”, AND SUCH OTHER PROVISIONS OF ORDINANCES INCONSISTENT HEREWITH, AND FOR OTHER PURPOSES.	0.0161570013	FALSE	0.0225807726	FALSE	0.0119662285	FALSE	0.0218720734	FALSE	0.0133554637	FALSE	0.818546593	TRUE	0.00923422	FALSE	0.00936985	FALSE	0.0222356617	FALSE	0.0304286182	FALSE	0.0710449517	FALSE	0.0279555917	FALSE	0.0114519	FALSE	0.0205824375	FALSE	0.0416287482	FALSE	0.026529938	FALSE	0.0314370692	FALSE
2026	067-2026	APPROVING THE REQUEST FOR AUTHORITY TO CHARGE THE TOTAL AMOUNT OF THIRTY-FOUR MILLION ONE HUNDRED FIFTEEN THOUSAND PESOS (₱34,115,000.00) CHARGEABLE AGAINST THE DISASTER RISK REDUCTION AND MANAGEMENT FUND (DRRMF) SPECIAL TRUST FUND ACCUMULATED FROM VARIOUS YEARS FOR THE DIFFERENT PROGRAMS, PROJECTS, AND ACTIVITIES RELATIVE TO THE IMPLEMENTATION OF FLOOD CONTROL, SLOPE PROTECTION, DRAINAGE REHABILITATION, ROAD RESTORATION, AND PROCUREMENT PROJECTS IN THE  CITY OF BAGUIO.	0.0214993358	FALSE	0.010239929	FALSE	0.0103350282	FALSE	0.0105777681	FALSE	0.00820198655	FALSE	0.0144425333	FALSE	0.00995233655	FALSE	0.0108386874	FALSE	0.0223740637	FALSE	0.014875263	FALSE	0.247878224	FALSE	0.0200811923	FALSE	0.735682249	TRUE	0.0176983476	FALSE	0.0526318848	FALSE	0.0206899345	FALSE	0.0314936042	FALSE
2026	068-2026	AN ORDINANCE INSTITUTIONALIZING THE “PALARONG PAMBARANGAY” IN THE CITY OF BAGUIO, PROVIDING FUNDS THEREFOR, AND FOR OTHER PURPOSES.	0.0461052954	FALSE	0.0545074642	FALSE	0.00487154722	FALSE	0.0302661657	FALSE	0.0744659901	FALSE	0.00395452976	FALSE	0.00717040896	FALSE	0.159043431	FALSE	0.035898596	FALSE	0.212444127	FALSE	0.0764476061	FALSE	0.00996217132	FALSE	0.121259898	FALSE	0.00658175349	FALSE	0.0104398429	FALSE	0.086153388	FALSE	0.0869374	FALSE
2026	069-2026	AN ORDINANCE PRESCRIBING PAYMENT OF GARBAGE FEES IN THE CITY OF BAGUIO IN ACCORDANCE WITH REPUBLIC ACT NO. 9003, OTHERWISE KNOWN AS THE “ECOLOGICAL SOLID WASTE ACT OF 2000”, REPEALING FOR THE PURPOSE SECTION 32 OF TAX ORDINANCE NUMBERED 2000-01 , PROVIDING SOME MECHANISMS FOR ITS COLLECTION AND IMPOSING PENALTIES FOR VIOLATIONS.	0.0211708546	FALSE	0.0207965076	FALSE	0.0100997686	FALSE	0.00701898336	FALSE	0.00765648484	FALSE	0.0317061841	FALSE	0.0181782842	FALSE	0.0802691877	FALSE	0.0619573891	FALSE	0.0452231765	FALSE	0.475584984	FALSE	0.154075921	FALSE	0.0245585442	FALSE	0.0222131908	FALSE	0.216112942	FALSE	0.208447188	FALSE	0.126209795	FALSE
2026	070-2026	APPROVING THE REQUESTS OF CNCA PRODUCTIONS AND WALTRIX PRODUCTIONS FOR THE WAIVER OF AMUSEMENT TAX, WAIVER OF FEES FOR INSTALLATION OF MARKETING COLLATERAL MATERIALS, AND THE ISSUANCE OF SPECIAL PERMITS FOR THE CONCERT ENTITLED “IN BETWEEN” FEATURING OPM ARTISTS TJ MONTERDE AND KZ TANDINGAN, DIRECTED BY JOHN PRATS, TO BE HELD ON 18 JULY 2026 AT THE UNIVERSITY OF BAGUIO CARDINALS GYM.	0.0183981657	FALSE	0.0189504623	FALSE	0.0112083256	FALSE	0.0598193109	FALSE	0.0680800676	FALSE	0.00392338634	FALSE	0.0126236975	FALSE	0.161562681	FALSE	0.109575152	FALSE	0.0933839083	FALSE	0.0768629	FALSE	0.0286706388	FALSE	0.0313515365	FALSE	0.00880196691	FALSE	0.0219595432	FALSE	0.29787451	FALSE	0.27004987	FALSE
2026	071-2026	AUTHORIZING A SUPPLEMENTAL BUDGET NO. 6 IN THE AMOUNT OF ONE MILLION THREE HUNDRED THIRTY-THREE THOUSAND PESOS (₱1,333,000.00), CHARGEABLE AGAINST THE UNAPPROPRIATED SURPLUS, TO FUND THE IMPLEMENTATION OF THE “REFUND OF THE MAHARLIKA LIVELIHOOD CENTER (MLC) TENANTS/SUBLESSORS” UNDER THE CITY’S SUPPLEMENTAL ANNUAL INVESTMENT PROGRAM (SAIP) NO. 2 UNDER RESOLUTION NUMBERED 300, SERIES OF 2026.	0.0843659639	FALSE	0.0120320916	FALSE	0.00822556	FALSE	0.0124388337	FALSE	0.00941291451	FALSE	0.00426727533	FALSE	0.00390616059	FALSE	0.125353575	FALSE	0.143195331	FALSE	0.0492666662	FALSE	0.35655567	FALSE	0.0262355804	FALSE	0.0155977309	FALSE	0.00492835045	FALSE	0.029027909	FALSE	0.0209713876	FALSE	0.213465631	FALSE
2026	072-2026	AUTHORIZING A SUPPLEMENTAL BUDGET NO. 7 IN THE AMOUNT OF SEVEN MILLION EIGHT HUNDRED EIGHTY THOUSAND (P7,880,000.00), CHARGEABLE AGAINST THE UNAPPROPRIATED SURPLUS, TO FUND THE IMPLEMENTATION OF THE "SMOKE FREE TASK FORCE ANNUAL OPERATION PLAN", WITH AIP REFERENCE CODE 3000-000-2-1-13-004-000-000, UNDER THE CITY'S SUPPLEMENTAL ANNUAL INVESTMENT PROGRAM (SAIP) NO. 2 UNDER RESOLUTION NUMBERED 300, SERIES OF 2026, SUBJECT TO THE SUBMISSION TO THE SANGGUNIANG PANLUNGSOD (CITY COUNCIL) OF BAGUIO THE BREAKDOWN OF THE AMOUNT BEING APPROPRIATED.	0.0436210036	FALSE	0.00783467293	FALSE	0.29726249	FALSE	0.0364299715	FALSE	0.0111763179	FALSE	0.0165871084	FALSE	0.0175035596	FALSE	0.0160880685	FALSE	0.0638133	FALSE	0.0451891422	FALSE	0.424666971	FALSE	0.0151315928	FALSE	0.0360471308	FALSE	0.0134802163	FALSE	0.0222755373	FALSE	0.0902705193	FALSE	0.277131438	FALSE
2026	073-2026	THE 2026 REVISED GENDER AND DEVELOPMENT (GAD) CODE OF THE CITY OF BAGUIO.	0.0465559959	FALSE	0.0231477916	FALSE	0.0181871951	FALSE	0.0493526459	FALSE	0.655478895	TRUE	0.00825712085	FALSE	0.00773909688	FALSE	0.0721069	FALSE	0.0157889128	FALSE	0.111367822	FALSE	0.0662801266	FALSE	0.00558960438	FALSE	0.0231260657	FALSE	0.00979369879	FALSE	0.00936019421	FALSE	0.0392436385	FALSE	0.0156381428	FALSE
2026	074-2026	APPROVING THE CONDUCT OF "ABATAN TI SIRIB 2: YOUTH FAIR" FROM 02 TO 17 AUGUST 2026, ALONG PERFECTO STREET FROM THE FRONT OF U-NEED TO THE FRONT OF TIONG SAN HARRISON, MALCOLM SQUARE BARANGAY, BAGUIO CITY, AS ONE OF THE OFFICIAL ACTIVITIES OF THE LINGGO NG KABATAAN 2026 CELEBRATION IN THE CITY OF BAGUIO, AND THE TEMPORARY USE OF THE IDENTIFIED PORTION OF PERFECTO STREET TO PROVIDE A SAFE, ACCESSIBLE, AND STRATEGIC VENUE FOR THE FAIR.	0.0274300277	FALSE	0.0129150152	FALSE	0.0132100582	FALSE	0.0298571289	FALSE	0.0515890718	FALSE	0.0054214	FALSE	0.00789147615	FALSE	0.075119853	FALSE	0.0150266588	FALSE	0.35769552	FALSE	0.419969827	FALSE	0.00929611921	FALSE	0.0292159915	FALSE	0.010517329	FALSE	0.0207922161	FALSE	0.178709179	FALSE	0.0480875075	FALSE
2026	075-2026	APPROVING THE REQUESTS FOR THE TRANSFER OF FUNDS IN THE AMOUNT OF ONE HUNDRED FIFTY-ONE THOUSAND FIVE HUNDRED FOURTEEN AND 32/100 PESOS (P151,514.32) FROM THE CURRENT ACCOUNT OF THE CITY TREASURY OFFICE UNDER ACCOUNT CODE    5-01-01-010 (SALARIES AND WAGES - REGULAR) FROM THE SAVINGS OF THE VACANT POSITION OF ADMINISTRATIVE OFFICER I, SG-10, ITEM NO. 21, TO ACCOUNT CODE 5-01-04-030 (TERMINAL LEAVE BENEFITS), AND THE AUTHORITY TO CHARGE THE SAME AMOUNT FOR THE PAYMENT OF TERMINAL LEAVE BENEFITS OF MS. SANDRA VIVIAN P. LOGRONIO.	0.0356603861	FALSE	0.0101975799	FALSE	0.00464841723	FALSE	0.0225034952	FALSE	0.0281540453	FALSE	0.00473818183	FALSE	0.0119023621	FALSE	0.700258732	TRUE	0.0647966564	FALSE	0.130265832	FALSE	0.0359429717	FALSE	0.0236820877	FALSE	0.00994551182	FALSE	0.00594505668	FALSE	0.0101787746	FALSE	0.0429225862	FALSE	0.0730765462	FALSE