Year	Ordinance No.	Title
2016	002-2016	APPROVING THE TEMPORARY CLOSURE AND USE OF VARIOUS ROADS IN THE CITY OF BAGUIO FOR THE 2016 PANAGBENGA FESTIVAL
2016	003-2016	APPROVING THE USE OF THE REMAINING BALANCE UNDER ACCOUNT CODE NO. 766 IN THE 2015 BUDGET OF THE BAGUIO CITY FIRE STATION FOR THE PAYMENT OF ARREARS OF WATER BILLS IN THE AMOUNT OF ₱11,667.20.
2016	004-2016	APPROVING THE REQUEST OF INNOVATORS MARKETING/EVENTS FOR WAIVER OF AMUSEMENT TAX FOR THE ELEVATE – Electronic Music Festival AT THE PARKING LOT OF THE BAGUIO CONVENTION CENTER ON 05 MARCH 2016.
2016	005-2016	APPROVING THE REQUESTS OF WALTRIX PRODUCTIONS AND OVATION PRODUCTIONS FOR WAIVER OF AMUSEMENT TAX, FOR WAIVER OF FEES FOR INSTALLATION OF MARKETING COLLATERAL MATERIALS, AND FOR THE ISSUANCE OF SPECIAL PERMITS FOR THE CONCERT BOYCE AVENUE AT THE UNIVERSITY OF BAGUIO GYM ON 22 FEBRUARY 2016.
2016	006-2016	"APPROVING THE REQUEST OF CONCOCTIONS BAR AND RESTO FOR EXEMPTION FROM THE PAYMENT OF AMUSEMENT TAX FOR THE EVENT ENTITLED ""CONCOCTION PRESENTS: FRANCO"" FEATURING A RISING NATIONAL ARTIST AND THE AUTO AND BIKE SHOW AT THE BAGUIO CONVENTION CENTER ON 06 TO 07 FEBRUARY 2016."
2016	007-2016	APPROVING THE REQUESTS OF THE DMD MEMOIRS EVENTS ORGANIZING AND SUPPLIES SPECIALIST FOR EXEMPTION FROM THE PAYMENT OF AMUSEMENT TAX AND OTHER CITY FEES AND FOR THE FREE USE OF THE BAGUIO CONVENTION CENTER FOR THEIR MUSICAL DRAMA #POPEPULAR, PA'ANO KUNG PINOY SI KIKO? ON 18 TO 21 JANUARY 2016.
2016	008-2016	APPROVING THE REQUESTS OF TEAM LAKAY TAP TEAM INC. FOR EXEMPTION FROM THE PAYMENT OF AMUSEMENT TAX AND THE FREE USE OF THE BAGUIO CONVENTION CENTER FOR THE MIXED MARTIAL ARTS (MMA) EVENT ON 27 FEBRUARY 2016.
2016	009-2016	REALIGNING THE AMOUNT OF ₱200,000.00 FROM THE PROJECT REHABILITATION AND RIPRAPPING AT INTERIOR REGIDOR BETWEEN MOLINTAS RESIDENCE AND LATUS RESIDENCE UNDER THE 2015 ANNUAL INVESTMENT PLAN (AIP) TO CONSTRUCTION OF PUBLIC COMFORT ROOM AT THE BASEMENT OF THE OLD BARANGAY HALL, AT PACDAL BARANGAY, BAGUIO CITY.
2016	010-2016	REALIGNING THE AMOUNT OF ₱1,351,311.77 FROM THE PROJECT REHABILITATION OF FLOOD CONTROL ALONG BALILI RIVER UNDER THE 2014 LOCAL DEVELOPMENT FUND OF THE CITY OF BAGUIO TO CONSTRUCTION OF THE PROPOSED MAIN SEWER LINE CONNECTION AT PUROK 1, AT LOWER MAGSAYSAY BARANGAY, BAGUIO CITY.
2016	011-2016	APPROVING THE REQUESTS OF THE HILLTOP ASSEMBLY OF GOD FOR EXEMPTION FROM THE PAYMENT OF AMUSEMENT TAX AND FREE USE OF THE BAGUIO CONVENTION CENTER FOR THE BREAKTHROUGH CONCERT 2015 ON 08 NOVEMBER 2015, SUBJECT TO CONDITIONS.
2016	012-2016	APPROVING THE REQUESTS OF THE CAR-BAGUIO GERMAN SHEPHERD DOG CLUB, INCORPORATED FOR EXEMPTION FROM THE PAYMENT OF AMUSEMENT TAX AND THE FREE USE OF THE MELVIN JONES, BURNHAM PARK, BAGUIO CITY, AS VENUE FOR THE 53RD LANDESGRUPPEN DOG SHOW ON 24 APRIL 2016.
2016	013-2016	AUTHORIZING A SUPPLEMENTAL BUDGET INVOLVING AN AMOUNT OF NINETY MILLION TWO HUNDRED SIXTY THOUSAND PESOS (P90,260,000.00) TO AUGMENT THE 2015 DEVELOPMENT/INVESTMENT PRIORITY PROJECTS OF THE CITY OF BAGUIO.
2016	014-2016	ESTABLISHING, INAUGURATING AND INSTITUTING 16 JUNE 1916 AS THE FOUNDATION DAY OF THE BAGUIO CITY NATIONAL HIGH SCHOOL, APPROPRIATING FUNDS FOR ITS 2016 CENTENNIAL CELEBRATION, AND FOR OTHER PURPOSES.
2016	016-2016	TRANSFER OF FUNDS IN THE CITY ENVIRONMENT AND PARKS MANAGEMENT OFFICE
2016	017-2016	CHANGING THE PROJECT TITLE CONSTRUCTION OF OVERPASS IN THE SUPPLEMENTAL BUDGET OF THE CITY OF BAGUIO FOR FISCAL YEAR 2015 UNDER ORDINANCE NUMBERED 46, SERIES OF 2015, TO READ AS FOLLOWS REHABILITATION/REPAIR OF CITY HALL TO BCPO OVERPASS AMOUNTING TO P4,600,000.00.
2016	018-2016	ENVIRONMENTAL CODE OF THE CITY OF BAGUIO
2016	019-2016	TRANSFER OF FUNDS IN THE SANGGUNIANG PANLUNGSOD (CITY COUNCIL).
2016	020-2016	REPEALING ORDINANCE NUMBERED 092, SERIES OF 1994, AND OTHER MEASURES INTEGRATED THERETO AND FOR THE PURPOSE ADOPTING A NEW SPORTS INCENTIVE ORDINANCE FOR THE CITY OF BAGUIO.
2016	021-2016	INSTITUTIONALIZING THE BAGUIO VETERANS ASSISTANCE FUND AND PROVIDING THE IMPLEMENTING GUIDELINES THEREFOR.
2016	023-2016	REALIGNING THE AMOUNT OF ₱1,500,000.00 FROM THE PROJECT REHABILITATION OF RETAINING WALL ROAD PROTECTION WITH FENCE UNDER THE 2015 ANNUAL INVESTMENT PLAN (AIP) TO CONSTRUCTION OF BARANGAY EVACUATION CENTER AT THE UPPER FLOOR/S OF THE FLEA MARKET BUILDING AT NEW LUCBAN BARANGAY, BAGUIO CITY.
2016	024-2016	CHANGING THE PROJECT TITLE COVERING SHADE OF SK GROUND UNDER THE 2015 ANNUAL INVESTMENT PROGRAM (AIP) TO FENCING OF SK GROUND, AT POLIWES BARANGAY, BAGUIO CITY, AMOUNTING TO P100,000.00.
2016	025-2016	CHANGING THE PROJECT TITLE REHABILITATION OF DRAINAGE BESIDE DACANAY RESIDENCE IN THE 2015 ANNUAL INVESTMENT PLAN OF THE CITY OF BAGUIO TO REHABILITATION OF DRAINAGE BESIDE DACANAY RESIDENCE PASSING THROUGH THE RESIDENCES OF PUROK 5 AND 6 AT PADRE BURGOS BARANGAY, BAGUIO CITY AMOUNTING TO P1,200,000.00.
2016	026-2016	CHANGING THE PROJECT TITLE CONSTRUCTION OF COVERED COURT IN THE 2014 ANNUAL INVESTMENT PLAN (AIP) OF THE CITY OF BAGUIO TO IMPROVEMENT OF MULTIPURPOSE HALL OF QUEZON HILL PROPER BARANGAY-GATE AND RAILINGS AT QUEZON HILL PROPER, BAGUIO CITY AMOUNTING TO P100,000.00.
2016	027-2016	CHANGING THE PROJECT TITLES EROSION CONTROL PROJECT ALONG PUROK 2, JUSTICE VILLAGE TO CONSTRUCTION OF CANAL AT PUROK II NEAR REFUERZO RESIDENCE AT BAKAKENG NORTE/SUR AMOUNTING TO P310,000.00 AT BAKAKENG NORTE/SUR BARANGAY, BAGUIO CITY AND REHABILITATION OF FLOOD CONTROL TO REHABILITATION OF FLOOD CONTROL AND CONSTRUCTION OF WAITING SHED AT LITENG, PACDAL AMOUNTING TO P900,000.00 AT PACDAL BARANGAY, BAGUIO CITY BOTH IN THE 2015 SUPPLEMENTAL ANNUAL INVESTMENT PLAN (AIP) OF THE CITY OF BAGUIO.
2016	028-2016	REALIGNING THE AMOUNT OF P100,000.00 FROM THE PROJECT INSTALLATION OF SEWERLINES AT PUROKS 1, 2 AND 3 UNDER THE 2015 SUPPLEMENTAL ANNUAL INVESTMENT PLAN (AIP) TO CONTINUATION OF THE CONSTRUCTION OF THE BARANGAY MULTI-PURPOSE HALL, AT SAN ANTONIO VILLAGE BARANGAY, BAGUIO CITY.
2016	028-2016	CHANGING THE LOCATION OF THE PROJECT CONSTRUCTION OF CBAO BUILDING UNDER THE 2015 SUPPLEMENTAL ANNUAL INVESTMENT PLAN (AIP) OF THE CITY OF BAGUIO FROM CEO MOTORPOOL COMPOUND TO DPS COMPOUND BARANGAY IN THE AMOUNT OF P20,000,000.00.
2016	030-2016	APPROVING THE MERGER OF THE PROJECT IMPROVEMENT OF ALLEY AT BLOCK 7 IN THE AMOUNT OF P100,000.00 UNDER THE 2015 SUPPLEMENTAL ANNUAL INVESTMENT PLAN (AIP) AND THE PROJECT CONSTRUCTION OF PATHWAY AT BLOCK 7 IN THE AMOUNT OF P100,000.00 UNDER THE 2015 ANNUAL INVESTMENT PROGRAM TO THE PROJECT CONSTRUCTION OF COVERED CANAL AT BLOCK 3, IN THE AMOUNT OF P200,000.00 AT MIDDLE QUIRINO HILL BARANGAY, BAGUIO CITY.
2016	031-2016	APPROVING THE REQUESTS OF THE BAGUIO ACT ONE PRODUCTIONS FOR THE FREE USE OF THE BAGUIO CONVENTION CENTER, FREE USE OF THE STAGE FOR REHEARSALS, AND EXEMPTION FROM PAYMENT OF AMUSEMENT TAX FOR THE MUSICAL ENTITLED PARABLE OF THE LOST SHEEP TO BE HELD ON 31 JULY 2016, SUBJECT TO CONDITIONS.
2016	032-2016	TRANSFER OF FUNDS IN THE CITY HUMAN RESOURCE MANAGEMENT OFFICE
2016	033-2016	APPROVING THE REQUEST OF THE CITY LEGAL OFFICE THAT THE TOTAL AMOUNT OF P15,468.21, REPRESENTING PAYMENT FOR FUEL CONSUMPTIONS FOR THE PERIOD OF AUGUST 10, 14, 16, 20, 24, 27, 2015 AND NOVEMBER 16, 2015 BE OBLIGATED FROM THE 2016 BUDGET UNDER FUEL, OIL AND LUBRICANTS EXPENSES (ACCOUNT CODE NO. 5-02-03-090) OF THE CITY LEGAL OFFICE.
2016	034-2016	AUTHORIZING TO CHARGE VARIOUS AMOUNTS AGAINST APPROPRIATION EARMARKED FOR POSITIONS THAT REMAIN UNFILLED IN THE CITY BUILDINGS AND ARCHITECTURE OFFICE.
2016	035-2016	AUTHORIZING TO CHARGE FROM CURRENT APPROPRIATIONS EARMARKED FOR OTHER PERSONNEL BENEFITS (ACCOUNT CODE NO. 5-01-04-990) THE AMOUNT OF P20,000.00 FOR PAYMENT OF THE MAGNA CARTA BENEFITS OF A RETIRED EMPLOYEE LAST 2015 IN THE CITY HEALTH SERVICES OFFICE.
2016	036-2016	APPROVING THE REQUESTS OF THE INNOVATORS MARKETING/EVENTS FOR EXEMPTION FROM THE PAYMENT OF AMUSEMENT TAX AND THE FREE USE OF THE BAGUIO CONVENTION CENTER GROUNDS, BAGUIO CITY, AS VENUE FOR THE BRIGHT NIGHTS: A DANCE MUSIC FESTIVAL FROM 01 TO 04 DECEMBER 2016, SUBJECT TO CONDITIONS.
2016	037-2016	APPROVING THE REQUESTS OF THE SONNY T. PRODUCTION FOR EXEMPTION FROM THE PAYMENT OF AMUSEMENT TAX ON TICKET SALES AND FOR THE CITY OF BAGUIO TO COSPONSOR THE MS. BAGUIO 2016 PAGEANT ON 17 SEPTEMBER 2016.
2016	038-2016	TRANSFER OF FUNDS IN THE OFFICE OF THE CIVIL REGISTRY
2016	039-2016	APPROVING THE REQUESTS OF THE BAGUIO KRAYONZ PRODUCTION AND EVENTS FOR EXEMPTION FROM THE PAYMENT OF AMUSEMENT TAX AND WAIVER OF RENTAL FEES OF THE BAGUIO CONVENTION CENTER, BAGUIO CITY AS VENUE FOR THE ASTIG AKO GO LANG NG GO BATTLE OF THE CHAMP SEASON 3 ON 29 AUGUST 2016 AS PER REPORT AND RECOMMENDATIONS OF THE SANGGUNIANG PANLUNGSOD COMMITTEE ON APPROPRIATIONS AND FINANCE IN ITS 3RD INDORSEMENT DATED 12 AUGUST 2016.
2016	040-2016	TRANSFER OF FUNDS IN THE OFFICE OF THE CITY LIBRARY
2016	041-2016	APPROVING THE REQUESTS OF THE HILLTOP ASSEMBLY OF GOD FOR EXEMPTION FROM THE PAYMENT OF AMUSEMENT TAX AND THE FREE USE OF THE BAGUIO CONVENTION CENTER, BAGUIO CITY, AS VENUE FOR THE BREAKTHROUGH CONCERT ON 05 TO 06 NOVEMBER 2016 AS PER REPORT AND RECOMMENDATIONS OF THE SANGGUNIANG PANLUNGSOD COMMITTEE ON TOURISM, SPECIAL EVENTS, PARKS AND PLAYGROUND IN ITS 3RD INDORSEMENT DATED 15 AUGUST 2016.
2016	042-2016	APPROVING THE AUTHORITY TO CHARGE FROM VARIOUS ACCOUNTS IN THE CURRENT APPROPRIATIONS OF THE SANGGUNIANG PANLUNGSOD (CITY COUNCIL) FOR PAYMENT OF THE TERMINAL LEAVE, SALARIES AND WAGES-REGULAR, PERSONNEL ECONOMIC RELIEF ALLOWANCE, AND YEAR-END BONUS OF THE LATE CITY VICE-MAYOR DANIEL T. FARIÑAS.
2016	043-2016	APPROVING THE REQUESTS OF THE HOTEL AND RESTAURANT ASSOCIATION OF BAGUIO (HRAB) RELATIVE TO THE HOLDING OF THEIR 13TH ANNUAL HOTEL AND RESTAURANT TOURISM WEEK.
2016	044-2016	APPROVING THE REQUESTS OF THE GHANA BERGANO FOUNDATION, INCORPORATED FOR EXEMPTION FROM THE PAYMENT OF AMUSEMENT TAX, AND FOR THE FREE USE OF THE BAGUIO CONVENTION CENTER, AND FOR THE CITY OF BAGUIO TO COSPONSOR THE INSTRUMENTO III ON 24 AND 25 NOVEMBER 2016.
2016	045-2016	APPROVING THE AUTHORITY TO CHARGE FROM VARIOUS ACCOUNTS IN THE CURRENT APPROPRIATIONS FOR PAYMENT OF THE LOYALTY BENEFIT AND THE TERMINAL LEAVE COMMUTATION OF A RETIRED EMPLOYEE LAST 2015 IN THE CITY HEALTH SERVICES OFFICE.
2016	047-2016	CHANGING THE PROJECT TITLE CONTINUATION OF DRAINAGE CANAL AFTER BELVIEW, PUROK 24-A IN THE 2016 ANNUAL INVESTMENT PLAN OF THE CITY OF BAGUIO TO REHABILITATION OF DAMAGED DRAINAGE CANAL AFTER BELVIEW NEAR THE ERODED ROAD OPPOSITE MRS. CONCHITA GARCIA'S RESIDENCE AT PUROK 24-A AT IRISAN BARANGAY, BAGUIO CITY AMOUNTING TO P500,000.00.
2016	048-2016	REALIGNING THE AMOUNT OF P100,000.00 FROM PROJECT TITLE CONSTRUCTION OF ROOFING AND WASHING AREA OF THE DAY CARE CENTER IN THE 2014 ANNUAL INVESTMENT PLAN OF THE CITY OF BAGUIO TO INSTALLATION OF ELECTRICAL WIRINGS AND CONSTRUCTION OF CABINETS IN THE DAY CARE CENTER AND MULTIPURPOSE HALL KITCHEN AT LOURDES SUBDIVISION EXTENSION BARANGAY, BAGUIO CITY.
2016	049-2016	REALIGNING THE AMOUNT OF P100,000.00 FROM THE PROJECT CONSTRUCTION OF LIVELIHOOD CENTER, BAGUIO CITY, UNDER THE 2013 ANNUAL INVESTMENT PLAN AND APPROPRIATING THE SAME AMOUNT FOR THE PROJECT PARTITION OF THE LOCAL HISTORY AREA OF THE CITY LIBRARY, BAGUIO CITY.
2016	050-2016	TRANSFER OF FUNDS IN THE CITY HEALTH SERVICES OFFICE.
2016	051-2016	REALIGNING THE AMOUNT OF P250,000.00 FROM ACCOUNT CODE 5-02-02-010 (TRAINING EXPENSES) TO ACCOUNT CODE 5-02-01-020 (TRAVELING EXPENSES-FOREIGN) IN THE CITY SOCIAL WELFARE AND DEVELOPMENT OFFICE.
2016	052-2016	APPROVING THE REQUESTS OF THE BAGUIO ACT ONE PRODUCTIONS FOR THE CITY GOVERNMENT OF BAGUIO TO COSPONSOR THE EVENT BAGUIO ACT ONE ANNUAL CHOIR COMPETITION AND FOR EXEMPTION FROM THE PAYMENT OF AMUSEMENT TAX.
2016	053-2016	AMENDING SECTION 4.2 OF ORDINANCE NUMBERED 45, SERIES OF 2013 [HONORING THE CENTENARIANS OF THE CITY OF BAGUIO]
2016	055-2016	TRANSFER OF FUNDS IN THE OFFICE OF THE CITY PROSECUTOR
2016	056-2016	TRANSFER OF FUNDS IN THE VETERINARY OFFICE
2016	057-2016	APPROVING THE VARIOUS REQUESTS OF THE SARCELLE PRODUCTION AND EVENTS INCLUDING THE EXEMPTION FROM THE PAYMENT OF AMUSEMENT TAX AND FOR THE CITY GOVERNMENT OF BAGUIO TO COSPONSOR THE JUMP FOR J.O.B.S. (JOYFUL OPPORTUNITIES, BUSINESS AND SUCCESS) EVENT TO BE HELD AT EASTER COLLEGE GYM, BAGUIO CITY, ON 12 NOVEMBER 2016.
2016	058-2016	REALIGNING THE AMOUNT OF P200,000.00 FROM THE PROJECT CONSTRUCTION OF SECOND FLOOR OF LIVELIHOOD CENTER BUILDING UNDER THE 2015 SUPPLEMENTAL ANNUAL INVESTMENT PLAN AND APPROPRIATING THE SAME AMOUNT FOR THE PROJECT REPAIR/RENOVATION OF THE DIZON-MANZANILLO MULTI-PURPOSE HALL, BAGUIO CITY OF DIZON-MANZANILLO SUBDIVISION BARANGAY, BAGUIO CITY.
2016	059-2016	TRANSFER OF FUNDS OF VARIOUS ACCOUNTS IN THE BAGUIO CITY POLICE OFFICE
2016	060-2016	APPROVING THE REQUESTS OF THE BAGUIO ACT ONE PRODUCTIONS, INC. FOR THE FREE USE OF THE BAGUIO CONVENTION CENTER AND EXEMPTION FROM PAYMENT OF AMUSEMENT TAX FOR THE MUSICAL SHOW PARABLE OF THE LOST SHEEP, SUBJECT TO CONDITIONS.
2016	061-2016	FURTHER AMENDING ORDINANCE NUMBERED 06, SERIES OF 2010 [AMENDING CERTAIN PROVISIONS OF ORDINANCE NUMBERED 54-87 (AN ORDINANCE TO CONTROL AND REGULATE TREE CUTTING AND PROVIDING FEES AND PENALTIES FOR VIOLATION THEREOF)].
2016	063-2016	ADOPTING THE REVISED COMPREHENSIVE ZONING REGULATIONS FOR THE CITY OF BAGUIO, OTHERWISE KNOWN AS THE COMPREHENSIVE ZONING ORDINANCE FOR THE CITY OF BAGUIO, AND PROVIDING FOR THE ADMINISTRATION, ENFORCEMENT AND AMENDMENT THEREOF, AND FOR THE REPEAL OF ALL ORDINANCES IN CONFLICT THEREWITH.
2016	064-2016	CHANGING THE PROJECT TITLE/LOCATION FROM ROAD IMPROVEMENT FROM HILARIO BOLEYLEY TO PURITA TEODORO AT PUROK 2 UPPER PINGET TO ROAD IMPROVEMENT FROM HILARIO BOLEYLEY TO PURITA TEODORO AT PUROK 11 UPPER PINGET, UNDER THE 2015 SUPPLEMENTAL ANNUAL INVESTMENT PLAN (AIP) OF THE CITY OF BAGUIO IN THE AMOUNT OF P200,000.00 AT PINGET BARANGAY, BAGUIO CITY.
2016	065-2016	TRANSFER OF FUNDS IN THE OFFICE OF THE CITY PROSECUTOR
2016	072-2016	AUTHORIZING THE ANNUAL BUDGET OF THE CITY OF BAGUIO FOR FISCAL YEAR 2017 IN THE TOTAL AMOUNT OF ONE BILLION SEVEN HUNDRED SEVENTY SIX MILLION TWO HUNDRED THIRTEEN THOUSAND AND ONE HUNDRED FORTY SEVEN PESOS (P1,776,213,147.00) COVERING THE VARIOUS EXPENDITURES FOR THE OPERATION OF THE CITY GOVERNMENT OF BAGUIO FOR FISCAL YEAR 2017 AND APPROPRIATING THE NECESSARY FUNDS FOR THE PURPOSE.
2017	001-2017	GRANTING AMNESTY OR RELIEF ON PENALTIES, FINES, SURCHARGES, INTERESTS, AND/OR ARREARS TO DELINQUENT REAL PROPERTY TAXPAYERS IN BAGUIO CITY
2017	002-2017	CLOSURE FOR PANAGBENGA GRAND OPENING PARADE AND DRUM & LYRE COMPETITION ON FEB 1
2017	002-A-2017	CLOSURE OF BURNHAM LAKE DRIVE AND JUAN LUNA DRIVE FROM JAN 19 TO MAR 5 FOR BAGUIO BLOOMS EVENT
2017	002-B-2017	VENUE USE FOR “LET A THOUSAND FLOWERS BLOOM” & FAMILY PROGRAMS ON FEB 11–12
2017	002-C-2017	ROAD CLOSURE AND EVENT SETUP ON FEB 24–25 FOR STREET PARADE AND SPONSOR BOOTHS
2017	002-D-2017	CLOSURE OF ROADS AND USE OF MELVIN JONES GROUNDS ON FEB 26 FOR PANAGBENGA FLOAT PARADE
2017	002-E-2017	CLOSURE OF SESSION ROAD AND ADJACENT ROADS FOR BOOTHS AND EXHIBITIONS FROM FEB 27 TO MAR 5
2017	002-F-2017	TEMPORARY BUS REROUTING TO BAGUIO CONVENTION CENTER ON FEB 1, 25, AND 26
2017	002-G-2017	USE OF WRIGHT PARK ON MAR 4 FOR PONY BOY’S DAY CONTEST AND PROGRAM
2017	002-H-2017	USE OF VARIOUS PARKS AND ATHLETIC BOWL FOR PANAGBENGA CLOSING ON MAR 5
2017	003-2017	AMENDING ORDINANCE NO. 513 SERIES OF 1969 TO UPDATE PERMIT, INSPECTION, SECURITY, AND OPERATIONAL RULES FOR HOTELS, BOARDING HOUSES, DORMITORIES, AND TENEMENT UNITS
2017	004-2017	ESTABLISHING THE “SEARCH FOR THE BEST CHILD-FRIENDLY POLICE STATION” IN BAGUIO INCLUDING MECHANICS, CRITERIA, AND FUNDING GUIDELINES
2017	006-2017	APPROVING THE REQUEST OF THE CITY SOCIAL WELFARE AND DEVELOPMENT OFFICE TO PURCHASE A COMMUTER VAN FOR RELIEF AND SERVICE OPERATIONS
2017	007-2017	CHANGING AIP PROJECT TITLE TO “CONSTRUCTION OF WAITING SHED AND TANOD OUTPOST AT MERCURY STREET, UPPER QUEZON HILL”
2017	008-2017	PROHIBITING INTER-MUNICIPALITY PUJs FROM PICKING UP PASSENGERS WITHIN BAGUIO CITY’S DESIGNATED JEEPNEY ROUTES
2017	009-2017	AUTHORIZING CHARGE OF ₱2,409.96 TO COVER SUPPLY EXPENSES IN THE OFFICE OF THE MUNICIPAL TRIAL COURT IN CITIES
2017	011-2017	MANDATING CCTV INSTALLATION FOR BUSINESS ESTABLISHMENTS AS A PREREQUISITE TO OBTAINING BUSINESS PERMITS
2017	012-2017	AUTHORIZING CITY ADMINISTRATOR’S OFFICE TO CHARGE ₱93,841.82 FOR UNPAID TELEPHONE BILLS, CASH INCENTIVES, AND HONORARIA FROM CURRENT APPROPRIATIONS
2017	013-2017	PROHIBITING DISCRIMINATION AND ENFORCING EQUALITY BEFORE THE LAW WITHOUT DISCRIMINATION BASED ON RELIGION, ETHNICITY, SEXUAL ORIENTATION AND GENDER IDENTITY, HEALTH STATUS, DISABILITY, AND AGE; PROVIDING PENALTIES AND PROGRAMS TO COMBAT STIGMA
2017	015-2017	TRANSFERRING APPROPRIATION OF ₱75,000,000 FROM “OTHER MAINTENANCE AND OPERATING EXPENSES” TO “ENVIRONMENT/SANITARY SERVICES” FOR HAULING OF CITY GARBAGE UNDER MONITORING CONDITIONS
2017	016-2017	REQUIRING FOOD ESTABLISHMENTS TO OFFER HALF-RICE PORTIONS FOR HALF THE PRICE TO PROMOTE RICE CONSERVATION AND REDUCE FOOD WASTAGE
2017	017-2017	APPROVING TEMPORARY CLOSURE OF JUAN LUNA DRIVE FOR 15 DAYS FOR THE PRODUCTIVITY FAIR ORGANIZED BY THE CITY SOCIAL WELFARE AND DEVELOPMENT OFFICE
2017	018-2017	EXEMPTING MR. ELISEO A. CABUSAO JR. FROM THE ENVIRONMENTAL CODE TO CONDUCT EXPLORATORY BORING AND POSSIBLE EXCAVATION WITH MONITORING AND SHARING TERMS
2017	019-2017	APPROVING THE CITY’S CO-SPONSORSHIP OF THE ISRAEL-PHILIPPINES FESTIVAL ON APRIL 27–29, 2017 AND AUTHORIZING USE OF MELVIN JONES, AMUSEMENT TAX EXEMPTION, AND SUSPENSION OF NUMBER CODING FOR GUESTS
2017	020-2017	CREATING A SALARY GRADE 18 PLANTILLA ITEM IN THE CITY ENVIRONMENT AND PARKS MANAGEMENT OFFICE FOR POLLUTION CONTROL DUTIES
2017	021-2017	CREATING A SALARY GRADE 24 PLANTILLA ITEM IN THE CITY CIVIL REGISTRY OFFICE FOR SUPERVISION, EXAMINATION, CERTIFICATION, AND COURT REPRESENTATION DUTIES
2017	022-2017	APPROVING THE REQUEST OF THE CITY SOCIAL WELFARE AND DEVELOPMENT OFFICE FOR 15 DAYS PERIOD EXTENSION OF THE ONGOING PRODUCTIVITY FAIR FROM 24 MARCH 2017 TO 08 APRIL 2017 WITHOUT FURTHER EXTENSIONS.
2017	023-2017	PROHIBITING IMPERSONATION OR MISREPRESENTATION TO USE RESERVED SPACES FOR PWDs/SENIOR CITIZENS IN PUBLIC & PRIVATE ESTABLISHMENTS IN BAGUIO; IMPOSING FINES AND SETTING IMPLEMENTATION MECHANISMS
2017	024-2017	ESTABLISHING CITYWIDE ANNUAL EVENTS RECOGNIZING DIFFERENTLY-ABLED PERSONS; SETTING DATES, ACTIVITIES, AND FUNDING ALLOCATION FROM LGU BUDGET
2017	025-2017	INSTITUTIONALIZING FORMATION OF BAGUIO SENIOR CITIZENS COOPERATIVE TO ESTABLISH A PHARMACY & CONVENIENCE STORE; SETTING MONITORING AND IMPLEMENTATION GUIDELINES
2017	026-2017	MANDATING PUBLIC DISPLAY OF SIGNS INFORMING PWDs OF DISCOUNT AND VAT EXEMPTION ENTITLEMENTS UNDER RA 7277; PROVIDING PENALTIES FOR NON-COMPLIANCE
2017	027-2017	REALIGNING FUNDS FROM “ROAD GARDEN CONSTRUCTION” TO “IMPROVEMENT OF MULTIPURPOSE HALL” IN PINGET BARANGAY UNDER 2012 AIP
2017	028-2017	REALIGNING IRISAN TOURISM PARK FUNDS TO “IMPROVEMENT OF MINI PARK AT PUROK 15, IRISAN” DUE TO UNIMPLEMENTED SITE PROJECT
2017	029-2017	CHANGING TITLE AND FOCUS OF ₱1,000,000 PROJECT UNDER 2013 AIP TO “CONSTRUCTION OF SEWER LINE FROM PUROK 3 TO PUROK 2”
2017	030-2017	CHANGING PROJECT TITLE FROM “SENIOR CITIZENS OFFICE ON DAYCARE” TO “CONSTRUCTION OF DAYCARE CENTER AND SENIOR CITIZENS OFFICE (PHASE I)” UNDER 2015 AIP
2017	031-2017	AMENDING 2012 AIP TO REALIGN ₱400,000 FOR “COMPLETION OF MULTI-PURPOSE HALL” INSTEAD OF “CHILDREN’S PARK” PROJECT
2017	031-A-2017	CHANGING PRIOR REALIGNED PROJECT UNDER ORD. NO. 17 S. 2012 TO “COMPLETION OF MULTI-PURPOSE HALL” FOR IMELDA MARCOS BARANGAY USING 2011 FUNDS
2017	032-2017	REALIGNING ₱400,000.00 FROM CY2012 AIP PROJECT “GUARD HOUSE–COMPACT AT CYPRESS” TO “CONSTRUCTION OF GUARD HOUSE COMPACT AT ST. PATRICK HOUSING OPEN SPACE” IN PUROK 20, UPPER IRISAN
2017	033-2017	APPROVING FREE USE OF ATHLETIC BOWL AND AMUSEMENT TAX EXEMPTION FOR THE BAGUIO SUMMER CAR SHOW FESTIVAL FROM MAY 4–7, 2017
2017	034-2017	PROHIBITING USE, SALE, DISTRIBUTION, AND ADVERTISEMENT OF CIGARETTES AND TOBACCO PRODUCTS IN CERTAIN PLACES; IMPOSING PENALTIES AND AMENDING ORDINANCE NO. 08 (2008)
2017	036-2017	APPROVING FREE USE OF BAGUIO CONVENTION CENTER AND AMUSEMENT TAX EXEMPTION FOR CONCERT TO BENEFIT CZHRYRUS DAVE SAURA, A CHILD WITH STAGE 4 LYMPHOMA
2017	037-2017	AUTHORIZING ₱336,500.00 CHARGE AGAINST TRAINING, REPRESENTATION, AND MEDICINE EXPENSES FOR CONSULTANCY SERVICES FOR ISO ACCREDITATION OF THE CITY HEALTH SERVICES OFFICE
2017	038-2017	REVERTING ₱3,339,131.00 FROM PREVIOUS MOTOR VEHICLE REPAIR OBLIGATIONS AND REALLOCATING FOR PURCHASE OF NEW CARGO TRUCK WITH CRANE FOR CITY ENGINEERING OFFICE
2017	039-2017	AUTHORIZING ₱1,200,000.00 CHARGE FROM TERMINAL LEAVE ACCOUNT AND SALARY SAVINGS FOR RETIRED/RESIGNED CITY HEALTH SERVICES EMPLOYEES
2017	040-2017	AUTHORIZING FUNDS FOR TRANSPORTATION, PER DIEM, AND ACCOMMODATION OF CITY HEALTH OFFICE DELEGATES TO ATTEND HIV TRAINING IN QUEZON CITY
2017	041-2017	APPROVING FEE WAIVER FOR SPECIAL BUSINESS PERMIT FOR PARTICIPANTS IN 1ST NMS-CARES DEAF FESTIVAL HELD AT CAP AUDITORIUM FROM MAY 19–21, 2017
2017	042-2017	DECLARING THE RIGHTS OF PATIENTS INCLUDING ACCESS TO CARE, INFORMED CONSENT, PRIVACY, MEDICAL RECORDS, VISITATION, AND GRIEVANCE SYSTEM; PRESCRIBING PENALTIES AND IMPLEMENTATION RULES
2017	043-2017	ESTABLISHING FIRST WEEK OF JUNE AS CITY ENVIRONMENT WEEK; DEFINING COMMITTEE, ACTIVITIES, FUNDING, AND RECOGNITION GUIDELINES
2017	044-2017	AMENDING ORDINANCE NO. 17 SERIES OF 1993 TO EXEMPT BHWs, BNSs, BNAOs, BHRAOs FROM PAYING POLICE, MEDICAL, AND MAYOR’S CLEARANCE FEES FOR OFFICIAL OR PERSONAL PURPOSES
2017	045-2017	APPROVING 60-DAY VEHICULAR CLOSURE OF PORTION OF GIBRALTAR ROAD FOR SAFETY DURING CONSTRUCTION AND COMMUNITY REVIEW
2017	047-2017	MANDATING ALL BARANGAYS TO CREATE A PWD DESK AND COMMITTEE; PRESCRIBING DUTIES, STRUCTURE, PENALTIES, AND MONITORING GUIDELINES
2017	048-2017	APPROVING REASSIGNMENT OF ₱216,000 FROM MEDICINES AND ₱512 FROM SUBSCRIPTIONS TO TRAINING EXPENSES FOR CY2016 PAYMENTS
2017	049-2017	REALIGNING ₱1,000,000 ORIGINALLY ALLOCATED TO CRAFT & PRODUCTION CENTER INTO FIVE BARANGAY PROJECTS INVOLVING REPAIRS, CONSTRUCTION, AND COVERED OPEN GROUNDS
2017	050-2017	APPROVING 35-DAY ROAD CLOSURE OF MORNING STAR STREET FOR PAVEMENT REHABILITATION; PRESCRIBING SAFETY AND COORDINATION REQUIREMENTS
2017	051-2017	REALIGNING ₱1,000,000 ORIGINALLY ALLOCATED TO CRAFT & PRODUCTION CENTER INTO FIVE BARANGAY PROJECTS INVOLVING REPAIRS, CONSTRUCTION, AND COVERED OPEN GROUNDS
2017	052-2017	REALIGNING ₱150,000 FROM 2014 AIP “IMPROVEMENT OF CANAL...” TO “IMPROVEMENT OF TURNING POINT AT PUROK 7 (MALAYA)” IN DOMINICAN-MIRADOR BARANGAY
2017	053-2017	TRANSFERRING ₱200,000 FROM SALARIES AND WAGES TO OVERTIME PAY FOR SANGGUNIANG PANLUNGSOD EMPLOYEES
2017	055-2017	BANNING UNAUTHORIZED PUBLIC CONVEYANCE VEHICLES (“COLORUM”); EMPOWERING LOCAL POLICE AND DEFINING PENALTIES
2017	056-2017	AUTHORIZING ₱38,235 FOR 2016 WATER EXPENSES OF CITY GENERAL SERVICES OFFICE TO BE CHARGED TO CURRENT APPROPRIATIONS
2017	057-2017	APPROVING TAX DELINQUENCY WAIVER OF ₱6,160 FOR SCHOOL SITE UNDER THE NAME OF THE LATE PRUDENCIO RIMANDO
2017	058-2017	STATING FUND SOURCE AS “CONTINUING CAPITAL OUTLAY” FOR COMMUTER VAN PURCHASE IN ORDINANCE NO. 006 SERIES OF 2017
2017	060-2017	FINANCIAL ASSISTANCE TO DISPLACED RESIDENTS OF MARAWI CITY FROM BAGUIO CITY DRRM FUND
2017	062-2017	REQUIRING ALL PUBLIC AND PRIVATE SCHOOL TEACHING AND NON-TEACHING PERSONNEL IN BAGUIO TO UNDERGO REGULAR DISASTER RISK REDUCTION TRAINING
2017	063-2017	CHANGING 2013 AIP PROJECT TITLE FROM “CONSTRUCTION OF DAP-AY” TO “ROOF COVERING FOR DAP-AY” IN PUROK 3, GIBRALTAR BARANGAY
2017	064-2017	CHANGING TITLES OF VARIOUS 2012 & 2015 BARANGAY PROJECTS TO “CONSTRUCTION OF MULTIPURPOSE BARANGAY HALL” FOR BIDDING PURPOSES
2017	065-2017	CHANGING PROJECT TITLE FROM “ROOFING OF SCHOOL’S QUADRANGLE” TO “ROOFING OF WALKWAY” AT ROXAS NATIONAL HIGH SCHOOL IN IMELDA MARCOS BARANGAY
2017	066-2017	CORRECTING CY2016 BUDGET ENTRY FROM “ELECTRICITY” TO “PARTIAL PAYMENT FOR NPC-OWNED LOT WHERE BAGUIO SEWERAGE TREATMENT PLANT IS LOCATED”
2017	067-2017	REVERTING ₱3,177,722.20 FROM CONTINUING DEVELOPMENT FUND TO GENERAL FUND AND REALLOCATING FOR SLOPE REPAIRS AND ROAD PROJECTS IN VARIOUS BARANGAYS
2017	068-2017	REQUIRING HIGHER EDUCATION INSTITUTIONS IN BAGUIO TO MAINTAIN ANNUAL CAMPUS SECURITY REPORTS; PRESCRIBING DATA, POLICIES AND REVIEW PROCESSES
2017	069-2017	REQUIRING ALL SECURITY GUARDS, OFFICERS, AND CONSULTANTS IN BAGUIO TO UNDERGO LOCAL TRAININGS ON EMERGENCY RESPONSE, TRAFFIC CONTROL, AND CRIME REPORTING
2017	070-2017	CHANGING 2017 AIP PROJECT TITLE FROM “IMPROVEMENT OF BARANGAY VIEW DECK” TO “CONSTRUCTION OF TANOD OUTPOST AT VIEW DECK” IN MIDDLE QUIRINO HILL BARANGAY
2017	071-2017	AUTHORIZING ₱10,080 PAYMENT FOR STEP INCREMENT OF ZONING INSPECTOR II VIRGILIO H. TUMAYAN FROM PERSONAL SERVICES-SALARIES & WAGES BUDGET
2017	072-2017	AUTHORIZING CHARGE OF ₱10,883 FROM SALARIES AND WAGES ACCOUNT FOR DECEMBER 2016 PAYMENT IN THE GENERAL SERVICES OFFICE
2017	073-2017	REALIGNING ₱200,000 FROM SEWER LINE INSTALLATION TO COVERED PATHWALK PROJECT FROM ANDRADA TO TANDOC-FERNANDEZ AREA
2017	074-2017	REALIGNING ₱100,000 FROM DRAINAGE ALONG YARCIA–SORIANO RESIDENCE TO DRAINAGE NEAR MARICEL DE LEON RESIDENCE
2017	075-2017	REALIGNING ₱203,484.24 FROM ERODED PATHWAY NEAR ESICAN'S RESIDENCE TO REHABILITATION OF ALLEY AT UPPER LITENG
2017	076-2017	CHANGING PROJECT TITLE IN CY2014 AIP FROM “CONTINUATION OF DRAINAGE CANAL FROM JAMES PARAAN RESIDENCE TO JOEL PALANGEO RESIDENCE” TO “CONTINUATION OF PATHWAY FROM JAMES PARAAN RESIDENCE TO JOEL PALANGEO RESIDENCE” IN CAMP 8 BARANGAY; FUNDING OF ₱200,000 UNDER 2014 DEVELOPMENT FUND
2017	077-2017	APPROVING ₱2,000 OR ₱1,000 GRATUITY PAY FOR QUALIFIED JOB ORDER AND CONTRACT OF SERVICE WORKERS FOR 2016 SERVICE
2017	080-2017	APPROVING 50% DISCOUNT ON AMUSEMENT TAX, CO-SPONSORSHIP, FIREWORKS DISPLAY, AND VENUE USE WITH CONDITIONS FOR SEPTEMBER 2, 2017 EVENT
2017	081-2017	REALIGNING ₱111,177.16 FROM CY2015 AIP “CONTINUATION OF PATHWAY WITH GUTTER BELOW MR. ESTEBAN MALLARI’S RESIDENCE” TO “CONTINUATION OF CROSS DRAINAGE CANAL WITH GUTTER IN FRONT OF SAME RESIDENCE” IN PUROK 3, IRISAN BARANGAY
2017	082-2017	APPROVING EXEMPTION FROM AMUSEMENT TAX ON TICKET SALES FOR PRE-PAGEANT (SEPT 2) AND GRAND CORONATION NIGHT (SEPT 17) OF MISS BAGUIO 2017, ORGANIZED BY SONNY T. PRODUCTION AS PART OF THE CITY’S 108TH CHARTER ANNIVERSARY
2017	083-2017	AUTHORIZING TRANSFER FROM PRINTING EXPENSES TO INSURANCE (₱20K) AND VEHICLE REPAIRS (₱70K) IN CITY VETERINARY OFFICE
2017	084-2017	APPROVING TAX EXEMPTION FOR TICKET SALES FOR 4TH SEASON HIP-HOP COMPETITION FOR A CAUSE HELD ON AUGUST 28, 2017
2017	086-2017	APPROVING CO-SPONSORSHIP, TAX EXEMPTION, AND DISCOUNTS FOR CAR CLUB EVENT WITH BENEFICIARY BABY AKI HERO DE LOS SANTOS
2017	087-2017	TRANSFERRING FUNDS FROM BUILDING REPAIR TO CONSULTANCY FOR SANITARY AND PLUMBING AUDIT AND COMFORT ROOM REFURBISHMENT
2017	088-2017	AUTHORIZING PAYMENT OF FUEL CONSUMPTION FROM NOVEMBER 2016 IN CITY GENERAL SERVICES OFFICE USING 2017 BUDGET
2017	089-2017	REALIGNING FUNDS FROM MACHINERY REPAIRS TO PAY AUTO INSURANCE FOR NEW VEHICLE IN CIVIL REGISTRY OFFICE
2017	090-2017	CHANGING 2016 AIP TITLE FROM ROAD WITH DRAINAGE TO CONCRETING OF TIRE PATH AT GUMANGAN ROAD
2017	091-2017	TRANSFERRING ₱400K FUNDS TO COPPER STREET EXTENSION ROAD PROJECT INSTEAD OF PAVEMENT OF MULTI-PURPOSE HALL
2017	092-2017	TRANSFERRING ₱100K FROM MERCURY STREET ROAD CANAL PROJECT TO RIPRAP CANAL ON BRONZE STREET
2017	093-2017	CHANGING 2016 AIP PROJECT TITLE FROM “OPEN CONCRETE CANAL…” TO “RIPRAP WITH CONCRETE CANAL…” AT BRONZE STREET, UPPER QUEZON HILL BARANGAY
2017	094-2017	CHANGING 2016 AIP PROJECT TITLE FROM “DRAINAGE SYSTEM AT MAGSAYSAY AVENUE” TO “REHABILITATION AND IMPROVEMENT OF WATERWAYS…” IN CAMDAS BARANGAY
2017	095-2017	CHANGING 2011 AIP PROJECT TITLE FROM “COMPLETION OF FOREST NURSERY…” TO “DEVELOPMENT OF FOREST NURSERY…” AT AMBUKLAO ROAD
2017	100-2017	REVERTING ₱120,000 FROM TRAINING EXPENSES TO TRAVELING EXPENSES TO PAY FOR 4 CSWDO PARTICIPANTS SENT TO BANGKOK TRAINING
2017	101-2017	REVERTING ₱1,450,000 FROM PROJECT ID 2015-229 TO “REHABILITATION OF PAVEMENT AT UPPER ROCK QUARRY BARANGAY”
2017	102-2017	CHANGING 2016 AIP PROJECT TITLE FROM “REPAIR OF DRAINAGE SEWER…” TO “REPAIR OF DRAINAGE CANALS…” IN CITY CAMP CENTRAL BARANGAY
2017	103-2017	CHANGING 2016 AIP PROJECT TITLE FROM “COVERED CANAL AT GLADIOLA ST.” TO “REHABILITATION OF DRAINAGE CANAL AT CAMELLA ST.”
2017	104-2017	CHANGING 2017 AIP PROJECT TITLE FROM “T. CLAUDIO TO LMS-DENR” TO “F. CALDERON STREET TO LMS-DENR”
2017	105-2017	APPROVING TEMPORARY CLOSURE OF SESSION ROAD AND ASSUMPTION ROAD ON OCTOBER 27, 2017 FOR UNIVERSITY OF BAGUIO’S HALLOWEEN PARADE EVENT
2017	106-2017	GRANTING MONTHLY SALARY EQUIVALENT OR MINIMUM ₱10K WELFARE ASSISTANCE TO ALL CITY OFFICIALS AND EMPLOYEES INCLUDING JOB ORDER CONTRACTS BASED ON LENGTH OF SERVICE AND CONDITIONS
2017	108-2017	REALIGNING CY2009 DEVELOPMENT FUND FOR “PATHWAY REHABILITATION AT PUROK 4” TO “PATHWAY REHABILITATION AT PUROK 3” IN CITY CAMP CENTRAL BARANGAY
2017	109-2017	REALIGNING ₱100K FROM “DRAINAGE CANAL WITH RAILINGS AT ORCHID STREET, PUROK I” TO “DRAINAGE CANAL AT CHERRY BLOSSOM STREET, PUROK I” UNDER CY2017 AIP
2017	110-2017	REALIGNING ₱1,000,000 FROM CY2015 AIP “SCREENS ALONG TRIBUTARIES GOING TO CITY CAMP LAGOON” TO “IMPROVEMENT OF VARIOUS DRAINAGE CANALS” AT LOWER ROCK QUARRY
2017	111-2017	REALIGNING ₱1,000,000 FROM CY2015 AIP “ROAD IMPROVEMENT FROM ROXAS TO CASIWEN” TO “PIAS ROAD EXTENSION IMPROVEMENT”
2017	112-2017	REALIGNING ₱1,000,000 FROM CY2016 AIP “SLOPE PROTECTION AT PUROK 7” TO “DRAINAGE SYSTEM REHABILITATION AT PUROK 5” IN WEST MODERNSITE
2017	113-2017	AMENDING CY2017 AIP PROJECT TITLE FROM “REPAINTING AND REWIRING OF FIRST FLOOR CEILING…” TO “IMPROVEMENT OF DAY CARE CENTER” IN PACDAL BARANGAY
2017	114-2017	CORRECTING PROJECT LOCATION FOR “CLARIDAD ROAD CONCRETING” FROM UPPER MAGSAYSAY TO LOWER MAGSAYSAY BASED ON CITY ENGINEERING OFFICE VERIFICATION
2017	115-2017	APPROVING TRANSFER OF ₱262,336.42 FROM SALARIES BUDGET TO TERMINAL LEAVE BENEFITS FOR LATE COUNCILOR ROBERTO C. ORTEGA
2017	116-2017	REALIGNING ₱134,500.00 ACROSS VARIOUS EQUIPMENT ACCOUNTS TO AUGMENT MOTOR VEHICLE PURCHASE UNDER THE CITY PROSECUTOR’S 2017 BUDGET
2017	117-2017	TRANSFER OF ₱1,000,000 FROM FUEL, OIL, AND LUBRICANTS EXPENSES TO REPAIR AND MAINTENANCE OF TRANSPORTATION EQUIPMENT AND BUILDINGS AT BCPO
2017	118-2017	REALIGNING ₱1,000,000 FROM DRAINAGE REHABILITATION TO CONSTRUCTION OF EVACUATION CENTER AT MULTIPURPOSE HALL OF FERDINAND BARANGAY
2017	119-2017	REALIGNING THE AMOUNT OF ₱100,000.00 FROM THE PROJECT TITLE 'IMPROVEMENT OF ALLEY STEPS FROM MR. MEDINA RESIDENCE DOWN TO MR. ILAGAN RESIDENCE OF PUROK 5' UNDER CALENDAR YEAR 2016 ANNUAL INVESMENT PROGRAM TO 'IMPROVEMENT OF ALLEY STEPS AND ALLEY CANALS FROM CERVANIA RESIDENCE DOWN TO ABELLO RESIDENCE AT PUROK 5' OF CITY CAMP PROPER BARANGAY, BAGUIO CITY.
2017	121-2017	CHANGING TITLE FROM “ROAD TO SAN CARLOS HEIGHTS ELEMENTARY SCHOOL” TO “ROAD AT PUROK 22 GOING TO SAN CARLOS HEIGHTS ELEM. SCHOOL”
2017	122-2017	TRANSFERRING ₱200,000 FROM SEWER AND CANAL PROJECTS TO PHASE TWO CONSTRUCTION OF SIDEWALK ALONG MANRIQUE STREET
2017	123-2017	REALIGNING ₱250,000 FROM DRUGS AND MEDICINES TO TRANSPORTATION REPAIRS AND ACTIVITY SUPPLIES IN CITY HEALTH SERVICES OFFICE
2017	124-2017	REALIGNING ₱1,700,000 TO MOTOR VEHICLES ACCOUNT TO SUPPORT TRANSPORT NEEDS OF CITY ASSESSOR’S OFFICE
2017	125-2017	REALIGNING ₱150,000 FROM “FOOT BRIDGE AND PATHWAY WITH RAILINGS (EVELYN LALU RESIDENCE)” TO “CONCRETING OF PATHWAY IN INC COMPOUND” IN SAN LUIS VILLAGE
2017	126-2017	REALIGNING ₱100,000 FROM “PATHWAY FROM FERRER TO BOLIDO RESIDENCE” TO “REHABILITATION OF ROAD FROM CAMACHO RESIDENCE DOWNWARDS, MAGNOLIA ALLEY” IN SAN LUIS VILLAGE
2017	127-2017	REALIGNING ₱100,000 FROM “ROAD CONSTRUCTION TO COSALAN COMPOUND” TO “REHABILITATION OF DILAPIDATED ROAD NEAR CARREON RESIDENCE, PUROK 6, JASMIN ROAD” IN SAN LUIS VILLAGE
2017	129-2017	AMENDING ORDINANCE NO. 37 S. 2017 TO CHANGE TITLE TO “TRANSFER OF FUNDS IN CITY HEALTH SERVICES OFFICE” FOR ISO CONSULTANCY EXPENSES
2017	130-2017	REALIGNING ₱200,000 FROM “CANAL FROM MANG-USAN TO AWINGAN RESIDENCE” TO “CONTINUATION OF DRAINAGE CANAL FROM BRYAN LONOGAN TO BEN OREDINA” IN CAMP 8 BARANGAY
2017	131-2017	REALIGNING ₱300,000 FROM “REHABILITATION OF DEEPWELL AT FERGUSON CROSSING” TO “PURCHASE AND INSTALLATION OF CCTVs” IN ANDRES BONIFACIO BARANGAY
2017	132-2017	"REALIGNING THE AMOUNT OF P100,000.00 FROM THE PROJECT TITLE ""CONSTRUCTION OF A COVERED COURT WITH STAGE IN FRONT OF THE BARANGAY MULTI-PURPOSE HALL"" UNDER THE 2014 ANNUAL INVESTMENT PROGRAM OF THE CITY OF BAGUIO TO PROJECT TITLE ""DECLOGGING OF CANALS AT ANDRES BONIFACIO BARANGAY"" OF ANDRES BONIFACIO BARANGAY, BAGUIO CITY."
2018	002-2018	AN ORDINANCE APPROVING THE TEMPORARY CLOSURE AND USE OF VARIOUS ROADS AND THE RE-ROUTING OF VICTORY LINER BUSES FOR THE CELEBRATION OF THE PANAGBENGA 2018 FESTIVAL, SUBJECT TO CONDITIONS
2018	003-2018	AN ORDINANCE MANDATING FUNERAL PARLORS IN THE CITY OF BAGUIO TO EMPLOY FEMALE EMBALMERS AND MORTICIANS, AND TO PERFORM THEIR DUTIES IN ACCORDANCE TO THE SEX OF THE DECEASED
2018	004-2018	AN ORDINANCE REALIGNING THE AMOUNT OF ₱100,000.00 FROM THE PROJECT ADDITIONAL FUNDING FOR THE CONSTRUCTION OF BARANGAY MULTI-PURPOSE HALL AT SAN ANTONIO VILLAGE TO CONSTRUCTION OF DRAINAGE CANAL FROM MARIANITO MONTANO TO HILARIO CACCAM OF SAN ANTONIO BARANGAY, BAGUIO CITY
2018	005-2018	AN ORDINANCE REALIGNING THE AMOUNT OF ₱8,000,000.00 FROM THE PROJECT REHABILITATION OF SEWERLINE ALONG GANZON ALLEY FROM GAYOT RESIDENCE UP TO CERVANTES RESIDENCE TO CONSTRUCTION AND REHABILITATION OF SEWERLINE AND ROAD LOCATED AT MICAEL STREET, OLD FORESTRY COMPOUND OF ENGINEER'S HILL BARANGAY, BAGUIO CITY
2018	006-2018	AN ORDINANCE REALIGNING THE AMOUNT OF ₱300,000.00 FROM THE PROJECT TITLE CONSTRUCTION OF ROOF STAGE WITHIN THE COVERED COURT FUNDED UNDER CALENDAR YEAR 2017 ANNUAL INVESTMENT PROGRAM TO CONSTRUCTION OF ROOF CANOPY OF THE EXISTING COVERED COURT (PARTIAL) AT BAGUIO CENTRAL ELEMENTARY SCHOOL, BAGUIO CITY
2018	007-2018	AN ORDINANCE REALIGNING THE AMOUNT OF ₱120,000.00 FROM THE PROJECT TITLE CONTINUATION OF REHABILITATION OF SEWER LINE AT PUROK 1 FROM FERMIN'S RESIDENCE TO REYES RESIDENCE UNDER CALENDAR YEAR 2017 ANNUAL INVESTMENT PROGRAM TO RESTORATION OF SLOPE PROTECTION NEAR THE BARANGAY HALL OF EAST BAYAN PARK BARANGAY, BAGUIO CITY
2018	008-2018	AN ORDINANCE REALIGNING THE AMOUNT OF ₱150,000.00 FROM THE PROJECT TITLE CONTINUATION OF CONSTRUCTION AND IMPROVEMENT OF ALLEY AND STAIRWAYS LEADING TO NORTH SANITARY CAMP UNDER CALENDAR YEAR 2017 ANNUAL INVESTMENT PROGRAM TO IMPROVEMENT OF THE STAIRWAYS AT THE BACK OF THE BARANGAY HALL OF LEONILA HILL (WEST BAYAN PARK) BARANGAY, BAGUIO CITY
2018	009-2018	AN ORDINANCE REALIGNING THE AMOUNT OF ₱200,000.00 FROM THE PROJECT TITLE REPAIR/RENOVATION OF THE DIZON-MANZANILLO MULTI-PURPOSE HALL UNDER ORDINANCE NUMBERED 58, SERIES OF 2016 TO CONTINUATION OF MULTI-PURPOSE HALL BUILDING AT DIZON-MANZANILLO SUBDIVISION BARANGAY, BAGUIO CITY
2018	010-2018	AN ORDINANCE CHANGING THE PROJECT TITLE CONCRETING OF KENNETH PUCDO ROAD NEAR GASIC RESIDENCE LOCATED AT MONTICELLO FUNDED UNDER CALENDAR YEAR 2017 ANNUAL INVESTMENT PROGRAM AMOUNTING TO ₱1,000,000.00 TO CONCRETING OF ROAD NEAR FISCAL LAGDAO RESIDENCE LOCATED AT MONTICELLO AT CAMP 7 BARANGAY, BAGUIO CITY
2018	011-2018	AN ORDINANCE REALIGNING THE AMOUNT OF ₱100,000.00 FROM THE PROJECT TITLE CONTINUATION DRAINAGE CANAL FROM MASKIT RESIDENCE DOWN TO THE CREEK BELOW THE BARANGAY UNDER CALENDAR YEAR 2016 ANNUAL INVESTMENT PROGRAM TO RIPRAPPING AND WIDENING OF PATHWAY BETWEEN GEORGE TABEK AND GEORGE CHAO-WIL RESIDENCE, AND BETWEEN LOPITO NABULAY AND PIO MASEGMAN RESIDENCE AT BONTOC VILLAGE OF CAMP 8 BARANGAY, BAGUIO CITY
2018	012-2018	AN ORDINANCE APPROVING THE REQUEST FOR AUTHORITY TO CHARGE AGAINST CURRENT APPROPRIATIONS EARMARKED FOR OVERTIME AND NIGHT PAY (ACCOUNT CODE 5-01-02-130) IN THE AMOUNT OF ₱80,100.61 FOR THE PAYMENT OF OVERTIME RENDERED BY CONCERNED EMPLOYEES FOR THE PERIOD NOVEMBER 2017 TO DECEMBER 2017 IN THE SANGGUNIANG PANLUNGSOD
2018	013-2019	AN ORDINANCE APPROVING THE TEMPORARY CLOSURE TO VEHICULAR TRAFFIC OF SESSION ROAD FROM THE ROTUNDA TO THE MABINI STREET JUNCTION, FRONTING PHILIPPINE NATIONAL BANK AND JOLLIBEE, IMMEDIATELY AFTER THE FLOAT PARADE ON 25 FEBRUARY 2018 UNTIL MIDNIGHT OF 04 MARCH 2018 FOR THE CONDUCT OF SESSION ROAD IN BLOOM AS PART OF THE CELEBRATION OF THE 2018 PANAGBENGA FESTIVAL, SUBJECT TO CONDITIONS SET IN ORDINANCE NUMBERED 02, SERIES OF 2018
2018	014-2018	AN ORDINANCE CHANGING THE PROJECT TITLE REHABILITATION OF POLICE VILLAGE MAIN ROAD LEADING TO SAN CARLOS ELEMENTARY SCHOOL LOCATED AT PUROK 20 FUNDED UNDER CALENDAR YEAR 2017 ANNUAL INVESTMENT PROGRAM AMOUNTING TO ₱200,000.00 TO REHABILITATION OF FEEDER ROAD FROM POLICE VILLAGE MAIN ROAD GOING DOWN LOCATED AT PUROK 20 AT IRISAN BARANGAY, BAGUIO CITY
2018	015-2018	AN ORDINANCE APPROVING THE REQUEST FOR AUTHORITY TO CHARGE AGAINST CURRENT APPROPRIATION IN THE AMOUNT OF ₱8,000.00 FOR THE PAYMENT OF UNPAID TELEPHONE EXPENSES AND INTERNET SUBSCRIPTION EXPENSES FOR THE YEAR 2017 IN THE BAGUIO CITY FIRE STATION
2018	016-2018	AN ORDINANCE APPROVING THE CREATION OF THE POSITION OF TOURISM OPERATIONS ASSISTANT, SG 7/1 IN THE OFFICE OF THE ADMINISTRATOR, CITY GOVERNMENT OF BAGUIO, INCLUDING ITS QUALIFICATION STANDARDS, DUTIES AND RESPONSIBILITIES, AND SALARY UNDER THE PERSONAL SERVICES EXPENDITURE
2018	017-2018	AN ORDINANCE APPROVING THE CREATION OF THE POSITION OF SPORTS DEVELOPMENT OFFICER IV, SG-22/1 IN THE OFFICE OF THE ADMINISTRATOR, CITY GOVERNMENT OF BAGUIO, INCLUDING ITS QUALIFICATION STANDARDS, DUTIES AND RESPONSIBILITIES, AND SALARY UNDER THE PERSONAL SERVICES EXPENDITURE
2018	018-2018	AN ORDINANCE AMENDING SECTION 1(E) OF ORDINANCE NUMBERED 02, SERIES OF 2018 APPROVING THE TEMPORARY CLOSURE AND USE OF VARIOUS ROADS AND THE RE-ROUTING OF VICTORY LINER BUSES FOR THE CELEBRATION OF THE PANAGBENGA 2018 FESTIVAL, SUBJECT TO CONDITIONS
2018	019-2018	AN ORDINANCE REALIGNING THE AMOUNT OF ₱100,000.00 FROM THE PROJECT TITLE IMPROVEMENT OF ROADSIDE PARK NEAR POLICE STATION UNDER CALENDAR YEAR 2015 SUPPLEMENTAL ANNUAL INVESTMENT PROGRAM TO CONCRETING OF ROAD AT WOODSGATE PHASE II (MBCA) METROPOLITAN BAPTIST CHURCH OF CAMP 7 BARANGAY, BAGUIO CITY
2018	020-2018	AN ORDINANCE APPROVING THE REQUEST FOR AUTHORITY TO CHARGE AGAINST CURRENT APPROPRIATION THE AMOUNT OF ₱19,000.00 (ACCOUNT CODE NUMBER 5-01-02-050) AND ₱9,613.00 (ACCOUNT CODE NUMBER 5-02-01-010) FOR THE PAYMENT OF SUBSISTENCE ALLOWANCE AND TRAVELLING ALLOWANCE OF PERSONNEL IN THE CITY SOCIAL WELFARE AND DEVELOPMENT OFFICE
2018	021-2018	AN ORDINANCE PROHIBITING GENDER-BASED STREET AND PUBLIC SPACES HARASSMENT IN BAGUIO CITY, AND PRESCRIBING PENALTIES THEREOF, AND FOR OTHER PURPOSES
2018	022-2018	AN ORDINANCE ESTABLISHING LACTATION OR BREASTFEEDING STATIONS IN THE WORKPLACES OF THE CITY GOVERNMENT AND PUBLIC OFFICES, BUSINESS ESTABLISHMENTS, MALLS, AND OTHER FAMILY-ORIENTED BUSINESSES IN THE CITY OF BAGUIO
2018	023-2018	AN ORDINANCE AMENDING ORDINANCE NUMBERED 50, SERIES OF 2009, WHICH FURTHER AMENDED ORDINANCE NUMBERED 271, SERIES OF 1957, SETTING CURFEW HOURS FOR MINORS TO ROAM OR PLAY ON STREETS, ROADS, PLAZAS, PARKS, PUBLIC PLACES OR ESTABLISHMENTS IN BAGUIO CITY, AND PROVIDING FOR OTHER PURPOSES
2018	024-2018	AN ORDINANCE REALIGNING THE AMOUNT OF ₱600,000.00 FROM THE PROJECT TITLE ROADSIDE IMPROVEMENT AND GARDENING C/O CEPMO UNDER THE 2016 ANNUAL INVESTMENT PROGRAM TO SPECIFIC ROADSIDE IMPROVEMENT PROJECTS AT SALUD MITRA, LOWER MAGSAYSAY, AND SESSION GOVERNOR PACK ROAD, BAGUIO CITY
2018	026-2018	AN ORDINANCE REALIGNING THE AMOUNT OF ₱1,000,000.00 FROM THE PROJECT TITLE ROAD IMPROVEMENT AT PIAS ROAD EXTENSION UNDER ORDINANCE NUMBERED 111, SERIES OF 2017 TO CONSTRUCTION OF DRAINAGE CANAL WITH COVER AT SAROK, CAMP 7 BARANGAY, BAGUIO CITY
2018	027-2018	AN ORDINANCE AMENDING ORDINANCE NUMBERED 61, SERIES OF 2008 (CLEAN AIR ORDINANCE OF THE CITY OF BAGUIO) BY INCLUDING A PROVISION THAT ACCOUNTS OF OFFENSES OF POLLUTING VEHICLES SHALL BE RESET YEARLY AND NOT COUNTED ACCUMULATIVELY IN CONSIDERATION OF THE NORMAL WEAR AND TEAR OF VEHICLES WHICH IS BEYOND THE CONTROL OF MOTORIST
2018	031-2018	AN ORDINANCE REALIGNING THE AMOUNT OF ₱200,000.00 FROM THE PROJECT TITLE CONSTRUCTION OF DRAINAGE CANAL WITH COVER AT MRS. DOMINGA OYAGON TO MRS. MARIA UYAN RESIDENCE LOCATED AT TAPINAO UNDER THE 2014 ANNUAL INVESTMENT PROGRAM TO REHABILITATION OF THE EXISTING PATHWAY BELOW JENNIFER PUDDUNAN RESIDENCE AT PUROK 2 OF LOAKAN-APUGAN BARANGAY, BAGUIO CITY
2018	032-2018	AN ORDINANCE APPROVING THE CREATION OF THE POSITION OF LOCAL DISASTER RISK REDUCTION AND MANAGEMENT OFFICER IV, SG-22/1 IN THE CITY DISASTER RISK REDUCTION MANAGEMENT OFFICE, CITY GOVERNMENT OF BAGUIO, INCLUDING ITS QUALIFICATION STANDARDS, DUTIES AND RESPONSIBILITIES, AND SALARY UNDER THE PERSONAL SERVICES EXPENDITURE
2018	033-2018	AN ORDINANCE APPROVING THE REQUESTS OF ORIGIN8, INC. FOR A 50% DISCOUNT ON AMUSEMENT TAX AND RENTAL FEES, COSPONSORSHIP BY THE CITY GOVERNMENT OF BAGUIO, AND THE SETTING UP OF TEN FOOD STALLS AND TEN NON-FOOD STALLS FOR THEIR EVENT, FIGHTCON/OVERDRIVE, TO BE HELD FROM 02 TO 03 MARCH 2018 AT THE BAGUIO ATHLETIC BOWL
2018	034-2018	AN ORDINANCE REALIGNING THE AMOUNT OF ₱1,050,000.00 FROM PROJECTS FUNDED UNDER THE 2013, 2015, AND 2017 ANNUAL INVESTMENT PLANS FOR COVERED COURT CONSTRUCTION AT BAGUIO CITY NATIONAL HIGH SCHOOL–RIZAL ANNEX, GIBRALTAR BARANGAY, TO “CONSTRUCTION OF RIZAL NATIONAL HIGH SCHOOL TWO-STOREY CLASSROOM AT GIBRALTAR”
2018	035-2018	AN ORDINANCE INSTITUTIONALIZING THE CONDUCT OF THE URBAN FARMERS' MONTH CELEBRATION EVERY MAY OF EVERY YEAR IN THE CITY OF BAGUIO AND PROVIDING FUNDS THEREFOR
2018	036-2018	AN ORDINANCE GOVERNING THE CONDUCT OF PARTICIPATORY LEGISLATION IN THE CITY OF BAGUIO, PROVIDING GUIDELINES FOR PUBLIC INVOLVEMENT IN LEGISLATIVE PROPOSALS THROUGH MECHANISMS SUCH AS PUBLIC SUMMITS, CONSULTATIONS, AND STAKEHOLDER ENGAGEMENT. THE ORDINANCE DEFINES TERMS, OUTLINES PROCESSES FOR INVITING ACCREDITED GROUPS, ESTABLISHES PARTICIPATION STRATEGIES, AND REQUIRES THE COLLATION AND UTILIZATION OF PUBLIC INPUT IN LEGISLATIVE REPORTS, WHILE ALSO SETTING ACCOUNTABILITY MEASURES FOR NON-COMPLIANCE
2018	037-2018	AN ORDINANCE REALIGNING THE AMOUNT OF ₱8,000,000.00 SAVINGS FROM THE PROJECT “CONSTRUCTION OF RILLERA BUILDING” UNDER THE 2014 SUPPLEMENTAL ANNUAL BUDGET TO “INSTALLATION OF A ROOF BETWEEN RILLERA BUILDING AND BLOCK III, BETWEEN BLOCK III AND BLOCK IV, AND BETWEEN BLOCK IV AND TOBACCO SECTION AND SECOND HAND PROPER SECTION” AT THE CITY MARKET, BAGUIO CITY
2018	038-2018	AN ORDINANCE GRANTING A 50% DISCOUNT TO UP SIGMA BETA SORORITY ON THE PAYMENT OF AMUSEMENT TAX FOR THEIR EVENT, “TRAFFIC JAM 10: RUSH HOUR,” HELD ON 17 FEBRUARY 2018, SUBJECT TO THE CONDITION THAT THE ORGANIZER SHALL SUBMIT FINANCIAL REPORTS AND CERTIFICATIONS/JUSTIFICATIONS SHOWING THAT THEIR BENEFICIARY, THE CORDILLERA WOMEN'S EDUCATION ACTION AND RESEARCH CENTER, RECEIVED THEIR SHARE FROM THE EVENT’S PROCEEDS
2018	039-2018	AN ORDINANCE APPROVING THE REQUEST FOR AUTHORITY TO CHARGE VARIOUS EXPENDITURES AGAINST 2017 AND 2018 APPROPRIATIONS OF THE GENERAL SERVICES OFFICE, INCLUDING:
2018	040-2018	"AN ORDINANCE REALIGNING THE AMOUNT OF ₱1,000,000.00 FROM THE PROJECT, ""CONTINUATION OF THE MAIN DRAINAGE CANAL & CREEK LINING"" UNDER CALENDAR YEAR 2017 ANNUAL INVESTMENT PLAN TO PROJECT, ""COMPLETION OF MULTI-PURPOSE COVERED COURT"" OF SANTO ROSARIO VALLEY BARANGAY, BAGUIO CITY."
2018	042-2018	AN ORDINANCE APPROVING THE TEMPORARY CLOSURE OF THE ROAD AT SAN ROQUE VILLAGE BARANGAY, BAGUIO CITY, TO VEHICULAR TRAFFIC DURING THE IMPLEMENTATION OF ITS REHABILITATION/REPAIR.
2018	043-2018	AN ORDINANCE ADOPTING THE USE OF ENERGY SAVING TECHNOLOGIES AND RENEWABLE ENERGY TO BE INSTALLED/USED IN CITY GOVERNMENT OWNED BUILDINGS, FACILITIES, PARKS, ROADS, OVERPASSES, AND ON GOVERNMENT PROJECTS OF THE CITY OF BAGUIO.
2018	044-2018	AN ORDINANCE DECLARING IT UNLAWFUL FOR ANY PERSON TO MAKE OR CAUSE EXCESSIVE, UNNECESSARY, OR UNUSUALLY LOUD SOUNDS FROM AUDIO DEVICES WITHIN RESIDENTIAL AREAS AND PUBLIC STREETS IN BAGUIO CITY, ESPECIALLY BETWEEN 10:00 P.M. AND 5:00 A.M., WITH SPECIFIC EXEMPTIONS, PENALTIES, AND IMPLEMENTATION GUIDELINES
2018	045-2018	AN ORDINANCE APPROVING THE REQUEST TO CHARGE AGAINST CURRENT APPROPRIATIONS UNDER REPAIRS AND MAINTENANCE – TRANSPORTATION EQUIPMENT (ACCOUNT CODE 5-02-13-060) THE AMOUNT OF ₱8,360.00 FOR THE FULL PAYMENT OF REPAIR AND MAINTENANCE OF GOVERNMENT VEHICLE BEARING PLATE NO. SJV 750 OF THE SANGGUNIANG PANLUNGSOD (CITY COUNCIL)
2018	046-2018	AN ORDINANCE REALIGNING THE AMOUNT OF ₱100,000.00 FROM THE PROJECT TITLE “IMPROVEMENT OF DAP-AY AT BONTOC VILLAGE” UNDER THE 2015 ANNUAL INVESTMENT PROGRAM TO “IMPROVEMENT OF DAP-AY (BEAM AND WALLING) AND CONTINUATION OF DAP-AY IMPROVEMENTS (ROOFING)” IN CAMP 8 BARANGAY, BAGUIO CITY
2018	047-2018	AN ORDINANCE APPROVING THE REQUEST TO CHARGE ₱5,220.00 AGAINST THE CURRENT APPROPRIATION OF THE CITY PLANNING AND DEVELOPMENT OFFICE UNDER REPRESENTATION EXPENSES (ACCOUNT CODE 5-02-99-030) FOR THE PAYMENT OF ADDITIONAL COST OF MEALS SERVED DURING THE CITY DEVELOPMENT COUNCIL MEETING HELD ON 23 NOVEMBER 2017
2018	048-2018	AN ORDINANCE APPROVING THE REQUEST TO CHARGE AGAINST THE CURRENT APPROPRIATION OF THE CITY HUMAN RESOURCE MANAGEMENT OFFICE THE AMOUNT OF ₱5,700.00 FOR OTHER SUPPLIES AND MATERIALS EXPENSES AND ₱47,500.00 FOR PRIZES, TO COVER THE COST OF TWO PLAQUES AND CASH AWARDS THAT WERE NOT INCLUDED IN THE 2017 OBLIGATION SUBMISSION
2018	050-2018	"AN ORDINANCE REALIGNING THE AMOUNT OF ₱100,000.00 FROM THE PROJECT, ""CONSTRUCTION OF JOAQUIN SMITH NATIONAL HIGH SCHOOL PTA OFFICE"" UNDER CALENDAR YEAR 2012 ANNUAL INVESTMENT PLAN TO PROJECT, ""ROOFING OF SCHOOL STAGE OF JOAQUIN SMITH NATIONAL HIGH SCHOOL""."
2018	051-2018	"AN ORDINANCE REALIGNING THE AMOUNT OF ₱150,000.00 FROM THE PROJECT, ""COMPLETION OF THE POLICE OUTPOST AT LEGARDA ROAD CORNER CITY CAMP ALLEY"" UNDER CALENDAR YEAR 2014 ANNUAL INVESTMENT PLAN TO, ""REPAINTING OF THE INTERNAL AND EXTERNAL OF THE BARANGAY HALL AND BARANGAY COVERED COURT"" OF CITY CAMP PROPER BARANGAY, BAGUIO CITY."
2018	052-2018	AN ORDINANCE CHANGING THE PROJECT TITLE “OPENING OF ROAD WITH CONCRETE CANAL FROM PENAFIEL RESIDENCE TO DELA CRUZ RESIDENCE AND RIPRAP” UNDER THE 2015 ANNUAL INVESTMENT PROGRAM AMOUNTING TO ₱400,000.00 TO “OPENING OF ROAD WITH RIP-RAP FROM MUYARGAS RESIDENCE TO PENAFIEL RESIDENCE” AT UPPER QUEZON HILL BARANGAY, BAGUIO CITY.
2018	053-2018	AN ORDINANCE INSTITUTIONALIZING THE SEARCH FOR THE BEST PERFORMING BARANGAYS IN THE CITY OF BAGUIO, PROVIDING GUIDELINES AND FOR OTHER PURPOSES.
2018	054-2018	AN ORDINANCE APPROVING THE REQUEST FOR AUTHORITY TO CHARGE AGAINST CURRENT APPROPRIATION OF THE CITY BUILDINGS AND ARCHITECTURE OFFICE THE AMOUNT OF ₱112,000.00 EARMARKED FOR OTHER MAINTENANCE AND OPERATING EXPENSES (ACCOUNT CODE 5-02-99-990) FOR THE PAYMENT OF THE COST OF CLOTHING MATERIAL USED FOR THE TINATIK ART CHRISTMAS TREE.
2018	055-2018	AN ORDINANCE APPROVING THE REQUEST TO CHARGE AGAINST THE CURRENT APPROPRIATIONS OF THE OFFICE OF THE CITY ASSESSOR THE AMOUNT OF ₱60,000.00 EARMARKED FOR RETIREMENT GRATUITY (ACCOUNT CODE 5-01-04-020) TO COVER THE CASH INCENTIVE OF MR. LUIS A. ORTENCIO, WHO RETIRED EFFECTIVE 01 JANUARY 2017 AFTER RENDERING 35 YEARS IN GOVERNMENT SERVICE
2018	056-2018	AN ORDINANCE REALIGNING THE AMOUNT OF ₱500,000.00 FROM THE PROJECT “IMPROVEMENT OF DRAINAGE AND SIDEWALK MAIN ROAD AT GENERAL V. LIM STREET” UNDER THE 2017 ANNUAL INVESTMENT PLAN TO “CONCRETING OF THE DILAPIDATED PORTION OF GENERAL V. LIM STREET” IN BURNHAM LEGARDA BARANGAY, BAGUIO CITY, FOLLOWING THE RECOMMENDATIONS OF THE BARANGAY AND CITY ENGINEERING OFFICE
2018	057-2018	AN ORDINANCE CHANGING THE PROJECT TITLE “REHABILITATION OF WASHED-OUT ROAD CAUSED BY TYPHOON LANDO AT PUROK 5 KALKALAN BESIDE MR. BAGARES RESIDENCE” UNDER THE 2018 ANNUAL INVESTMENT PLAN TO “REHABILITATION OF ROAD AT PUROK 5 KALKALAN” AT PINSAO PROJECT BARANGAY, BAGUIO CITY, RETAINING THE FUNDING SOURCE OF ₱1,941,000.00 UNDER THE 2018 CITY DISASTER RISK REDUCTION MANAGEMENT FUND
2018	058-2018	AN ORDINANCE CHANGING THE PROJECT TITLE “CONSTRUCTION OF BOX CULVERT WITH CROSS DRAIN FROM AVILLANOSA'S RESIDENCE TO MIGUEL'S RESIDENCE AT PUROK 14-A” UNDER THE 2018 ANNUAL INVESTMENT PLAN TO “IMPROVEMENT OF DRAINAGE CANAL AT PUROK 14-A” AT IRISAN BARANGAY, BAGUIO CITY, WITH A TOTAL ALLOCATION OF ₱2,000,000.00 FUNDED THROUGH THE 2018 DEVELOPMENT FUND
2018	059-2018	AN ORDINANCE APPROVING THE TEMPORARY CLOSURE OF SOTERO LAUREL STREET, FROM CORNER UPPER GENERAL LUNA ROAD TO CORNER UPPER BONIFACIO STREET, TO VEHICULAR TRAFFIC DURING THE DISMANTLING OF THE TOWER CRANE AT GOSHEN LAND TOWER ON 24–26 APRIL 2018 FROM 9:00 P.M. TO 6:00 A.M., SUBJECT TO CONDITIONS INCLUDING ROUTINE TRAFFIC MANAGEMENT, ALTERNATIVE ROUTE SIGNAGE, AND COORDINATION WITH POLICE AND BARANGAY OFFICIALS
2018	060-2018	AN ORDINANCE DECLARING AND INSTITUTIONALIZING THE 1ST FRIDAY OF DECEMBER OF EVERY YEAR AS EMPLOYEES SUMMIT OF THE CITY GOVERNMENT OF BAGUIO, PROVIDING FUNDS THEREOF AND OTHER PURPOSES.
2018	061-2018	AN ORDINANCE APPROVING THE REQUEST FOR AUTHORITY TO CHARGE AGAINST CURRENT APPROPRIATION OF THE CITY LEGAL OFFICE THE AMOUNT OF ₱87,393.60 EARMARKED FOR PRINTING AND PUBLICATION EXPENSES (ACCOUNT CODE 5-02-99-020) FOR THE PAYMENT OF PUBLISHED SUMMONS BY PUBLICATION OF CIVIL CASE NO. 4874-R IN THE PHILIPPINE DAILY INQUIRER ISSUES OF 18 AND 25 NOVEMBER 2016.
2018	062-2018	AN ORDINANCE APPROVING THE REQUEST FOR AUTHORITY TO CHARGE AGAINST 2018 APPROPRIATIONS OF THE OFFICE OF THE CLERK OF COURT, MUNICIPAL TRIAL COURT IN CITIES, THE AMOUNT OF ₱3,300.00 EARMARKED FOR REPRESENTATION EXPENSES (ACCOUNT CODE 5-02-99-030) TO AUGMENT A DEFICIENCY IN THE OBLIGATION REQUEST UNDER THE YEAR 2017.
2018	063-2018	AN ORDINANCE AMENDING SECTION 1 OF ORDINANCE NUMBERED 59, SERIES OF 2018 OF THE CITY OF BAGUIO APPROVING THE TEMPORARY CLOSURE OF SOTERO LAUREL STREET CORNER UPPER GENERAL LUNA ROAD TO SOTERO LAUREL CORNER UPPER BONIFACIO STREET TO VEHICULAR TRAFFIC DURING THE DISMANTLING OF THE TOWER CRANE AT GOSHEN LAND TOWER LOCATED ALONG UPPER GENERAL LUNA ROAD, BAGUIO CITY.
2018	064-2018	AN ORDINANCE APPROVING THE REQUEST FOR AUTHORITY TO CHARGE THE SUM OF ₱19,155.84 AGAINST 2018 APPROPRIATIONS OF THE CITY BUILDINGS AND ARCHITECTURE OFFICE (CBAO), EARMARKED FOR SALARIES AND WAGES-REGULAR (ACCOUNT CODE 5-01-01-010) FOR THE PAYMENT OF A SALARY FOR THE MONTH OF DECEMBER 2017 AND TERMINAL LEAVE OF ENGR. FRAMAR M. DEGAY, FORMER ENGINEER I (CIVIL ENGINEER), THEREAT.
2018	065-2018	AN ORDINANCE DECLARING THE INTERIOR ROAD OF HAPPY HOMES-OLD LUCBAN, BAGUIO CITY AS A ONE-WAY FLOW VEHICULAR PASSAGE FROM ITS ENTRY POINT ALONG MAGSAYSAY AVENUE FRONTING THE LUCBAN ELEMENTARY SCHOOL TO ITS EXIT POINT ALONG THE SAME MAGSAYSAY AVENUE FRONTING THE ELEGANT HOTEL AND PROVIDING PENALTIES FOR VIOLATION THEREOF.
2018	066-2018	AN ORDINANCE APPROVING THE REQUEST TO CHARGE ₱1,246.00 AGAINST THE 2018 APPROPRIATIONS OF THE CITY TREASURY OFFICE UNDER SUBSCRIPTION EXPENSES (ACCOUNT CODE 5-02-99-070) TO COVER THE COST OF A NEWSPAPER SUBSCRIPTION, AS REQUESTED BY THE CITY TREASURER AND RECOMMENDED FOR APPROVAL BY THE COMMITTEE ON APPROPRIATIONS AND FINANCE
2018	067-2018	AN ORDINANCE REALIGNING THE AMOUNT OF ₱1,000,000.00 FROM THE PROJECT “CONSTRUCTION OF DRAINAGE CANAL WITH COVER AT SAROK, CAMP 7 BARANGAY” UNDER ORDINANCE NO. 026, SERIES OF 2018 TO “IMPROVEMENT OF ROAD WITH DRAINAGE CANAL AT AMISTAD,” STILL WITHIN CAMP 7 BARANGAY, BAGUIO CITY.  FUND.
2018	068-2018	AN ORDINANCE REALIGNING THE AMOUNT OF ₱259,500.00 FROM THE PROJECT “REHABILITATION OF DRAINAGE AT TIMES TRANSIT TERMINAL” UNDER THE 2017 ANNUAL INVESTMENT PLAN TO THE NEW PROJECT “REHABILITATION OF CANAL WITH COVER ALONG MAKATI” LOCATED IN SLAUGHTER HOUSE COMPOUND, STO. NIÑO BARANGAY, BAGUIO CITY.
2018	069-2018	AN ORDINANCE SUPPORTING THE CONDUCT OF AN EXTENSIVE MEDICAL SERVICES EXCLUSIVELY FOR WOMEN WITH DISABILITIES AND APPROPRIATING FUNDS THEREOF.
2018	070-2018	"AN ORDINANCE REALIGNING THE AMOUNT OF ₱11,500,000.00 FROM THE PROJECT ""SITE DEVELOPMENT OF AN ENGINEERED SANITARY LANDFILL (ESL) (PURCHASE AND DEVELOPMENT OF INTEGRATED SOLID WASTE DISPOSAL SITE)"" UNDER CALENDAR YEAR 2014 ANNUAL INVESTMENT PLAN TO ""IMPROVEMENT OF THE DAIRY FARM, TRANSFER STATION"", DAIRY FARM, DEPARTMENT OF AGRICULTURE, BARANGAY DONTOGAN, BAGUIO CITY."
2018	072-2018	AN ORDINANCE APPROVING THE REQUEST FOR AUTHORITY TO CHARGE AGAINST CURRENT APPROPRIATION OF THE CITY BUDGET OFFICE EARMARKED FOR SALARIES AND WAGES-REGULAR (ACCOUNT CODE 5-01-01-010) THE AMOUNT OF ₱21,961.82 FOR THE PAYMENT OF UNOBLIGATED SALARY FOR THE PERIOD 01 TO 14 MAY 2014 OF MR. DANTE ROTOR.
2018	074-2018	"AN ORDINANCE REALIGNING OF FUNDS UNDER THE 2018 ANNUAL INVESTMENT PLAN IN THE AMOUNT OF ₱850,000.00 FROM THE PROJECT TITLE ""REHABILITATION OF DRAINAGE CANAL AND SLOPE PROTECTION ALONG ADIWANG ROAD, PUROK 6"" TO ""REHABILITATION OF DRAINAGE CANAL WITH GRATINGS AT PUROK 6, TELLO STREET"" AT DONTOGAN BARANGAY, BAGUIO CITY."
2018	075-2018	AN ORDINANCE DISALLOWING THE GRANT OF EXEMPTION OR OUTRIGHTLY DENIES APPLICATIONS FOR EXCEPTION, VARIANCE OR NON CONFORMING USE OF COMMERCIAL AND INSTITUTIONAL BUILDINGS RELATIVE TO THE PARKING LOT REQUIREMENT WITHIN THE CENTRAL BUSINESS DISTRICT AREA IN THE CITY OF BAGUIO, AND SETTING THE GUIDELINES FOR THE IMPLEMENTATION OF ARTICLE VIII OF ORDINANCE NUMBERED 63, SERIES OF 2016.
2018	076-2018	AN ORDINANCE REQUIRING ALL BUSINESS OWNERS OPERATING IN THE CITY OF BAGUIO TO INSTALL REFLECTORIZED TAPES OR EYE-CATCHING MARKERS ON ALL GLASS DOORS AND GLASS PANELS OF THEIR BUSINESS ESTABLISHMENTS FOR PURPOSES OF PUBLIC SAFETY, AND PROVIDING FINES FOR VIOLATION THEREOF.
2018	077-2018	AN ORDINANCE FURTHER AMENDING ORDINANCE NUMBERED 243, SERIES OF 1956 [AN ORDINANCE REGULATING THE OPERATION OF RECREATION VEHICLES AT BURNHAM PARK, FIXING THE RATES THEREFOR, AND PROVIDING FOR OTHER PURPOSES], AS AMENDED.
2018	079-2018	AN ORDINANCE APPROVING THE REQUEST FOR AUTHORITY TO CHARGE THE AMOUNT OF ₱49,000.00 AGAINST 2018 APPROPRIATIONS OF THE CITY ENGINEERING OFFICE, EARMARKED FOR SALARIES AND WAGES (ACCOUNT CODE 5-01-01-010), FOR THE PAYMENT OF TERMINAL LEAVE BENEFITS AND OTHER PERSONNEL BENEFITS OF MR. NAPOLEON S. OCAMPO SR., FORMER LABORER II THEREAT.
2018	080-2018	AN ORDINANCE APPROVING THE TRANSFER OF FUNDS IN THE AMOUNT OF ₱40,000.00 AGAINST THE CITY DISASTER RISK REDUCTION MANAGEMENT OFFICE'S 2018 APPROPRIATIONS, EARMARKED FOR REPAIRS AND MAINTENANCE-TRANSPORTATION EQUIPMENT (ACCOUNT CODE 5-02-13-060), TO AUGMENT FUND FOR INSURANCE EXPENSES (ACCOUNT CODE 5-02-16-030).
2018	081-2018	AN ORDINANCE AMENDING THE TITLE AND SECTION 1 OF ORDINANCE NUMBERED 72, SERIES OF 2018 [APPROVING THE REQUEST FOR AUTHORITY TO CHARGE AGAINST CURRENT APPROPRIATION OF THE CITY BUDGET OFFICE EARMARKED FOR SALARIES AND WAGES-REGULAR (ACCOUNT CODE 5-01-01-010) THE AMOUNT OF ₱21,961.82 FOR THE PAYMENT OF UNOBLIGATED SALARY FOR THE PERIOD 01 TO 14 MARCH 2014 OF MR. DANTE ROTOR.].
2018	082-2018	AN ORDINANCE APPROVING THE REQUEST FOR AUTHORITY TO CHARGE THE AMOUNT OF ₱1,608.21 AGAINST CURRENT APPROPRIATIONS OF THE CITY BUILDINGS AND ARCHITECTURE OFFICE, EARMARKED FOR SALARIES AND WAGES (ACCOUNT CODE 5-01-01-010), FOR THE PAYMENT OF EMPLOYER'S SHARE IN VARIOUS BENEFITS OF ENGR. FRAMAR M. DEGAY, FORMER ENGINEER I.
2018	083-2018	AN ORDINANCE AMENDING SECTION 1 OF ORDINANCE NUMBERED 39, SERIES OF 2018 [APPROVING THE REQUEST FOR AUTHORITY TO CHARGE VARIOUS EXPENDITURES AGAINST 2017 AND 2018 APPROPRIATIONS OF THE GENERAL SERVICES OFFICE].
2018	084-2018	AN ORDINANCE APPROVING THE TRANSFER OF FUNDS IN THE AMOUNT OF ₱35,000.00 AGAINST THE CITY CIVIL REGISTRY OFFICE'S 2018 APPROPRIATIONS, EARMARKED FOR OTHER GENERAL SERVICES (ACCOUNT CODE 5-02-12-990), TO REPAIRS AND MAINTENANCE-TRANSPORTATION EQUIPMENT (ACCOUNT CODE 5-02-13-060), TO BE USED FOR THE PURCHASE OF TIRES FOR THE SERVICE VEHICLE.
2018	085-2018	AN ORDINANCE APPROVING THE REQUEST FOR AUTHORITY TO CHARGE THE AMOUNT OF ₱142,000.00 AGAINST 2018 APPROPRIATIONS OF THE CITY VETERINARY OFFICE, EARMARKED FOR REPAIRS AND MAINTENANCE-MACHINERY AND EQUIPMENT (ACCOUNT CODE 5-02-13-050), TO DEFRAY PAYMENT OF THE REPAIR OF SUBMERSIBLE DEEP WELL PUMP.
2018	086-2018	"AN ORDINANCE CHANGING THE PROJECT TITLE ""OPENING AND CONTINUATION OF ROAD RIGHT OF WAY AT IRON STREET GOING TO COPPER STREET"" UNDER THE 2018 ANNUAL INVESTMENT PLAN AMOUNTING TO ₱250,000.00 TO ""CONTINUATION OF ROAD FROM COPPER STREET EXTENSION TO IRON STREET"" AT UPPER QUEZON HILL BARANGAY, BAGUIO CITY."
2018	087-2018	AN ORDINANCE AMENDING SECTION 2.3 AND SECTION 4.1 OF ORDINANCE NUMBERED 45, SERIES OF 2013 [HONORING THE CENTENARIANS OF THE CITY OF BAGUIO], AS AMENDED.
2018	088-2018	"AN ORDINANCE CHANGING THE PROJECT TITLE ""REHABILITATION OF ELPIDIO QUIRINO ELEMENTARY SCHOOL COVERED COURT ROOM INCLUDING ITS SEPTIC TANK"" FUNDED UNDER THE 2018 ANNUAL INVESTMENT PLAN AMOUNTING TO ₱400,000.00 TO ""REHABILITATION OF ELPIDIO QUIRINO ELEMENTARY SCHOOL COVERED COURT COMFORT ROOM INCLUDING ITS SEPTIC TANK"" AT IRISAN BARANGAY, BAGUIO CITY."
2018	090-2018	"AN ORDINANCE CHANGING THE PROJECT TITLE ""IMPROVEMENT OF SENIOR CITIZEN HALL"" UNDER THE 2015 ANNUAL INVESTMENT PLAN AMOUNTING TO ₱100,000.00 TO ""SENIOR CITIZENS' COMFORT ROOM"" AT STO. NIÑO-SLAUGHTERHOUSE COMPOUND BARANGAY, BAGUIO CITY."
2018	091-2018	"AN ORDINANCE CHANGING THE PROJECT TITLE ""CONSTRUCTION OF BARANGAY MULTI-PURPOSE HALL"" UNDER THE 2018 ANNUAL INVESTMENT PLAN AMOUNTING TO ₱250,000.00 TO ""IMPROVEMENT OF BARANGAY MULTI-PURPOSE BUILDING"" AT CITY CAMP PROPER BARANGAY, BAGUIO CITY."
2018	092-2018	AN ORDINANCE APPROVING THE REQUESTS OF CCC EVENTS PRODUCTIONS RELATIVE TO ITS EVENT, “THE DREAM: MAYMAY ENTRATA AND EDWARD BARBER IN CONCERT LIVE IN BAGUIO”, HELD ON 14 SEPTEMBER 2018 AT THE UNIVERSITY OF BAGUIO CARDINALS GYM, BAGUIO CITY, INCLUDING THE WAIVER OF AMUSEMENT TAX AMOUNTING TO ₱84,005.00, INSTALLATION FEES FOR MARKETING COLLATERALS, AND APPROVAL AND ISSUANCE OF SPECIAL PERMITS.
2018	093-2018	"AN ORDINANCE CHANGING THE PROJECT TITLE ""OPENING AND CONTINUATION OF ROAD RIGHT OF WAY AT IRON STREET GOING TO COPPER STREET"" UNDER THE 2018 ANNUAL INVESTMENT PLAN AMOUNTING TO ₱250,000.00 TO ""CONTINUATION OF ROAD FROM COPPER STREET EXTENSION TO IRON STREET"" AT UPPER QUEZON HILL BARANGAY, BAGUIO CITY."
2018	094-2018	"AN ORDINANCE CHANGING THE PROJECT TITLE ""CONSTRUCTION OF DAY CARE CENTER AND SENIOR CITIZEN'S OFFICE"" FUNDED UNDER THE 2018 ANNUAL INVESTMENT PLAN AMOUNTING TO ₱300,000.00 TO ""IMPROVEMENT OF BASKETBALL COURT"" AT PADRE BURGOS BARANGAY, BAGUIO CITY."
2018	095-2018	AN ORDINANCE APPROVING THE TRANSFER OF FUNDS IN THE AMOUNT OF ₱30,000.00 AGAINST THE MUNICIPAL TRIAL COURT IN CITIES, OFFICE OF THE CLERK OF COURT’S 2018 APPROPRIATIONS, EARMARKED FOR TRAVELING EXPENSES (ACCOUNT CODE 5-02-01-010), TO REPRESENTATION EXPENSES (ACCOUNT CODE 5-02-99-030).
2018	096-2018	AN ORDINANCE APPROVING THE TRANSFER OF FUNDS IN THE AMOUNT OF ₱500,000.00 AGAINST OFFICE OF THE SANGGUNIANG PANLUNGSOD'S CURRENT APPROPRIATIONS, EARMARKED FOR ADVERTISING EXPENSES (ACCOUNT CODE 5-02-99-010), TO REPAIRS AND MAINTENANCE–BUILDINGS AND OTHER STRUCTURES (ACCOUNT CODE 5-02-13-040), AND AUTHORIZING DISBURSEMENT UNDER THE NEW ACCOUNT.
2018	097-2018	AN ORDINANCE APPROVING THE REQUEST FOR AUTHORITY TO CHARGE THE TOTAL AMOUNT OF ₱703,800.00 AGAINST CURRENT APPROPRIATIONS OF THE CITY BUILDINGS AND ARCHITECTURE OFFICE, EARMARKED FOR CONSULTANCY SERVICES (ACCOUNT CODE 5-02-11-030), AS PAYMENT FOR THE SUPPLY AND INSTALLATIONS OF 2016 CHRISTMAS LIGHTS AT ROSE GARDEN AMOUNTING TO ₱8,800.00 AND 2017 YULETIDE LANTERN ALONG THE CENTRAL BUSINESS DISTRICT ROAD AMOUNTING TO ₱695,000.00 BOTH UNDER ACCOUNT CODE 5-02-99-990.
2018	098-2018	AN ORDINANCE APPROVING THE REQUEST FOR AUTHORITY TO CHARGE THE AMOUNT OF ₱500,382.96 AGAINST THE BAGUIO CONVENTION CENTER TRUST FUND (ACCOUNT CODE 439-021) FOR THE PAYMENT OF SALARIES OF SEVEN (7) EMPLOYEES WITH JOB ORDER STATUS UNDER THE CITY OFFICE FOR ADMINISTRATION.
2018	099-2018	AN ORDINANCE PROVIDING FOR LOCAL ADDITIONAL ASSISTANCE TO SOLO PARENTS AND THEIR CHILDREN IN THE CITY OF BAGUIO, INCLUDING DISCOUNTS ON ESSENTIAL GOODS AND SERVICES, TRAINING PROGRAMS, DEATH BENEFITS, AND THE CREATION OF BARANGAY SOLO PARENT ASSISTANCE DESKS, WITH PENALTIES FOR NON-COMPLIANCE AND FALSIFICATION.
2018	100-2018	"AN ORDINANCE CHANGING THE PROJECT TITLE ""ROAD IMPROVEMENT"" UNDER THE 2017 ANNUAL INVESTMENT PLAN AMOUNTING TO ₱100,000.00 TO ""CONTINUATION OF ROAD IMPROVEMENT AT PUROK 27 NEAR AWINGAN'S RESIDENCE"" AT IRISAN BARANGAY, BAGUIO CITY."
2018	102-2018	AN ORDINANCE GRANTING MORTUARY ASSISTANCE TO THE BEREAVED FAMILY OF A DECEASED INCUMBENT ELECTED OR APPOINTED BARANGAY OFFICIAL OF THE CITY OF BAGUIO, INCLUDING A ₱5,000.00 MONETARY BENEFIT, PROCESSING PROCEDURES VIA THE SPECIAL SERVICES DIVISION, FUNDING PROVISIONS, ELIGIBILITY TERMS, EXCLUSIONS BASED ON CAUSE OF DEATH, AND REQUIRED DOCUMENTARY SUBMISSIONS.
2018	103-2018	"AN ORDINANCE REALIGNING THE AMOUNT OF ₱150,000.00 FROM THE PROJECT ""REHABILITATION OF CANAL FROM TIMES TRANSIT FRONTING CANARIA'S RESIDENCE DOWN TO THE MAIN CANAL"" UNDER THE 2018 ANNUAL INVESTMENT PLAN TO ""REHABILITATION OF CANAL LOCATED AT PUROK MAKATI"" AT SLAUGHTER HOUSE COMPOUND, STO. NIÑO BARANGAY, BAGUIO CITY."
2018	105-2018	AN ORDINANCE GRANTING AMNESTY FOR ELECTRICAL CONNECTIONS TO ALL VICTIMS OF CALAMITIES IN THE CITY OF BAGUIO, INCLUDING WAIVER OF BUILDING PERMIT REQUIREMENTS FOR AFFECTED STRUCTURES PREVIOUSLY CONNECTED TO ELECTRIC SERVICE, CONDONATION OF FEES, SUBMISSION OF CERTIFIED DOCUMENTS, AND ALTERNATIVE INSPECTION PROVISIONS; EXCLUDING COMMERCIAL BUILDINGS AND JURIDICAL ENTITIES.
2018	107-2018	"AN ORDINANCE REALIGNING THE AMOUNT OF ₱150,000.00 FROM THE PROJECT ""CONCRETING/CEMENTING OF CANAL IN FRONT OF ELLEN DAYAG RESIDENCE AT PUROK 8"" UNDER THE 2018 CITY DISASTER RISK REDUCTION MANAGEMENT FUND TO ""CONCRETING OF COVERED CANAL FROM JOANNA ADANGLA TO LUIS' RESIDENCES AT PUROK 8, UPPER PINGET"" AT PINGET BARANGAY."
2018	108-2018	"AN ORDINANCE REALIGNING THE AMOUNT OF ₱200,000.00 FROM THE PROJECT ""REHABILITATION OF SEWERLINE AT URBANO STREET, FIRST ROAD PALMA AND SECOND ROAD PALMA"" UNDER THE 2017 ANNUAL INVESTMENT PLAN TO ""RE-ROUTING OF SEWERLINE FROM URBANO CORNER PALMA TO CARD BANK"" AT PALMA URBANO BARANGAY, BAGUIO CITY."
2018	109-2018	"AN ORDINANCE REALIGNMENT OF ₱250,000.00 FROM THE 2017 PROJECT ""CONCRETING/CEMENTING AND RIPRAPPING OF ROAD NEAR BASKETBALL COURT AT PUROK 12, LOWER PINGET"" TO ""RIPRAPPING THE BASKETBALL COURT WALL ADJACENT TO THE SENIOR CITIZENS GARDEN AT PUROK 12"" IN PINGET BARANGAY, BAGUIO CITY"
2018	110-2018	AN ORDINANCE GRANTING EXEMPTION FROM PAYMENT OF AMUSEMENT TAX TO THE HOTEL AND RESTAURANT ASSOCIATION OF BAGUIO (HRAB) FOR THEIR EVENTS: MR. & MS. HRAB PRE-PAGEANT ON 30 SEPTEMBER 2018, MR. & MS. HRAB 2018 CORONATION NIGHT ON 04 OCTOBER 2018 AND VENUES OF VARIOUS COMPETITIONS FROM 04 OCTOBER TO 06 OCTOBER 2018 DURING THE 14TH ANNUAL HOTEL, RESTAURANT AND TOURISM WEEK CELEBRATION IN BAGUIO CITY
2018	113-2018	AN ORDINANCE APPROVING THE REQUESTS OF WALTRIX PRODUCTIONS, VIVA LIVE, INC., AND JFQ RESOURCES, INC. RELATIVE TO THEIR EVENT “JADINE REVOLUTION LIVE IN BAGUIO” HELD ON 20 OCTOBER 2018 AT THE UNIVERSITY OF BAGUIO GYMNASIUM, BAGUIO CITY, INCLUDING THE CITY GOVERNMENT'S CO-SPONSORSHIP, WAIVER OF AMUSEMENT TAX AMOUNTING TO ₱61,585.00, WAIVER OF INSTALLATION FEES FOR MARKETING COLLATERALS, AND ISSUANCE OF SPECIAL PERMITS.
2018	115-2018	"AN ORDINANCE CHANGING THE PROJECT TITLE ""IMPROVEMENT OF ROAD WITH DRAINAGE CANAL AT AMISTAD"" UNDER ORDINANCE NUMBERED 67, SERIES OF 2018 TO ""CONSTRUCTION OF CANAL WITH COVER AT AMISTAD"", CAMP 7 BARANGAY, BAGUIO CITY, WITH A FUNDING AMOUNT OF ₱1,000,000.00 FROM THE 2015 DEVELOPMENT FUND."
2018	117-2018	"AN ORDINANCE CHANGING THE NAME OF THE SOCIAL DEVELOPMENT CENTER IN BALENBEN, IRISAN, BAGUIO CITY TO ""BAHAY PAG-ASA (FORMER SOCIAL DEVELOPMENT CENTER)"", APPROPRIATING ₱5,000,000.00 FOR GENDER-SENSITIVE BUILDING IMPROVEMENTS IN COMPLIANCE WITH REPUBLIC ACTS 9344 AND 10630, AND PROVIDING FOR STANDARDIZATION, ACCREDITATION REQUIREMENTS, SEPARABILITY, REPEALING CLAUSES, AND EFFECTIVITY PROVISIONS UNDER THE LOCAL GOVERNMENT CODE."
2018	121-2018	AN ORDINANCE TEMPORARY CLOSURE OF BOTH SIDES OF SESSION ROAD AND PORTIONS OF ASSUMPTION ROAD ON 26 OCTOBER 2018 FROM 7:00 A.M. TO 8:00 P.M. FOR THE CONDUCT OF THE 3RD KARKARNA TI RABII HALLOWEEN PARADE
2018	122-2018	AN ORDINANCEINSTITUTIONALIZING THE LAST WEEK OF MAY OF EVERY YEAR AS NATIONAL DATA PRIVACY AWARENESS WEEK IN THE CITY OF BAGUIO, PROVIDING FUNDS AND FOR OTHER PURPOSES
2018	123-2018	AN ORDINANCEINSTITUTIONALIZING LOCAL GOVERNMENT SUPPORT TO BRIGADA ESKWELA IN THE CITY OF BAGUIO THROUGH PARTICIPATION IN PROGRAM ACTIVITIES, RESOURCE ALLOCATION, USE OF FACILITIES, PERSONNEL SUPPORT, AND FUNDING OF ₱1,500,000.00 FOR PUBLIC SCHOOL MAINTENANCE WORKS
2018	124-2018	AN ORDINANCE APPROVING THE REQUEST TO CHARGE ₱5,400.00 AGAINST THE CURRENT APPROPRIATION OF THE CITY ENGINEERING OFFICE UNDER ACCOUNT CODE 5-02-13-050 FOR THE PURCHASE OF THIRTY (30) PIECES SPARK PLUG
2018	125-2018	AN ORDINANCE APPROVING THE TRANSFER OF FUNDS FROM THE CURRENT APPROPRIATION OF THE CITY ENVIRONMENT AND PARKS MANAGEMENT OFFICE IN THE AMOUNT OF ₱750,000.00 FROM TAXES, DUTIES AND LICENSES (ACCOUNT CODE 5-02-16-010) TO CONSULTANCY SERVICES (ACCOUNT CODE 5-02-11-030) FOR PAYMENT OF INCURRED EXPENSES DURING THE CONDUCT OF EMISSION INVENTORY AND GREENHOUSE GAS INVENTORY
2018	126-2018	AN ORDINANCE APPROVING THE TRANSFER OF FUNDS FROM THE OFFICE OF THE CITY ADMINISTRATOR, BUREAU OF JAIL MANAGEMENT AND PENOLOGY (FEMALE AND MALE DORMITORIES), AMOUNTING TO ₱500,000.00 FOR SPECIFIED EXPENDITURES UNDER CURRENT OPERATING AND CAPITAL OUTLAY ACCOUNTS
2018	127-2018	AN ORDINANCE APPROVING THE TRANSFER OF FUNDS AGAINST THE CURRENT APPROPRIATION OF THE CITY SOCIAL WELFARE AND DEVELOPMENT OFFICE IN THE AMOUNT OF ₱160,000.00 FROM TRAINING EXPENSES (ACCOUNT CODE 5-02-02-010) TO TRAVELING EXPENSES–FOREIGN (ACCOUNT CODE 5-02-02-020) FOR REGISTRATION FEES AND TRANSPORTATION EXPENSES OF PARTICIPANTS IN THE 10TH RECOVERY SYMPOSIUM IN HANOI, VIETNAM
2018	128-2018	AN ORDINANCE INSTITUTIONALIZING EVERY MONTH OF NOVEMBER OF EVERY YEAR AS THE BAGUIO CITY CREATIVE ARTS FESTIVAL, PROVIDING FUNDS THEREOF AND FOR OTHER PURPOSES
2018	128-2018	AN ORDINANCE INSTITUTIONALIZING EVERY MONTH OF NOVEMBER OF EVERY YEAR AS THE BAGUIO CITY CREATIVE ARTS FESTIVAL, PROVIDING FUNDS THEREOF AND FOR OTHER PURPOSES
2018	129-2018	AN ORDINANCE REQUIRING ALL PRIVATE AND PUBLIC ESTABLISHMENTS TO PROVIDE BASIC LIFE SUPPORT SERVICES BY EMPLOYING PERSONNEL TRAINED IN CARDIOPULMONARY RESUSCITATION (CPR) TO ADMINISTER CPR AND AUTOMATED EXTERNAL DEFIBRILLATORS (AED) IN THE EVENT OF EMERGENCIES IN THEIR RESPECTIVE ESTABLISHMENTS
2018	130-2018	AN ORDINANCE APPROVING THE REQUEST TO CHARGE ₱14,886.67 AGAINST THE CURRENT APPROPRIATION OF THE SANGGUNIANG PANLUNGSOD EARMARKED FOR TERMINAL LEAVE BENEFITS (ACCOUNT CODE 5-01-04-030) IN THE AMOUNT OF ₱8,686.20 AND SALARIES AND WAGES–REGULAR (ACCOUNT CODE 5-01-01-010) IN THE AMOUNT OF ₱6,200.47 FOR PAYMENT OF TERMINAL LEAVE BENEFITS AND SALARY FOR THE PERIOD 16–30 SEPTEMBER 2015 OF MS. EMELY B. PUNO, FORMER ADMINISTRATIVE AIDE III (UTILITY WORKER II)–CASUAL
2018	131-2018	"AN ORDINANCE REALIGNING THE AMOUNT OF ₱150,000.00 FROM THE PROJECT ""CONSTRUCTION OF CANAL FROM ANTHONY MASKIT TO JULIET CABAN-NAG RESIDENCE AT BONTOC VILLAGE"" UNDER THE 2018 CITY DISASTER RISK REDUCTION MANAGEMENT FUND TO ""CONSTRUCTION OF DRAINAGE CANAL FROM LANGIT'S RESIDENCE TO LORENZO'S RESIDENCE AT PUROK 2"" AT CAMP 8 BARANGAY, BAGUIO CITY"
2018	132-2018	"AN ORDINANCE REALIGNING THE AMOUNT OF ₱100,000.00 FROM THE PROJECT ""CONSTRUCTION OF ALLEY FROM URDHI TO UPPER QM"" UNDER THE 2016 ANNUAL INVESTMENT PLAN TO ""CONSTRUCTION OF MALAYA ROAD INFRONT OF MALAYA MULTI PURPOSE HALL TO TABIANDO RESIDENCE"" AT DOMINICAN-MIRADOR BARANGAY, BAGUIO CITY"
2018	134-2018	"AN ORDINANCE REALIGNING THE AMOUNT OF ₱250,000.00 FROM THE PROJECT ""CONSTRUCTION AND IMPROVEMENT OF PATHWAYS AT 5 PUROKS"" UNDER THE 2017 ANNUAL INVESTMENT PLAN TO ""REHABILITATION OF ROAD AT PUROK PANTA"" AT SAN VICENTE BARANGAY, BAGUIO CITY"
2018	135-2018	"AN ORDINANCE REALIGNING THE AMOUNT OF ₱1,400,000.00 FROM THE PROJECT ""ROAD WIDENING AT THE LAGOON AREA"" UNDER THE 2018 ANNUAL INVESTMENT PLAN TO ""IMPROVEMENT OF THE LOURDES SUBDIVISION EXTENSION COVERED COURT"" AT LOURDES SUBDIVISION EXTENSION BARANGAY, BAGUIO CITY"
2018	136-2018	AN ORDINANCE DECLARING THE 28TH DAY OF JULY OF EVERY YEAR AS THE HIGHLY URBANIZED CITY AGRICULTURE AND FISHERY COUNCIL (HUCAFC) FOUNDATION DAY IN THE CITY OF BAGUIO
2018	137-2018	AN ORDINANCE APPROVING A SEVEN PERCENT (7%) TAX INCENTIVE ON GROSS RECEIPTS OF CINEMA ADMISSION FEES FOR CINEMA HOUSES OPERATING IN THE CITY OF BAGUIO THAT PROVIDE FREE MOVIE ADMISSIONS TO SENIOR CITIZENS AND PERSONS WITH DISABILITY (PWDS) FROM MONDAYS TO FRIDAYS AND FROM FIRST SCREENING TO LAST SCREENING
2018	138-2018	AN ORDINANCE REALIGNING FUNDS FROM OFFICE SUPPLIES, OTHER SUPPLIES AND MATERIALS EXPENSES, AND ADVERTISING EXPENSES TO PRIZES FOR THE PALARONG PAMBARANGAY 2018 UNDER THE MAINTENANCE AND OTHER OPERATING EXPENSES OF THE CITY MAYOR'S OFFICE
2018	139-2018	AN ORDINANCE APPROVING THE TRANSFER OF FUNDS IN THE AMOUNT OF ₱250,000.00 FROM ADVERTISING EXPENSES (ACCOUNT CODE 5-02-99-010) TO FUEL, OIL AND LUBRICANTS EXPENSES (ACCOUNT CODE 5-02-03-090) UNDER THE 2018 MAINTENANCE AND OTHER OPERATING EXPENSES OF THE SANGGUNIANG PANLUNGSOD, AND AUTHORIZING DISBURSEMENT UNDER SAID ACCOUNT
2018	140-2018	AN ORDINANCE APPROVING THE TRANSFER OF FUNDS IN THE AMOUNT OF ₱403,304.55 FROM THE CURRENT APPROPRIATION OF THE CITY MAYOR'S OFFICE EARMARKED FOR SALARIES AND WAGES–REGULAR (ACCOUNT CODE 5-01-01-010) TO TERMINAL LEAVE BENEFITS (ACCOUNT CODE 5-01-04-030) FOR PAYMENT OF THE TERMINAL LEAVE BENEFITS OF MR. RYAN DALE B. MANGUSAN
2018	141-2018	AN ORDINANCE APPROVING THE TRANSFER OF FUNDS IN THE AMOUNT OF ₱150,000.00 FROM THE CURRENT APPROPRIATION OF THE CITY BUILDINGS AND ARCHITECTURE OFFICE EARMARKED FOR SALARIES AND WAGES–REGULAR (ACCOUNT CODE 5-01-01-010) TO OVERTIME AND NIGHT PAY (ACCOUNT CODE 5-01-02-130) FOR PAYMENT OF OVERTIME RENDERED BY VARIOUS PERSONNEL DURING PLUMBING, ELECTRICAL, AND CARPENTRY WORKS AT DOMINICAN HILL FOR INTERNATIONAL CREATIVE CITIES AND THE CONSTRUCTION OF THE CHRISTMAS TREE AT ROSE GARDEN, BURNHAM PARK
2018	142-2018	AN ORDINANCE PROHIBITING LOADING AND UNLOADING STATIONS OF PUBLIC UTILITY OR SERVICE VEHICLES WITHIN THE PERIMETER OF CITY HALL IN THE CITY OF BAGUIO, PROVIDING PENALTIES, DECLARING POLICY, DESIGNATING TEMPORARY LOCATIONS FOR AFFECTED ROUTES, AND AUTHORIZING CITY DEPARTMENTS TO FORMULATE IMPLEMENTING GUIDELINES
2018	143-2018	AN ORDINANCE APPROVING THE TRANSFER OF FUNDS IN THE AMOUNT OF ₱144,189.99 FROM THE CURRENT APPROPRIATION OF THE OFFICE OF THE CITY ADMINISTRATOR EARMARKED FOR SALARIES AND WAGES–REGULAR (ACCOUNT CODE 5-01-01-010) TO RETIREMENT GRATUITY (ACCOUNT CODE 5-01-04-020) FOR THE PAYMENT OF RETIREMENT BENEFITS OF MR. BENEDICTO A. ALHAMBRA, FORMER SUPERVISING TOURISM OPERATIONS OFFICER
2018	144-2018	AN ORDINANCE APPROVING THE TRANSFER OF FUNDS IN THE AMOUNT OF ₱55,000.00 FROM THE CURRENT APPROPRIATION OF THE SCHOOLS DIVISION OF BAGUIO CITY–DEPARTMENT OF EDUCATION–CORDILLERA ADMINISTRATIVE REGION EARMARKED FOR REPAIRS AND MAINTENANCE–TRANSPORTATION EQUIPMENT (ACCOUNT CODE 5-02-13-060) TO ELECTRICITY EXPENSES (ACCOUNT CODE 5-02-04-020) FOR PAYMENT OF ELECTRICITY BILLS OF SAID OFFICE
2018	145-2018	AN ORDINANCE APPROVING THE TRANSFER OF FUNDS IN THE TOTAL AMOUNT OF ₱175,000.00 FROM THE CURRENT APPROPRIATION OF THE CITY SOCIAL WELFARE AND DEVELOPMENT OFFICE EARMARKED FOR SALARIES AND WAGES–REGULAR (ACCOUNT CODE 5-01-01-010) TO OVERTIME AND NIGHT PAY (ACCOUNT CODE 5-01-02-130) IN THE AMOUNT OF ₱150,000.00 AND TO TERMINAL LEAVE BENEFITS (ACCOUNT CODE 5-01-04-030) IN THE AMOUNT OF ₱25,000.00 FOR THE PAYMENT OF OVERTIME PAY RENDERED BY VARIOUS PERSONNEL AND RETIREMENT BENEFITS OF EMPLOYEES WHO RETIRED FROM SAID OFFICE
2018	146-2018	AN ORDINANCE APPROVING THE REQUEST TO CHARGE ₱500,382.96 AGAINST THE BAGUIO CONVENTION CENTER TRUST FUND (ACCOUNT CODE 439-021) FOR THE PAYMENT OF SALARIES OF SEVEN (7) EMPLOYEES WITH JOB ORDER STATUS UNDER THE OFFICE FOR CITY ADMINISTRATION ASSIGNED TO MAINTENANCE, UPKEEP, AND SUPPORT ACTIVITIES FOR THE BAGUIO CONVENTION CENTER AND TEMPORARY CTSEO OPERATIONS AT THE ATHLETIC BOWL
2018	147-2018	AN ORDINANCE APPROVING THE REQUESTS FOR THE REALIGNMENT OF FUNDS IN THE AMOUNT OF ₱500,000.00 FROM ELECTRICITY EXPENSES (ACCOUNT CODE 5-02-04-020) TO FUEL, OIL AND LUBRICANTS EXPENSES (ACCOUNT CODE 5-02-03-090), AND FOR AUTHORITY TO CHARGE ₱15,000.00 FOR LOYALTY BENEFITS OF PERSONNEL AGAINST CURRENT APPROPRIATIONS UNDER OTHER PERSONNEL BENEFITS (ACCOUNT CODE 5-01-04-990) OF THE CITY ENGINEERING OFFICE
2018	148-2018	AN ORDINANCE AMENDING SECTION 1 OF ORDINANCE NUMBERED 143, SERIES OF 2018, TO AUTHORIZE THE CHARGING OF ₱77,460.96 FROM THE CURRENT APPROPRIATION OF THE OFFICE OF THE CITY ADMINISTRATOR TO COVER SALARY, TERMINAL LEAVE, AND OTHER RETIREMENT BENEFITS OF MR. BENEDICTO A. ALHAMBRA, INCLUDING AMOUNTS FROM ACCOUNT CODES 5-01-01-010 (₱41,960.96), 5-01-02-010 (₱1,000.00), AND 5-01-04-990
2018	149-2018	AN ORDINANCE AUTHORIZING THE ANNUAL BUDGET OF THE CITY OF BAGUIO FOR FISCAL YEAR 2019 IN THE TOTAL AMOUNT OF TWO BILLION ONE HUNDRED SEVENTY-NINE MILLION FIVE HUNDRED THOUSAND PESOS (₱2,179,500,000.00) COVERING THE VARIOUS EXPENDITURES FOR THE OPERATION OF THE CITY GOVERNMENT OF BAGUIO AND APPROPRIATING THE NECESSARY FUNDS FOR THE PURPOSE
2018	150-2018	AN ORDINANCE APPROVING THE TRANSFER OF FUNDS IN THE AMOUNT OF ₱300,000.00 FROM ELECTRICAL EXPENSES (ACCOUNT CODE 5-02-04-020) TO WATER EXPENSES (ACCOUNT CODE 5-02-04-010) UNDER THE 2018 CURRENT APPROPRIATION OF THE OFFICE FOR CITY ADMINISTRATION, AND AUTHORIZING DISBURSEMENT UNDER THE SAID ACCOUNT
2018	151-2018	AN ORDINANCE APPROVING THE REQUEST TO CHARGE AN ADDITIONAL AMOUNT OF ₱100,000.00 FOR OVERTIME AND NIGHT PAY (ACCOUNT CODE 5-01-02-130) AGAINST THE APPROPRIATION EARMARKED FOR UNFILLED POSITIONS UNDER SALARIES AND WAGES–REGULAR (ACCOUNT CODE 5-01-01-010) IN THE CITY BUILDINGS AND ARCHITECTURE OFFICE FOR OVERTIME SERVICES RENDERED DURING THE FABRICATION AND INSTALLATION OF CHRISTMAS DECORATIONS
2019	001-2019	AN ORDINANCE REALIGNING THE TOTAL AMOUNT OF ₱200,000.00 FROM THE PROJECT 'REPAIR OF EXISTING COMFORT ROOM AT BAGUIO CITY NATIONAL HIGH SCHOOL-RIZAL ANNEX' UNDER THE 2009 AND 2010 ANNUAL INVESTMENT PLAN TO PROJECT 'CONSTRUCTION OF RIZAL NATIONAL HIGH SCHOOL TWO STOREY CLASSROOMS' AT GIBRALTAR BARANGAY, BAGUIO CITY.
2019	002-2019	AN ORDINANCE REALIGNING THE AMOUNT OF ₱100,000.00 FROM THE PROJECT 'IMPROVEMENT OF BARANGAY MULTIPURPOSE HALL' UNDER THE 2016 LOCAL DEVELOPMENT FUND TO 'IMPROVEMENT OF BARANGAY MULTI-PURPOSE HALL: TRANSFER OF THE KITCHEN AND DEMOLITION OF THE PARTITION WALL' AT IMELDA VILLAGE BARANGAY, BAGUIO CITY.
2019	003-2019	MANDATING ALL CONSTRUCTION COMPANIES AND CONSTRUCTORS CONDUCTING BUSINESS WITHIN THE TERRITORIAL LIMITS OF THE CITY OF BAGUIO TO PROVIDE AN INDEPENDENT CONSTRUCTION SAFETY OFFICER AT THE CONSTRUCTION PROJECT SITE TO ENSURE COMPLIANCE WITH SAFETY STANDARDS AS REQUIRED BY LAW.
2019	004-2019	AN ORDINANCE REALIGNING THE AMOUNT OF ₱200,000.00 FROM THE PROJECT 'CONSTRUCTION OF DRAINAGE CANAL FROM CELENO'S RESIDENCE GOING DOWN TO VETERANS' COMPOUND' UNDER THE CALENDAR YEAR 2015 SUPPLEMENTAL BUDGET TO 'CONSTRUCTION OF DRAINAGE CANAL FROM PADILLA'S RESIDENCE TO YADES RESIDENCE AT PUROK 5' AT CAMP HENRY T. ALLEN BARANGAY, BAGUIO CITY.
2019	005-2019	AN ORDINANCE REALIGNING THE AMOUNT OF ₱300,000.00 FROM THE PROJECT 'CONSTRUCTION OF PWD, SENIOR CITIZENS RAMP GOING TO MULTIPURPOSE HALL' UNDER THE 2018 LOCAL DEVELOPMENT FUND TO 'IMPROVEMENT OF THE FUNCTION HALL AT THE 3RD FLOOR OF THE BARANGAY HALL' AT UPPER ROCK QUARRY BARANGAY, BAGUIO CITY.
2019	006-2019	AN ORDINANCE REALIGNING THE AMOUNT OF ₱355,000.00 FROM THE PROJECT 'REPAIR OF THE COLLAPSED RETAINING WALL OF THE STAIRWAYS OF THE BAKAKENG NATIONAL HIGH SCHOOL' UNDER THE 2018 CITY DISASTER RISK REDUCTION MANAGEMENT FUND TO 'RESTORATION AND IMPROVEMENT OF ERODED/FALLING ALLEY AT PUROK 5' AT BAKAKENG NORTE/SUR BARANGAY, BAGUIO CITY.
2019	007-2019	AN ORDINANCE REALIGNING THE TOTAL AMOUNT OF ₱200,000.00 FROM TWO PROJECTS UNDER THE 2017 LOCAL DEVELOPMENT FUND TO 'IMPROVEMENT OF MAIN ROAD BEYOND MIGUEL RESIDENCE BELOW ALICE ROSARIO'S RESIDENCE GOING UP AT PUROK 14-A' AT IRISAN BARANGAY, BAGUIO CITY.
2019	008-2019	AN ORDINANCE REALIGNING THE AMOUNT OF ₱150,000.00 FROM THE PROJECT 'CONSTRUCTION OF CANAL FROM ANTHONY MASKIT TO JULIET CABAN-NAG RESIDENCE AT BONTOC VILLAGE' UNDER THE 2018 CITY DISASTER RISK REDUCTION MANAGEMENT FUND TO 'CONSTRUCTION OF DRAINAGE CANAL FROM LANGIT'S RESIDENCE TO LORENZO'S RESIDENCE AT PUROK 2' AT CAMP 8 BARANGAY, BAGUIO CITY.
2019	009-2019	AN ORDINANCE REALIGNING THE AMOUNT OF ₱100,000.00 FROM THE PROJECT 'REHABILITATION OF PATHWAY FROM LAO-ANG TO CARIO'S RESIDENCE' UNDER THE 2018 DEVELOPMENT FUND TO 'REHABILITATION OF ROAD FRONTING JANE TIONG AT LITENG' AT PACDAL BARANGAY, BAGUIO CITY.
2019	010-2019	AN ORDINANCE CHANGING THE PROJECT TITLE 'RELOCATION OF WATER TANK AND CONSTRUCTION OF TANK BASE OF THE MULTI-PURPOSE HALL' TO 'INSTALLATION OF WATER TANK OF THE MULTI-PURPOSE HALL' AT EAST BAYAN PARK BARANGAY, BAGUIO CITY.
2019	011-2019	AN ORDINANCE REALIGNING THE AMOUNT OF ₱1,250,000.00 FROM THE PROJECT 'CONSTRUCTION OF EVACUATION CENTER AT THE SECOND FLOOR OF THE MULTIPURPOSE HALL (PHASE 1)' UNDER THE 2018 LOCAL DEVELOPMENT FUND TO 'ROAD WIDENING AT LAGOON AREA' AT LOURDES SUBDIVISION EXTENSION BARANGAY, BAGUIO CITY.
2019	012-2019	AN ORDINANCE CHANGING THE PROJECT TITLE 'INSTALLATION OF WAITING AREA AT ASIN HEALTH CENTER' UNDER THE CAPITAL OUTLAY FOR CALENDAR YEAR 2017 AMOUNTING TO ₱500,000.00 TO 'COMPLETION OF ROOFING OF THE ASIN HEALTH CENTER' CITY HEALTH OFFICE, BAGUIO CITY.
2019	013-2019	AN ORDINANCE INSTITUTIONALIZING THE PERIOD FROM OCTOBER 17 TO 23 OF EVERY YEAR AS NATIONAL WEEK FOR OVERCOMING EXTREME POVERTY (NWOEP) IN THE CITY OF BAGUIO, CREATING A COMMITTEE FOR THE PURPOSE, AND APPROPRIATING FUNDS THEREFOR.
2019	014-2019	AN ORDINANCE REALIGNING THE AMOUNT OF ₱125,000.00 FROM THE PROJECT 'ADDITIONAL FUND FOR THE REHABILITATION OF PTA OFFICE AT JOAQUIN SMITH NATIONAL HIGH SCHOOL' UNDER THE 2018 LOCAL DEVELOPMENT FUND TO 'CONSTRUCTION OF THE STAGE ROOF' AT JOAQUIN SMITH NATIONAL HIGH SCHOOL, ASIN ROAD, BAGUIO CITY.
2019	015-2019	AN ORDINANCE CHANGING THE PROJECT TITLES 'CONTINUATION OF SEWERLINE FROM PORTA VAGA GOING TO POST OFFICE' TO 'REHABILITATION OF SEWERLINE FROM ERSAO RESTAURANT TO PORTA VAGA AREA' AT SESSION-GOVERNOR PACK ROAD BARANGAY, BAGUIO CITY AND 'CONSTRUCTION/REHABILITATION OF SEWERLINE AT PUROK 1 FROM LACSAMANA RESIDENCE TO BASKETBALL COURT, PUROK 2 FROM RIMANDO RESIDENCE' TO 'CONSTRUCTION /REHABILITATION OF SEWERLINE AT PUROK 1 FROM LACSAMANA RESIDENCE TO BASKETBALL COURT' AT DPS COMPOUND BARANGAY, BAGUIO CITY, AMOUNTING TO ₱2,500,000.00 AND ₱500,000.00, RESPECTIVELY, BOTH UNDER THE 2018 LOCAL DEVELOPMENT FUND.
2019	016-2019	PROVIDING GUIDELINES FOR THE IMPLEMENTATION OF ASSISTANCE TO INDIVIDUALS IN CRISIS SITUATIONS (AICS) IN THE CITY OF BAGUIO.
2019	017-2019	AN ORDINANCE CHANGING THE PROJECT TITLE 'CONSTRUCTION OF CANAL AT COPPER STREET FROM SORIANO'S RESIDENCE TO EXISTING NATURAL HOLE/DRAINAGE AND PUTTING UP OF RAILINGS AT COPPER STREET EXTENSION IN FRONT OF SORIANO'S RESIDENCE' UNDER THE 2016 DRRM TRUST FUND AMOUNTING TO ₱300,000.00 TO 'REHABILITATION OF NATURAL SINKHOLE AND DRAINAGE AT PUROK I' AT UPPER QUEZON HILL BARANGAY, BAGUIO CITY.
2019	018-2019	AN ORDINANCE PROVIDING FOR THE SPEED LIMITS FOR ALL KINDS OF MOTOR VEHICLES WITHIN THE TERRITORIAL JURISDICTION OF THE CITY OF BAGUIO, PROVIDING PENALTIES FOR THE VIOLATION THEREOF, COLLECTION OF ROAD CRASH DATA, AND APPROPRIATING FUNDS FOR THIS PURPOSE.
2019	019-2019	REQUIRING BUILDING OWNERS, ESTABLISHMENTS AND PARKING AREA OWNERS/MANAGERS TO ALLOCATE A PORTION OF THEIR PARKING SPACES FOR MOTORCYCLES AND BICYCLES.
2019	020-2019	AN ORDINANCE REALIGNING THE AMOUNT OF ₱100,000.00 FROM THE PROJECT 'CONTINUATION OF MULTI-PURPOSE HALL AT SAN ANTONIO VILLAGE' UNDER THE 2016 LOCAL DEVELOPMENT FUND TO 'CONTINUATION OF DRAINAGE CANAL ALONG MARIANITO MONTANO TO CACCAM AREA AT PUROK 2' AT SAN ANTONIO VILLAGE, BAGUIO CITY.
2019	021-2019	AN ORDINANCE APPROVING THE TEMPORARY CLOSURE AND USE OF VARIOUS ROADS AND THE RE-ROUTING OF VICTORY LINER BUSES FOR THE CELEBRATION OF THE PANAGBENGA 2019 FESTIVAL, SUBJECT TO CONDITIONS.
2019	022-2019	AN ORDINANCE APPROVING THE REQUEST FOR AUTHORITY TO CHARGE AGAINST CURRENT APPROPRIATIONS OF THE BAGUIO CITY POLICE OFFICE THE AMOUNT OF ₱200,000.00 EARMARKED FOR AWARDS/REWARDS EXPENSES UNDER ACCOUNT CODE 5-02-06-010.
2019	023-2019	AN ORDINANCE CHANGING THE PROJECT TITLE 'INSTALLATION OF NEW SEWERLINE FROM CLEMENTE RESIDENCE TO DEP-ED, PUROK 3 TO PUROK 5, MILITARY CUT-OFF' UNDER THE 2018 DEVELOPMENT FUND AMOUNTING TO ₱3,000,000.00 TO 'INSTALLATION OF NEW SEWERLINE FROM WAGNER ROAD CROSSING TO DEP-ED, MILITARY CUT-OFF' AT MILITARY CUT-OFF BARANGAY, BAGUIO CITY.
2019	024-2019	AN ORDINANCE APPROVING THE REQUEST FOR AUTHORITY TO CHARGE AGAINST CURRENT APPROPRIATIONS OF THE CITY BUILDINGS AND ARCHITECTURE OFFICE THE TOTAL AMOUNT OF ₱18,432.36 UNDER HAZARD PAY – ₱7,800.00 (ACCOUNT CODE 5-01-02-110) AND OVERTIME AND NIGHT PAY – ₱10,732.36 (ACCOUNT CODE 5-01-02-130) FOR THE PAYMENT OF PERSONNEL SERVICES FOR THE MONTH OF DECEMBER 2018 OF THE SAID OFFICE.
2019	025-2019	AN ORDINANCE REVERTING TO THE GENERAL FUND THE AMOUNT OF ₱4,855,459.87 FROM THE LUMP SUM CONTINUING APPROPRIATIONS EARMARKED FOR VARIOUS PROJECTS UNDER 20% DEVELOPMENT FUND AND RE-APPROPRIATING THE SAME FOR THE FUNDING OF VARIOUS PRIORITY PROJECTS CERTIFIED AS URGENT BY THE CITY ENGINEER.
2019	026-2019	AN ORDINANCE APPROVING THE REQUEST FOR AUTHORITY TO CHARGE AGAINST CURRENT APPROPRIATIONS UNDER SALARIES AND WAGES – REGULAR (ACCOUNT CODE 5-01-01-010) OF THE CITY ASSESSOR'S OFFICE THE AMOUNT OF ₱452,138.31 FOR THE PAYMENT OF TERMINAL LEAVE BENEFITS AND OTHER PERSONNEL BENEFITS OF MR. EMMANUEL A. VALENCIA AND MR. GRACIANO D. GONZALES.
2019	027-2019	AN ORDINANCE CHANGING THE TITLE 'CONTINUATION OF THE IMPROVEMENT OF PATHWAY WITH WAITING SHED ALONG PUROK 1' UNDER THE 2019 DEVELOPMENT FUND AMOUNTING TO ₱150,000.00 TO 'IMPROVEMENT OF PATHWAY FROM OMELING'S RESIDENCE DOWN TO SOLIBA'S RESIDENCE ALONG PUROK 1' AT POLIWES BARANGAY, BAGUIO CITY.
2019	028-2019	AN ORDINANCE APPROVING THE REQUEST FOR AUTHORITY TO CHARGE AGAINST CURRENT APPROPRIATIONS UNDER TRAVELING EXPENSES (ACCOUNT CODE 5-02-01-010) OF THE MUNICIPAL TRIAL COURT IN CITIES, FIRST JUDICIAL REGION, BAGUIO CITY, THE AMOUNT OF ₱7,662.00 FOR THE REIMBURSEMENT OF TRAVEL EXPENSES OF HONORABLE JUDGE MA. CLARITA CASUGA-TABIN.
2019	029-2019	AN ORDINANCE AMENDING SECTION 2 OF ORDINANCE NUMBERED 39, SERIES OF 2011 [PROVIDING RETIREMENT BENEFITS FOR THE INTEGRATED BARANGAY TANODS (IBT) WHICH SHALL BE TWO THOUSAND PESOS (₱2,000.00) FOR EVERY YEAR OF SERVICE, WITH THE FUNDS TO BE PART OF THE ANNUAL BUDGET OF THE BAGUIO CITY POLICE OFFICE.]
2019	030-2019	AN ORDINANCE REALIGNING THE AMOUNT OF ₱300,000.00 FROM THE PROJECT 'REHABILITATION AND DE-CLOGGING OF DRAINAGE CANAL AT PUROK 2 MULTI-PURPOSE HALL' UNDER THE 2016 LOCAL DISASTER RISK REDUCTION MANAGEMENT FUND TO 'DE-CLOGGING OF CANAL AND IMPROVEMENT OF ALLEY AT PUROK 2' AT STA. ESCOLASTICA VILLAGE BARANGAY, BAGUIO CITY.
2019	031-2019	AN ORDINANCE REALIGNING THE AMOUNT OF ₱200,000.00 FROM THE PROJECT 'CONSTRUCTION OF THE PROPOSED BARANGAY SATELLITE MARKET AT PUROK 4 BESIDE THE NEW MULTI-PURPOSE HALL' UNDER THE 2013 LOCAL DEVELOPMENT FUND TO 'CONSTRUCTION OF RIPRAP WITHIN THE IDENTIFIED PLAYLOT' AT HOLY GHOST EXTENSION BARANGAY, BAGUIO CITY.
2019	032-2019	AN ORDINANCE CHANGING THE PROJECT TITLE 'IMPROVEMENT OF PATHWAY AT PUROK 1 ALONG KOLODZIK LEADING TO MARQUEZ RESIDENCE' UNDER THE 2016 DEVELOPMENT FUND AMOUNTING TO ₱100,000.00 TO 'IMPROVEMENT OF DRAINAGE CANAL AT PUROK 1 ALONG KOLODZIK LEADING TO MARQUEZ RESIDENCE' AT IMELDA VILLAGE BARANGAY, BAGUIO CITY.
2019	033-2019	AN ORDINANCE REALIGNING THE AMOUNT OF ₱500,000.00 FROM THE PROJECT 'RESTORATION OF ERODED RIPRAP ALONG DAMA DE NOCHE ALLEY, INFRONT OF GOROSPE'S RESIDENCE, PUROK 6' UNDER THE 2019 DEVELOPMENT FUND TO 'REHABILITATION OF DAMA DE NOCHE ALLEY' AT UPPER Q.M. BARANGAY, BAGUIO CITY.
2019	034-2019	AN ORDINANCE APPROVING THE REQUEST FOR AUTHORITY TO CHARGE AGAINST CURRENT APPROPRIATION OF THE OFFICE OF THE SANGGUNIANG PANLUNGSOD EARMARKED FOR FUEL, OIL AND LUBRICANTS EXPENSES (ACCOUNT CODE 5-02-30-090) THE AMOUNT OF ₱16,225.64 FOR THE PAYMENT OF GASOLINE AND FUEL EXPENSES FOR THE MONTH OF DECEMBER 2018.
2019	035-2019	AN ORDINANCE CHANGING THE PROJECT TITLE 'IMPROVEMENT OF CANAL WITH COVER (BOX CULVERT) ACROSS MIGUEL'S RESIDENCE DOWN TO BILAYON'S RESIDENCE ALONG PUROK 1' UNDER THE 2019 DEVELOPMENT FUND AMOUNTING TO ₱150,000.00 TO 'IMPROVEMENT OF CANAL WITH GRATINGS FROM BILAYON'S RESIDENCE TO POMAY-O'S RESIDENCE ALONG PUROK 1' AT POLIWES BARANGAY, BAGUIO CITY.
2019	036-2019	AN ORDINANCE CHANGING THE PROJECT TITLE 'CONTINUATION OF ROAD AT COPPER STREET EXTENSION FRONTING NABUTEL'S RESIDENCE TO NELIA DIZON RESIDENCE GOING UP TO DELA CRUZ RESIDENCE AT IRON STREET' UNDER THE 2017 DEVELOPMENT FUND AMOUNTING TO ₱300,000.00 TO 'OPENING OF PATHWAY FROM IRON STREET TO COPPER STREET' AT UPPER QUEZON HILL BARANGAY, BAGUIO CITY.
2019	037-2019	AN ORDINANCE CHANGING THE PROJECT TITLE 'COVERING OF DRAINAGE CANALS LOCATED AT PUROK 2 – TANGCO TO GATCHALIAN FRONTAGE AND PUROK 4 – ESTEPA – LIM RESIDENCE TO PUMPING STATION BRIDGE BOUNDARY' UNDER THE 2016 ANNUAL INVESTMENT PROGRAM AMOUNTING TO ₱100,000.00 TO 'COVERING OF CANAL AT PUROK 3' AT STA. ESCOLASTICA VILLAGE BARANGAY, BAGUIO CITY.
2019	038-2019	AN ORDINANCE CHANGING THE PROJECT TITLE 'CONCRETING OF TIRE PATH CONNECTING PUROK 27 TO PUROK 21 NEAR LUKE GOMEYAC'S RESIDENCE' UNDER THE 2019 DEVELOPMENT FUND AMOUNTING TO ₱200,000.00 TO 'IMPROVEMENT OF PATHWAY AT PUROK 27 TO PUROK 21' AT IRISAN BARANGAY, BAGUIO CITY.
2019	039-2019	AN ORDINANCE APPROVING THE REQUESTS OF WALTRIX PRODUCTIONS AND EKG PRODUCTIONS RELATIVE TO ITS EVENT, 'SARAH G: LIVE', HELD ON 18 MAY 2019 AT THE UNIVERSITY OF BAGUIO GYM, BAGUIO CITY.
2019	040-2019	AN ORDINANCE APPROVING THE REQUEST FOR AUTHORITY TO CHARGE AGAINST CURRENT APPROPRIATIONS UNDER SALARIES AND WAGES–REGULAR (ACCOUNT CODE 5-01-01-010) OF THE CITY TREASURY OFFICE THE TOTAL AMOUNT OF ₱19,306.86 FOR THE PAYMENT OF SALARY DIFFERENTIAL OF MR. POLICARPIO M. TAMAYO, LOCAL TREASURY OPERATIONS OFFICER IV, OF SAID OFFICE.
2019	041-2019	AN ORDINANCE APPROVING THE REQUEST FOR AUTHORITY TO CHARGE AGAINST CURRENT APPROPRIATIONS UNDER FUEL, OIL AND LUBRICANTS EXPENSES (ACCOUNT CODE 5-02-03-080) OF THE CITY HEALTH SERVICES OFFICE THE AMOUNT OF ₱65,579.59 FOR THE PAYMENT OF GASOLINE CONSUMPTIONS FOR THE MONTHS OF SEPTEMBER 2018 TO DECEMBER 2018.
2019	042-2019	TRANSFER OF FUNDS IN THE CITY HUMAN RESOURCE MANAGEMENT OFFICE
2019	043-2019	REALIGNING THE TOTAL AMOUNT OF ₱200,000.00 FROM THE PROJECTS 'CONSTRUCTION OF TANOD OUTPOST' AMOUNTING TO ₱100,000.00 AND 'CONSTRUCTION OF SENIOR CITIZEN'S HALL' AMOUNTING TO ₱100,000.00 UNDER THE 2015 LOCAL DEVELOPMENT FUND TO 'CONSTRUCTION OF TANOD OUTPOST' AT DIZON- MANZANILLO SUBDIVISION BARANGAY, BAGUIO CITY.
2019	044-2019	REALIGNING THE AMOUNT OF ₱100,000.00 FROM THE PROJECT 'CONSTRUCTION OF COMFORT ROOM AT THE BASKETBALL COURT AND PLAYGROUND' UNDER THE 2015 LOCAL DEVELOPMENT FUND TO 'CONSTRUCTION FOR THE EXTENSION OF RETAINING WALL OF DRAINAGE CANAL BETWEEN HENRICO'S APARTELLE BUILDING AND MANUEL RESIDENCE AT MAYA STREET'
2019	045-2019	APPROVING THE REQUEST FOR AUTHORITY TO CHARGE THE AMOUNT OF ₱15,302.14 AGAINST CURRENT APPROPRIATION OF THE CITY GENERAL SERVICES OFFICE UNDER OTHER PERSONNEL BENEFITS (ACCOUNT CODE 5-01-04-990) FOR THE PAYMENT OF SALARY AND OTHER BENEFITS ADJUSTMENTS OF MR. PIO L. LAMPAC
2019	046-2019	REALIGNING THE AMOUNT OF ₱100,000.00 FROM THE PROJECT 'CONSTRUCTION OF COMFORT ROOM BETWEEN BLOCK 5 AND BLOCK 9 ADJACENT TO OUTPOST' UNDER THE 2016 DEVELOPMENT FUND TO 'CONTINUE THE UNFINISHED COMFORT ROOM AT THE BASKETBALL COURT' AT WEST QUIRINO HILL BARANGAY, BAGUIO CITY
2019	048-2019	ORDINANCE NUMBERED 48 (SERIES OF 2019) CREATING THE PUBLIC EMPLOYMENT SERVICE OFFICE OF BAGUIO CITY
2019	049-2019	PROHIBITING AND REGULATING THE USE OF MOBILE DEVICES AND OTHER DISTRACTIVE DEVICES AND ITEMS WHILE WALKING AND CROSSING THE STREETS AND SIDEWALKS IN THE CITY OF BAGUIO.
2019	050-2019	ENACTING A CODE OF GENERAL ORDINANCES OF THE CITY OF BAGUIO
2019	051-2019	APPROVING THE REQUEST TO UTILIZE THE UNEXPENDED CAPITAL OUTLAY IN CALENDAR YEAR 2016 IN THE CITY BUDGET OFFICE AMOUNTING TO ₱1,887,500.00 FOR THE PURCHASE OF ONE MOTOR VEHICLE PURSUANT TO DILG MC NO. 2014-155, AS AMENDED.
2019	052-2019	APPROVING THE REQUEST FOR AUTHORITY TO CHARGE THE AMOUNT OF ₱198,208.97 AGAINST CURRENT APPROPRIATION OF THE CITY GENERAL SERVICES OFFICE UNDER ACCOUNT CODE 5-01-02-130 (OVERTIME AND NIGHT PAY) FOR THE PAYMENT OF OVERTIME AND NIGHT DIFFERENTIAL PAY OF EMPLOYEES OF THE SAID OFFICE FOR DECEMBER 2018.
2019	053-2019	REVERTING THE AMOUNT OF ₱1,995,133.00 FROM THE CONTINUING APPROPRIATIONS EARMARKED FOR PROJECTS UNDER THE 20% DEVELOPMENT FUND AND RE-APPROPRIATING THE SAME FOR THE FUNDING OF VARIOUS PRIORITY PROJECTS CERTIFIED AS URGENT BY THE CITY ENGINEER.
2019	054-2019	APPROVING THE REQUEST FOR AUTHORITY TO CHARGE THE AMOUNT OF ₱500,382.96 AGAINST THE BAGUIO CONVENTION CENTER TRUST FUND (ACCOUNT CODE 439-021) FOR THE PAYMENT OF SALARIES OF JOB ORDER EMPLOYEES UNDER THE CITY ADMINISTRATOR'S OFFICE.
2019	055-2019	APPROVING THE REQUEST FOR AUTHORITY TO CHARGE THE AMOUNT OF ₱18,300.00 AGAINST CURRENT APPROPRIATION OF THE CITY ENVIRONMENT AND PARKS MANAGEMENT OFFICE UNDER ACCOUNT CODE 5-01-02-130 (HAZARD PAY) FOR THE PAYMENT OF HAZARD PAY OF EMPLOYEES FOR DECEMBER 2018 AND THE AUTHORITY TO TRANSFER FUNDS THE AMOUNT OF ₱73,586.00 FROM ACCOUNT CODE 5-02-16-010 (TAXES, DUTIES AND LICENSES) TO ACCOUNT CODE 5-02-16-030 (INSURANCE EXPENSES) FOR THE PAYMENT OF MOTOR VEHICLE INSURANCE.
2019	056-2019	REVERTING TO THE GENERAL FUND THE AMOUNT OF ₱7,500,000.00 OBLIGATED UNDER ACCOUNT NO.5-01-01-10 (OBR NO. 1011-18-12-947) AND RE-APPROPRIATING THE SAME FOR THE FUNDING OF PROPOSED ELECTRICAL REWIRING OF THE CITY HALL BUILDING.
2019	057-2019	TRANSFER OF FUNDS IN THE CITY VETERINARY OFFICE FROM REPAIR AND MAINTENANCE ACCOUNT TO CONSTRUCTION OF CORRAL STRUCTURE.
2019	058-2019	TRANSFER OF FUNDS IN THE CITY SOCIAL WELFARE AND DEVELOPMENT OFFICE FOR THE PAYMENT OF TERMINAL LEAVE BENEFITS OF A FORMER EMPLOYEE.
2019	059-2019	APPROVING THE REQUESTS OF PROFILES ENTERTAINMENT PRODUCTIONS INC. (PEP) RELATIVE TO ITS EVENT 'SEARCH FOR MISTER AND MISS SUMMER CAPITAL PAGEANT' TO BE HELD ON 04 AUGUST 2019 AT CAP BUILDING, CAMP JOHN HAY, BAGUIO CITY.
2019	060-2019	APPROVING THE TEMPORARY CLOSURE OF SESSION ROAD TO VEHICULAR TRAFFIC AND USE FOR THE CONDUCT OF ONE COMMUNITY: OUTREACH PROGRAM TO BE HELD ON 13 JULY 2019.
2019	061-2019	REALIGNING THE AMOUNT OF ₱600,000.00 FROM THE PROJECT 'IMPROVEMENT OF DAY CARE CENTER' UNDER ORDINANCE NUMBERED 113, SERIES OF 2017 TO 'CONSTRUCTION OF BUILDING EXTENSION AT THE BACK OF THE DAY CARE CENTER' AT PACDAL BARANGAY, BAGUIO CITY.
2019	062-2019	APPROVING THE REQUESTS FOR AUTHORITY TO CHARGE AND DISBURSE THE TOTAL AMOUNT OF ₱16,914.00 AGAINST CURRENT APPROPRIATIONS OF THE SANGGUNIANG PANLUNGSOD UNDER ACCOUNT CODE 5-01-02-140 (YEAR END BONUS) IN THE AMOUNT OF ₱11,914.00 AND ACCOUNT CODE 5-01-02-150 (CASH GIFT) IN THE AMOUNT OF ₱5,000.00 FOR THE PAYMENT OF 13TH MONTH PAY AND CASH GIFT OF MR. RHOY S. DELOS SANTOS FOR THE PERIOD 01 JANUARY 2018 TO 05 NOVEMBER 2018.
2019	063-2019	REVERTING TO THE GENERAL FUND THE AMOUNT OF ₱18,789,608.00 OBLIGATED UNDER ACCOUNT NO. 05-01-01-010 (OBR NO. 1011-18-12-947) AND RE-APPROPRIATING THE AMOUNT TO FUND THE PROJECT 'REPLACEMENT OF BUSTED CITY STREETLIGHTS INTO LIGHT EMITTING DIODE (LED) STREETLIGHTS' FOR VARIOUS BARANGAYS IN THE CITY OF BAGUIO.
2019	064-2019	APPROVING THE REQUEST OF MEGAJB2M FILMS FOR EXEMPTION FROM THE PAYMENT OF AMUSEMENT TAX OF ITS DIGITAL MOVIE ENTITLED, 'BUGSO'.
2019	065-2019	APPROVING THE CLOSURE OF SESSION ROAD TO VEHICULAR TRAFFIC FOR FOUR (4) SUNDAYS UPON APPROVAL THEREOF, SUBJECT TO CONDITIONS.
2019	066-2019	REALIGNING THE AMOUNT OF ₱100,000.00 FROM THE PROJECT 'CONSTRUCTION OF TALIPAPA AT PUROK 3, MILITARY CUT-OFF BARANGAY' UNDER THE 2015 LOCAL DEVELOPMENT FUND TO 'CONCRETING OF ROAD AT WAGNER ROAD, PUROK 4' AT MILITARY CUT-OFF BARANGAY, BAGUIO CITY.
2019	067-2019	REALIGNING THE AMOUNT OF P150,000.00 FROM THE PROJECT 'CONSTRUCTION OF CONCRETE PATHWAY FROM SOLEDAD KIPONG'S RESIDENCE TO GEORGE CAYUMBA'S RESIDENCE AT PUROK 5' UNDER THE 2019 LOCAL DEVELOPMENT FUND TO 'CONTINUATION OF COVERED CANAL INCLUDING PATHWAY AND RAILINGS FROM DANIEL TABEK TO NABULAY RESIDENCE' AT CAMP 8 BARANGAY, BAGUIO CITY.
2019	068-2019	REALIGNING THE AMOUNT OF P319,779.60 FROM THE PROJECT 'RESTORATION OF ERODED ROAD SHOULDER NEAR ARACELI PATTING'S RESIDENCE AT SITIO LUBAS' UNDER THE 2019 DISASTER RISK REDUCTION AND MANAGEMENT FUND TO 'REPAIR AND RESTORATION OF ERODED RIPRAP NEAR MATEO MAGNO'S RESIDENCE, UPPER APUGAN' AT STO. TOMAS CENTRAL (SCHOOL AREA) BARANGAY, BAGUIO CITY.
2019	069-2019	REALIGNING THE AMOUNT OF P300.000.00 FROM THE PROJECT 'CONSTRUCTION OF SLOPE PROTECTION BESIDE THE ROAD NEAR EDWIN KELLY'S RESIDENCE AT SITIO BILIS' UNDER THE 2019 LOCAL DEVELOPMENT FUND TO 'CONTINUATION OF THE RESTORATION OF ERODED ROAD SHOULDER NEAR SALAO'S RESIDENCE' AT STO. TOMAS CENTRAL (SCHOOL AREA) BARANGAY, BAGUIO CITY.
2019	070-2019	APPROVING THE REQUEST FOR AUTHORITY TO CHARGE THE AMOUNT OF ₱7,350.00 AGAINST CURRENT APPROPRIATION OF THE CITY BUILDINGS AND ARCHITECTURE OFFICE UNDER ACCOUNT CODE 5-02-13-060 FOR THE 40,000 KM CHANGE OIL OF FORD ECOSPORT SLH 149.
2019	071-2019	APPROVING THE REQUEST FOR AUTHORITY TO CHARGE THE AMOUNT OF ₱8,400.00 AGAINST CURRENT APPROPRIATION OF THE CITY HEALTH SERVICES OFFICE UNDER ACCOUNT CODE 5-02-03-090 TO COVER PAYMENTS FOR GASOLINE CONSUMPTION FROM SEPTEMBER TO DECEMBER 2018
2019	072-2019	APPROVING THE REQUEST TO CHARGE THE AMOUNT OF ₱87,209.00 AGAINST THE 2019 CITY DISASTER RISK REDUCTION FUND TO COMPLETE PAYMENT FOR CONTRACT AWARDED TO RIANELLA PRINTING PRESS
2019	073-2019	APPROVING THE REQUEST TO CHARGE THE AMOUNT OF ₱3,000.00 AGAINST CURRENT APPROPRIATION OF THE CITY HEALTH SERVICES OFFICE FOR THE PROFICIENCY TESTING PROGRAM FOR WATER TESTING LABORATORY FOR THE YEAR 2018
2019	074-2019	TRANSFER OF FUNDS IN THE MUNICIPAL TRIAL COURT IN CITIES FROM FUEL, OIL AND LUBRICANTS ACCOUNT TO SUBSCRIPTION AND OFFICE SUPPLIES EXPENSES
2019	076-2019	AMENDING SECTIONS 1 AND 3 OF ORDINANCE NO. 013 SERIES OF 2001 TO MOVE 'LINGGO NG KABATAAN' OBSERVANCE TO WEEK OF AUGUST 12 IN LINE WITH INTERNATIONAL YOUTH DAY
2019	077-2019	REVERTING ₱3,500,000.00 TO GENERAL FUND SURPLUS AND RE-APPROPRIATING SAME FOR CASH AWARDS TO NONAGENARIANS IN BAGUIO CITY
2019	078-2019	REALIGNING ₱100,000.00 FROM CEMENTING BARANGAY ROAD AT PUROK 1 TO IMPROVEMENT OF MULTI-PURPOSE COURT AT PUROK 6 IN CABINET HILL-TEACHERS CAMP BARANGAY
2019	079-2019	REALIGNING ₱1,000,000.00 FROM REPAIR AND REHABILITATION OF SLOPE PROTECTION TO REHABILITATION OF RIPRAP AND ROAD AT PUROK 5 IN BAKAKENG NORTE/SUR BARANGAY
2019	080-2019	REALIGNING ₱100,000.00 FROM IMPROVEMENT OF ALLEY AT BALACBAC INTERIOR A TO CONSTRUCTION OF CANAL AT ATAB NEAR LEKYANG'S RESIDENCE IN STO. TOMAS PROPER BARANGAY
2019	081-2019	"INSTITUTIONALIZING THE ""MANGAN TAKU"" (LET'S EAT): CORDILLERA FOOD FESTIVAL"" EVERY SECOND WEEK OF APRIL AS PART OF THE SUMVAC (SUMMER VACATION) ACTIVITIES OF THE CITY OF BAGUIO."
2019	082-2019	REVERTING ₱160,000.00 TO GENERAL FUND SURPLUS AND RE-APPROPRIATING SAME TO INSTALL A SEWERLINE FROM TOBISHIMA LINE TO PAGADUAN'S EATERY IN SLAUGHTER HOUSE COMPOUND
2019	083-2019	TRANSFER OF FUNDS IN THE CITY LIBRARY OFFICE FROM SUBSCRIPTION EXPENSE ACCOUNT TO TRAVELLING EXPENSES ACCOUNT FOR LOCAL TRAININGS AND SEMINARS.
2019	084-2019	AMENDING FURTHER ORDINANCE NUMBERED 45, SERIES OF 2013 [HONORING THE CENTENARIANS OF THE CITY OF BAGUIO] AS AMENDED BY ORDINANCE NUMBERED 53, SERIES OF 2016.
2019	085-2019	APPROVING THE REQUEST OF THE HOTEL AND RESTAURANT ASSOCIATION OF BAGUIO (HRAB) FOR EXEMPTION FROM PAYMENT OF AMUSEMENT TAX FOR DESIGNATED EVENTS IN SEPTEMBER AND OCTOBER 2019.
2019	086-2019	HIRING THE SERVICES OF A FILIPINO SIGN LANGUAGE INTERPRETER TO AID CONSTITUENTS WITH HEARING IMPAIRMENTS DURING PUBLIC AND CITY GOVERNMENT EVENTS.
2019	087-2019	INSTITUTIONALIZING EVERY 9TH DAY OF AUGUST OF EVERY YEAR AS INTERNATIONAL DAY OF THE WORLD'S INDIGENOUS PEOPLES IN THE CITY OF BAGUIO, MAKING IT AN ANNUAL ACTIVITY OF THE CITY GOVERNMENT OF BAGUIO, CREATING A COMMITTEE FOR THE PURPOSE, AND APPROPRIATING FUNDS THEREFOR.
2019	088-2019	REVERTING TO THE GENERAL FUND THE AMOUNTS OF ₱1,070,000.00 AND ₱2,000,000.00 AND RE-APPROPRIATING SAME FOR ROAD REPAIR PROJECTS AT PUROK 8 KIAS AND MALIGCONG VILLAGE IN PINSAO PILOT BARANGAY.
2019	089-2019	APPROVING THE REQUEST TO UTILIZE THE UNEXPENDED CAPITAL OUTLAY IN CY 2018 OF THE CITY ENGINEERING OFFICE AMOUNTING TO ₱4,800,000.00 FOR THE PURCHASE OF FOUR SERVICE VEHICLES.
2019	090-2019	CHANGING THE PROJECT TITLE UNDER THE 2019 DEVELOPMENT FUND FROM “CONSTRUCTION OF VARIOUS PATHWAYS” TO “CONTINUATION OF LONG SPAN PATHWAY” AT ATOK TRAIL BARANGAY, BAGUIO CITY.
2019	091-2019	CHANGING THE PROJECT TITLE 'ROAD PROTECTION AND WIDENING' UNDER THE 2015 DISASTER RISK REDUCTION MANAGEMENT FUND AMOUNTING TO ₱2,000,000.00 TO 'CONSTRUCTION OF CANAL AND SPILLWAY AT UPPER ATOK TRAIL AND REHABILITATION OF DRAINAGE ALONG BARANGAY ROAD NEAR CAMCAM RESIDENCE' AT ATOK TRAIL BARANGAY, BAGUIO CITY.
2019	092-2019	REALIGNING THE AMOUNT OF P100,000.00 FROM THE PROJECT 'INSTALLATION OF FENCE WITH GATE AT THE FRONTAGE OF SENIOR CITIZENS BUILDING' UNDER THE 2016 DEVELOPMENT FUND TO 'REHABILITATION OF SEWERLINE AT QUINTO ALLEY FROM MAGALONG RESIDENCE UPTO CASTRO RESIDENCE' AT ENGINEER'S HILL, BAGUIO CITY.
2019	093-2019	REALIGNING THE AMOUNT OF ₱800,000.00 FROM THE PROJECT 'CONTINUATION OF DRAINAGE CANAL FROM BADUA TO BUSTARDE'S RESIDENCE' UNDER THE 2019 DISASTER RISK REDUCTION MANAGEMENT FUND TO 'CONSTRUCTION AND INSTALLATION OF BOX CULVERT LOCATED IN THE BRIDGE BETWEEN PUROKS 2, 3, 5 AND 6' AT HILLSIDE BARANGAY, BAGUIO CITY
2019	094-2019	REALIGNING THE AMOUNT OF ₱500,000.00 FROM THE PROJECT 'EROSION CONTROL/RIPRAPPING OF ERODED SOIL LOCATED AT THE BARANGAY PARK' UNDER THE 2019 DISASTER RISK REDUCTION MANAGEMENT FUND TO 'REHABILITATION OF COMMUNITY WATER SYSTEM' AT NORTH SANITARY CAMP BARANGAY, BAGUIO CITY.
2019	095-2019	APPROVING THE EXTENSION OF THE CLOSURE OF SESSION ROAD TO VEHICULAR TRAFFIC EVERY SUNDAYS UNTIL 31 DECEMBER 2019 UPON APPROVAL THEREOF, SUBJECT TO THE CONDITIONS SET FORTH UNDER ORDINANCE NUMBERED 65, SERIES OF 2019.
2019	096-2019	APPROVING THE FREE USE OF ATHLETIC BOWL FOR ZEN SUMMIT EVENTS’ FUN RUN “KEEP GOING: A RUN FOR MENTAL HEALTH” SUBJECT TO CONDITIONS.
2019	097-2019	TRANSFER OF ₱30,000.00 IN THE CITY LEGAL OFFICE FROM MAINTENANCE AND OTHER OPERATING EXPENSES TO TRAVELLING EXPENSES-LOCAL
2019	098-2019	PRESCRIBING GUIDELINES FOR THE ACCREDITATION, MOBILIZATION AND PROTECTION OF COMMUNITY DISASTER VOLUNTEERS AND PROVIDING FUNDS THEREOF.
2019	099-2019	TRANSFER OF FUNDS IN THE CITY ACCOUNTING OFFICE FROM TRAINING EXPENSE TO REPAIR AND MAINTENANCE – TRANSPORTATION EQUIPMENT DUE TO INSUFFICIENT FUNDS
2019	100-2019	ALLOCATING ₱1,500,000.00 FROM THE 30% CITY DRRM QUICK RESPONSE FUND AS FINANCIAL ASSISTANCE TO EARTHQUAKE-STRICKEN MUNICIPALITIES IN MINDANAO
2019	101-2019	GRANTING FINANCIAL ASSISTANCE TO THE PROVINCE OF BATANES CHARGED FROM THE 70% DRRM FUND UNDER REFERENCE CODE-2019-3-49 OF THE CITY GOVERNMENT OF BAGUIO.
2019	102-2019	REVERTING TO THE SURPLUS ACCOUNT OF THE GENERAL FUND THE AMOUNT OF P3,800,000.00 OBLIGATED UNDER ACCOUNT NO. 1011-18-12-947 (SALARIES AND WAGES-REGULAR) OF THE CITY MAYOR'S OFFICE AND RE-APPROPRIATING THE SAME AMOUNT TO COVER THE PEACE AND ORDER PROGRAM OF THE DIFFERENT BARANGAYS IN THE CITY OF BAGUIO.
2019	103-2019	REALIGNING THE AMOUNT OF P150,000.00 FROM THE PROJECT 'CONTINUATION OF BARANGAY MULTI PURPOSE HALL' UNDER THE 2016 ANNUAL INVESTMENT PROGRAM TO 'CONCRETING OF PATHWAY AT SECTOR 4' AT GREENWATER VILLAGE BARANGAY, BAGUIO CITY.
2019	104-2019	TRANSFER OF FUNDS IN THE CITY VETERINARY OFFICE FROM SALARIES AND WAGES-REGULAR TO OVERTIME AND NIGHT PAY TO COVER EMPLOYEE BENEFITS
2019	105-2019	TRANSFER OF FUNDS IN THE CITY ENGINEERING OFFICE TO AUGMENT AND SETTLE CURRENT AND PRIOR YEAR PERSONAL SERVICES EXPENSES INCLUDING TERMINAL LEAVE BENEFITS
2019	106-2019	TRANSFER OF FUNDS IN THE CITY ENVIRONMENT AND PARKS MANAGEMENT OFFICE
2019	107-2019	APPROVING THE REQUEST FOR THE PROCUREMENT OF ONE (1) SERVICE VEHICLE IN THE AMOUNT OF P2,305,500.00 UNDER ACCOUNT CODE NO. 1-07-06-010 (MOTOR VEHICLE) OF THE CITY ENVIRONMENT AND PARKS MANAGEMENT OFFICE.
2019	108-2019	APPROVING THE REQUEST OF THE YOUTH FOR A UNITED WORLD (Y4UW) INTERNATIONAL FOR EXEMPTION FROM THE PAYMENT OF AMUSEMENT TAX FOR ITS EVENT 'HAMON: A BENEFIT CONCERT' ON 10 DECEMBER 2019 AT THE UNIVERSITY OF BAGUIO GYM.
2019	109-2019	APPROVING THE TEMPORARY CLOSURE OF ROADS TO VEHICULAR TRAFFIC STARTING AT NORTH DRIVE DOWN TO BOTH LANES OF SESSION ROAD UP TO THE JUNCTION OF MAGSAYSAY AVENUE, ONE LANE OF HARRISON ROAD ADJACENT TO THE MELVIN JONES GRANDSTAND, AND JOSE ABAD SANTOS DRIVE UP TO THE BAGUIO ATHLETIC BOWL, INCLUDING THE CLOSURE TO VEHICULAR PARKING OF THE BAGUIO ATHLETIC BOWL, DURING THE CONDUCT OF THE SAINT LOUIS UNIVERSITY 11TH LANTERN PARADE ON 01 DECEMBER 2019 FROM 3:00 PM IN THE AFTERNOON UNTIL THE PARADE ENDS.
2019	110-2019	TRANSFER OF FUNDS IN THE CITY TREASURY OFFICE
2019	112-2019	AMENDING ORDINANCE NUMBERED 92, SERIES OF 2019 [RE: REHABILITATION OF SEWERLINE AT QUINTO ALLEY, ENGINEERS HILL BARANGAY, FROM MAGALONG RESIDENCE UPTO CASTRO RESIDENCE] CHANGING THE NAME OF IMPLEMENTING OFFICE FROM 'CITY BUILDINGS AND ARCHITECTURE OFFICE' TO 'CITY ENVIRONMENT AND PARKS MANAGEMENT OFFICE'.
2019	113-2019	CHANGING THE PROJECT TITLE, 'CONTINUATION IMPROVEMENT (EXCAVATION) OF THE MULTI-PURPOSE HALL OF SENIOR CITIZEN OF BARANGAY IRISAN LOT LOCATED AT PUROK 15' TO 'IMPROVEMENT OF DRIVEWAY FROM ROAD CONNECTING TO THE SENIOR CITIZEN BUILDING AT PUROK 15' UNDER THE 2019 DEVELOPMENT FUND AMOUNTING TO ₱100,000.00 AT IRISAN BARANGAY, BAGUIO CITY.
2019	114-2019	TRANSFER OF FUNDS IN THE OFFICE OF THE CITY ADMINISTRATOR
2019	115-2019	TRANSFER OF FUNDS IN THE CITY ENGINEERING OFFICE
2019	118-2019	REVERTING TO THE GENERAL FUND THE AMOUNT OF ₱882,423.49 AND REAPPROPRIATING THE SAME AMOUNT TO FUND THE COMPLETED PROJECT 'REHABILITATION OF SLOPE PROTECTION AND DRAINAGE' AT STO. TOMAS CENTRAL BARANGAY, BAGUIO CITY
2019	120-2019	TRANSFER OF FUNDS IN THE CITY HUMAN RESOURCE MANAGEMENT OFFICE
2019	121-2019	TRANSFER OF FUNDS IN THE CITY BUDGET OFFICE
2019	122-2019	AMENDING ORDINANCE NUMBERED 25, SERIES OF 1990, REQUIRING THE POLICY OF 'FIRST COME, FIRST SERVED' IN PUBLIC TRANSACTIONS AND PROVIDING PENALTIES FOR ITS VIOLATION
2019	123-2019	ALLOCATING THE AMOUNT OF ₱500,000.00 FROM THE 30% CITY DISASTER RISK REDUCTION AND MANAGEMENT QUICK RESPONSE FUND AS ASSISTANCE/RELIEF FUNDS TO THE PROVINCE OF APAYAO FOR THE VICTIMS OF TYPHOONS QUIEL AND RAMON
2019	124-2019	ALLOCATING THE AMOUNT OF ₱500,000.00 FROM THE 30% CITY DISASTER RISK REDUCTION AND MANAGEMENT QUICK RESPONSE FUND AS ASSISTANCE/RELIEF FUNDS TO THE PROVINCE OF CAGAYAN FOR THE VICTIMS OF TYPHOONS QUIEL AND RAMON
2019	125-2019	TRANSFER OF FUNDS IN THE OFFICE OF THE SANGGUNIANG PANLUNGSOD
2020	002-2020	APPROVING REQUEST TO CHARGE ₱521,136.96 AGAINST THE BAGUIO CONVENTION CENTER TRUST FUND FOR SALARIES OF SEVEN ADMINISTRATIVE AIDES (JOB ORDER STATUS)
2020	003-2020	APPROVING PAYMENT OF STEP INCREMENT DIFFERENTIAL OF FOUR EMPLOYEES OF THE SOLID WASTE MANAGEMENT DIVISION AGAINST 2019 APPROPRIATION OF THE CITY GENERAL SERVICES OFFICE
2020	004-2020	APPROVING USE OF ₱251,000.00 SAVINGS FROM 2016 VEHICLE PURCHASE AS ADDITIONAL FUNDING FOR TWO MOTOR VEHICLES FOR CBAO
2020	005-2020	APPROVING TEMPORARY CLOSURE AND USE OF VARIOUS ROADS FOR PANAGBENGA 2020 FESTIVAL
2020	006-2020	AMENDING SECTION 1 OF ORDINANCE NUMBERED 26, SERIES OF 2011 TO SPECIFY SHARING OF 1% FUND BETWEEN SENIORS AND PWDs IN PROPORTION TO SECTORAL POPULATION
2020	007-2020	GRANTING FINANCIAL ASSISTANCE/RELIEF FUND ₱1,600,000.00 TO EIGHT MUNICIPALITIES IN BATANGAS AFFECTED BY TAAL VOLCANO ERUPTION
2020	008-2020	PROHIBITING SALE OF WET WIPES AND OTHER SIMILAR BABY PRODUCTS WITH HARMFUL INGREDIENTS IN ALL ESTABLISHMENTS IN THE CITY OF BAGUIO
2020	009-2020	CHANGING THE PROJECT TITLE 'CONSTRUCTION OF SEWER LINE, PUROK 1 FROM FERMIN'S TO REYES RESIDENCE' UNDER THE 2019 ANNUAL INVESTMENT PLAN AMOUNTING TO ¥6,000,000.00 ΤΟ 'CONSTRUCTION OF SEWERLINE AT EAST BAYAN PARK BARANGAY TO A PORTION OF BROOKSPOINT BARANGAY' AT EAST BAYAN PARK BARANGAY, BAGUIO CITY.
2020	010-2020	APPROVING PAYMENT OF TERMINAL LEAVE BENEFITS AND OTHER PERSONNEL BENEFITS OF ATTY. JULIET A. SAPLING-IMPERIAL AGAINST CITY LEGAL OFFICE 2020 SALARIES BUDGET
2020	011-2020	TEMPORARY CLOSURE OF SESSION ROAD TO VEHICULAR TRAFFIC FOR FOUR CONSECUTIVE SUNDAYS IN FEBRUARY 2020, SUBJECT TO TRAFFIC AND AIR QUALITY REPORTING
2020	012-2020	YOUTH CLASS ORDINANCE OF THE CITY OF BAGUIO.
2020	013-2020	APPROVING CHARGING OF ₱30,000.00 AGAINST CITY BUILDINGS AND ARCHITECTURE OFFICE’S 2020 OVERTIME AND NIGHT PAY FOR ADDITIONAL PERSONAL SERVICES
2020	014-2020	APPROVING ₱5,000.00 CHARGED TO 2020 SALARIES BUDGET FOR LOYALTY INCENTIVE AWARD FOR 25 YEARS OF SERVICE OF MS. ELIZA L. ORDUÑA
2020	015-2020	REVERTING ₱1,600,000.00 TO GENERAL FUND AND REAPPROPRIATING SAME FOR ADDITIONAL REQUIREMENTS FOR BAGUIO’S HOSTING OF 2020 CORDILLERA ADMINISTRATIVE REGION ATHLETIC ASSOCIATION (CARAA) MEET.
2020	016-2020	APPROVING THE SCHEDULE OF MARKET VALUES FOR LAND IN THE CITY OF BAGUIO AS PREPARED AND SUBMITTED BY THE CITY ASSESSOR, INCLUDING MARKET VALUES FOR BUILDINGS, MACHINERIES, AND SPECIAL CLASSES OF PROPERTIES, STAGGERED IMPLEMENTATION OF REAL PROPERTY TAX INCREASE, ADJUSTMENT FACTORS BASED ON LOT CONFIGURATIONS, DISTANCES, AND USES, AND REPEALING PRIOR INCONSISTENT ORDINANCES.
2020	017-2020	REALIGNING THE AMOUNT OF ₱20,000,000.00 FROM THE PROJECT 'DEMOLITION OF OLD MAGSAYSAY BUILDING AND CONSTRUCTION OF COLLAPSIBLE PARKING ALONG MAGSAYSAY AVENUE' UNDER THE AMENDED 2019 ANNUAL INVESTMENT PLAN TO 'CONSTRUCTION OF NEW SATELLITE MARKET' AT GIBRALTAR BARANGAY, BAGUIO CITY.
2020	018-2020	GRANTING FINANCIAL ASSISTANCE/RELIEF FUND IN THE AMOUNT OF ₱200,000.00 FROM THE 30% CITY DISASTER RISK REDUCTION AND MANAGEMENT QUICK RESPONSE FUND TO THE MUNICIPALITY OF LAUREL, PROVINCE OF BATANGAS.
2020	019-2020	AMENDING SECTION 1 OF ORDINANCE NUMBERED 05, SERIES OF 2020 TO REFLECT THE REVISED SCHEDULE OF ACTIVITIES AND ROAD CLOSURES FOR THE 2020 PANAGBENGA FESTIVAL AS PRESENTED BY THE BAGUIO FLOWER FESTIVAL FOUNDATION, INC.
2020	020-2020	AMENDING ORDINANCE NUMBERED 107, SERIES OF 2019 TO CHANGE THE APPROVED AMOUNT FOR THE PROCUREMENT OF ONE (1) SERVICE VEHICLE OF THE CITY ENVIRONMENT AND PARK MANAGEMENT OFFICE FROM ₱2,305,500.00 TO ₱2,305,000.00
2020	021-2020	REQUIRING WHOLESALERS OF AGRICULTURAL CROPS TO DISPOSE THEIR AGRICULTURAL REFUSE AT SOURCE OR POINT OF ORIGIN; DEFINING PENALTIES AND DESIGNATING THE CITY MARKET DIVISION OF THE CITY TREASURER'S OFFICE AS THE ENFORCING AGENCY
2020	022-2020	REGULATING THE OPERATION OF ALL HEALTH AND BODYBUILDING CLUBS, PHYSICAL FITNESS CENTER, AND AEROBICS AND SLIMMING SALONS OR GYMS IN THE CITY OF BAGUIO AND PROVIDING PENALTIES FOR VIOLATION THEREOF
2020	023-2020	APPROVING THE TRANSFER OF FUNDS IN THE AMOUNT OF ₱1,151,240.00 FROM THE DEPARTMENT OF EDUCATION-CAR, DIVISION OF BAGUIO CITY'S AIP CODE 3000-100-1-6 TO CAPITAL OUTLAY FOR THE PURCHASE OF WATER TANKS FOR CARAA 2020 BILLETING SCHOOLS
2020	024-2020	CHANGING THE PROJECT TITLE 'REHABILITATION OF AURORA HILL PROPER MULTI-PURPOSE HALL' UNDER THE 2019 ANNUAL INVESTMENT PLAN TO 'CONTINUATION OF IMPROVEMENT OF THE 2ND FLOOR OF AURORA HILL PROPER MULTI-PURPOSE BUILDING'
2020	025-2020	CHANGING THE PROJECT TITLE 'COMPLETION OF MULTI-PURPOSE COVERED COURT' UNDER THE 2017 ANNUAL INVESTMENT PLAN TO 'CONTINUATION OF MULTI-PURPOSE COVERED COURT' AT STO. ROSARIO VALLEY BARANGAY
2020	026-2020	REQUIRING A PERSON TO SECURE A WRITTEN CERTIFICATION FROM THE BARANGAY AS A REQUIREMENT IN THE COMMENCEMENT OF MAJOR ROADWAY CONSTRUCTION OR RECONSTRUCTION, LAYING OF UTILITY LINES, WATER PIPE LINES AND OTHER PUBLIC IMPROVEMENT PROJECTS
2020	027-2020	AN ORDINANCE PROHIBITING PARKING OF VEHICLES AT IMMACULATE CONCEPTION STREET WITHIN SOUTH CENTRAL AURORA HILL BARANGAY, BAGUIO CITY
2020	028-2020	AMENDING ORDINANCE NUMBERED 02, SERIES OF 2020 TO REFLECT THE CORRECT AMOUNT OF ₱633,649.80 FOR SALARIES OF ADMINISTRATIVE AIDE III (UTILITY WORKER II), SG-3/1, UNDER JOB ORDER STATUS IN THE OFFICE FOR CITY ADMINISTRATION
2020	029-2020	REALIGNING THE AMOUNT OF ₱300,000.00 FROM THE PROJECT 'REPAIR AND IMPROVEMENT OF BARANGAY ROAD AT SAROK NEAR HERMINIA PASCUA' UNDER THE 2020 AIP TO 'IMPROVEMENT OF ROAD AND DRAINAGE CANAL AT KALINGA PELOTA' AT CAMP 7 BARANGAY, BAGUIO CITY.
2020	030-2020	APPROVING THE REQUEST FOR AUTHORITY TO CHARGE THE AMOUNT OF ₱24,057.02 AGAINST THE 2020 APPROPRIATION OF THE CITY DISASTER RISK REDUCTION AND MANAGEMENT OFFICE FOR THE PAYMENT OF PLDT BILLING COVERING 16 AUGUST TO 16 DECEMBER 2019
2020	031-2020	APPROVING THE REQUEST FOR AUTHORITY TO CHARGE THE TOTAL AMOUNT OF ₱3,486.92 AGAINST THE 2020 APPROPRIATION OF THE CITY LIBRARY OFFICE UNDER ACCOUNT CODE 5-01-01-010 (SALARIES AND WAGES-REGULAR) IN THE AMOUNT OF ₱3,113.32 AND ACCOUNT CODE 5-01-03-010 (RETIREMENT AND LIFE INSURANCE PREMIUMS) IN THE AMOUNT OF ₱373.60 FOR THE PAYMENT OF SALARY INCREMENT AND GOVERNMENT SERVICE INSURANCE SYSTEM PREMIUM, RESPECTIVELY OF MS. MAY JOYCE M. DULNUAN.
2020	032-2020	REALIGNING THE AMOUNT OF ₱100,000.00 FROM THE PROJECT 'CONSTRUCTION OF PATHWAY FROM ARONCHAY'S RESIDENCE UP TO OREDINA'S RESIDENCE AT PUROK 5' UNDER THE 2020 ANNUAL INVESTMENT PLAN TO 'CONTINUATION OF PATHWAY FROM ANAYASAN'S RESIDENCE TO TALLONGEN'S RESIDENCE AT PUROK 5' AT CAMP 8 BARANGAY, BAGUIO CITY.
2020	033-2020	APPROVING THE REQUEST FOR AUTHORITY TO CHARGE THE TOTAL AMOUNT OF ₱98,249.37 AGAINST THE 2020 APPROPRIATION OF THE BUREAU OF FIRE PROTECTION-BAGUIO CITY FIRE STATION UNDER ACCOUNT CODES 5-02-04-010 (WATER EXPENSES) IN THE AMOUNT OF ₱58,223.92 AND 5-02-04-020 (ELECTRICITY EXPENSES) IN THE AMOUNT OF ₱40,025.45 FOR THE PAYMENT OF UTILITIES INCURRED.
2020	034-2020	REALIGNING THE AMOUNT OF ₱3,727,143.60 FROM THE SAVINGS OF ₱8,000,000.00 PROJECT 'CONSTRUCTION AND REHABILITATION OF SEWERLINE AND ROAD LOCATED AT MICAEL STREET, OLD FORESTRY COMPOUND' UNDER THE 2017 ANNUAL INVESTMENT PLAN TO 'CONSTRUCTION/REHABILITATION OF SEWER LINES' AT ENGINEER'S HILL BARANGAY, BAGUIO CITY.
2020	035-2020	REGULATING THE CHEWING, SPITTING OF BETEL QUID OR 'MOMA' IN PUBLIC PLACES, AND SELLING OF 'MOMA' PRODUCTS TO MINORS IN THE CITY OF BAGUIO, IMPOSING PENALTIES FOR VIOLATIONS THEREOF AND PROVIDING FUNDS THEREFOR AND FOR OTHER PURPOSES.
2020	036-2020	SEPTAGE MANAGEMENT ORDINANCE OF THE CITY OF BAGUIO ESTABLISHING A COMPREHENSIVE SEPTAGE MANAGEMENT SYSTEM COVERING DESIGN, CONSTRUCTION, COLLECTION, TRANSPORT, AND TREATMENT GUIDELINES; FORMATION OF CITY SEPTAGE MANAGEMENT BOARD; DUTIES OF SERVICE PROVIDERS AND STAKEHOLDERS; PENALTIES AND FUNDING.
2020	037-2020	REVERTING TO THE GENERAL FUND THE TOTAL AMOUNT OF ₱2,715,000.00 CHARGED AGAINST THE 2019 MAINTENANCE AND OTHER OPERATING EXPENSES OF THE CITY VETERINARY AND AGRICULTURE OFFICE AND REAPPROPRIATING THE SAME UNDER CAPITAL OUTLAY FOR THE IMPROVEMENT OF MEAT INSPECTION OFFICE, HOG CORRAL, AND ANIMAL HEALTH SERVICES OFFICE.
2020	038-2020	APPROVING THE REQUEST OF THE CITY BUILDINGS AND ARCHITECTURE OFFICE FOR THE UTILIZATION OF THE 2018 AND 2019 CAPITAL OUTLAY CONTINUING APPROPRIATIONS FOR THE PURCHASE OF A MOTOR VEHICLE OF THE SAID OFFICE.
2020	039-2020	REVERTING TO THE GENERAL FUND THE AMOUNT OF ₱150,000,000.00 FROM SAVINGS AND REAPPROPRIATING THE SAME AMOUNT FOR MEASURES AND PROGRAMS OF THE CITY GOVERNMENT OF BAGUIO TO DEAL WITH THE CORONA VIRUS DISEASE-2019 (COVID-19) CRISIS IN THE CITY OF BAGUIO.
2020	040-2020	APPROPRIATING THE AMOUNT OF ₱78,107,145.00 FROM THE BAYANIHAN GRANT TO CITIES AND MUNICIPALITIES FOR THE CORONA VIRUS DISEASE 2019 (COVID-19) RELATED PROGRAMS, PROJECTS AND ACTIVITIES IN THE CITY OF BAGUIO.
2020	043-2020	ALLOCATING CERTAIN AMOUNT FROM THE ₱150,000,000.00 CITY GOVERNMENT OF BAGUIO'S ANTI-COVID FUND FOR THE INSURANCE PREMIUMS OF BARANGAY FRONTLINERS INCLUDING TANODS, BHERTS, AND SERVICE UNITS IN RECOGNITION OF THEIR CRITICAL ROLE DURING THE PANDEMIC.
2020	044-2020	PENALIZING ACTS OF DISCRIMINATION COMMITTED AGAINST PERSONS AFFECTED BY COVID-19, INCLUDING MEDICAL PERSONNEL, OTHER HEALTH WORKERS, AND ESSENTIAL WORKERS IN BAGUIO CITY THROUGH FINES AND PENALTIES; ENSURING SAFE SPACES AND ENCOURAGING TRANSPARENCY FOR CONTACT TRACING AND HEALTH AID.
2020	045-2020	MANDATING THE WEARING OF FACE MASK BY ALL PERSONS WITHIN THE TERRITORIAL JURISDICTION OF BAGUIO CITY UNTIL THE THREAT OF CORONAVIRUS DISEASE 2019 (COVID-19) IS COMPLETELY ELIMINATED OR DURING THE DECLARED STATE OF PUBLIC HEALTH EMERGENCY AND PROVIDING PENALTIES FOR VIOLATION THEREOF.
2020	046-2020	IMPOSING PHYSICAL DISTANCING IN ALL ACTIVITIES IN THE CITY OF BAGUIO.
2020	047-2020	REVERTING TO THE GENERAL FUND THE AMOUNT OF ₱414,530.86 UNDER OBLIGATION NUMBER 101-8918-18-04-30 AND RE-APPROPRIATING THE SAME TO FUND THE PROJECT, 'CONTINUATION OF THE IMPROVEMENT OF VARIOUS DRAINAGE CANALS AT LOWER ROCK QUARRY'.
2020	048-2020	REALIGNING THE TOTAL AMOUNT OF ₱450,000.00 FROM THE PROJECTS 'CONSTRUCTION OF CANAL FRONTING RUEDA'S RESIDENCE TO HANCOCK'S RESIDENCE - ₱100,000.00', 'CROSS DRAINAGE AT TIPTOP - ₱150,000.00' AND 'RIPRAP OF ERODED ROAD AT SIAPNO (PHASE II) BESIDE BUENAVISTA'S RESIDENCE - ₱200,000.00' UNDER THE 2020 ANNUAL INVESTMENT PLAN FOR THE PROJECT 'CONSTRUCTION OF CANAL FRONTING RUEDA'S RESIDENCE TO HANCOCK'S RESIDENCE' AT PACDAL BARANGAY, BAGUIO CITY.
2020	050-2020	REVERTING TO THE GENERAL FUND THE UNUTILIZED AMOUNT OF ₱483,208.12 FROM THE PROJECT 'REHABILITATION OF PAVEMENT AT LEXBER HEIGHTS SUBDIVISION ROAD' IN THE AMOUNT OF ₱3,000,000.00 UNDER THE 2018 ANNUAL INVESTMENT PLAN AND REAPPROPRIATING THE SAME AMOUNT FOR THE PROJECT 'CONTINUATION OF THE REHABILITATION OF PAVEMENT AT LEXBER HEIGHTS SUBDIVISION ROAD' AT CAMP 7 BARANGAY, BAGUIO CITY.
2020	051-2020	APPROVING THE REQUEST FOR AUTHORITY TO CHARGE THE TOTAL AMOUNT OF ₱550,000.00 AGAINST THE 2020 APPROPRIATION OF THE CITY ENGINEERING OFFICE (CEO) UNDER ACCOUNT CODE 5-01-04-030 (TERMINAL LEAVE BENEFITS) IN THE AMOUNT OF ₱315,000.00 AND ACCOUNT CODE 5-01-04-990 (OTHER PERSONNEL BENEFITS) IN THE AMOUNT OF ₱235,000.00 FOR THE PAYMENT OF TERMINAL LEAVE BENEFITS AND OTHER PERSONNEL BENEFITS OF ENGR. EDWARD L. MAGALGALIT, ENGINEER II, AND MR. AURELIANO J. CAMPOS JR., CONSTRUCTION AND MAINTENANCE FOREMAN, BOTH OF CEO.
2020	052-2020	GRANTING TAX RELIEF TO ALL BUSINESS ESTABLISHMENTS OPERATING WITHIN THE CITY OF BAGUIO AFFECTED DURING THE CORONAVIRUS DISEASE 2019 (COVID-19) QUARANTINE PERIOD.
2020	053-2020	PRESCRIBING NEW NORMAL OF OPERATIONS IN ALL BUSINESS ESTABLISHMENTS, TRANSPORTATION FACILITIES, WORK PLACES, SCHOOLS AND PUBLIC PLACES IN THE CITY OF BAGUIO UNTIL THE THREAT OF CORONAVIRUS DISEASE 2019 (COVID-19) IS OVER.
2020	054-2020	MANDATING A RENTAL HOLIDAY ON REAL PROPERTIES, BUILDINGS, STALLS, UNITS OR SPACES USED FOR COMMERCIAL BUSINESS OR INDUSTRIAL PURPOSES WITHIN THE CITY OF BAGUIO WHICH WERE PREVENTED FROM OPERATION DURING THE ENHANCED COMMUNITY QUARANTINE (ECQ) AND GENERAL COMMUNITY QUARANTINE (GCQ), AND OTHER PURPOSES.
2020	055-2020	APPROVING THE REQUEST FOR AUTHORITY TO CHARGE THE AMOUNT OF ₱2,700,000.00 AGAINST THE CONTINUING APPROPRIATIONS OF THE OFFICE FOR CITY ADMINISTRATION UNDER ACCOUNT CODE 1-07-06-010 (MOTOR VEHICLES) FOR THE UTILIZATION IN THE PROCUREMENT OF A VEHICLE UNDER THE CITY TOURISM AND SPECIAL EVENTS OFFICE.
2020	056-2020	APPROVING THE REQUEST FOR AUTHORITY TO CHARGE THE TOTAL AMOUNT OF ₱77,298.24 AGAINST THE 2020 APPROPRIATION OF THE CITY ENVIRONMENT AND PARKS MANAGEMENT OFFICE UNDER ACCOUNT CODE 5-02-04-020 (ELECTRICITY EXPENSES) IN THE AMOUNT OF ₱72,759.66 AND ACCOUNT CODE 5-02-04-010 (WATER EXPENSES) IN THE AMOUNT OF ₱4,538.58 FOR THE PAYMENT OF UNPAID ELECTRICITY CONSUMPTION COVERING THE PERIOD JANUARY 2018 TO DECEMBER 2018 AND UNPAID COST OF MATERIALS FOR WATER CONNECTION, RESPECTIVELY AT THE DIPLOMAT HERITAGE HOTEL, BAGUIO CITY.
2020	057-2020	APPROVING THE TRANSFER OF FUND OF THE HEREIN EXPENDITURE TO ITS APPROPRIATE ACCOUNT AND THE AUTHORITY TO DISBURSE SUCH IS HEREBY APPROVED.
2020	058-2020	AMENDING SECTION 2 OF ORDINANCE NUMBERED 100, SERIES OF 2009 [RULES ON THE CONDUCT OF HEARING AND OTHER MATTERS ON DISCIPLINARY ACTIONS AND ADMINISTRATIVE COMPLAINTS AGAINST BARANGAY OFFICIALS].
2020	059-2020	FURTHER AMENDING ORDINANCE NUMBERED 54, SERIES OF 1988 [AN ORDINANCE PENALIZING ILLEGAL DISPOSAL OF REFUSE, EXCREMENT AND EGESTA; REMOVAL OR DESTRUCTION OF RECEPTACLES FOR REFUSE; AND ILLEGAL OBSTRUCTION OF WATERWAYS AND DUMPING INTO BODIES OF WATER; REQUIRING CERTAIN PERSONS, INSTITUTIONS AND ESTABLISHMENTS TO PROVIDE FOR RECEPTACLES FOR REFUSE, TO KEEP SURROUNDINGS CLEAN, AND TO PICK UP LITTERS; PROVIDING FOR AMNESTY FROM PROSECUTION; AND FURTHERMORE AMENDING FOR THE PURPOSE, SECTIONS 472, 475 AND 479 OF ORDINANCE NUMBERED 500, S. 1934, AS AMENDED BY ORDINANCE NRS. 252, 264, 572 AND 601].
2020	060-2020	FURTHER AMENDING SECTIONS NO. 16, 17, 18, 19, 20, 21, 22, 23, 24, 25, 26, 27 AND 28 OF CHAPTERS 4 AND 5 OF ORDINANCE NUMBERED 500, SERIES OF 1934 ON DOGS AND PUBLIC ANIMAL POUND.
2020	061-2020	APPROVING THE TRANSFER AND DISBURSEMENT OF FUND IN THE CITY VETERINARY AND AGRICULTURE OFFICE.
2020	062-2020	APPROVING THE REQUEST FOR AUTHORITY TO CHARGE THE AMOUNT OF ¥10,000.00 AGAINST THE 2020 APPROPRIATION OF THE OFFICE FOR ADMINISTRATION UNDER ACCOUNT CODE 5-01-01-010 (SALARIES AND WAGES-REGULAR) FOR THE PAYMENT OF SALARY OF MS. CHRISTYLE F. PADULLON FOR THE PERIOD DECEMBER 2019.
2020	063-2020	APPROVING THE TRANSFER AND DISBURSEMENT OF FUND IN THE CITY PLANNING AND DEVELOPMENT OFFICE.
2020	064-2020	APPROVING THE REQUEST FOR AUTHORITY TO CHARGE THE AMOUNT OF ₱2,200,000.00 AGAINST THE 2020 APPROPRIATION OF THE CITY VETERINARY AND AGRICULTURE OFFICE UNDER THE ACCOUNT CODE 1-07-06-010 (MOTOR VEHICLES) FOR THE UTILIZATION IN THE PROCUREMENT OF A VEHICLE.
2020	065-2020	APPROVING THE REQUEST FOR AUTHORITY TO CHARGE THE AMOUNT OF ₱3,665.00 AGAINST THE 2020 APPROPRIATION OF THE CITY PLANNING AND DEVELOPMENT OFFICE UNDER ACCOUNT CODE 5-02-99-030 (REPRESENTATION EXPENSES) FOR THE PAYMENT OF ADDITIONAL COST OF MEALS SERVED DURING THE CONDUCT OF THE CITY MICRO, SMALL AND MEDIUM ENTERPRISES DEVELOPMENT COUNCIL PLANNING WORKSHOP HELD ON 26 NOVEMBER 2019.
2020	066-2020	REGULATING THE OPERATION OF COMPUTER SHOPS, INTERNET AND INTERNET CAFÉS IN THE CITY OF BAGUIO AND PROVIDING PENALTIES FOR VIOLATIONS THEREOF AND FOR OTHER PURPOSES.
2020	067-2020	IMPLEMENTING A SYNCHRONIZED SYSTEM OF COLLECTING PAY PARKING FEES IN ALL PARKING FACILITIES IN THE CITY OF BAGUIO, REQUIRING COLLECTION ONLY UPON EXIT TO AVOID TRAFFIC CONGESTION, DEFINING TERMS AND COVERAGE, SETTING PENALTIES, AND PROVIDING COMPLIANCE PERIOD FOR FACILITY OWNERS.
2020	068-2020	REGULATING THE USE OF CERTAIN ROADS/STREETS WITHIN THE CENTRAL BUSINESS DISTRICT IN THE CITY OF BAGUIO. IMPOSING PARKING FEES, DEFINING COVERAGE ZONES, TIME OF ENFORCEMENT, VEHICLE TYPES, MAXIMUM PARKING HOURS, PENALTIES, ENFORCEMENT RULES, AND EXEMPTIONS. INCLUDES PROVISIONS ON JOB ORDER COLLECTORS, TRUST FUND ALLOCATION, RECEIPT CONTENTS, TRAFFIC MANAGEMENT, IMPLEMENTING RULES AND REGULATIONS, AND REPEALING PRIOR INCONSISTENT ORDINANCES.
2020	069-2020	REALIGNING THE AMOUNT OF ₱150,000.00 FROM THE PROJECT 'INSTALLATION OF SOLAR PANELS AT MULTI-PURPOSE HALL' UNDER THE 2019 ANNUAL INVESTMENT PLAN TO 'CONSTRUCTION OF STEEL RAILINGS AND PLANT HOLDERS AT MULTI-PURPOSE HALL' AT LOWER QUIRINO HILL BARANGAY, BAGUIO CITY.
2020	070-2020	REALIGNING THE AMOUNT OF ₱200,000.00 FROM THE PROJECT 'CONSTRUCTION OF WATER DRAINAGE OF THE MULTI-PURPOSE HALL' UNDER THE 2019 ANNUAL INVESTMENT PLAN TO 'SIDEWALK RAILINGS ALONG FIRST ROAD, RECKONING FROM SMART TOWER DOWNWARDS' AT QUEZON HILL PROPER BARANGAY, BAGUIO CITY.
2020	071-2020	ALLOWING THE INSTALLATION OF TIP BOXES ON PUBLIC UTILITY VEHICLES IN THE CITY OF BAGUIO.
2020	072-2020	AMENDING SECTIONS 1 AND 2 OF ORDINANCE NUMBERED 22, SERIES OF 2012.
2020	073-2020	REALIGNING THE AMOUNT OF ₱2,000,000.00 FROM THE PROJECT 'UPGRADING OF FENCE AROUND THE REFLECTING POOL AT UPPER WRIGHT PARK, PACDAL' UNDER THE 2020 ANNUAL INVESTMENT PLAN TO 'CONSTRUCTION OF CANOPY/SHED TO HORSE STABLE AND GAZEBO' AT WRIGHT PARK, PACDAL, BAGUIO CITY.
2020	074-2020	APPROVING THE TRANSFER AND DISBURSEMENT OF FUND IN THE CITY VETERINARY AND AGRICULTURE OFFICE.
2020	075-2020	ALLOCATING THE AMOUNT OF ₱100,000,000.00 FROM THE APPROPRIATED ₱150,000,000.00 CITY GOVERNMENT OF BAGUIO'S ANTI-CORONAVIRUS DISEASE 2019 FUND UNDER ORDINANCE NUMBERED 39, SERIES OF 2020 FOR THE 2020 BAGUIO'S REVITALIZATION ACTIONS FOR A VIBRANT ECONOMY-ECONOMIC STIMULUS PACKAGE (BRAVE-ESP) AS FINANCIAL ASSISTANCE FOR MICRO, SMALL AND MEDIUM ENTERPRISES (MSMEs) IN THE CITY OF BAGUIO.
2020	076-2020	REALIGNING THE AMOUNT OF ₱500,000.00 FROM THE PROJECT 'BARANGAY ROAD REHABILITATION PHASE 1 LOCATED AT PUROK CENTRAL IN FRONT OF ALFREDO CONG-O RESIDENCE AND CYNTHIA MANA-A RESIDENCE' UNDER THE 2020 ANNUAL INVESTMENT PLAN TO 'ROAD REHABILITATION/ROAD CONCRETING FROM THE SAN VICENTE TENERRACE JEEPNEY STAGING AREA TO THE ROAD FRONTING THE PATPATAYAN AREA AND THE DALMACIO RESIDENCE' AT SAN VICENTE BARANGAY, BAGUIO CITY.
2020	077-2020	REALIGNING THE AMOUNT OF ₱300,000.00 FROM THE PROJECT 'REHABILITATION OF THE STAGE AND INSTALLATION OF CANOPY FOR THE STAGE AT PUROK TENNERACE PLAZA' UNDER THE 2020 ANNUAL INVESTMENT PLAN TO 'REHABILITATION AND INSTALLATION OF RAILINGS AND IMPROVEMENT OF A PATHWAY LOCATED BEHIND TAMBIAC AND BAYENG RESIDENCE AT PUROK TENNERACE' AT SAN VICENTE BARANGAY, BAGUIO CITY.
2020	078-2020	CHANGING THE PROJECT TITLE 'CONSTRUCTION OF PATHWAY FROM KEG-AY'S RESIDENCE DOWN TO JULIO LAWAGAN'S RESIDENCE ALONG PUROK 4' UNDER THE 2020 ANNUAL INVESTMENT PLAN TO 'IMPROVEMENT OF CANAL FROM KEG-AY'S RESIDENCE DOWN TO JULIO LAWAGAN'S RESIDENCE ALONG PUROK 4' AT POLIWES BARANGAY, BAGUIO CITY.
2020	079-2020	APPROVING THE REQUEST FOR AUTHORITY TO CHARGE THE AMOUNT OF ₱656,150.88 AGAINST THE 2020 APPROPRIATION OF THE OFFICE FOR ADMINISTRATION UNDER ACCOUNT CODE 439-021 (BAGUIO CONVENTION TRUST FUND) FOR THE PAYMENT OF SALARIES AND WAGES OF SEVEN (7) PERSONNEL UNDER JOB ORDER STATUS FOR THE PERIOD 01 JULY 2020 TO 31 DECEMBER 2020.
2020	080-2020	APPROVING THE REQUEST FOR AUTHORITY TO CHARGE THE AMOUNT OF ₱1,829.24 AGAINST THE 2020 APPROPRIATION OF THE CITY DISASTER RISK REDUCTION AND MANAGEMENT OFFICE (CDRRMO) UNDER ACCOUNT CODE 5-02-03-090 (FUEL, OIL AND LUBRICANTS EXPENSES) FOR THE PAYMENT OF FUEL CONSUMPTION OF 41.955 LITERS OF DIESEL FOR CDRRMO VEHICLE WITH PLATE NO. A30949 ON 03 DECEMBER 2019.
2020	081-2020	APPROVING THE TRANSFER OF FUND IN THE AMOUNT OF ₱100,000.00 FROM ACCOUNT CODE 5-02-13-050 (REPAIRS AND MAINTENANCE - MACHINERY AND EQUIPMENT) TO ACCOUNT CODE 5-02-04-010 (WATER EXPENSES) UNDER THE 2020 CURRENT APPROPRIATIONS OF THE BUREAU OF FIRE PROTECTION-BAGUIO CITY FIRE STATION TO COVER INCREASED WATER CONSUMPTION DUE TO FIRE SUPPRESSION RESPONSES AND COVID-19 RELATED ACTIVITIES.
2020	082-2020	AMENDING SECTION 1 OF ORDINANCE NUMBERED 42, SERIES OF 2020, SPECIFICALLY THE RE-TITLING OF ITEM NUMBER 3 FROM 'PRODUCT DEVELOPMENT FOR MUSHROOM PRODUCTION' TO 'STRAWBERRY PRODUCTION AND PROJECT DEVELOPMENT' TO CONFORM TO RESOLUTION NUMBERED 221, SERIES OF 2020 APPROVING THE SUPPLEMENTAL ANNUAL INVESTMENT PLAN FOR FISCAL YEAR 2020.
2020	083-2020	REALIGNING THE AMOUNT OF ₱100,000.00 FROM THE PROJECT 'RIPRAPPING ALONG THE ROAD NEAR JONY'S PLACE' UNDER THE 2020 ANNUAL INVESTMENT PLAN TO 'RIPRAPPING ALONG UPPER PUROK 3' AT MINES VIEW BARANGAY, BAGUIO CITY.
2020	084-2020	CHANGING THE PROJECT TITLE 'TRANSFER OF ROAD RIGHT OF WAY ORIGINALLY BETWEEN LOTS 9 AND 10 TO LOTS 12 AND 13' AT KAYANG HILLTOP BARANGAY, BAGUIO CITY UNDER THE 2020 ANNUAL INVESTMENT PLAN AMOUNTING TO ₱1,898,250.00 TO 'IMPROVEMENT OF ROAD AT THE BACK OF LOTS 9 TO 12 TO TRANSFER THE ROAD RIGHT OF WAY FROM BETWEEN LOTS 9 AND 10 TO LOTS 12 AND 13' AT UPPER MARKET SUBDIVISION BARANGAY, BAGUIO CITY.
2020	085-2020	REALIGNING THE AMOUNT OF ₱150,000.00 FROM THE PROJECT 'RIPRAPPING OF SCHOOL WALL AND REHABILITATION OF THE SCHOOL'S MAIN ENTRANCE' UNDER THE 2020 ANNUAL INVESTMENT PLAN TO 'REHABILITATION OF TWO (2) CLASSROOMS OF THE PINSAO NATIONAL HIGH SCHOOL, PUROK 6' AT PINSAO PILOT PROJECT BARANGAY, BAGUIO CITY.
2020	086-2020	AMENDING ORDINANCE NUMBERED 74, SERIES OF 2009 (CHILDREN'S WELFARE AND PROTECTION CODE OF THE CITY OF BAGUIO) TO INCORPORATE NEW NATIONAL LAWS AND POLICIES, STRENGTHEN CHILD RIGHTS PROTECTION, AND PROMOTE A CHILD-RESPONSIVE ENVIRONMENT. THE REVISED CODE INCLUDES PRINCIPLES FROM THE UNCRC, DEFINITIONS, POLICY FRAMEWORK, AND IMPLEMENTATION GUIDELINES.
2020	087-2020	APPROPRIATING THE AMOUNT OF ₱272,799.91 SAVINGS FROM THE ORIGINAL PROJECT ENTITLED 'CONSTRUCTION OF DRAINAGE CANAL NEAR PUCSUSAN CHAPEL AT PUROK 3, PUCSUSAN BARANGAY' TO FUND THE CONTINUANCE (SECOND PROJECT) AND/OR IMPROVEMENT OF THE SAME PROJECT WHICH HAD BEEN DAMAGED BY TYPHOON OMPONG.
2020	088-2020	REALIGNING THE AMOUNT OF ₱159,000.00 FROM THE TOTAL BALANCE OF THE 2020 APPROPRIATION OF THE CITY MAYOR'S OFFICE FOR THE SOCIETY OF OUTSTANDING CITIZENS OF BAGUIO UNDER VARIOUS ACCOUNT CODES FOR THE CONSTRUCTION OF A MONUMENT/MARKER TO HONOR THE FRONTLINERS OF THE CITY OF BAGUIO.
2020	089-2020	APPROVING THE AUTHORITY TO CHARGE AND DISBURSE THE TOTAL AMOUNT OF ₱1,100,000.00 UNDER THE EXISTING PAG-ASA YOUTH ASSOCIATION (PYA) TRUST FUND ACCOUNT CODE 439-104 (439 OTHER PAYABLES) TO BE USED FOR VARIOUS PYA YOUTH RELATED PROGRAMS, PROJECTS AND OTHER CHILDREN'S ACTIVITIES IN THE CITY OF BAGUIO. THESE INCLUDE CAPABILITY BUILDING, INFRASTRUCTURE REPAIR, EQUIPMENT PURCHASE, PROJECT MONITORING, ADVOCACY MATERIALS, SOCIO-CULTURAL EVENTS, AND STRENGTHENING OF BARANGAY-LEVEL YOUTH ORGANIZATIONS.
2020	090-2020	APPROVING THE REQUEST FOR AUTHORITY TO CHARGE THE AMOUNT OF ₱8,985.22 AGAINST THE 2020 APPROPRIATION OF THE CITY ENVIRONMENT AND PARKS MANAGEMENT OFFICE UNDER ACCOUNT CODE 5-02-04-020 (ELECTRICITY EXPENSES) FOR THE PAYMENT OF UNPAID ELECTRICITY CONSUMPTION AT DOMINICAN HERITAGE PARK COVERING THE PERIOD 22 NOVEMBER 2019 TO 23 DECEMBER 2019.
2020	091-2020	APPROVING THE REQUEST FOR AUTHORITY TO CHARGE THE AMOUNT OF ₱24,500.00 AGAINST THE 2020 APPROPRIATION OF THE CITY PLANNING AND DEVELOPMENT OFFICE UNDER ACCOUNT CODE 5-02-99-030 (REPRESENTATION EXPENSES) FOR THE PAYMENT OF ADDITIONAL COST OF MEALS SERVED DURING THE CONDUCT OF THE A.O. 504 REGIONAL SECRETARIAT MEETING AND POLICY REVIEW HELD ON 28 TO 29 NOVEMBER 2019.
2020	092-2020	APPROVING THE REQUEST FOR AUTHORITY TO CHARGE THE AMOUNT OF ₱620,796.00 AGAINST THE 2020 APPROPRIATION OF THE OFFICE FOR CITY ADMINISTRATION UNDER ACCOUNT CODE 439-021 (BAGUIO CONVENTION TRUST FUND) FOR THE PAYMENT OF SALARIES AND WAGES OF FOUR (4) SECURITY PERSONNEL FOR THE PERIOD FROM 15 JULY 2020 TO 31 DECEMBER 2020.
2020	093-2020	APPROVING THE REQUEST OF ARCHITECT RAFAEL GENOVE CHAN, IN BEHALF OF ANTONIA GENOVE, FOR TEMPORARY EXEMPTION FROM THE PAYMENT OF THE MONTHLY REAL PROPERTY TAXES TO THE CITY GOVERNMENT OF BAGUIO FOR 210 CALENDAR DAYS OR SEVEN (7) MONTHS STARTING FEBRUARY 2020.
2020	094-2020	REALIGNING THE AMOUNT OF ₱2,000,000.00 FROM THE PROJECT 'MULTI-PURPOSE BUILDING EVACUATION CENTER, 2 STOREY STRUCTURE' UNDER THE 2020 ANNUAL INVESTMENT PLAN TO 'IMPROVEMENT OF COVERED COURT AT PUROK 3' AT PINSAO PILOT PROJECT BARANGAY, BAGUIO CITY.
2020	095-2020	REALIGNING THE AMOUNT OF ₱1,000,000.00 FROM THE PROJECT 'REHABILITATION OF SMALL BRIDGE AT CARANTES COMPOUND' UNDER THE 2020 ANNUAL INVESTMENT PLAN TO 'REHABILITATION OF HANGING BRIDGE AND DRAINAGE CANAL BELOW CAMP 7 ELEMENTARY SCHOOL' AT CAMP 7 BARANGAY, BAGUIO CITY.
2020	096-2020	CHANGING THE PROJECT TITLE 'REHABILITATION/MAJOR REPAIR OF FLOOD CONTROL STRUCTURE - REHABILITATION OF RETAINING WALL PHASE 2 (RIGHT AFTER THE GATE OF AGUINALDO ELEMENTARY SCHOOL UNTIL THE ENTRANCE OF BRIGHT YELLOW STREET)' UNDER THE 2020 ANNUAL INVESTMENT PLAN TO 'REHABILITATION OF RETAINING WALL PHASE 2...' AT GEFA-LOWER Q.M., BAGUIO CITY.
2020	097-2020	CHANGING THE PROJECT TITLE 'CONSTRUCTION OF DRAINAGE SYSTEM AND DECLOGGING OF CANALS ALONG FERGUSON ROAD' UNDER THE 2020 ANNUAL INVESTMENT PLAN AMOUNTING TO ₱120,000.00 TO 'IMPROVEMENT OF ROAD AT FEBRUARY STREET' AT GUISAD CENTRAL BARANGAY, BAGUIO CITY.
2020	098-2020	CHANGING THE LOCATION OF THE PROJECT TITLE 'REHABILITATION OF THE CREEK FROM BARANGAY BOUNDARY OF GEFA TO BOUNDARIES OF CITY CAMP PROPER AND LOWER ROCK QUARRY' UNDER THE 2020 ANNUAL INVESTMENT PLAN FROM 'CITY CAMP CENTRAL' TO 'CITY CAMP PROPER', BAGUIO CITY.
2020	099-2020	CHANGING THE LOCATION OF THE PROJECT TITLE 'REHABILITATION OF THE CREEK FROM BARANGAY BOUNDARY OF GEFA TO BOUNDARIES OF CITY CAMP PROPER AND LOWER ROCK QUARRY' UNDER THE 2020 ANNUAL INVESTMENT PLAN FROM 'CITY CAMP CENTRAL' TO 'CITY CAMP PROPER', BAGUIO CITY.
2020	100-2020	APPROPRIATING FUNDS FOR THE COMMEMORATION OF 'VICTORY DAY' ON SEPTEMBER 3 OF EVERY YEAR IN THE CITY OF BAGUIO IN SUPPORT TO REPUBLIC ACT NO. 11216.
2020	101-2020	REVERTING TO THE GENERAL FUND THE AMOUNT OF ₱18,138,800.00 SAVINGS FROM THE ₱20,000,000.00 SUBSIDY TO PUBLIC UTILITY JEEPNEY DRIVERS IN THE CITY OF BAGUIO UNDER ORDINANCE NUMBERED 39, SERIES OF 2020 AND REAPPROPRIATING THE SAME AMOUNT TO FUND VARIOUS PROJECTS/ACTIVITIES THAT ARE DEEMED URGENT AND NECESSARY.
2020	102-2020	REALIGNING THE AMOUNT OF ₱100,000.00 FROM THE PROJECT 'DRAINAGE CANAL (COMPLETION) FROM THE BACK OF SUMADCHAT RESIDENCE TO ALCANTARA RESIDENCE' UNDER THE 2020 ANNUAL INVESTMENT PLAN TO 'COMPLETION OF KITCHEN EXTENSION OF THE JOINT MULTI-PURPOSE HALL' AT IMELDA MARCOS BARANGAY, BAGUIO CITY.
2020	103-2020	APPROVING THE REQUEST FOR AUTHORITY TO CHARGE THE AMOUNT OF ₱413,099.96 AGAINST THE 2020 APPROPRIATION OF THE OFFICE OF THE CITY MAYOR UNDER ACCOUNT CODE 5-01-01-010 (SALARIES AND WAGES - REGULAR) FOR THE PAYMENT OF TERMINAL LEAVE AND RETIREMENT GRATUITY OF MS. TERESITA C. LEON, LICENSE INSPECTOR I.
2020	104-2020	APPROVING THE TRANSFER AND DISBURSEMENT OF FUND IN THE CITY HUMAN RESOURCE MANAGEMENT OFFICE AMOUNTING TO ₱445,000.00 TO COVER TERMINAL LEAVE BENEFITS AND CASH INCENTIVE FOR MS. CATALINA B. ZAMORA’S OPTIONAL RETIREMENT.
2020	105-2020	AMENDING ORDINANCE NUMBERED 33, SERIES OF 2005 (THE GENDER EQUALITY AND DEVELOPMENT CODE OF BAGUIO CITY) TO INCORPORATE NEW NATIONAL LAWS AND POLICIES, STRENGTHEN CHILD RIGHTS PROTECTION, AND PROMOTE A CHILD-RESPONSIVE ENVIRONMENT.
2020	106-2020	APPROVING THE REQUEST FOR AUTHORITY TO CHARGE THE AMOUNT OF ₱254,963.30 AGAINST THE 2020 APPROPRIATION OF THE OFFICE FOR CITY ADMINISTRATION UNDER ACCOUNT CODE 439-021 (BAGUIO CONVENTION TRUST FUND) FOR THE PAYMENT OF SALARIES OF THREE JOB ORDER PERSONNEL FROM AUGUST TO DECEMBER 2020.
2020	107-2020	IMPOSING THE USE OF INFORMATION SLIP AIMED AT MONITORING, CONTACT TRACING AND OTHER PURPOSES IN RELATION TO THE OUTBREAK OF CORONAVIRUS DISEASE 2019 IN THE CITY OF BAGUIO.
2020	108-2020	CHANGING THE PROJECT TITLE 'CONSTRUCTION OF FLOOD CONTROL NEAR SMALL WORLD SCHOOL AT LEXBER' UNDER THE 2020 ANNUAL INVESTMENT PLAN TO 'CONSTRUCTION OF FLOOD CONTROL AT LEXBER' AT CAMP 7 BARANGAY, BAGUIO CITY.
2020	109-2020	REALIGNING THE AMOUNT OF ₱100,000.00 FROM THE PROJECT 'CONSTRUCTION OF CROSS DRAINAGE AND CANAL AT GOLD STREET INFRONT OF BAQUIRAN'S RESIDENCE TO SOLIVEN'S RESIDENCE CONNECTING TO THE EXISTING CANAL AT TIN STREET' TO 'REINFORCED CONCRETE CANAL WITH COVER AT COPPER STREET CORNER TACAY ROAD.'
2020	110-2020	REALIGNING THE AMOUNT OF ₱300,000.00 FROM THE PROJECT 'CONCRETE SLAB ABOVE THE CREEK, PUROK 1' UNDER THE 2020 ANNUAL INVESTMENT PLAN TO 'REHABILITATION OF CREEK AT PUROK 2' AT GUISAD SURONG BARANGAY, BAGUIO CITY.
2020	111-2020	APPROVING THE REQUEST FOR AUTHORITY TO CHARGE THE AMOUNT OF ₱117,123.13 AGAINST THE 2020 APPROPRIATION OF THE CITY TREASURY OFFICE FOR THE PAYMENT OF TERMINAL LEAVE BENEFITS CLAIMS OF MS. VILMA B. FERREOL, FORMER ADMINISTRATIVE AIDE III (UTILITY WORKER II) OF THE SAID OFFICE, WHO RETIRED FROM THE GOVERNMENT SERVICE EFFECTIVE 24 JULY 2018.
2020	112-2020	REALIGNING THE AMOUNT OF ₱15,000,000.00 FROM THE PROJECT 'RESTORATION AND IMPROVEMENT OF SKATING RINK, BURNHAM PARK' UNDER THE 2019 LOCAL DEVELOPMENT FUND TO 'REDEVELOPMENT OF BAYAN PARK' AT AURORA HILL, BAGUIO CITY.
2020	113-2020	INSTITUTIONALIZING THE CREATION OF THE BARANGAY AGRICULTURE AND FISHERIES COMMITTEE (BAFC) IN THE CITY OF BAGUIO TO IMPLEMENT AGRICULTURE AND FISHERY PROGRAMS, COORDINATE WITH CITY AND NATIONAL AGENCIES, MONITOR PROJECTS, AND SUPPORT URBAN FARMING INITIATIVES. INCLUDES COMPOSITION, FUNCTIONS, FUNDING, AND IMPLEMENTATION GUIDELINES.
2020	114-2020	APPROVING THE REQUEST FOR AUTHORITY TO CHARGE THE AMOUNT OF ₱1,392.00 AGAINST THE 2020 APPROPRIATION OF THE OFFICE OF THE CITY AUDITOR UNDER ACCOUNT CODE 5-02-13-050 (REPAIRS AND MAINTENANCE-MACHINERY AND EQUIPMENT) FOR THE PAYMENT OF ADDITIONAL COST OF PURCHASE OF TIRES FOR THE OFFICE VEHICLES.
2020	115-2020	AMENDING ORDINANCE NUMBERED 88, SERIES OF 2020 TO REVERT THE TOTAL AMOUNT OF ₱159,000.00 TO THE GENERAL FUND AND REAPPROPRIATE IT FOR THE 'CONSTRUCTION OF MONUMENT/MARKER TO HONOR THE FRONTLINERS OF THE CITY OF BAGUIO' UNDER THE CITY ENVIRONMENT AND PARKS MANAGEMENT OFFICE ACCOUNT CODE 1-07-03-990.
2020	116-2020	APPROVING THE TRANSFER OF FUND AMOUNTING TO ₱1,000,000.00 FROM ACCOUNT CODE 1-07-07-010 (FURNITURE AND FIXTURES) TO ACCOUNT CODE 1-07-05-030 (INFORMATION AND COMMUNICATION TECHNOLOGY EQUIPMENT) UNDER THE 2020 CURRENT APPROPRIATIONS OF THE CITY CIVIL REGISTRY OFFICE FOR THE PURCHASE OF DESKTOP COMPUTERS.
2020	117-2020	APPROVING THE REQUEST FOR AUTHORITY TO CHARGE THE AMOUNT OF ₱128,953.78 AGAINST THE 2020 APPROPRIATION OF THE CITY BUDGET OFFICE UNDER ACCOUNT CODE 5-01-01-010 (SALARIES AND WAGES-REGULAR) FOR THE PAYMENT OF TERMINAL LEAVE BENEFITS AND OTHER PERSONNEL BENEFITS OF MS. BLESSILLE G. BENDAL.
2020	118-2020	REALIGNING THE AMOUNT OF ₱100,000.00 FROM THE PROJECT 'CONSTRUCTION OF SEWER SYSTEM LEFT SIDE OF 2ND KAYANG STREET, HILLTOP' UNDER THE 2020 ANNUAL INVESTMENT PLAN TO 'REHABILITATION OF SIDEWALK (PALO-PALO BRICKS) ALONG CLARIDAD STREET' AT KAYANG-HILLTOP BARANGAY, BAGUIO CITY.
2020	119-2020	AMENDING ORDINANCE NUMBERED 104, SERIES OF 2020 TO AUTHORIZE THE CHARGE OF ₱450,000.00 AGAINST THE 2020 APPROPRIATION OF THE CITY HUMAN RESOURCE MANAGEMENT OFFICE UNDER ACCOUNT CODE 5-01-01-010 (SALARIES AND WAGES-REGULAR) FOR THE PAYMENT OF TERMINAL LEAVE BENEFITS AND OTHER PERSONNEL BENEFITS OF MS. CATALINA B. ZAMORA.
2020	120-2020	APPROVING THE REQUEST FOR THE ADDITIONAL INCREASE OF SALARY SUBSIDY OF CITY PARENT PAID DAY CARE WORKERS FROM ₱6,000.00 TO ₱8,000.00 CHARGE AGAINST THE 2020 APPROPRIATION OF THE CITY SOCIAL WELFARE AND DEVELOPMENT OFFICE UNDER ACCOUNT CODE 5-02-99-990 AND 5-02-99-030.
2020	121-2020	APPROVING THE REQUEST FOR AUTHORITY TO CHARGE THE AMOUNT OF ₱6,000.00 AGAINST THE 2020 APPROPRIATION OF THE SANGGUNIANG PANLUNGSOD (CITY COUNCIL) UNDER ACCOUNT CODE 5-02-99-030 (REPRESENTATION EXPENSES) FOR THE PAYMENT OF SNACKS DURING THE MEETING WITH THE BAGUIO FARMERS AT THE CITY VETERINARY AND AGRICULTURE OFFICE (CVAO) HELD ON 19 DECEMBER 2019.
2020	122-2020	AMENDING ORDINANCE NUMBERED 114, SERIES OF 2020 TO CORRECT THE ACCOUNT CODE TO BE CHARGED FOR THE ADDITIONAL COST OF PURCHASE OF TIRES FOR THE OFFICE VEHICLES FROM 5-02-13-050 (REPAIRS AND MAINTENANCE-MACHINERY AND EQUIPMENT) TO 5-02-13-060 (REPAIRS AND MAINTENANCE-TRANSPORTATION EQUIPMENT).
2020	123-2020	CHANGING THE PROJECT TITLE 'REHABILITATION OF RETAINING WALL AT ST. XAVIER SEMINARY AND CONSTRUCTION OF COMFORT ROOM AT TURNING POINT OF SIAPNO LITENG' UNDER THE 2020 ANNUAL INVESTMENT PLAN TO 'CONSTRUCTION OF COMFORT ROOM AT TURNING POINT OF SIAPNO LITENG' AT PACDAL BARANGAY, BAGUIO CITY.
2020	124-2020	REALIGNING THE TOTAL AMOUNT OF ₱8,625,000.00 FROM THE 2020 APPROPRIATION AND ₱9,801,949.20 FROM CONTINUING APPROPRIATIONS OF THE DEPARTMENT OF EDUCATION, SCHOOLS DIVISION OF BAGUIO CITY TO ACCOUNT CODE 5-02-03-010 (OFFICE SUPPLIES EXPENSES) FOR THE PROCUREMENT OF USB FLASH DRIVES FOR LEARNERS AS ALTERNATIVE TO PRINTED MODULES.
2020	125-2020	REALIGNING THE AMOUNT OF ₱1,800,000.00 FROM THE PROJECT 'CONSTRUCTION OF FLOOD CONTROL ALONG BUED RIVER AT PUROK 3' UNDER THE 2020 ANNUAL INVESTMENT PLAN TO 'CONTINUATION OF DAP-AY AS AN EVACUATION CENTER' AT CAMP 8 BARANGAY, BAGUIO CITY.
2020	126-2020	REALIGNING THE AMOUNT OF ₱1,000,000.00 FROM THE PROJECT 'SLOPE PROTECTION WITH FLOOD CONTROL MEASURES AT PUROK SADJO' UNDER THE 2020 ANNUAL INVESTMENT PLAN TO 'CONSTRUCTION OF DRAINAGE AND FLOOD CONTROL AT LOWER PUROK SADJO' AT LOAKAN PROPER BARANGAY, BAGUIO CITY.
2020	127-2020	CHANGING THE PROJECT TITLE 'CONSTRUCTION AND REHABILITATION OF DRAINAGE CANAL INCLUDING CROSS DRAIN AT PUROK 3 CRYSTAL CAVE GOING TO MULLER SUBDIVISION' UNDER THE 2020 ANNUAL INVESTMENT PLAN TO 'CONSTRUCTION AND REHABILITATION OF DRAINAGE CANAL INCLUDING ITS COVER AND CONTINUATION OF ROAD CONSTRUCTION AT PUROK 3 CRYSTAL CAVE GOING TO MULLER SUBDIVISION' AT BAKAKENG CENTRAL BARANGAY, BAGUIO CITY.
2020	128-2020	APPROVING THE REQUEST OF THE CITY SOCIAL WELFARE AND DEVELOPMENT OFFICE (CSWDO) FOR AUTHORITY TO CHARGE THE AMOUNT OF ₱18,804.20 AGAINST ITS 2020 APPROPRIATION UNDER ACCOUNT CODE 5-02-03-010 (OFFICE SUPPLIES EXPENSES) FOR THE PAYMENT OF PROCURED OFFICE SUPPLIES FOR THE SECOND QUARTER OF 2015 FROM BAGUIO PRINCE ENTERPRISES.
2020	129-2020	IDENTIFYING LANDSLIDE PRONE AREAS IN THE CITY OF BAGUIO FEASIBLE FOR TREE PLANTING PROGRAMS AND APPROPRIATING FUNDS THEREOF. DEFINES OBJECTIVES, FUNCTIONS OF CITY OFFICES, FUNDING SOURCE, AND IMPLEMENTATION FRAMEWORK TO MITIGATE LANDSLIDES AND INCREASE FOREST COVER.
2020	130-2020	REALIGNING THE AMOUNT OF ₱300,000.00 FROM THE PROJECT 'CONTINUATION OF DEVASTATED ROAD WITH DRAINAGE CANAL AT PUROK 19' UNDER THE 2020 ANNUAL INVESTMENT PLAN TO 'REHABILITATION OF DEVASTATED MAIN DRAINAGE CANAL AT IDOGAN PUROK 20' AT IRISAN BARANGAY, BAGUIO CITY.
2020	131-2020	REALIGNING THE AMOUNT OF ₱300,000.00 FROM THE PROJECT 'CONTINUATION OF ROAD IMPROVEMENT AT BANTAY KAWAWA PUROK 1' UNDER THE 2020 ANNUAL INVESTMENT PLAN TO 'REPAIR OF THE HANGING BRIDGE LEADING TO GADGAD'S RESIDENCE AT PUROK 1' AT IRISAN BARANGAY, BAGUIO CITY.
2020	132-2020	REALIGNING THE AMOUNT OF ₱500,000.00 FROM THE PROJECT 'REHABILITATION OF PATHWAY AT INTERIOR A, BALACBAC ROAD' UNDER THE 2020 ANNUAL INVESTMENT PLAN TO 'REHABILITATION OF ROAD AT INTERIOR A, BALACBAC ROAD' AT STO. TOMAS PROPER BARANGAY, BAGUIO CITY.
2020	133-2020	APPROVING THE REQUEST OF THE CITY ADMINISTRATOR'S OFFICE FOR AUTHORITY TO CHARGE AND TO DISBURSE THE TOTAL AMOUNT OF ₱865,000.00 AGAINST ITS 2020 APPROPRIATION UNDER ACCOUNT CODE 5-02-06-020 (PRIZES) FOR THE PAYMENT OF INCENTIVES TO LOCAL ATHLETES WHO WON IN THE SEA GAMES AND WORLD PARA BOWLING COMPETITIONS.
2020	134-2020	REALIGNING THE AMOUNT OF ₱3,489,289.71 SAVINGS FROM THE PROJECT 'REPAIR AND RESTORATION OF COLLAPSED ROADSIDE RETAINING WALL AT PUROK IV-B NEAR CAOILI'S RESIDENCE' AT LUCNAB BARANGAY, BAGUIO CITY TO COMPLETE THE GABION WALL UP TO THE ROAD LEVEL AND TO CONSTRUCT A DRAINAGE CANAL TO PROTECT THE ROAD, LIFE, AND PROPERTIES.
2020	135-2020	REVERTING TO THE SURPLUS ACCOUNT OF THE GENERAL FUND THE AMOUNT OF ₱50,000,000.00 FROM SAVINGS OF CURRENT APPROPRIATIONS FOR PERSONAL SERVICES AND MOOE, AND REAPPROPRIATING THE SAME FOR FUNDING VARIOUS CITY EXPENDITURES INCLUDING SALARY DIFFERENTIALS, CASH INCENTIVES, COVID-19 OPERATIONS, SUPPLIES, AND TRAININGS.
2020	136-2020	AMENDING ORDINANCE NUMBERED 60, SERIES OF 2018 TO INSTITUTIONALIZE THE EMPLOYEES SUMMIT IN THE CITY GOVERNMENT OF BAGUIO AS A THREE-DAY EVENT EVERY FIRST WEEK OF DECEMBER, INCLUDING COVERAGE, COMMITTEE COMPOSITION, DUTIES, AND FUNDING REQUIREMENTS.
2020	137-2020	APPROVING THE REQUEST OF THE CITY HEALTH SERVICES OFFICE FOR AUTHORITY TO CHARGE ₱141,245.20 AGAINST ITS 2020 APPROPRIATION UNDER ACCOUNT CODE 5-02-03-070 (DRUGS AND MEDICINES EXPENSES) FOR PAYMENT OF VARIOUS MULTI-VITAMINS WITH MEDHAUS PHARMA INC.
2020	138-2020	APPROVING THE REQUEST OF THE CITY HEALTH SERVICES OFFICE FOR AUTHORITY TO CHARGE ₱12,420.00 AGAINST ITS 2020 APPROPRIATION UNDER ACCOUNT CODE 5-02-99-990 (OTHER MOOE) FOR PAYMENT OF HONORARIUM FOR 2019 TB DIAGNOSTIC COMMITTEE CONSULTANTS.
2020	139-2020	AMENDING ORDINANCE NUMBERED 124, SERIES OF 2020 TO REALIGN FUNDS TO ACCOUNT CODE 5-02-03-110 (TEXTBOOKS AND INSTRUCTIONAL MATERIALS EXPENSES) FOR PROCUREMENT OF USB FLASH DRIVES FOR LEARNERS AS ALTERNATIVE TO PRINTED MODULES.
2020	140-2020	APPROVING THE TRANSFER OF ₱80,000.00 FROM ACCOUNT CODE 5-02-04-010 (WATER EXPENSES) TO ACCOUNT CODE 5-02-03-090 (FUEL, OIL AND LUBRICANTS EXPENSES) UNDER THE 2020 CURRENT APPROPRIATIONS OF THE BAGUIO CITY JAIL-MALE DORM, BJMP-CAR.
2020	141-2020	CHANGING THE PROJECT TITLE 'CONTINUATION OF CHILD DEVELOPMENT CENTER AT PUROK MAGSAYSAY' UNDER THE SECOND SUPPLEMENTAL ANNUAL INVESTMENT PLAN FOR FISCAL YEAR 2020 AMOUNTING TO ₱1,350,000.00 TO 'CONSTRUCTION OF CHILD DEVELOPMENT CENTER AT PUROK MAGSAYSAY' AT LOAKAN PROPER BARANGAY, BAGUIO CITY.
2020	142-2020	APPROVING THE TRANSFER OF FUND AMOUNTING TO ₱195,000.00 FROM ACCOUNT CODE 5-02-01-010 (TRAVELING EXPENSES-LOCAL) TO ACCOUNT CODE 5-02-12-990 (OTHER GENERAL SERVICES) UNDER THE 2020 CURRENT APPROPRIATIONS OF THE CITY PLANNING AND DEVELOPMENT OFFICE TO FUND THE COST OF SERVICES OF THREE PERSONNEL.
2020	143-2020	REALIGNING THE AMOUNT OF ₱700,000.00 FROM THE PROJECT 'CONSTRUCTION OF CONCRETE PROTECTION SLOPE AT SECTOR 5, DOMINICAN HILL EXTENSION NEAR DEOGRACIAS RESIDENCE TO LAIGO RESIDENCE' UNDER THE 2020 ANNUAL INVESTMENT PLAN TO 'CONSTRUCTION OF CONCRETE DRAINAGE AT SECTOR 5 NEAR DEOGRACIAS RESIDENCE TO LLEGO RESIDENCE' AT DOMINICAN-MIRADOR BARANGAY, BAGUIO CITY.
2020	144-2020	CHANGING THE PROJECT TITLE 'CONSTRUCTION OF COMFORT ROOM AT TURNING POINT OF SIAPNO LITENG' UNDER THE 2020 ANNUAL INVESTMENT PLAN AMOUNTING TO ₱250,000.00 TO 'REHABILITATION AND BEAUTIFICATION OF WAITING SHED AT TURNING POINT OF SIAPNO LITENG' AT PACDAL BARANGAY, BAGUIO CITY.
2020	145-2020	APPROVING THE TRANSFER OF FUNDS AMOUNTING TO ₱341,450.00 FROM ACCOUNT CODE 1-07-05-020 (OFFICE EQUIPMENT) AND ₱59,000.00 FROM ACCOUNT CODE 1-07-05-030 (ICT EQUIPMENT) TO ACCOUNT CODE 1-07-05-100 (MILITARY, POLICE AND SECURITY EQUIPMENT) UNDER THE 2020 CURRENT APPROPRIATIONS OF THE CITY CIVIL REGISTRY OFFICE FOR THE PURCHASE AND INSTALLATION OF CCTV.
2020	146-2020	APPROVING THE TRANSFER OF FUNDS AMOUNTING TO ₱478,187.68 FROM ACCOUNT CODE 1-07-04-050 (SLAUGHTERHOUSE), ₱496,812.32 FROM ACCOUNT CODE 1-07-04-990 (OTHER STRUCTURES), AND ₱200,000.00 FROM ACCOUNT CODE 1-07-05-100 (MILITARY, POLICE AND SECURITY EQUIPMENT) TO ACCOUNT CODE 1-07-06-010 (MOTOR VEHICLES) UNDER THE 2020 CURRENT APPROPRIATIONS OF THE CITY VETERINARY AND AGRICULTURE OFFICE FOR THE PROCUREMENT OF DOG IMPOUNDING VEHICLE.
2020	147-2020	APPROVING THE TRANSFER OF FUND AMOUNTING TO ₱250,000.00 FROM ACCOUNT CODE 5-02-13-050 (REPAIRS AND MAINTENANCE - MACHINERY AND EQUIPMENT) TO ACCOUNT CODE 5-02-13-040 (REPAIRS AND MAINTENANCE - BUILDINGS AND OTHER STRUCTURES) UNDER THE 2020 CURRENT APPROPRIATIONS OF THE CITY VETERINARY AND AGRICULTURE OFFICE TO FUND REPAIRS/RENOVATION OF THE MEAT PROCESSING CENTER AND ARABICA COFFEE PROCESSING CENTER.
2020	148-2020	GRANTING FINANCIAL ASSISTANCE IN THE AMOUNT OF ₱2,800,000.00 FROM THE CITY DISASTER RISK REDUCTION AND MANAGEMENT QUICK RESPONSE FUND OF THE CITY GOVERNMENT OF BAGUIO TO THE PROVINCES IN REGIONS II AND V WHICH WERE BADLY HIT BY TYPHOONS 'ROLLY' AND 'ULYSSES'.
2020	149-2020	AMENDING ORDINANCE NUMBERED 08, SERIES OF 2013 TO GRANT EXEMPTIONS TO SENIOR CITIZENS AND PERSONS WITH DISABILITY (PWDs) FROM THE PAYMENT OF PARKING FEES, SUBJECT TO CONDITIONS INCLUDING RESIDENCY, DRIVER STATUS, VALID ID PRESENTATION, AND TIME LIMITS.
2020	150-2020	APPROVING THE REQUEST OF THE CITY HEALTH SERVICES OFFICE FOR AUTHORITY TO CHARGE AND TO DISBURSE THE AMOUNT OF ₱12,891.91 AGAINST ITS 2020 APPROPRIATION UNDER ACCOUNT CODE 5-02-04-020 FOR THE PAYMENT OF ELECTRIC BILL OF THE EMERGENCY MEDICAL SERVICE FOR THE PERIOD JUNE 2019 TO DECEMBER 2019.
2020	151-2020	APPROVING THE TRANSFER OF FUND IN THE AMOUNT OF ₱31,245.60 FROM ACCOUNT CODE 5-02-02-010 (TRAINING EXPENSES) TO ACCOUNT CODE 5-02-12-990 (OTHER GENERAL SERVICES) UNDER THE 2020 CURRENT APPROPRIATIONS OF THE OFFICE OF THE CITY AUDITOR TO FUND THE COST OF JOB ORDER SERVICES OF ADMINISTRATIVE AIDE III FOR NOVEMBER TO DECEMBER 2020.
2020	153-2020	AMENDING SECTION 1 OF ORDINANCE NUMBERED 017, SERIES OF 1993 TO EXEMPT SANGGUNIANG KABATAAN OFFICIALS (CHAIRMAN, MEMBERS, SECRETARY, TREASURER), BARANGAY TANOD, INTEGRATED BARANGAY TANOD, LUPONG TAGAPAMAYAPA, AND OTHER BARANGAY BRIGADES FROM PAYMENT OF COURT, POLICE, MEDICAL AND OTHER CLEARANCE FEES FOR OFFICIAL OR PERSONAL PURPOSES.
2020	154-2020	REVERTING TO THE GENERAL FUND THE TOTAL AMOUNT OF ₱423,000.00 UNDER OBLIGATION REQUESTS FOR CHANNELIZING DEVICES, PAVEMENT MARKINGS, AND TRAFFIC SAFETY FUNCTIONS, AND REAPPROPRIATING THE SAME FOR PAYMENT TO JERCON TRADE CONSTRUCTION DEVELOPMENT CORP.
2020	155-2020	APPROVING THE TRANSFER OF ₱360,000.00 FROM ACCOUNT CODE 5-02-06-020 (PRIZES) TO ACCOUNT CODE 5-02-13-040 (REPAIR AND MAINTENANCE - BUILDINGS AND OTHER STRUCTURES) IN THE AMOUNT OF ₱280,000.00 AND ACCOUNT CODE 5-02-13-050 (REPAIR AND MAINTENANCE - MACHINERY AND EQUIPMENT) IN THE AMOUNT OF ₱80,000.00 UNDER THE 2020 CURRENT APPROPRIATIONS OF THE CITY SOCIAL WELFARE AND DEVELOPMENT OFFICE.
2020	157-2020	APPROVING THE REQUEST OF MS. JOVITA A. GANONGAN, OFFICER-IN-CHARGE OF DOT-CAR, FOR ASSISTANCE AND WAIVER OF FEES IN THE CONDUCT OF VIDEO SHOOT FOR THE AUDIO-VISUAL PRESENTATION TITLED “MUNDO” FOR DOMESTIC TOURISM CAMPAIGN HELD ON 10-15 NOVEMBER 2020.
2020	158-2020	APPROVING THE TEMPORARY CLOSURE OF BOTH SIDES OF SESSION ROAD TO VEHICULAR TRAFFIC FOR THE CONDUCT OF MICRO, SMALL AND MEDIUM ENTERPRISES (MSME) MARKET SHOWCASE TO BE HELD ON 13 DECEMBER 2020.
2020	159-2020	APPROVING THE TRANSFER OF ₱200,000.00 FROM ACCOUNT CODE 5-02-02-010 (TRAINING EXPENSES) TO ACCOUNT CODE 5-02-12-990 (OTHER GENERAL SERVICES) UNDER THE 2020 CURRENT APPROPRIATIONS OF THE CITY PLANNING AND DEVELOPMENT OFFICE TO FUND THE ENGINEERING GEOLOGICAL AND GEOHAZARD ASSESSMENT REPORT FOR THE PROPOSED SOCIALIZED HOUSING PROJECT AT LUNA, IRISAN BARANGAY.
2020	160-2020	AN ORDINANCE AMENDING SECTION 14 (A) OF ORDINANCE NUMBERED 61, SERIES OF 2017.
2020	160-2020	AMENDING SECTION 14(A) OF ORDINANCE NUMBERED 61, SERIES OF 2017 TO EXPAND THE COMPOSITION OF THE PUBLIC-PRIVATE PARTNERSHIP FOR THE PEOPLE INITIATIVE (P4) SELECTION COMMITTEE TO INCLUDE ADDITIONAL DEPARTMENT HEADS AND REPRESENTATIVES FROM CIVIL SOCIETY ORGANIZATIONS.
2020	161-2020	APPROVING THE REQUEST TO CHARGE ₱1,000,154.64 AGAINST THE 2021 APPROPRIATION OF THE OFFICE FOR ADMINISTRATION UNDER ACCOUNT CODE 439-021 (BAGUIO CONVENTION TRUST FUND) FOR THE PAYMENT OF SALARIES AND WAGES OF TEN (10) JOB ORDER PERSONNEL FOR THE PERIOD 01 JANUARY TO 30 JUNE 2021.
2020	162-2020	AUTHORIZING THE ANNUAL BUDGET OF THE CITY OF BAGUIO FOR FISCAL YEAR 2021 IN THE TOTAL AMOUNT OF ₱1,904,482,458.00 COVERING VARIOUS EXPENDITURES FOR CITY OPERATIONS. INCLUDES BREAKDOWN BY EXPENSE CLASS, GENERAL PROVISIONS, AND SUPPORTING DOCUMENTS.
2020	163-2020	GRANTING A ONE-TIME GRATUITY PAY TO JOB ORDER (JO) AND CONTRACT OF SERVICE (COS) WORKERS OF THE CITY GOVERNMENT OF BAGUIO WHO RENDERED SERVICE IN 2019, PURSUANT TO ADMINISTRATIVE ORDER NO. 20. AMOUNTS RANGE FROM ₱1,000 TO ₱3,000 BASED ON LENGTH OF SERVICE.
2020	164-2020	GRANTING A ONE-TIME SERVICE RECOGNITION INCENTIVE (SRI) TO ALL QUALIFIED OFFICIALS AND EMPLOYEES OF THE CITY GOVERNMENT OF BAGUIO FOR FISCAL YEAR 2020, NOT EXCEEDING ₱10,000.00 EACH, SUBJECT TO CONDITIONS UNDER ADMINISTRATIVE ORDER NO. 37.
2021	001-2021	MANDATING THE REGISTRATION OF OWNERSHIP OF AGRICULTURAL AND FISHERIES MACHINERY AND EQUIPMENT IN ACCORDANCE WITH REPUBLIC ACT NO. 10601 AND THE JOINT MEMORANDUM CIRCULAR NO. 2018-02 OF THE DEPARTMENT OF AGRICULTURE AND THE DEPARTMENT OF THE INTERIOR AND LOCAL GOVERNMENT IN THE CITY OF BAGUIO
2021	002-2021	AN ORDINANCE ESTABLISHING THE BAGUIO CITY COFFEE PROCESSING CENTER AND APPROPRIATING FUNDS FOR THE SKILLS ENHANCEMENT OF COFFEE GROWERS/FARMERS IN THE CITY OF BAGUIO.
2021	003-2021	CHANGING THE PROJECT TITLE “CONSTRUCTION OF MULTI-PURPOSE HALL (SENIOR CITIZEN OFFICE BESIDE PACDAL BARANGAY HALL)” UNDER THE 2019 ANNUAL INVESTMENT PLAN AMOUNTING TO ₱130,000.00 TO “IMPROVEMENT OF BARANGAY MULTI-PURPOSE HALL” AT PACDAL BARANGAY, BAGUIO CITY.
2021	004-2021	REALIGNING THE AMOUNT OF ₱350,000.00 FROM THE PROJECT “CONSTRUCTION OF PATHWAY AT LITENG FROM NELSON BAÑAGA’S RESIDENCE GOING DOWN TO BANAO VILLAGE” UNDER THE 2020 ANNUAL INVESTMENT PLAN TO “CROSS DRAINAGE AT TIPTOP FROM GUILLERMO’S RESIDENCE UNTIL PALE’S RESIDENCE” AT PACDAL BARANGAY, BAGUIO CITY.
2021	005-2021	APPROVING THE TRANSFER OF FUND IN THE CITY PLANNING AND DEVELOPMENT OFFICE
2021	006-2021	APPROVING THE REQUEST OF HONORABLE CITY MAYOR BENJAMIN B. MAGALONG FOR AUTHORITY TO CHARGE THE AMOUNT OF ₱5,000.00 AGAINST THE 2020 APPROPRIATION OF THE CITY TREASURY OFFICE UNDER ACCOUNT CODE 5-01-01-010 (SALARIES AND WAGES-REGULAR) FOR THE PAYMENT OF THE 2017 LOYALTY CLAIM OF MR. ROMEO L. CORTEZ.
2021	008-2021	AMENDING SECTION 1 OF ORDINANCE NUMBERED 07, SERIES OF 2011
2021	009-2021	GRANTING A ONE-TIME GRATUITY PAY TO JOB ORDER (JO) AND CONTRACT OF SERVICE (COS) WORKERS OF THE CITY GOVERNMENT OF BAGUIO WHOSE SERVICES WERE ENGAGED IN THE YEAR 2020.
2021	010-2021	APPROVING THE TRANSFER OF FUND IN THE CITY ENGINEERING OFFICE.
2021	011-2021	APPROVING THE REQUEST OF THE CITY HEALTH SERVICES OFFICE FOR AUTHORITY TO CHARGE THE AMOUNT OF P171,905.85 AGAINST ITS 2021 CURRENT APPROPRIATIONS UNDER ACCOUNT CODE 5-02-03-070 (DRUGS AND MEDICINES EXPENSES) FOR THE PAYMENT OF MEDICINES TO SOBIMED PHARMACEUTICAL PRODUCT DISTRIBUTION.
2021	012-2021	APPROVING THE REQUEST OF THE SECRETARY TO THE SANGGUNIAN FOR AUTHORITY TO CHARGE THE TOTAL AMOUNT OF P9,900.00 AGAINST ITS 2021 CURRENT APPROPRIATIONS UNDER ACCOUNT CODE 5-02-01-010 (TRAVELLING EXPENSES-LOCAL) FOR THE PAYMENT OF TRAVEL ALLOWANCES, TOLL FEES AND GASOLINE EXPENSES INCURRED FOR THE YEARS 2019 AND 2020 OF MR. FIDEL A. CASTRO, ADMINISTRATIVE AIDE VI (CLERK III) IN THE AMOUNT OF P3,400.00 AND MR. SHELDON S. DULNUAN, ADMINISTRATIVE AIDE III (DRIVER I) IN THE AMOUNT OF P6,500.00, BOTH OF THE OFFICE OF THE SANGGUNIANG PANLUNGSOD.
2021	013-2021	ALLOCATING THE TOTAL AMOUNT OF P4,812,000.00 IN THE 2021 APPROPRIATIONS OF THE CITY HEALTH SERVICES OFFICES FOR THE INCREASE OF MONTHLY ALLOWANCE FROM P500.00 TO P1,000.00 TO ALL BARANGAY HEALTH WORKERS AND BARANGAY NUTRITION SCHOLARS IN THE CITY OF BAGUIO EFFECTIVE JANUARY 2021.
2021	015-2021	INSTITUTIONALIZING THE YEARLY OBSERVANCE OF THE SAFER INTERNET DAY FOR CHILDREN IN THE CITY OF BAGUIO AND APPROPRIATING FUNDS THEREOF.
2021	016-2021	MODERNIZING AND EXPANDING THE SERVICES OF THE BAGUIO CITY PUBLIC LIBRARY AND ALLOCATING FUNDS THEREOF.
2021	017-2021	REALIGNING THE AMOUNT OF P500,000.00 FROM THE PROJECT IMPROVEMENT OF RAOD AT PUROK 6 UNDER THE 2019 ANNUAL INVESTMENT PLAN TO IMPROVEMENT OF ROAD AT PUROK 4, WAGNER ROAD AT MILITARY CUT-OFF BARANGAY, BAGUIO CITY.
2021	018-2021	AMENDING ORDINANCE NUMBERED 94-89 [AN ORDINANCE PROHIBITING MOVIE THEATRES FROM ADMITTING CHILDREN BELOW FIVE (5) YEARS OF AGE].
2021	019-2021	AN ORDINANCE CODIFYING LEGISLATIONS ON DOGS: THE RESPONSIBLE DOG OWNERSHIP ORDINANCE OF BAGUIO CITY
2021	020-2021	APPROVING THE REQUEST FOR AUTHORITY TO CHARGE THE AMOUNT OF ₱172,783.92 AGAINST THE 2021 CURRENT APPROPRIATIONS OF THE OFFICE OF THE CITY MAYOR UNDER ACCOUNT CODE 5-01-01-010 (SALARIES AND WAGES-REGULAR) FOR THE PAYMENT OF TERMINAL LEAVE AND RETIREMENT GRATUITY OF MR. ANTHONY F. QUIOAN, ADMINISTRATIVE AIDE VI (UTILITY FOREMAN), ADMINISTRATIVE DIVISION, OFFICE OF THE CITY MAYOR.
2021	021-2021	APPROVING THE REQUEST FOR AUTHORITY TO CHARGE THE AMOUNT OF P172,783.92 AGAINST THE 2021 CURRENT APPROPRIATIONS OF THE OFFICE OF THE CITY MAYOR UNDER ACCOUNT CODE 5-01-01-010 (SALARIES AND WAGES-REGULAR) FOR THE PAYMENT OF TERMINAL LEAVE AND RETIREMENT GRATUITY OF MR. ANTHONY F. QUIOAN, ADMINISTRATIVE AIDE VI (UTILITY FOREMAN), ADMINISTRATIVE DIVISION, OFFICE OF THE CITY MAYOR.
2021	022-2021	APPROVING THE REQUEST OF THE CITY SOCIAL WELFARE AND DEVELOPMENT OFFICE (CSWDO) FOR REIMBURSEMENT OF THE AMOUNT OF P300.00 MONTHLY TO EACH SOCIAL WORKER AND SOCIAL DEVELOPMENT WORKER ON FIELD FOR THEIR MONTHLY LOAD REQUIREMENT CHARGEABLE AGAINST ITS 2021 CURRENT APPROPRIATIONS UNDER ACCOUNT CODE 5-02-05-020 (TELEPHONE EXPENSES) IN REACHING OUT THEIR CLIENTS.
2021	023-2021	CREATING A BARANGAY INFORMATION MANAGEMENT SYSTEM IN ALL BARANGAYS IN THE CITY OF BAGUIO AND FOR OTHER PURPOSES.
2021	024-2021	CREATING A BARANGAY INFORMATION MANAGEMENT SYSTEM IN ALL BARANGAYS IN THE CITY OF BAGUIO AND FOR OTHER PURPOSES.
2021	025-2021	AMENDING SECTION 6 OF ORDINANCE NUMBERED 14, SERIES OF 2017 [AMENDING ORDINANCE NUMBERED 050, SERIES OF 1995 [GOVERNING THE USE OF UNIFORMS BY CITY GOVERNMENT OFFICIALS AND EMPLOYEES AND FOR OTHER PURPOSES]].
2021	026-2021	AUTHORIZING A SUPPLEMENTAL BUDGET IN THE TOTAL AMOUNT OF TWO HUNDRED MILLION PESOS (P200,000,000.00) FOR THE FUNDING OF CONTINUING CORONAVIRUS DISEASE 2019 (COVID-19) OPERATIONS IN THE CITY OF BAGUIO.
2021	027-2021	AMENDING SECTION NOS. 1, 4, 5, 6, 7 AND 9 OF ORDINANCE NUMBERED 45, SERIES OF 2020 [MANDATING THE WEARING OF FACE MASK BY ALL PERSONS WITHIN THE TERRITORIAL JURISDICTION OF BAGUIO CITY UNTIL THE THREAT OF CORONAVIRUS DISEASE 2019 (COVID-19) IS COMPLETELY ELIMINATED OR DURING THE DECLARED STATE OF PUBLIC HEALTH EMERGENCY AND PROVIDING PENALTIES FOR VIOLATION THEREOF].
2021	028-2021	AMENDING SECTION NOS. 1, 4, 5, 6, 7 AND 9 OF ORDINANCE NUMBERED 45, SERIES OF 2020 [MANDATING THE WEARING OF FACE MASK BY ALL PERSONS WITHIN THE TERRITORIAL JURISDICTION OF BAGUIO CITY UNTIL THE THREAT OF CORONAVIRUS DISEASE 2019 (COVID-19) IS COMPLETELY ELIMINATED OR DURING THE DECLARED STATE OF PUBLIC HEALTH EMERGENCY AND PROVIDING PENALTIES FOR VIOLATION THEREOF].
2021	029-2021	PROVIDING FOR A MENTAL HEALTH CARE AND DEVELPMENTAL WELLNESS PROGRAM FOR THE CITY OF BAGUIO AND APPROPRIATING FUNDS THEREOF.
2021	030-2021	AMENDING APPROPRIATION ORDINANCE NUMBERED 25, SERIES OF 2021 [AUTHORIZING A SUPPLEMENTAL BUDGET IN THE TOTAL AMOUNT OF TWO HUNDRED MILLION PESOS (P200,000,000.00) FOR THE FUNDING OF CONTINUING CORONAVIRUS DISEASE 2019 (COVID-19) OPERATIONS IN THE CITY OF BAGUIO].
2021	031-2021	BANNING GOLF CARTS FROM PLYING ANY PUBLIC ROAD OR STREET WITHIN THE TERRITORIAL JURISDICTION OF THE CITY OF BAGUIO AND PROVIDING PENALTIES FOR VIOLATION THEREOF.
2021	031-2021	BANNING GOLF CARTS FROM PLYING ANY PUBLIC ROAD OR STREET WITHIN THE TERRITORIAL JURISDICTION OF THE CITY OF BAGUIO AND PROVIDING PENALTIES FOR VIOLATION THEREOF.
2021	032-2021	AN ORDINANCE IMPOSING A MORATORIUM ON THE ISSUANCE OF EXCEPTIONS FROM ORDINANCE NUMBERED 63, SERIES OF 2016 [ADOPTING THE REVISED COMPREHENSIVE ZONING REGULATIONS FOR THE CITY OF BAGUIO, OTHERWISE KNOWN AS THE COMPREHENSIVE ZONING ORDINANCE FOR THE CITY OF BAGUIO, AND PROVIDING FOR THE ADMINISTRATION, ENFORCEMENT AND AMENDMENT THEREOF, AND FOR THE REPEAL OF ALL ORDINANCES IN CONFLICT THEREWITH] AND/OR RESOLUTION NUMBERED 306, SERIES OF 2016 [APPROVING THE 2013 - 2023 COMPREHENSIVE LAND USE PLAN OF THE CITY OF BAGUIO] IN THE CITY OF BAGUIO.
2021	032-2021	AN ORDINANCE IMPOSING A MORATORIUM ON THE ISSUANCE OF EXCEPTIONS FROM ORDINANCE NUMBERED 63, SERIES OF 2016 [ADOPTING THE REVISED COMPREHENSIVE ZONING REGULATIONS FOR THE CITY OF BGAUIO, OTHERWISE KNOWN AS THE COMPREHENSIVE ZONING ORDINANCE FOR THE CITY OF BAGUIO, AND PROVIDING FOR THE ADMINISTRATION, ENFORCEMENT AND AMENDMENT THEREOF, AND FOR THE REPEAL OF ALL ORDINANCES IN CONFLICT THEREWITH] AND/OR RESOLUTION NUMBERED 306, SERIES OF 2016 [APPROVING THE 2013-2023 COMPREHENSIVE LAND USE PLAN OF THE CITY OF BAGUIO] IN THE CITY OF BAGUIO.
2021	033-2021	APPROVING THE REQUEST OF THE CITY DISASTER RISK REDUCTION AND MANAGEMENT OFFICE (CDRRMO) FOR AUTHORITY TO CHARGE THE AMOUNT OF P4,595.58 AGAINST ITS 2021 CURRENT APPROPRIations UNDER ACCOUNT CODE 5-02-03-090 (FUEL, OIL AND LUBRICANTS EXPENSES) FOR THE PAYMENT OF 119.279 LITERS OF DIESEL CONSUMED BY THE OFFICES VEHICLES WITH PLATE NUMBERS NAZ 4401 AND A3 0949 ON 21, 22 AND 28 DECEMBER 2020.
2021	034-2021	APPROVING THE REQUEST OF THE REGIONAL TRIAL COURT FOR AUTHORITY TO CHARGE THE AMOUNT OF P6,980.76 AGAINST ITS 2021 CURRENT APPROPRIATIONS UNDER ACCOUNT CODE 5-02-05-020 (TELEPHONE EXPENSES) FOR THE PAYMENT OF TELEPHONE EXPENSES INCURRED FOR FISCAL YEAR 2020.
2021	035-2021	APPROVING THE REQUESTS OF THE CITY HEALTH SERVICES OFFICE FOR AUTHORITY TO CHARGE AGAINST ITS 2021 CURRENT APPROPRIATIONS: THE AMOUNT OF P168,207.90 UNDER ACCOUNT CODE 5-01-02-110 (HAZARD PAY) TO COVER THE ACTUAL AMOUNT OF HAZARD PAY TO BE PAID FOR THE MONTH OF DECEMBER 2020 FOR ITS EMPLOYEES; AND THE AMOUNT OF P212,742.18 UNDER ACCOUNT CODE 5-02-04-020 (ELECTRICITY EXPENSES) FOR THE PAYMENT OF ELECTRIC CONSUMPTION FOR THE MONTHS OF MAY TO NOVEMBER 2018.
2021	036-2021	APPROVING THE REQUEST OF THE CITY BUILDINGS AND ARCHITECTURE OFFICE FOR AUTHORITY TO CHARGE THE AMOUNT OF P5,000.00 UNDER ACCOUNT CODE 5-01-02-130 (OVERTIME AND NIGHT PAY) AND THE AMOUNT OF P11,000.00 UNDER ACCOUNT CODE 5-01-02-110 (HAZARD PAY) AGAINST ITS 2021 CURRENT APPROPRIATIONS FOR THE PAYMENT OF PERSONAL SERVICES OF ITS EMPLOYEES WHO RENDERED OVERTIME IN FISCAL YEAR 2020.
2021	037-2021	AMENDING SECTION 226, PARAGRAPH (A) OF ORDINANCE NUMBERED 18, SERIES OF 2016 [ENVIRONMENT CODE OF THE CITY OF BAGUIO].
2021	038-2021	DECLARING THE 24TH DAY OF OCTOBER OF EVERY YEAR AS END POLIO DAY IN THE CITY OF BAGUIO.
2021	039-2021	AMENDING SECTIONS 3 AND 7 OF ORDINANCE NUMBERED 43, SERIES OF 2017 [INSTITUTIONALIZING THE FIRST WEEK OF JUNE EACH YEAR AS BAGUIO CITY ENVIRONMENT WEEK, APPROPRIATING FUNDS THEREFOR AND FOR OTHER PURPOSES].
2021	040-2021	AMENDING CERTAIN PROVISIONS OF ORDINANCE NUMBERED 66, SERIES OF 2016 [PROVIDING FOR THE PREVENTION AND CONTROL MEASURES TO MITIGATE DENGUE CASES IN THE CITY OF BAGUIO, REQUIRING ALL RESIDENTS TO STRENGTHEN THE FIGHT AGAINST DENGUE, APPROPRIATING FUNDS THEREFOR, AND PRESCRIBING PENALTIES FOR VIOLATIONS THEREOF, OTHERWISE KNOWN AS ANTI-DENGUE ORDINANCE OF THE CITY OF BAGUIO]
2021	042-2021	APPROVING THE REQUEST OF THE CITY ADMINISTRATORS OFFICE FOR AUTHORITY TO CHARGE THE AMOUNT OF P62,660.00 UNDER ACCOUNT CODE 5-02-99-020 (PRINTING AND PUBLICATION EXPENSES) AGAINST ITS 2021 CURRENT APPROPRIATIONS FOR THE PAYMENT OF COLLATERAL MATERIALS USED DURING THE IBAGIW ART GALLERY 2020.
2021	043-2021	AN ORDINANCE EXEMPTING DULY QUALIFIED SENIOR CITIZENS AND PERSONS WITH DISABILITY (PWD) IN THE PAYMENT OF GARBAGE FEE AS REQUIRED IN SECURING CLEARANCES, CERTIFICATES, AND OTHER RELATED SERVICES IN THE CITY OF BAGUIO.
2021	044-2021	APPROVING THE REQUEST OF THE CITY VETERINARY AND AGRICULTURE OFFICE FOR AUTHORITY TO CHARGE THE AMOUNT OF P27,160.00 UNDER ACCOUNT CODE 5-02-03-090 (FUEL, OIL AND LUBRICANTS EXPENSES) AND THE AMOUNT OF P500.00 UNDER ACCOUNT CODE 5-02-99-040 (TRANSPORTATION AND DELIVERY EXPENSES) AGAINST ITS 2021 CURRENT APPROPRIATIONS FOR THE PAYMENT OF FUEL CONSUMPTION AND DELIVERY FEE OF 700 LITERS DIESEL OF THE BOILER MACHINE LOCATED AT THE CITY ABATTOIR.
2021	045-2021	APPROVING THE REQUEST OF THE HONORABLE CITY MAYOR BENJAMIN B. MAGALONG FOR AUTHORITY TO CHARGE THE AMOUNT OF P6,300.58 UNDER ACCOUNT CODE 5-02-03-090 (FUEL, OIL AND LUBRICANTS EXPENSES) AGAINST THE 2021 CURRENT APPROPRIATIONS OF THE CITY ADMINISTRATORS OFFICE FOR THE PAYMENT OF UNPAID FUEL EXPENSES OF SAID OFFICE FOR THE MONTH OF DECEMBER 2020.
2021	046-2021	AN ORDINANCE CREATING THE CREATIVE BAGUIO CITY COUNCIL (CBCC).
2021	047-2021	AN ORDINANCE ADOPTING A COMPREHENSIVE SPORTS DEVELOPMENT CODE OF THE CITY OF BAGUIO.
2021	048-2021	AMENDING ORDINANCE NUMBERED 51, SERIES OF 1992 [DECLARING IT A CITY GOVERNMENT POLICY FOR ALL INVESTORS IN THE CITY OF BAGUIO, INCLUDING THOSE AT THE BAGUIO CITY EXPORT PROCESSING ZONE (BCEPZ) AND CAMP JOHN HAY (CJH) TO GIVE PREFERENCE TO QUALIFIED BONAFIDE RESIDENTS OF BAGUIO CITY IN THEIR EMPLOYMENT OF LABORERS AND PERSONNEL].
2021	049-2021	AMENDING SECTIONS NO. 1, 4, 5, 6, 7, 8 AND 9 OF ORDINANCE NUMBERED 45, SERIES OF 2020 [MANDATING THE WEARING OF FACE MASK BY ALL PERSONS WITHIN THE TERRITORIAL JURISDICTION OF BAGUIO CITY UNTIL THE THREAT OF CORONAVIRUS DISEASE 2019 (COVID-19) IS COMPLETELY ELIMINATED OR DURING THE DECLARED STATE OF PUBLIC HEALTH EMERGENCY AND PROVIDING PENALTIES FOR VIOLATION THEREOF].
2021	049-2021	AMENDING SECTIONS NO. 1, 4, 5, 6, 7, 8 AND 9 OF ORDINANCE NUMBERED 45, SERIES OF 2020 [MANDATING THE WEARING OF FACE MASK BY ALL PERSONS WITHIN THE TERRITORIAL JURISDICTION OF BAGUIO CITY UNTIL THE THREAT OF CORONAVIRUS DISEASE 2019 (COVID-19) IS COMPLETELY ELIMINATED OR DURING THE DECLARED STATE OF PUBLIC HEALTH EMERGENCY AND PROVIDING PENALTIES FOR VIOLATION THEREOF].
2021	050-2021	APPROVING THE REQUEST OF HONORABLE CITY MAYOR BENJAMIN B. MAGALONG FOR AUTHORITY TO CHARGE THE TOTAL AMOUNT OF P11,000.00 AGAINST THE 2021 CURRENT APPROPRIATIONS OF THE CITY TREASURY OFFICE UNDER ACCOUNT CODES 5-02-03-990 (OTHER SUPPLIES AND MATERIALS EXPENSES) â€“ NYLON ROPE/ACRYLIC SHIELD IN THE AMOUNT OF P4,000.00; 5-02-99-010 (ADVERTISING EXPENSES) â€“ TARPAULIN IN THE AMOUNT OF P1,000.00; AND 5-02-99-030 (REPRESENTATION EXPENSES) â€“ MEALS AND SNACKS IN THE AMOUNT OF P6,000.00, FOR THE PAYMENT OF UNPAID EXPENSES OF SAID OFFICE FOR THE MONTH OF DECEMBER 2020.
2021	051-2021	REALIGNING THE AMOUNT OF P100,000.00 FROM THE PROJECT: IMPROVEMENT OF STAIRS AT PUROK 2, 6 AND 7 UNDER THE 2021 ANNUAL INVESTMENT PLAN TO IMPROVEMENT OF STAIRS AT PUROK 6 AT BROOKSIDE BARANGAY, BAGUIO CITY.
2021	052-2021	REALIGNING THE AMOUNT OF P500,000.00 FROM THE PROJECT: CONSTRUCTION OF CROSS DRAIN AND CANAL AT PUROK 3, 4, 6 AND 7 UNDER THE 2021 ANNUAL INVESTMENT PLAN TO CONSTRUCTION OF CROSS DRAIN AND CANAL AT PUROK 3 AND 4 AT BROOKSIDE BARANGAY, BAGUIO CITY.
2021	053-2021	AN ORDINANCE MANDATING THE CONDUCT OF SEMI-ANNUAL TRAINING/SEMINAR FOR ALL MEAT VENDORS AND MEAT HANDLERS ON THE VARIOUS LAWS AFFECTING THEIR BUSINESS IN THE CITY OF BAGUIO.
2021	054-2021	AN ORDINANCE PROVIDING RELIEF IN THE ISSUANCE OF CERTIFICATE OF FINAL ELECTRICAL INSPECTION (CFEI) OR CERTIFICATE OF ELECTRICAL INSPECTION (CEI) FOR ELECTRICAL SERVICE CONNECTION FOR A PERIOD OF SIX (6) MONTHS IN THE CITY OF BAGUIO.
2021	055-2021	AUTHORIZING A SUPPLEMENTAL BUDGET IN THE TOTAL AMOUNT OF ONE MILLION SIX HUNDRED FORTY-FIVE THOUSAND PESOS (P1,645,000.00) FROM THE EXCESS APPROPRIATIONS UNDER THE 20% DEVELOPMENT FUND IN APPROPRIATION ORDINANCE NUMBERED 162, SERIES OF 2020 [AUTHORIZING THE ANNUAL BUDGET OF THE CITY OF BAGUIO FOR FISCAL YEAR 2021 IN THE TOTAL AMOUNT OF ONE BILLION NINE HUNDRED FOUR MILLION FOUR HUNDRED EIGHTY-TWO THOUSAND FOUR HUNDRED FIFTY-EIGHT PESOS (P1,904,482,458.00) COVERING THE VARIOUS EXPENDITURES FOR THE OPERATION OF THE CITY GOVERNMENT OF BAGUIO AND APPROPRIATING THE NECESSARY FUNDS FOR THE PURPOSE.] OVER THE AMOUNT IN THE FISCAL YEAR 2021 ANNUAL INVESTMENT PROGRAM FOR THE FUNDING OF VARIOUS PROGRAMS/PROJECTS/ACTIVITES IN THE CITY OF BAGUIO.
2021	056-2021	APPROVING THE REQUEST OF THE CITY VETERINARIAN, BRIGIT P. PIOK, FOR AUTHORITY TO CHARGE THE AMOUNT OF P21,900.00 UNDER ACCOUNT CODE 5-02-13-040 (REPAIRS AND MAINTENANCE-BUILDINGS AND OTHER STRUCTURES) AGAINST THE 2021 CURRENT APPROPRIATIONS OF THE CITY VETERINARY AND AGRICULTURE OFFICE (CVAO) FOR THE PAYMENT OF COST MATERIALS FOR THE REPAIR OF THE GROUND FLOOR OF THE SANGGUNIANG KABATAAN BUILDING AT PUROK 12, IRISAN BARANGAY, BAGUIO CITY TO BE USED AS AN ARABICA COFFEE PROCESSING CENTER.
2021	057-2021	APPROVING THE REQUEST OF THE SPECIAL SERVICES DIVISION, CITY MAYORS OFFICE, FOR AUTHORITY TO CHARGE THE AMOUNT OF P50,000.00 UNDER ACCOUNT CODE 5-02-06-020 (PRIZES) AGAINST THE 2021 CURRENT APPROPRIATIONS OF THE CITY MAYORS OFFICE FOR THE PAYMENT OF CASH AWARD OF THE SEARCH FOR THE BEST PERFORMING BARANGAY SPECIAL AWARD-LUPON TAGAPAMAYAPA INCENTIVE AWARDS 2019.
2021	058-2021	AN ORDINANCE RENAMING A PORTION OF PERFECTO STREET, BAGUIO CITY FROM JUNCTION LAKE DRIVE TO JUNCTION HARRISON ROAD AS DR. MARGARITA J. FERNANDEZ DRIVE.
2021	059-2021	APPROVING THE TRANSFER OF FUND IN THE CITY BUILDINGS AND ARCHITECTURE OFFICE.
2021	060-2021	APPROVING THE REQUEST OF THE CITY BUILDING OFFICIAL ARCHITECT JOHNNY A. DEGAY FOR AUTHORITY TO CHARGE THE AMOUNT OF P2,326.92 UNDER ACCOUNT CODE 5-02-05-020 (TELEPHONE EXPENSES) AGAINST THE 2021 CURRENT APPROPRIATIONS OF THE CITY BUILDINGS AND ARCHITECTURE OFFICE (CBAO) FOR THE PAYMENT OF TELEPHONE EXPENSES FOR THE MONTHS OF MAY AND AUGUST 2020.
2021	061-2021	APPROVING THE REQUEST OF THE CITY SOCIAL WELFARE AND DEVELOPMENT OFFICER BETTY F. FANGASAN FOR AUTHORITY TO CHARGE THE AMOUNT OF P5,792.02 UNDER ACCOUNT CODE 5-02-03-090 (FUEL, OIL AND LUBRICANTS EXPENSES) AGAINST THE 2021 CURRENT APPROPRIATIONS OF THE CITY SOCIAL WELFARE AND DEVELOPMENT OFFICE (CSWDO) FOR THE PAYMENT OF UNPAID OBLIGATION FOR THE MONTHS OF NOVEMBER AND DECEMBER 2020.
2021	062-2021	APPROVING THE REQUEST FOR AUTHORITY TO CHARGE THE AMOUNT OF P48,653.43 AGAINST THE 2021 CURRENT APPROPRIATIONS OF THE CITY TREASURY OFFICE UNDER ACCOUNT CODE 5-01-01-010 (SALARIES AND WAGES-REGULAR) FOR THE PAYMENT OF TERMINAL LEAVE BENEFITS OF MR. AYATOLLAH R. GADAONI, FORMER REVENUE COLLECTION CLERK II OF THE SAID OFFICE, WHO RESIGNED FROM GOVERNMENT SERVICE EFFECTIVE 16 JANUARY 2021.
2021	063-2021	AN ORDINANCE CREATING THE PUBLIC ORDER AND SAFETY DIVISION (POSD) UNDER THE CITY MAYORS OFFICE OF THE CITY GOVERNMENT OF BAGUIO, DEFINING ITS DUTIES, FUNCTIONS AND RULES OF ENGAGEMENT.
2021	064-2021	AN ORDINANCE INSTITUTIONALIZING THE VALUES RESTORATION/ENHANCEMENT PROGRAM FOR THE CITY GOVERNMENT OF BAGUIO AND FOR OTHER PURPOSES.
2021	065-2021	APPROVING THE TRANSFER OF FUND IN THE CITY VETERINARY AND AGRICULTURE OFFICE.
2021	066-2021	APPROVING THE REQUEST FOR AUTHORITY TO CHARGE THE TOTAL AMOUNT OF P41,500.00 AGAINST THE 2021 CURRENT APPROPRIATIONS OF THE OFFICE OF THE SANGGUNIANG PANLUNGSOD UNDER ACCOUNT CODE 5-01-01-010 (SALARIES AND WAGES-REGULAR) FOR THE PAYMENT OF TERMINAL LEAVE BENEFITS AND SALARY OF EMPLOYEES WHOSE TERM ENDED AS OF 31 DECEMBER 2020.
2021	067-2021	AUTHORIZING A SUPPLEMENTAL BUDGET IN THE TOTAL AMOUNT OF TWO HUNDRED NINETY-FIVE MILLION NINE HUNDRED SIX THOUSAND EIGHT HUNDRED SIXTY PESOS (P295,906,860.00) TO COVER THE FUNDING REQUIREMENT OF VARIOUS PRIORITY PROJECTS IN THE CITY OF BAGUIO.
2021	067-2021	AUTHORIZING A SUPPLEMENTAL BUDGET IN THE TOTAL AMOUNT OF TWO HUNDRED NINETY-FIVE MILLION NINE HUNDRED SIX THOUSAND EIGHT HUNDRED SIXTY PESOS (P295,906,860.00) TO COVER THE FUNDING REQUIREMENT OF VARIOUS PRIORITY PROJECTS IN THE CITY OF BAGUIO.
2021	068-2021	INSTITUTIONALIZING A REGULAR ‘HULING PARANGAL SA WATAWAT NG PILIPINAS’ PROGRAM OF THE CITY GOVERNMENT OF BAGUIO AT THE BAGUIO CITY HALL GROUNDS ON ANY APPOINTED DAY DURING THE NATIONAL FLAG DAYS FOR THE PERIOD FROM MAY 28 TO JUNE 12 OF EACH YEAR, ENJOINING LEARNING INSTITUTIONS, GOVERNMENT AGENCIES, OR ANY OTHER INSTITUTIONS WHOSE FLAGS NEED THE PROPER HONORARY RITES FOR DISPOSAL AND REPLACEMENT IN THE CITY OF BAGUIO.
2021	069-2021	TEMPORARILY SUSPENDING THE SECOND PARAGRAPH OF SECTION 13 OF ORDINANCE NUMBERED 68, SERIES OF 2020 [REGULATING THE USE OF CERTAIN ROADS/STREETS WITHIN THE CENTRAL BUSINESS DISTRICT IN THE CITY OF BAGUIO] SUCH THAT SIXTY (60%) PERCENT OF THE GROSS TOTAL PARKING REGULATORY FEES COLLECTED THEREOF SHALL BE ALLOCATED TO PAY FOR THE WAGES AND BENEFITS OF COLLECTORS, SUPPLY AND OTHER OPERATIONAL COSTS, UNTIL THE COVID-19 PANDEMIC IS LIFTED BY THE COVID-19 INTER-AGENCY TASK FORCE FOR THE MANAGEMENT OF EMERGING INFECTIOUS DISEASES OR BY SUBSEQUENT REPEAL OR AMENDMENT.
2021	070-2021	REALIGNING THE AMOUNT OF P300,000.00 FROM THE PROJECT, CONTINUATION OF PATHWAY/WALKWAY WITH RAILINGS FROM THE BRIDGE NEAR BAGNOS AND LACSONS RESIDENCE TRAVERSING SALIO, DELOS REYES, BENGAO, BANSANS RESIDENCE UP TO SIMSIM ROAD AT MARIA BASA UNDER THE 2021 ANNUAL INVESTMENT PLAN TO REHABILITATION OF PATHWAY AND DRAINAGE AT MOLINTAS GOING DOWN TO THE CREEK AT PACDAL BARANGAY, BAGUIO CITY.
2021	071-2021	CHANGING THE PROJECT TITLE, CONSTRUCTION/REHABILITATION OF MAIN SEWERLINES UNDER THE 2020 ANNUAL INVESTMENT PLAN AMOUNTING TO THIRTY-FIVE MILLION PESOS (P35,000,000.00) TO VARIOUS PROJECTS IN THE CITY OF BAGUIO.
2021	072-2021	APPROVING THE REQUEST OF MS. MAXIMA K. DONIO FOR TAX EXEMPTION OF A PARCEL OF LAND IDENTIFIED AS LOT 10-B-1, (LRC) PSD-170154 COVERED BY TCT NO. T-20887 WITH AN AGGREGATE AREA OF FORTY-FOUR (44) SQUARE METERS THAT WAS SEGREGATED AND BEING USED AS ROAD-RIGHT-OF-WAY LOCATED AT NO. 53 UPPER KITMA ROAD, BAKAKENG CENTRAL BARANGAY, BAGUIO CITY.
2021	073-2021	APPROVING THE REQUEST FOR AUTHORITY TO CHARGE THE AMOUNT OF P71,000.00 AGAINST THE 2021 CURRENT APPROPRIATIONS OF THE OFFICE OF THE SANGGUNIANG PANLUNGSOD UNDER ACCOUNT CODE 5-01-01-010 (SALARIES AND WAGES-REGULAR) FOR THE PAYMENT OF TERMINAL LEAVE BENEFITS OF MS. LIGAYA P. BALATERO, FORMER PRIVATE SECRETARY I OF THE SAID OFFICE, WHO RESIGNED FROM GOVERNMENT SERVICE EFFECTIVE 16 MAY 2021.
2021	074-2021	AMENDING SECTION 2 OF ORDINANCE NUMBERED 46, SERIES OF 2017 [INSTITUTIONALIZING THE CONDUCT OF A COOPERATIVE MONTH CELEBRATION EVERY OCTOBER OF EVERY YEAR IN THE CITY OF BAGUIO AND PROVIDING FUNDS THEREOF].
2021	075-2021	APPROVING THE REQUEST FOR AUTHORITY TO CHARGE THE AMOUNT OF P1,029,124.08 AGAINST THE 2021 CURRENT APPROPRIATIONS OF THE OFFICE FOR CITY ADMINISTRATION UNDER ACCOUNT CODE 439-021 (BAGUIO CONVENTION TRUST FUND) FOR THE PAYMENT OF SALARIES OF VARIOUS JOB ORDER PERSONNEL FOR THE PERIOD FROM 01 JULY 2021 TO 31 DECEMBER 2021 FOR THE NEW NORMAL OPERATIONS OF THE BAGUIO CONVENTION CENTER.
2021	076-2021	APPROVING THE TRANSFER OF FUND IN THE CITY BUILDINGS AND ARCHITECTURE OFFICE.
2021	077-2021	AN ORDINANCE CREATING THE RECOGNIZANCE BOARD OF BAGUIO CITY (RBBC) AND FOR OTHER PURPOSES.
2021	078-2021	APPROVING THE REQUEST FOR AUTHORITY TO CHARGE THE TOTAL AMOUNT OF P125,000.00 AGAINST THE 2021 CURRENT APPROPRIATIONS OF THE CITY HEALTH SERVICES OFFICE UNDER ACCOUNT CODE 5-02-04-010 (WATER EXPENSES) IN THE AMOUNT OF P9,500.00 AND ACCOUNT CODE 5-02-03-090 (FUEL, OIL AND LUBRICANTS EXPENSES) IN THE AMOUNT OF P115,000.00, FOR THE PAYMENT OF UNPAID EXPENSES WHICH WERE NOT OBLIGATED DURING THE PREVIOUS YEARS.
2021	079-2021	APPROVING THE TRANSFER OF FUND IN THE CITY SOCIAL WELFARE AND DEVELOPMENT OFFICE.
2021	080-2021	“AMENDING THE PROVISIONS OF ORDINANCE NUMBERED 060, SERIES OF 2002 [CREATING AN APPRAISAL COMMITTEE TO CONDUCT FAIR AND JUST APPRAISAL OF LOTS FOR THE CITY OF BAGUIO].
2021	081-2021	APPROVING THE REQUEST FOR AUTHORITY TO CHARGE THE AMOUNT OF P2,100,000.00 AGAINST THE 2021 CURRENT APPROPRIATIONS OF THE CITY SOCIAL WELFARE AND DEVELOPMENT OFFICE (CSWDO) UNDER ACCOUNT CODE 5-02-99-080 (DONATIONS) FOR THE PAYMENT OF COLLEGE EDUCATIONAL FINANCIAL ASSISTANCE GRANT OF 308 NEW GRANTEES FOR THE 2ND SEMESTER OF SCHOOL YEAR 2020-2021.
2021	082-2021	APPROVING THE REQUEST FOR AUTHORITY TO CHARGE THE AMOUNT OF P193,932.67 AGAINST THE 2021 CURRENT APPROPRIATIONS OF THE CITY TREASURY OFFICE UNDER ACCOUNT CODE 5-01-01-010 (SALARIES AND WAGES-REGULAR) FOR THE PAYMENT OF TERMINAL LEAVE BENEFITS OF MR. GEORGE M. ADDAWE JR., FORMER ADMINISTRATIVE OFFICER III OF THE SAID OFFICE, WHO RETIRED FROM GOVERNMENT SERVICE EFFECTIVE 01 JULY 2021.
2021	083-2021	APPROVING THE REQUEST FOR AUTHORITY TO CHARGE THE AMOUNT OF P2,760.00 AGAINST THE 2021 CURRENT APPROPRIATIONS OF THE CITY MAYORS OFFICE UNDER ACCOUNT CODE 5-02-05-030 (INTERNET SUBSCRIPTION EXPENSES) FOR THE PAYMENT OF UNBILLED WEBSITE HOSTING STATEMENT FROM JULY 2020 TO DECEMBER 2020 TO HOSTING PROVIDER BITSTOP NETWORK SERVICES, INC. (BNSI).
2021	084-2021	APPROVING THE REQUEST FOR AUTHORITY TO TRANSFER THE AMOUNT OF P337,382.71 AGAINST THE 2021 CURRENT APPROPRIATIONS OF THE CITY DISASTER RISK REDUCTION MANAGEMENT OFFICE (CDRRMO) UNDER ACCOUNT CODE 5-01-01-010 (SALARIES AND WAGES-REGULAR) TO ACCOUNT CODE 5-01-04-030 (TERMINAL LEAVE BENEFITS) AND TO DISBURSE THE SAME FOR THE PAYMENT OF TERMINAL LEAVE BENEFITS OF MS. YOLANDA A. MUNAR, FORMER LOCAL DISASTER RISK REDUCTION MANAGEMENT OFFICER IV OF THE SAID OFFICE, WHO RETIRED FROM GOVERNMENT SERVICE EFFECTIVE 01 JUNE 2021.
2021	085-2021	APPROVING THE REQUEST OF MR. MORRIS B. MATEO FOR WAIVER OF PAYMENT OF THE REAL PROPERTY TAXES FOR THE YEAR 2001 TO THE PRESENT OF A PORTION OF HIS LOT WITH ARPN 2021-05-008-056891 LOCATED AT BENGAO, BAKAKENG CENTRAL BARANGAY, BAGUIO CITY BEING UTILIZED BY THE GENERAL PUBLIC AS ACCESS ROAD TO THE AREA.
2021	087-2021	AN ORDINANCE ADOPTING THE PRESCRIBED STANDARD REQUIREMENTS FOR MEAT SHOPS IN THE CITY OF BAGUIO
2021	088-2021	AMENDING CERTAIN PROVISIONS OF ORDINANCE NUMBERED 78, SERIES OF 2018 [TOWING ORDINANCE OF THE CITY OF BAGUIO].
2021	088-2021	AMENDING CERTAIN PROVISIONS OF ORDINANCE NUMBERED 78, SERIES OF 2018 [TOWING ORDINANCE OF THE CITY OF BAGUIO].
2021	089-2021	ORDINANCE INSTITUTIONALIZING A SESSION ROAD HISTORY AND HERITAGE FESTIVAL IN THE CITY OF BAGUIO, APPROPRIATING FUNDS, AND FOR OTHER PURPOSES.
2021	090-2021	APPROVING THE TRANSFER OF FUND IN THE CITY CIVIL REGISTRY OFFICE.
2021	091-2021	AUTHORIZING A SUPPLEMENTAL BUDGET IN THE TOTAL AMOUNT OF TEN MILLION EIGHT HUNDRED ONE THOUSAND FOUR PESOS (P10,801,004.00) AGAINST THE 2021 CURRENT APPROPRIATIONS OF THE CITY ADMINISTRATORS OFFICE UNDER ACCOUNT CODE 5-02-06-020 (PRIZES) IN THE AMOUNT OF P7,000,000.00 AND ACCOUNT CODE 5-02-99-990 (OTHER MAINTENANCE AND OPERATING EXPENSES) IN THE AMOUNT OF P3,801,004.00 TO COVER THE FUNDING TO FULLY EQUIP THE BAGUIO CONVENTION CENTER.
2021	099-2021	AN ORDINANCE PROHIBITING THE ESTABLISHMENT AND OPERATION OF STREET GANGS, RECRUITMENT OF MINORS TO PARTICIPATE IN THE COMMISSION OF STREET GANGS VIOLENCE AND INSTIGATION OF COMMUNITY DISORDER, PROVIDING FOR INTERVENTION MECHANISMS AND FOR OTHER PURPOSES.
2021	100-2021	APPROVING THE REQUEST FOR AUTHORITY TO CHARGE THE AMOUNT OF P199,000.00 AGAINST THE 2021 CURRENT APPROPRIATIONS OF THE CITY LIBRARY OFFICE UNDER ACCOUNT CODE 5-02-13-040 (REPAIRS AND MAINTENANCE-BUILDINGS AND OTHER STRUCTURES) FOR THE REPAIR/REHABILITATION OF COMFORT ROOMS OF THE SAID OFFICE.
2021	101-2021	APPROVING THE REQUEST FOR AUTHORITY TO CHARGE THE AMOUNT OF P89,390.00 AGAINST THE 2021 CURRENT APPROPRIATIONS OF THE BAGUIO CITY POLICE OFFICE UNDER ACCOUNT CODE 5-02-13-060 (REPAIRS AND MAINTENANCE-TRANSPORTATION EQUIPMENT) FOR THE PAYMENT OF ITS UNSETTLED OBLIGATIONS OF PREVIOUS YEARS.
2021	102-2021	APPROVING THE TRANSFER/REALIGNMENT OF FUNDS IN THE CITY ASSESSORS OFFICE.
2021	103-2021	APPROVING THE REQUEST FOR AUTHORITY TO CHARGE THE TOTAL AMOUNT OF P51,000.00 AGAINST THE 2021 CURRENT APPROPRIATIONS OF THE OFFICE OF THE SANGGUNIANG PANLUNGSOD UNDER ACCOUNT CODE 5-01-01-010 (SALARIES AND WAGES-REGULAR) FOR THE PAYMENT OF TERMINAL LEAVE BENEFITS OF MS. ADRIANWIN S. LATAWAN IN THE AMOUNT OF P12,000.00; MR. DOMINIQUE ALDWIN F. RECOLCOLIN IN THE AMOUNT OF P12,000.00; AND MR. OHWIE S. TALOSIG IN THE AMOUNT OF P27,000.00.
2021	104-2021	APPROVING THE REQUEST FOR AUTHORITY TO CHARGE THE AMOUNT OF P5,620.15 AGAINST THE 2021 CURRENT APPROPRIATIONS OF THE CITY SOCIAL WELFARE AND DEVELOPMENT OFFICE (CSWDO) UNDER ACCOUNT CODE 5-02-04-010 (WATER EXPENSES) FOR THE PAYMENT OF OUTSTANDING BALANCE OF WATER BILL FROM 09 FEBRUARY 2020 TO 12 MAY 2020 IN THE SAID OFFICE.
2021	105-2021	AMENDING SECTIONS 1, 2, 3 AND 7 OF ORDINANCE NUMBERED 120, SERIES OF 2018 [THE ESTABLISHMENT OF VIOLENCE AGAINST WOMEN AND THEIR CHILDREN (VAWC) DESKS IN THE 128 BARANGAYS OF BAGUIO CITY, AND PROVIDING GUIDELINES THEREOF].
2021	106-2021	AN ORDINANCE GRANTING AMNESTY OR RELIEF ON PENALTIES, FINES AND CHARGES FOR UNPAID DUES UP TO YEAR 2021 IN THE CITY OF BAGUIO.
2021	107-2021	AN ORDINANCE IMPLEMENTING NO PLATE NUMBER NO TRAVEL POLICY IN THE CITY OF BAGUIO AND PROVIDING PENALTY THEREOF.
2021	108-2021	AN ORDINANCE TEMPORARILY SUSPENDING THE IMPLEMENTATION OF ORDINANCE NUMBERED 32, SERIES OF 2021 UNTIL ORDINANCE NUMBERED 63, SERIES OF 2016 IS AMENDED, UPDATED, AND FINALLY APPROVED.
2021	109-2021	AN ORDINANCE REDUCING THE AMOUNT OF FINES FOR ALL UNPAID TRAFFIC VIOLATIONS ISSUED ON OR BEFORE 31 DECEMBER 2020 FOR A PERIOD OF THREE (3) MONTHS IN THE CITY OF BAGUIO.
2021	110-2021	AMENDING ORDINANCE NUMBERED 93, SERIES OF 2021 [APPROVING THE REQUEST FOR AUTHORITY TO CHARGE THE AMOUNT OF P23,000.00 AGAINST THE 2021 CURRENT APPROPRIATIONS OF THE CITY MAYORS OFFICE UNDER ACCOUNT CODE 5-02-02-010 (TRAINING EXPENSES) FOR THE PAYMENT OF MEALS INCURRED DURING THE CONDUCT OF COMMUNITY-BASED TRAININGS IN NAIL CARE (MANICURE AND PEDICURE) ON 13 TO 17 JULY 2020 AND BASIC HAIR-CUTTING IN 28 SEPTEMBER 2020 TO 02 OCTOBER 2020 IN DIFFERENT BARANGAYS OF THE CITY OF BAGUIO].
2021	111-2021	AUTHORIZING A SUPPLEMENTAL BUDGET IN THE TOTAL AMOUNT OF TWO HUNDRED FOURTEEN MILLION SIX HUNDRED THOUSAND PESOS (₱214,600,000.00) FOR THE FUNDING OF VARIOUS PRIORITY PROJECTS IDENTIFIED IN THE APPROVED SUPPLEMENTAL INVESTMENT PLAN (AIP) OF THE CITY OF BAGUIO.
2021	112-2021	APPROVING THE REQUEST FOR AUTHORITY TO TRANSFER THE AMOUNT OF P105,815.32 AGAINST THE 2021 CURRENT APPROPRIATIONS OF THE CITY MAYORS OFFICE UNDER ACCOUNT CODE 5-01-01-010 (SALARIES AND WAGES-REGULAR) TO ACCOUNT CODE 5-01-04-030 (TERMINAL LEAVE BENEFITS) AND TO DISBURSE THE SAME AMOUNT FOR THE PAYMENT OF TERMINAL LEAVE BENEFITS OF MS. MARLENE DE CASTRO, FORMER EXECUTIVE ASSISTANT II (PRIMARILY CONFIDENTIAL STAFF) OF THE SAID OFFICE, WHO RESIGNED FROM GOVERNMENT SERVICE EFFECTIVE 04 OCTOBER 2021.
2021	113-2021	APPROVING THE REQUEST FOR AUTHORITY TO TRANSFER THE AMOUNT OF ₱105,815.32 AGAINST THE 2021 CURRENT APPROPRIATIONS OF THE CITY MAYOR'S OFFICE UNDER ACCOUNT CODE 5-01-01-010 (SALARIES AND WAGES-REGULAR) TO ACCOUNT CODE 5-01-04-030 (TERMINAL LEAVE BENEFITS) AND TO DISBURSE THE SAME AMOUNT FOR THE PAYMENT OF TERMINAL LEAVE BENEFITS OF MS. MARLENE DE CASTRO, FORMER EXECUTIVE ASSISTANT II (PRIMARILY CONFIDENTIAL STAFF) OF THE SAID OFFICE, WHO RESIGNED FROM GOVERNMENT SERVICE EFFECTIVE 04 OCTOBER 2021.
2021	114-2021	AN ORDINANCE INSTITUTIONALIZING THE CITY EPIDEMIOLOGY AND SURVEILLANCE SYSTEM OF BAGUIO CITY ALIGNED WITH REPUBLIC ACT NO. 11223, OTHERWISE KNOWN AS THE UNIVERSAL HEALTH CARE ACT.
2021	115-2021	AN ORDINANCE INSTITUTIONALIZING UNIVERSAL HEALTH CARE IN THE CITY OF BAGUIO, PRESCRIBING REFORMS IN THE CITY-WIDE HEALTH CARE SYSTEM, AND APPROPRIATING FUNDS THEREOF.
2021	116-2021	AUTHORIZING THE ANNUAL BUDGET OF THE CITY OF BAGUIO FOR FISCAL YEAR 2022 IN THE TOTAL AMOUNT OF TWO BILLION THREE HUNDRED NINE MILLION SIX HUNDRED FIFTY-FIVE THOUSAND SIX HUNDRED FIFTY-FOUR PESOS (P2,309,655,654.00) COVERING THE VARIOUS EXPENDITURES FOR THE OPERATION OF THE CITY GOVERNMENT OF BAGUIO AND APPROPRIATING THE NECESSARY FUNDS FOR THE PURPOSE.
2021	117-2021	AMENDING SECTION NOS. 1 AND 2 OF ORDINANCE NUMBERED 18, SERIES OF 2008 [PROVIDING FOR THE PROPER IDENTIFICATION OF ALL GOVERNMENT SERVICE VEHICLES IN THE CITY OF BAGUIO].
2021	118-2021	CHANGING THE PROJECT TITLE EXTENSION OF DAYCARE CENTER FOR PLAY AREA OF CHILDREN AND INSTALLATION OF PLAYPEN (REHABILITATION OF DAYCARE CENTER FACILITIES) UNDER THE 2021 ANNUAL INVESTMENT PLAN AMOUNTING TO P300,000.00 TO IMPROVEMENT OF DAYCARE FACILITIES AT HONEYMOON-HOLYGHOST BARANGAY, BAGUIO CITY.
2021	119-2021	GRANTING FINANCIAL ASSISTANCE IN THE AMOUNT OF P5,000,000.00 FROM THE CITY DISASTER RISK REDUCTION AND QUICK RESPONSE MANAGEMENT FUND OF THE 2021 ANNUAL BUDGET OF THE CITY GOVERNMENT OF BAGUIO FOR THE IDENTIFIED VARIOUS LOCAL GOVERNMENT UNITS THAT WERE SEVERELY HIT AND AFFECTED BY TYPHOON ODETTE.
2021	120-2021	GRANTING A 2021 PRODUCTIVITY INCENTIVE AMIDST PANDEMIC BONUS TO ALL OFFICIALS AND EMPLOYEES OF THE CITY GOVERNMENT OF BAGUIO.
2021	121-2021	GRANTING A ONE-TIME GRATUITY PAY TO JOB ORDER (JO) AND CONTRACT OF SERVICE (COS) WORKERS OF THE CITY GOVERNMENT OF BAGUIO WHOSE SERVICES WERE ENGAGED IN THE YEAR 2021.
2022	001-2022	APPROVING THE REQUEST FOR AUTHORITY TO CHARGE THE AMOUNT OF P1,071,345.60 AGAINST THE 2021 CURRENT APPROPRIATIONS OF THE CITY ADMINISTRATOR’S OFFICE (CADMO) UNDER ACCOUNT CODE 439-021 (BAGUIO CONVENTION TRUST FUND) FOR THE PAYMENT OF SALARIES OF VARIOUS JOB ORDER PERSONNEL FOR THE PERIOD 01 JANUARY 2022 TO 30 JUNE 2022 IN PREPARATION FOR THE FULL OPERATION OF THE BAGUIO CONVENTION AND CULTURAL CENTER FOR MEETINGS, INCENTIVES, CONFERENCES AND EXHIBITIONS UNDER THE NEW NORMAL OPERATIONS FOR THE YEAR 2022.
2022	002-2022	AN ORDINANCE INSTITUTIONALIZING THE SALENG (PINE TREE) FESTIVAL IN THE CITY OF BAGUIO.
2022	003-2022	AN ORDINANCE EXTENDING FOR A PERIOD OF SIX (6) MONTHS THE APPLICATION OF ORDINANCE NUMBERED 54, SERIES OF 2021 [AN ORDINANCE PROVIDING RELIEF IN THE ISSUANCE OF CERTIFICATE OF FINAL ELECTRICAL INSPECTION (CFEI) OR CERTIFICATE OF ELECTRICAL INSPECTION (CEI) FOR ELECTRICAL SERVICE CONNECTION FOR A PERIOD OF SIX (6) MONTHS IN THE CITY OF BAGUIO].
2022	004-2022	AN ORDINANCE SETTING THE GUIDELINES FOR THE ENACTMENT OF PARKING ORDINANCE IN THE BARANGAYS OF THE CITY OF BAGUIO.[1]
2022	005-2022	AMENDING ORDINANCE NUMBERED 66, SERIES OF 2008 [INSTITUTIONALIZING THE OPERATIONS AND ACTIVITIES OF THE CITY GOVERNMENT CULTURAL TROUPE (DANCE AND CHOIR) FOR PURPOSES OF PROMOTING TOURISM AND HOSTING ACTIVITIES AND PROVIDING FUNDS THEREFOR (AMENDING ORDINANCE NUMBERED 15, SERIES OF 1999)].
2022	006-2022	AN ORDINANCE CREATING THE BAGUIO CITY HISTORICAL RESEARCH COUNCIL, DEFINING ITS FUNCTIONS, AND APPROPRIATING FUNDS THEREOF.
2022	007-2022	AN ORDINANCE INSTITUTIONALIZING THE GAWAD LINGAP PROGRAM (GLP) IN THE CITY OF BAGUIO FOR PUBLIC ELEMENTARY AND SECONDARY STUDENTS, AND PROVIDING FUNDS HEREOF.
2022	008-2022	AMENDING ORDINANCE NUMBERED 31, SERIES OF 2009 [ESTABLISHING AN INCENTIVES AND AWARDS PROGRAM FOR THE BEST BARANGAY SENIOR CITIZENS UNIT].
2022	009-2022	APPROVING THE REQUEST OF THE CITY SOCIAL WELFARE AND DEVELOPMENT OFFICE (CSWDO) FOR REIMBURSEMENT OF THE AMOUNT OF P300.00 MONTHLY TO EACH SOCIAL WORKER AND SOCIAL DEVELOPMENT WORKER ON FIELD CHARGEABLE AGAINST ITS 2022 CURRENT APPROPRIATIONS UNDER ACCOUNT CODE 5-02-05-020 (TELEPHONE EXPENSES) TO SUSTAIN THEIR MONTHLY LOAD REQUIREMENT IN REACHING OUT THEIR CLIENTS WITH THE CONTINUOUS EXISTENCE OF CORONAVIRUS DISEASE 2019 (COVID-19) CASES IN THE CITY OF BAGUIO.
2022	010-2022	AMENDING CERTAIN PROVISIONS OF ORDINANCE NUMBERED 84, SERIES OF 2019 [THE NONAGENARIAN AND CENTENARIAN AWARDS ORDINANCE OF THE CITY OF BAGUIO].
2022	011-2022	AN ORDINANCE INSTITUTIONALIZING THE BAGUIO CITY COOPERATIVE DEVELOPMENT COUNCIL (BCCDC), DEFINING ITS COMPOSITION, FUNCTIONS AND RESPONSIBILITIES, AND APPROPRIATING THE NECESSARY FUNDS THEREOF.
2022	012-2022	AN ORDINANCE INSTITUTIONALIZING A COMMUNITY-BASED PEER TEACHING AND TUTORIAL PROGRAM FOR YOUTH AND STUDENTS IN THE CITY OF BAGUIO, PROVIDING FOR MECHANISMS FOR ITS IMPLEMENTATION, AND PROVIDING FUNDS THEREOF.
2022	013-2022	AN ORDINANCE INSTITUTIONALIZING THE SCHOOL OF LIVING TRADITION (SLT) AS PART OF THE REVITALIZATION OF INDIGENOUS CULTURAL HERITAGE BY STUDENTS IN THE DIFFERENT SCHOOLS IN THE CITY OF BAGUIO.
2022	014-2022	AN ORDINANCE MANDATING PERSONS DEPRIVED OF LIBERTY (PDL) TO UNDERGO CORONAVIRUS DISEASE 2019 (COVID-19) SWAB TESTING BEFORE COMMITMENT OR RELEASE FROM THE BAGUIO CITY JAIL - MALE AND FEMALE DORMS.
2022	015-2022	FURTHER AMENDING ORDINANCE NUMBERED 49, SERIES OF 2021 ON THE USE OF FACE SHIELD IN THE CITY OF BAGUIO PURSUANT TO INTER-AGENCY TASK FORCE FOR THE MANAGEMENT OF EMERGING INFECTIOUS DISEASES (IATF-EID) RESOLUTION NO. 148-D, SERIES OF 2021.
2022	016-2022	AN ORDINANCE EXPANDING THE SEXUALLY TRANSMITTED INFECTION (STI) AND HUMAN IMMUNODEFICIENCY SYNDROME/ACQUIRED IMMUNE DEFICIENCY SYNDROME (HIV/AIDS) PROGRAMS OF THE CITY OF BAGUIO, PROVIDING FOR POLICIES AND MEASURES FOR THE CONTROL AND PREVENTION OF STI AND HIV/AIDS, INSTITUTIONALIZING A LOCAL HIV/AIDS COORDINATING COUNCIL, AND PROVIDING FUNDS THEREOF.
2022	017-2022	APPROVING THE REQUEST OF THE CITY DISASTER RISK REDUCTION AND MANAGEMENT OFFICE (CDRRMO) TO CHARGE THE TOTAL AMOUNT OF P28,016.37 AGAINST ITS 2022 CURRENT APPROPRIATIONS UNDER ACCOUNT CODE 5-02-03-090 (FUEL, OIL AND LUBRICANTS EXPENSES) FOR THE PAYMENT OF ACCUMULATED FUEL CONSUMPTION FOR THE MONTHS OF NOVEMBER AND DECEMBER 2021 OF THEIR OFFICE VEHICLES.
2022	018-2022	AN ORDINANCE AUTHORIZING THE HONORABLE CITY MAYOR BENJAMIN B. MAGALONG REPRESENTING THE CITY GOVERNMENT OF BAGUIO TO EXERCISE THE POWER OF EMINENT DOMAIN OR PURSUE EXPROPRIATION PROCEEDINGS OVER AN EXISTING DIRT ROAD WITH AN AFFECTED AREA OF 241 SQUARE METERS OWNED BY MS. PATRICIA VAN DER HORST, MS. ROSITA ANTON AND MS. SOFIA A. BAGUISTA LOCATED AT INTERIOR LOWER KITMA, BAKAKENG CENTRAL BARANGAY, BAGUIO CITY FOR PUBLIC USE AND PURPOSE, SUBJECT TO ALL LEGAL RULES AND REGULATIONS.
2022	019-2022	APPROVING THE TEMPORARY CLOSURE AND USE OF VARIOUS ROADS IN THE CITY OF BAGUIO AS VENUES FOR THE PROGRAMS AND ACTIVITIES OF THE 2022 PANAGBENGA OR THE BAGUIO FLOWER FESTIVAL, SUBJECT TO CLARIFICATION AND AMENDMENT.
2022	020-2022	APPROVING THE REQUEST OF THE CITY ADMINISTRATOR'S OFFICE TO CHARGE THE AMOUNT OF P600.00 AGAINST ITS 2022 CURRENT APPROPRIATIONS UNDER ACCOUNT CODE 5-02-13-060 (REPAIRS AND MAINTENANCE - TRANSPORTATION EQUIPMENT) FOR THE PAYMENT OF SMOKE TESTING PROCEDURE OF OFFICE VEHICLE (BUS) WITH PLATE NUMBER NAO 4412.
2022	021-2022	APPROVING THE REQUEST FOR AUTHORITY TO CHARGE THE TOTAL AMOUNT OF P4,296.68 AGAINST THE 2022 CURRENT APPROPRIATIONS OF THE CITY HEALTH SERVICES OFFICE UNDER ACCOUNT CODE 5-01-02-110 (HAZARD PAY) - P3,828.50; ACCOUNT CODE 5-01-02-050 (SUBSISTENCE ALLOWANCE) - P400.00; AND ACCOUNT CODE 5-01-02-060 (LAUNDRY ALLOWANCE)--P68.18, FOR THE PAYMENT OF UNPAID CLAIMS OF DR. JANET EVANGELINE T. CANTILLAS, FORMER MEDICAL OFFICER IV OF THE SAID OFFICE, WHO RETIRED FROM GOVERNMENT SERVICE EFFECTIVE 20 JANUARY 2021.
2022	022-2022	APPROVING THE REQUEST FOR AUTHORITY TO CHARGE THE TOTAL AMOUNT OF P12,795.00 AGAINST THE 2022 CURRENT APPROPRIATIONS OF THE CITY HEALTH SERVICES OFFICE UNDER ACCOUNT CODE 5-01-02-140 (YEAR-END BONUS) P9,795.00; AND ACCOUNT CODE 5-01-02-150 (CASH GIFT) - P3,000.00, FOR THE PAYMENT OF UNPAID CLAIMS OF MR. MICHAEL O. MANG-USAN, FORMER SANITATION INSPECTOR I OF THE SAID OFFICE, WHO RESIGNED FROM GOVERNMENT SERVICE EFFECTIVE 01 JUNE 2021.
2022	023-2022	APPROVING THE REQUEST FOR AUTHORITY TO CHARGE THE TOTAL AMOUNT OF P13,386.60 AGAINST THE 2022 CURRENT APPROPRIATIONS OF THE CITY HEALTH SERVICES OFFICE UNDER ACCOUNT CODE 5-01-02-140 (YEAR END BONUS) P10,386.60; AND ACCOUNT CODE 5-01-02-150 (CASH GIFT) - P3,000.00, FOR THE PAYMENT OF UNPAID CLAIMS OF MS. MELODY D. BAUTISTA, FORMER POPULATION PROGRAM WORKER II OF THE SAID OFFICE, WHO RESIGNED FROM GOVERNMENT SERVICE EFFECTIVE 01 JUNE 2021.
2022	024-2022	APPROVING THE REQUEST FOR AUTHORITY TO CHARGE THE AMOUNT OF P2,470.00 AGAINST THE 2022 CURRENT APPROPRIATIONS OF THE CITY HEALTH SERVICES OFFICE UNDER ACCOUNT CODE 5-02-13-060 (REPAIRS AND MAINTENANCE-TRANSPORTATION EQUIPMENT) FOR THE PAYMENT OF REPAIR AND MAINTENANCE OF THE BAGUIO CITY EMERGENCY MEDICAL SERVICE VEHICLES WITH PLATE NUMBERS SKD 854 AND NAZ 4392.
2022	025-2022	AMENDING SECTION 69 (C) OF ORDINANCE NUMBERED 47, SERIES OF 2021 [AN ORDINANCE ADOPTING A COMPREHENSIVE SPORTS DEVELOPMENT CODE OF THE CITY OF BAGUIO].
2022	026-2022	APPROVING THE REQUEST FOR AUTHORITY TO CHARGE THE AMOUNT OF P240,000.00 AGAINST THE 2022 CURRENT APPROPRIATIONS OF THE CITY ADMINISTRATOR'S OFFICE UNDER ACCOUNT CODE 5-02-99-990 (OTHER MAINTENANCE AND OPERATING EXPENSES) FOR THE PAYMENT OF EXPENDITURES REPRESENTING THE PARTICIPATION OF LOCAL GOLF PLAYERS WHO REPRESENTED THE CITY OF BAGUIO DURING THE 71ST FIL-AM GOLF TOURNAMENT HELD ON 14 TO 17 DECEMBER 2021 AT THE BAGUIO COUNTRY CLUB GOLF COURSE.
2022	027-2022	APPROVING THE REQUEST FOR AUTHORITY TO CHARGE THE AMOUNT OF P8,031.00 AGAINST THE 2022 CURRENT APPROPRIATIONS OF THE CITY SOCIAL WELFARE AND DEVELOPMENT OFFICE UNDER ACCOUNT CODE 5-02-03-050 (FOOD SUPPLIES EXPENSES) FOR THE PAYMENT OF THE REIMBURSEMENT FOR THE OPERATION OF THE SILUNGAN CENTER.
2022	028-2022	APPROVING THE REQUEST FOR AUTHORITY TO TRANSFER THE AMOUNT OF P500,000.00 AGAINST THE 2021 APPROPRIATIONS OF THE CITY BUILDINGS AND ARCHITECTURE OFFICE UNDER ACCOUNT CODE 1-07-05-020 (OFFICE EQUIPMENT) TO ACCOUNT CODE 1-07-06-010 (MOTOR VEHICLES) AND TO DISBURSE THE SAME AMOUNT FOR THE ADDITIONAL FUNDING IN THE PURCHASE OF TWO (2) OFFICE MOTOR VEHICLES AMOUNTING TO P2,641,620.00.
2022	029-2022	APPROVING THE REQUEST FOR AUTHORITY TO CHARGE THE AMOUNT OF P376.73 AGAINST THE 2022 CURRENT APPROPRIATIONS OF THE CITY BUILDINGS AND ARCHITECTURE OFFICE UNDER ACCOUNT CODE 5-02-04-010 (WATER EXPENSES) FOR THE PAYMENT OF WATER BILL ARREARS ACCUMULATED IN THE YEARS 2018 AND 2020.
2022	030-2022	APPROVING THE REQUEST FOR AUTHORITY TO CHARGE THE AMOUNT OF P1,294.00 AGAINST THE 2022 CURRENT APPROPRIATIONS OF THE CITY ENVIRONMENT AND PARKS MANAGEMENT OFFICE UNDER ACCOUNT CODE 5-02-03-090 (FUEL, OIL AND LUBRICANTS EXPENSES) FOR THE PAYMENT OF UNPAID GASOLINE CONSUMPTION OF CHAINSAW ON 20 DECEMBER 2021.
2022	031-2022	APPROVING THE REQUEST FOR AUTHORITY TO CHARGE THE TOTAL AMOUNT OF P9,350.00 AGAINST THE 2022 CURRENT APPROPRIATIONS OF THE CITY HEALTH SERVICES OFFICE (CHSO) UNDER ACCOUNT CODE 5-02-04-010 (WATER EXPENSES) FOR THE PAYMENT OF WATER EXPENSES AT THE IRISAN HEALTH CENTER FOR THE PERIOD 08 MAY 2020 TO 08 JUNE 2020 IN THE AMOUNT OF P370.00, AND AT THE CHSO ANNEX BUILDING FOR THE PERIOD 04 APRIL 2020 TO 04 DECEMBER 2020 IN THE AMOUNT OF P8,980.00.
2022	032-2022	"CHANGING THE LOCATION OF THE PROJECT TITLE ""SATELLITE MARKET,"" UNDER SECTION I (ITEM 4) OF ORDINANCE NUMBERED 42, SERIES OF 2020 FROM CAMP 7 BARANGAY TO CAMP 8 BARANGAY, BAGUIO CITY."
2022	033-2022	"REALIGNING THE TOTAL AMOUNT OF P850,000.00 FROM THE PROJECTS: (A) ""CANAL FROM DELA ROSA TO DERAY AT PUROK 3"" AMOUNTING TO P300,000.00; (B) ""CONSTRUCTION OF NEW DRAINAGE CANAL FROM PASSI RESIDENCE TO LANGIT RESIDENCE AT PUROK 1"" AMOUNTING TO P100,000.00; (C) ""CONSTRUCTION OF PATHWAY FROM ARONCHAY'S RESIDENCE UP TO OREDINA'S RESIDENCE AT PUROK 5"" AMOUNTING TO P100,000.00; (D) ""COVER OF EXISTING CANAL AT MRS. VERENA'S RESIDENCE AT PUROK 2"" AMOUNTING TO P100,000.00; (E) ""REPAIR OF PATHWAY FROM MANANSALA RESIDENCE TO ABAYA RESIDENCE"" AMOUNTING TO P150,000.00; AND (F) ""DRAINAGE NEAR SCHOOL"" AMOUNTING TO P100,000.00, ALL FUNDED UNDER THE 2020 ANNUAL INVESTMENT PLAN TO ""CONSTRUCTION OF BARANGAY ROAD FROM IGLESIA NI CRISTO CHURCH DOWN TO NABULAY'S RESIDENCE AT PUROK 2"" AT CAMP 8 BARANGAY, BAGUIO CITY."
2022	034-2022	APPROVING THE REQUEST FOR AUTHORITY TO CHARGE THE AMOUNT OF P1,800,000.00 UNDER ACCOUNT CODE 1-07-06-010 (MOTOR VEHICLES) ON THE CONTINUING APPROPRIATIONS FOR CORONAVIRUS DISEASE 2019 (COVID-19) OPERATIONS OF THE CITY OF BAGUIO AS PROVIDED FOR UNDER ORDINANCE NUMBERED 92, SERIES OF 2021 [AUTHORIZING A SUPPLEMENTAL BUDGET IN THE TOTAL AMOUNT OF NINETY-FOUR MILLION TWO HUNDRED NINETY-NINE THOUSAND THREE HUNDRED EIGHTY-NINE PESOS (P94,299,389.00) TO AUGMENT THE DWINDLING FUNDS FOR THE CORONAVIRUS DISEASE 2019 (COVID-19) OPERATIONS IN THE CITY OF BAGUIO] TO PROCURE ONE (1) UNIT ALL PURPOSE OFFICE MOTOR VEHICLE FOR OFFICIAL USE OF THE EMERGENCY MEDICAL SERVICES (EMS) UNDER THE CITY HEALTH SERVICES OFFICE.
2022	035-2022	"REALIGNING THE AMOUNT OF P10,000,000.00 FROM THE P20,000,000.00 FUND UNDER ITEM 6 OF ORDINANCE NUMBERED 67, SERIES OF 2021, ALLOTTED FOR THE PROJECT ""AURORA HILL HEALTH CENTER AND DAY CARE CENTER"" TO THE PROJECT ""PROPOSED REHABILITATION OF THE MULTI-PURPOSE BUILDING TO INCLUDE DAY CARE CENTER"" LOCATED AT AURORA HILL PROPER BARANGAY, BAGUIO CITY."
2022	036-2022	APPROVING THE REQUEST FOR AUTHORITY TO CHARGE THE AMOUNT OF P22,164.49 AGAINST THE 2022 CURRENT APPROPRIATIONS OF THE CITY ENVIRONMENT AND PARKS MANAGEMENT OFFICE UNDER ACCOUNT CODE 5-02-16-010 (TAXES, DUTIES AND LICENSES) FOR THE PAYMENT OF WASTEWATER DISCHARGE FEES (WDF) OF THE BAGUIO SEWAGE TREATMENT PLANT (BSTP) COVERING THE DISCHARGE PERIOD FOR CALENDAR YEAR 2021.
2022	037-2022	APPROVING THE REQUEST FOR AUTHORITY TO TRANSFER THE AMOUNT OF P165,000.00 AGAINST THE 2022 CURRENT APPROPRIATIONS OF THE CITY BUILDINGS AND ARCHITECTURE OFFICE UNDER ACCOUNT CODE 5-02-12-990 (OTHER GENERAL SERVICES) TO ACCOUNT CODE 5-02-12-020 (JANITORIAL SERVICES) FOR THE FUNDING OF SALARIES AND WAGES OF ONE (1) LABORER ASSIGNED IN THE MAINTENANCE OF CLEANLINESS UNDER THE DEMOLITION DIVISION OF THE SAID OFFICE.
2022	038-2022	AN ORDINANCE GRANTING A RENTAL HOLIDAY ON CITY OWNED REAL PROPERTIES, BUILDINGS, STALLS, UNIT OR SPACES RENTED OUT BY THE CITY GOVERNMENT OF BAGUIO DURING THE GENERAL COMMUNITY QUARANTINE (GCQ) OF 2021.
2022	039-2022	AN ORDINANCE PROVIDING INCENTIVES TO ALL BUSINESS ESTABLISHMENTS IN THE CITY OF BAGUIO WHO EMPLOY QUALIFIED SENIOR CITIZENS AND DIFFERENTLY-ABLED PERSONS.
2022	040-2022	APPROVING THE REQUEST FOR AUTHORITY TO CHARGE THE AMOUNT OF P2,232,000.00 AGAINST THE 2022 CURRENT APPROPRIATIONS OF THE CITY SOCIAL WELFARE AND DEVELOPMENT OFFICE (CSWDO) UNDER ACCOUNT CODE 5-02-99-990 (OTHER MAINTENANCE AND OPERATING EXPENSES) FOR THE PAYMENT OF COLLEGE EDUCATIONAL FINANCIAL ASSISTANCE GRANT OF 372 UNPAID GRANTEES FOR THE SCHOOL YEAR 2021-2022.
2022	040-2022	APPROVING THE REQUEST FOR AUTHORITY TO CHARGE THE AMOUNT OF P2,232,000.00 AGAINST THE 2022 CURRENT APPROPRIATIONS OF THE CITY SOCIAL WELFARE AND DEVELOPMENT OFFICE (CSWDO) UNDER ACCOUNT CODE 5-02-99-080 (DONATIONS) FOR THE PAYMENT OF COLLEGE EDUCATIONAL FINANCIAL ASSISTANCE GRANT OF 372 UNPAID GRANTEES FOR THE SCHOOL YEAR 2021-2022.
2022	041-2022	AMENDING ORDINANCE NUMBERED 095, SERIES OF 1995 FOR THE RENAMING OF THE BAGUIO CONVENTION CENTER (BCC) TO BAGUIO CONVENTION AND CULTURAL CENTER (BCCC), ESTABLISHING THE OPERATIONS MANUAL FOR ITS USE, AND FOR OTHER PURPOSES.
2022	042-2022	INSTITUTIONALIZING EVERY LAST WEEK OF OCTOBER OF EVERY YEAR AS PASTORAL APPRECIATION WEEK IN THE CITY OF BAGUIO, CREATING A COMMITTEE FOR THE PURPOSE, AND APPROPRIATING FUNDS THEREFOR.
2022	043-2022	APPROVING THE REQUEST FOR AUTHORITY TO TRANSFER THE TOTAL AMOUNT OF P470,000.00 AGAINST THE 2022 CURRENT APPROPRIATIONS OF THE OFFICE OF THE SANGGUNIANG PANLUNGSOD UNDER ACCOUNT CODES: (A) 5-02-02-010 (TRAINING EXPENSES) – PHILIPPINE COUNCILORS LEAGUE (PCL) FUND – P190,000.00; (B) 5-02-01-020 (TRAVELING EXPENSES – FOREIGN) – P100,000.00; AND (C) 5-02-99-030 (REPRESENTATION EXPENSES) – P180,000.00, TO ACCOUNT CODE 5-02-01-010 (TRAVELING EXPENSES – LOCAL) AND TO DISBURSE SUCH TO AUGMENT THE APPROPRIATION FOR TRAVELING EXPENSES-LOCAL OF THE SAID OFFICE.
2022	044-2022	APPROVING THE REQUEST FOR AUTHORITY TO CHARGE THE AMOUNT OF P1,071,345.60 AGAINST THE 2022 CURRENT APPROPRIATIONS OF THE CITY ADMINISTRATOR'S OFFICE (CADMO) UNDER ACCOUNT CODE 439-021 (BAGUIO CONVENTION TRUST FUND) FOR THE PAYMENT OF SALARIES OF VARIOUS JOB ORDER PERSONNEL FOR THE PERIOD 01 JULY 2022 TO 31 DECEMBER 2022 FOR THE FULL OPERATION OF THE BAGUIO CONVENTION AND CULTURAL CENTER FOR MEETINGS, INCENTIVES, CONFERENCES AND EXHIBITIONS.
2022	045-2022	"CHANGING THE PROJECT TITLE ""REPAIR/REHAB AND REPAINTING OF THE BASKETBALL COURT ROOF AND PERIMETER FENCE AT PUROK 1 WHICH CAN BE CONVERTED AS AN EVACUATION CENTER"" UNDER THE 2021 ANNUAL INVESTMENT PLAN AMOUNTING TO P300,000.00 TO ""REPAIR/REHABILITATION OF THE PERIMETER FENCE AT PUROK 1"" AT DPS COMPOUND BARANGAY, BAGUIO CITY."
2022	046-2022	"REALIGNING THE AMOUNT OF P5,500,000.00 FROM THE PROJECT, ""REHABILITATION OF SEWERLINE ALONG BOKAWKAN ROAD"" UNDER THE 2021 DEVELOPMENT FUND TO ""CONSTRUCTION OF SEWERLINE ALONG PUROK 6 AND PUROK 7"" AT PADRE BURGOS BARANGAY, BAGUIO CITY."
2022	047-2022	AUTHORIZING A SUPPLEMENTAL BUDGET IN THE TOTAL AMOUNT OF FORTY THREE THOUSAND PESOS (P43,000.00) FROM THE EXCESS APPROPRIATION UNDER THE CITY PROSECUTOR'S OFFICE IN APPROPRIATION ORDINANCE NUMBERED 116, SERIES OF 2021 OVER THE AMOUNT IN THE FISCAL YEAR 2022 ANNUAL INVESTMENT PROGRAM, AND THE TRANSFER OF THE AMOUNT OF FOUR HUNDRED EIGHT THOUSAND PESOS (P408,000.00), COVERING THE REPRESENTATION ALLOWANCE FROM PERSONAL SERVICES TO OTHER MAINTENANCE AND OPERATING EXPENSES.
2022	048-2022	APPROVING THE REQUEST FOR AUTHORITY TO TRANSFER IN THE CITY BUILDINGS AND ARCHITECTURE OFFICE THE AMOUNT OF P200,000.00 FROM ITS 2022 CURRENT APPROPRIATIONS UNDER ACCOUNT CODE 5-02-03-010 (OFFICE SUPPLIES EXPENSES) TO ACCOUNT CODE 5-02-01-010 (TRAVELLING EXPENSES) AND TO DISBURSE THE SAME FOR THE FUNDING OF TRAVELLING EXPENSES OF PERSONNEL OF SAID OFFICE FOR THEIR CONTINUING PROFESSIONAL DEVELOPMENT (CPD) UNITS.
2022	049-2022	GRANTING FINANCIAL ASSISTANCE IN THE AMOUNT OF P500,000.00 FROM THE CITY DISASTER RISK REDUCTION AND MANAGEMENT QUICK RESPONSE FUND OF THE CITY GOVERNMENT OF BAGUIO TO THE MUNICIPALITY OF BANAUE, PROVINCE OF IFUGAO WHICH WAS BADLY HIT BY SOUTHWEST MONSOON.
2022	050-2022	"CHANGING THE PROJECT TITLE, ""CONSTRUCTION OF DRAINAGE COVER AT SAROK ROAD, PUROK 6"" UNDER THE 2022 ANNUAL INVESTMENT PLAN AMOUNTING TO P200,000.00 TO ""CONSTRUCTION OF DRAINAGE AT SAROK, PUROK 6"" AT CAMP 7 BARANGAY, BAGUIO CITY."
2022	051-2022	"REALIGNING THE AMOUNT OF P500,000.00 FROM THE PROJECT, ""REHABILITATION OF PATHWAY AND INSTALLATION OF RAILINGS AT PUROK SUPITAN FROM PATHWAY GOING TO TERESA CACHO RESIDENCE"" UNDER THE 2022 ANNUAL INVESTMENT PLAN TO ""CONCRETING AND IMPROVEMENT OF CREEK AT PUROK TENERRACE IN BETWEEN ADELINE BAYO RESIDENCE AND COL-ING RESIDENCE DOWN TO BENTAYEN RESIDENCE"" AT SAN VICENTE BARANGAY, BAGUIO CITY."
2022	052-2022	"REALIGNING THE AMOUNT OF P700,000.00 FROM THE PROJECT, ""SIDEWALK CANOPY NEAR CASCOLAN RESIDENCE GOING TO ESPIRITU RESIDENCE"" UNDER THE 2022 ANNUAL INVESTMENT PLAN TO ""REPAIR OF PATHWAYS WITH CANOPY FROM CABACUNGAN RESIDENCE TO LAPITAN RESIDENCE"" AT TEODORA ALONZO BARANGAY, BAGUIO CITY."
2022	053-2022	"REALIGNING THE AMOUNT OF P200,000.00 FROM THE PROJECT, ""FABRICATION OF COLLAPSIBLE WASTE CONTAINER AT MABINI CORNER GENERAL LUNA (BESIDE BARANGAY HALL)"" UNDER THE 2022 ANNUAL INVESTMENT PLAN TO ""CANOPY INSTALLATION AT ASSUMPTION ROAD SIDEWALK"" AT KABAYANIHAN BARANGAY, BAGUIO CITY."
2022	054-2022	"REALIGNING THE AMOUNT OF P300,000.00 FROM THE PROJECT, ""CONCRETING OF REGULATED TEMPORARY PARKING AREA AT VACANT LOT ROADSIDE AT PUROK 3"" UNDER THE 2022 ANNUAL INVESTMENT PLAN TO ""CONSTRUCTION OF EROSION CONTROL RIPRAP AND REHABILITATION OF STAIRWAY AND RAILINGS"" AT UPPER DAGSIAN BARANGAY, BAGUIO CITY."
2022	055-2022	REALIGNING THE AMOUNT OF P216,940.00 UNDER THE 2022 CURRENT APPROPRIATIONS OF THE CITY HUMAN RESOURCE MANAGEMENT OFFICE EARMARKED UNDER ACCOUNT CODE 5-02-99-990 (OTHER MAINTENANCE AND OPERATING EXPENSES) TO ACCOUNT CODE 1-07-05-990 (OTHER MACHINERY AND EQUIPMENT) FOR THE PURCHASE OF BAND EQUIPMENT OF THE CITY'S UNI TI UMILI (CITY HALL PERFORMING ARTS GROUP).
2022	056-2022	APPROVING THE REQUEST FOR AUTHORITY TO CHARGE THE AMOUNT OF P21,139.23 AGAINST THE 2022 CURRENT APPROPRIATIONS OF THE CITY GENERAL SERVICES OFFICE (GSO) UNDER ACCOUNT CODE 5-02-04-020 (ELECTRICITY EXPENSES) FOR THE PAYMENT OF THE UNOBLIGATED AMOUNT TO FULLY SETTLE THE PAYMENT OF ELECTRIC CONSUMPTION OF THE RECORDS AND ARCHIVES BUILDING LOCATED AT NEW LUCBAN BARANGAY, BAGUIO CITY FOR THE PERIOD 26 JANUARY 2021 TO 21 DECEMBER 2021 IN THE TOTAL AMOUNT OF P97,766.15.
2022	057-2022	"REALIGNING THE AMOUNT OF P520,000.00 FROM THE PROJECT, ""IMPROVEMENT OF DRAINAGE CANAL AT PUROK 1 WITH RAILINGS ALONG MUNAR'S COMPOUND"" UNDER THE 2022 ANNUAL INVESTMENT PLAN TO ""CONSTRUCTION OF RETAINING WALL FOR EROSION PROTECTION AT PUROK 1 JUST BELOW SIMANGAN RESIDENCE"" AT HILLSIDE BARANGAY, BAGUIO CITY."
2022	058-2022	GRANTING FINANCIAL ASSISTANCE IN THE AMOUNT OF P1,000,000.00 FROM THE CITY DISASTER RISK REDUCTION AND MANAGEMENT QUICK RESPONSE FUND OF THE CITY GOVERNMENT OF BAGUIO TO THE DIFFERENT MUNICIPALITIES OF THE PROVINCE OF ABRA WHICH WERE BADLY STRICKEN BY THE EARTHQUAKE.
2022	059-2022	"REVERTING TO THE GENERAL FUND THE AMOUNT OF P728,002.00 FROM THE REMAINING FUND FROM THE PROJECTS ""CONTINUATION OF CITY ENGINEERING BUILDING IMPROVEMENT (PHASE II)"" IN THE AMOUNT OF P10,000,000.00, AND ""CONTINUATION OF CITY ENGINEERING BUILDING IMPROVEMENT (PHASE III)"" IN THE AMOUNT OF P10,000,000.00 AT MOTORPOOL COMPOUND, LOWER ROCK QUARRY BARANGAY, BAGUIO CITY AND REAPPROPRIATING THE SAME AMOUNT FOR THE PROJECT ""CONTINUATION OF CITY ENGINEERING BUILDING IMPROVEMENT PHASE 2 & 3"" AT MOTORPOOL COMPOUND, LOWER ROCK QUARRY BARANGAY, BAGUIO CITY."
2022	060-2022	AN ORDINANCE CREATING THE CITY DISASTER RISK REDUCTION MANAGEMENT OFFICE AS A DEPARTMENT IN THE CITY GOVERNMENT OF BAGUIO.
2022	061-2022	AUTHORIZING A SUPPLEMENTAL BUDGET IN THE TOTAL AMOUNT OF NINETY-SEVEN MILLION TEN THOUSAND PESOS (P97,010,000.00) FOR THE FUNDING OF VARIOUS PRIORITY PROJECTS IDENTIFIED IN THE APPROVED FIRST (1ST) SUPPLEMENTAL ANNUAL INVESTMENT PROGRAM FOR FISCAL YEAR 2022 OF THE CITY GOVERNMENT OF BAGUIO UNDER RESOLUTION NUMBERED 244, SERIES OF 2022.
2022	062-2022	FURTHER AMENDING SECTION 2 OF ORDINANCE NUMBERED 15, SERIES OF 2014 [AMENDING ORDINANCE NUMBERED 029, SERIES OF 1996 [APPROPRIATING THE AMOUNT OF P50,000.00 FROM THE UNAPPROPRIATED ACCOUNT OF THE GENERAL FUND FOR THE CURRENT FISCAL YEAR TO SERVE AS FUND FOR REWARDS TO INFORMERS (PERSON OR GROUP OF PERSONS) WHO GIVE INFORMATION LEADING TO THE ARREST, PROSECUTION, AND CONVICTION OF ANY DRUG PUSHER, ANY OF THE AUTHORS OF HEINOUS CRIMES COMMITTED IN THE CITY OR ANY OF THE TEN MOST WANTED CRIMINALS IN THE CITY OF BAGUIO]].
2022	063-2022	APPROVING THE REQUEST FOR AUTHORITY TO CHARGE THE AMOUNT OF P222,000.00 AGAINST THE 2022 CURRENT APPROPRIATIONS OF THE CITY SOCIAL WELFARE AND DEVELOPMENT OFFICE (CSWDO) UNDER ACCOUNT CODE 5-02-99-990 (OTHER MAINTENANCE AND OPERATING EXPENSES) FOR THE PAYMENT OF COLLEGE EDUCATIONAL FINANCIAL ASSISTANCE GRANT OF 37 UNPAID GRANTEES FOR THE 2ND SEMESTER OF SCHOOL YEAR 2021-2022.
2022	064-2022	APPROVING THE REQUEST FOR AUTHORITY TO TRANSFER IN THE CITY LEGAL OFFICE THE AMOUNT OF P700,000.00 IN ITS 2022 CURRENT APPROPRIATIONS UNDER ACCOUNT CODE 1-07-06-010 (MOTOR VEHICLES) TO ACCOUNT CODE 5-02-13-040 (REPAIRS AND MAINTENANCE-BUILDINGS AND OTHER STRUCTURES) FOR THE ADDITIONAL BUDGET FOR THE RENOVATION OF THE PROPOSED NEW CITY LEGAL OFFICE AT THE FORMER CITY GENERAL SERVICES OFFICE LOCATED AT THE FIRST FLOOR OF THE BAGUIO CITY HALL.
2022	065-2022	"REVERTING TO THE GENERAL FUND THE UNUSED AMOUNT OF FIVE MILLION PESOS (P5,000,000.00) UNDER THE LOCAL DISASTER RISK REDUCTION AND MANAGEMENT FUND - TRUST FUND AND REAPPROPRIATING THE SAME AMOUNT FOR THE PROJECT, ""URBAN TREES MAINTENANCE AND MANAGEMENT-BAGUIO'S DISASTER PREVENTION AND ADAPTATION MEASURES TO CLIMATE CHANGE"" IN THE CITY OF BAGUIO."
2022	066-2022	"AN ORDINANCE AUTHORIZING THE TEMPORARY CLOSURE OF A PORTION OF JUNGLE TOWN ROAD EFFECTIVE 14 TO 19 NOVEMBER 2022 TO MAKE WAY FOR THE EXCAVATION AND PIPING WORKS FOR THE ""CITY HUB"" PROJECT OF THE MARCONS BUILDER."
2022	067-2022	AN ORDINANCE ESTABLISHING BARANGAY BLOOD BANKS IN THE CITY OF BAGUIO AND PROVIDING FUNDS THEREFOR.
2022	068-2022	APPROVING THE REQUEST FOR AUTHORITY TO CHARGE THE AMOUNT OF P223,197.39 AGAINST THE 2022 ANNUAL BUDGET OF THE BURNHAM PARK-TRUST FUND UNDER ACCOUNT CODE 5-02-04-020 (ELECTRIC EXPENSES) FOR THE PAYMENT OF ELECTRIC EXPENSES UNDER ACCOUNT NUMBER 2190-0159-06 TO THE BENGUET ELECTRIC COOPERATIVE (BENECO).
2022	069-2022	APPROVING THE REQUEST FOR AUTHORITY TO TRANSFER IN THE CITY HUMAN RESOURCE AND MANAGEMENT OFFICE (CHRMO) IN ITS 2022 CURRENT APPROPRIATIONS THE TOTAL AMOUNT OF P506,000.00 UNDER ACCOUNT CODES: 5-02-11-990 (OTHER PROFESSIONAL SERVICES) – P5,000.00; 5-02-99-070 (SUBSCRIPTION EXPENSES) - P500,000.00; AND 5-02-03-990 (OTHER SUPPLIES AND MATERIALS EXPENSES) - P1,000.00, TO ACCOUNT CODE 1-07-05-030 (INFORMATION AND COMMUNICATION TECHNOLOGY EQUIPMENT) TO COVER THE FUNDING REQUIREMENT OF MUCH NEEDED I.T. EQUIPMENT FOR THE PRINTING OF THE ID CARDS OF OFFICIALS AND EMPLOYEES OF THE CITY GOVERNMENT OF BAGUIO.
2022	070-2022	AMENDING ITEM NOS. 9.1 AND 10.3 OF ANNEX 3 OF ORDINANCE NUMBERED 61, SERIES OF 2008 AND SECTION 69 (H) OF ORDINANCE NUMBERED 18, SERIES OF 2016.
2022	071-2022	AN ORDINANCE ENJOINING ALL BUSINESS ESTABLISHMENTS AND LOCAL PUBLIC TRANSPORTATION IN THE CITY OF BAGUIO TO ADOPT QR PH DIGITAL PAYMENTS IN LINE WITH THE PALENG-QR PH PROGRAM.
2022	072-2022	AN ORDINANCE CREATING THE BAGUIO CITY INFORMATION AND COMMUNICATIONS TECHNOLOGY COUNCIL (BCICTC), DEFINING ITS FUNCTIONS AND APPROPRIATING FUNDS THEREOF.
2022	073-2022	INSTITUTIONALIZING THE COMPREHENSIVE GERIATRICS PROGRAM OF BAGUIO CITY AND PROVIDING FUNDS THEREOF.
2022	074-2022	APPROVING THE REQUEST FOR AUTHORITY TO CHARGE THE TOTAL AMOUNT OF P100,759.12 AGAINST THE 2022 CURRENT APPROPRIATIONS OF THE CITY HEALTH SERVICES OFFICE (CHSO) UNDER ACCOUNT CODE 5-01-01-010 (SALARIES AND WAGES-REGULAR) FOR THE PAYMENT OF TERMINAL LEAVE BENEFITS OF MR. JAMES MICHAEL ARCE IN THE AMOUNT OF P21,210.33 WHO RESIGNED EFFECTIVE 01 MAY 2019, AND MS. GRACE DAO-EY IN THE AMOUNT OF P79,548.79 WHO RESIGNED EFFECTIVE 15 NOVEMBER 2020.
2022	075-2022	APPROVING THE REQUEST FOR AUTHORITY TO CHARGE THE TOTAL AMOUNT OF P330,979.85 AGAINST THE 2022 CURRENT APPROPRIATIONS OF THE CITY ENGINEERING OFFICE (CEO) UNDER ACCOUNT CODE 5-02-04-020 (ELECTRICITY EXPENSES) FOR THE PAYMENT OF UNPAID BENGUET ELECTRIC COOPERATIVE (BENECO) ACCOUNTS OF STREETLIGHT ELECTRIC CONSUMPTION FOR THE YEAR 2021 RESULTING FROM THE CONVERSION OF UNMETERED HPS STREETLIGHTS TO METERED LED STREETLIGHTS ON THE SAME YEAR.
2022	076-2022	APPROVING THE REQUEST FOR AUTHORITY TO CHARGE THE TOTAL AMOUNT OF P225,000.00 AGAINST THE 2022 CURRENT APPROPRIATIONS OF THE OFFICE OF THE SANGGUNIANG PANLUNGSOD (SP) UNDER ACCOUNT CODES: 5-01-04-030 (TERMINAL LEAVE BENEFITS)-P133,000.00; 5-01-01-010 (SALARIES AND WAGES-REGULAR) - P32,000.00; 5-01-02-140 (YEAR-END BONUS) - P45,000.00; 5-01-02-150 (CASH GIFT) - P14,000.00; AND 5-01-03-030 (PHILHEALTH CONTRIBUTIONS) - P1,000.00, FOR THE PAYMENT OF TERMINAL LEAVE BENEFITS, SALARIES AND WAGES, YEAR-END BONUS, CASH GIFT, AND PHILHEALTH CONTRIBUTIONS OF MS. CARMELITA G. BAYQUEN, MR. RICHARD E. HADSAN, MR. DIONISIO D. PADIO, AND MR. MICHAEL JOSEPH F. TABANDA, WHOSE TERM ENDED ON 01 JULY 2016 AS COTERMINOUS STAFF.
2022	077-2022	"AMENDING SECTION 31(C) OF ORDINANCE NUMBERED 18, SERIES OF 2016 (ENVIRONMENT CODE OF THE CITY OF BAGUIO)."""
2022	078-2022	AN ORDINANCE AUTHORIZING THE GRANT OF SERVICE RECOGNITION INCENTIVE (SRI) TO ALL QUALIFIED OFFICIALS AND EMPLOYEES OF THE CITY GOVERNMENT OF BAGUIO FOR FISCAL YEAR 2022 IN THE TOTAL AMOUNT OF THIRTY-SIX MILLION PESOS (P36,000,000.00).
2022	078A-2022	AN ORDINANCE AUTHORIZING THE GRANT OF GRATUITY PAY TO ALL QUALIFIED CONTRACT OF SERVICE (COS) AND JOB ORDER (JO) WORKERS OF THE CITY GOVERNMENT OF BAGUIO FOR FISCAL YEAR 2022 IN THE TOTAL AMOUNT OF TWO MILLION SEVEN HUNDRED FIFTY THOUSAND PESOS (P2,750,000.00).
2022	079-2022	"GRANTING FINANCIAL ASSISTANCE IN THE AMOUNT OF P2,000,000.00 FROM THE CITY DISASTER RISK REDUCTION AND MANAGEMENT QUICK RESPONSE FUND OF THE CITY GOVERNMENT OF BAGUIO TO THE DIFFERENT MUNICIPALITIES/CITIES OF REGION VI AND THE BANGSAMORO REGION IN THE MUSLIM MINDANAO WHICH WAS DEVASTATED BY A STRONG TYPHOON NAMED ""PAENG"" ON OCTOBER 26 TO 29, 2022."
2022	080-2022	GRANTING ONE-TIME RICE ASSISTANCE TO ALL QUALIFIED OFFICIALS AND EMPLOYEES OF THE CITY GOVERNMENT OF BAGUIO FOR FISCAL YEAR 2022.
2022	081-2022	AUTHORIZING A SUPPLEMENTAL BUDGET IN THE TOTAL AMOUNT OF TWENTY-SEVEN MILLION ONE HUNDRED THOUSAND PESOS (P27,100,000.00) FOR THE FUNDING OF VARIOUS PRIORITY PROJECTS IDENTIFIED IN THE APPROVED SECOND (2ND) SUPPLEMENTAL ANNUAL INVESTMENT PROGRAM FOR FISCAL YEAR 2022 OF THE CITY GOVERNMENT OF BAGUIO UNDER RESOLUTION NUMBERED 615, SERIES OF 2022.
2022	082-2022	AUTHORIZING THE ANNUAL BUDGET OF THE CITY OF BAGUIO FOR CALENDAR YEAR 2023 IN THE TOTAL AMOUNT OF TWO BILLION FOUR HUNDRED TWENTY-THREE MILLION SEVEN HUNDRED EIGHTY-ONE THOUSAND SIX HUNDRED NINE PESOS (P2,423,781,609.00) COVERING THE VARIOUS EXPENDITURES FOR THE OPERATION OF THE CITY GOVERNMENT OF BAGUIO AND APPROPRIATING THE NECESSARY FUNDS FOR THE PURPOSE.
2023	001-2023	MANDATING ALL RESTAURANTS AND OTHER SIMILAR ESTABLISHMENTS IN THE CITY OF BAGUIO OFFERING THEIR SERVICES TO THE PUBLIC TO PROVIDE ACCESS TO FREE POTABLE WATER TO ITS CUSTOMERS.
2023	002-2023	AN ORDINANCE ADOPTING AND IMPLEMENTING THE DIGITIZED INHABITANT REGISTRATION OF REGISTRATION OF RESIDENTS, TRANSIENTS, TOURISTS AND ALL PUBLIC AND PRIVATE ESTABLISHMENTS, THROUGH A ONE-STOP-SHOP MOBILE APPLICATION WITH DIGITAL GOVERNMENT AND E-COMMERCE SERVICES THAT IS ABLE TO USE QR  CODE FOR ONLINE PAYMENT TRANSACTIONS FOR AN EFFECTIVE AND EFFICIENT GOVERNANCE AND FOR THE CONVENIENCE OF THE PUBLIC, KNOWN AS THE 'BAGUIO SMART CITY ECOSYSTEM ORDINANCE'
2023	003-2023	APPROVING THE TEMPORARY CLOSURE AND USE OF VARIOUS ROADS AND THE RE-ROUTING OF VICTORY LINE BUSES AND OTHER BUS LINES FOR THE CELEBRATION OF THE BAGUIO FLOWER FESTIVAL: PANAGBENGA 2023, SUBJECT TO CONDITIONS.
2023	004-2023	CHANGING THE PROJECT TITLE, 'DEMOLITION AND RECONSTRUCTION OF THE PACDAL DAY CARE CENTER' UNDER THE 2022 ANNUAL INVESTMENT PLANE AMOUNTING TO ₱1,500,000.00 TO 'CONSTRUCTION OR REHABILITATION OF DRAINAGE FROM ANTHONY SIMSIM'S RESIDENCE TO VIOLETA TAMOG-ONG'S RESIDENCE GOING DOWN TO THE CREEK' AT PACDAL BARANGAY, BAGUIO CITY
2023	005-2023	AN ORDINANCE DECLARING THE FIRST (1ST) FRIDAY OF OCTOBER OF EVERY YEAR AS OFFICIAL TEACHERS' DAY IN THE CITY OF BAGUIO, INSTITUTIONALIZING THE OUTSTANDING TEACHERS' AWARDS, AND APPROPRIATING FUNDS THEREOF.
2023	006-2023	AN ORDINANCE MANDATING THE CITY SOCIAL WELFARE AND DEVELOPMENT OFFICE (CSWDO) THROUGH THE CHILD DEVELOPMENT WORK, TO REQUIRE THE PARENTS/GUARDIANS TO PRESENT THE CHILD'S IMMUNIZATION CARD UPON ENROLLMENT AT THE DAY CARE CENTERS IN THE CITY OF BAGUIO, AND PROVIDING FOR MECHANISM SHOULD THE CHILD BE NOT IMMUNIZED OR PARTIALLY IMMUNIZED.
2023	007-2023	APPROVING THE REQUEST FOR AUTHORITY TO CHARGE THE AMOUNT OF ₱12,500.00 AGAINST THE DISCRETIONARY FUND OF THE CITY MAYOR FOR THE YEAR 2023 UPON REPLENISHMENT OF SAID BUDGET ALLOCATION FOR THE PAYMENT OF MEALS CONSISTING OF AM AND PM SNACKS, AND A BUFFET LUNCH OF THE WORKSHOP FOR THE DEVELOPMENT OF THE NATIONAL ACTION PLAN AGAINST THE CORONAVIRUS DISEASE 2019 (COVID-19) PHASE IV HELD AT THE BAGUIO CONVENTION AND CULTURAL CENTER ON 18 MAY 2022 WHICH INCURRED ADDITIONAL EXPENSE DUE TO ITS TRANSFER OF VENUE FROM THE BAGUIO COUNTRY CLUB.
2023	008-2023	APPROVING THE REQUEST FOR AUTHORITY TO CHARGE THE TOTAL AMOUNT OF ₱9,804.87 AGAINST THE 2023 CURRENT APPROPRIATIONS OF THE OFFICE OF THE SANGGUNIANG PANLUNGSOD (SP) UNDER ACCOUNT CODE 5-02-03-090 (FUEL, OIL AND LUBRICANTS EXPENSES) FOR THE PAYMENT OF TWO (2) STATEMENT OF ACCOUNTS OF DIESEL CONSUMPTIONS OF GOVERNMENT OFFICE VEHICLES WITH PLATE NO. P4-B568 IN THE AMOUNT OF ₱1,127.83 DATED 05 JANUARY 2023, AND PLATE NO. NGA-6860 IN THE AMOUNT OF ₱8,677.04 DATED 09 JANUARY 2023.
2023	009-2023	REALIGNING THE AMOUNT OF ₱500,000.00 FROM THE PROJECT, “RE-ROUTING OF SEWERLINE AT #39 BUGALLON STREET, RESIDENCE OF MRS. RAQUEL CRUZ” UNDER THE 2018 ANNUAL INVESTMENT PLAN TO “IMPROVEMENT AND REHABILITATION OF OLD SEWERLINE FROM PUROK 1, LEDESMA STREET, RESIDENCES OF REALINA, TABORA AND VELASCO FAMILIES GOING DOWN TO E. NAVARRO ALLEY, PUROK 5, INTERIOR LEDESMA STREET, RESIDENCES OF SANTOS, RUSGAL, QUIAÑO, VALMORES, NIWANI, BAINTO, RAMOS AND FRIGILLANA FAMILIES” AT EAST MODERN SITE BARANGAY, BAGUIO CITY.
2023	010-2023	N ORDINANCE PROVIDING FREE MAINTENANCE MEDICINE TO INDIGENT RESIDENTS OF THE CITY OF BAGUIO AND APPROPRIATING FUNDS THEREOF.
2023	011-2023	AN ORDINANCE ESTABLISHING A POLICY IN PREVENTING TEENAGE PREGNANCIES, INSTITUTIONALIZING THE SOCIAL PROTECTION PROGRAM FOR TEENAGE PARENTS AND THEIR CHILDREN IN LINE WITH EXECUTIVE ORDER NO. 141 ADDRESSING THE ROOT CAUSES OF TEENAGE PREGNANCY AND PROVIDING SOCIAL PROTECTION FOR TEENAGE MOTHERS AND THEIR CHILDREN.
2023	012-2023	APPROVING THE REQUEST FOR AUTHORITY TO CHARGE THE TOTAL AMOUNT OF P48,800.00 AGAINST THE 2022 CURRENT APPROPRIATIONS OF THE OFFICE OF THE SANGGUNIANG PANLUNGSOD (SP) UNDER ACCOUNT CODES: 5-01-01-010 (SALARIES AND WAGES-REGULAR) - P32,000.00; 5-01-02-010 (PERSONAL ECONOMIC RELIEF ALLOWANCE-PERA) - P8,000.00; 5-01-03-010 (RETIREMENT AND LIFE INSURANCE PREMIUMS) - P8,000.00; 5-01-03-020 (PAG-IBIG CONTRIBUTIONS) - P400.00; AND 5-01-04-040 (EMPLOYEES COMPENSATION INSURANCE PREMIUMS) - P400.00, FOR THE PAYMENT OF SALARIES AND WAGES, PERSONAL ECONOMIC RELIEF ALLOWANCE, RETIREMENT AND LIFE INSURANCE PREMIUMS, PAG-IBIG CONTRIBUTIONS, AND EMPLOYEES COMPENSATION INSURANCE PREMIUMS OF MS. CARMELITA G. BAYQUEN, MR. RICHARD E. HADSAN, MR. DIONISIO D. PADIO, AND MR. MICHAEL JOSEPH F. TABANDA, WHOSE TERM ENDED ON 01 JULY 2016 AS COTERMINOUS STAFF.
2023	013-2023	CHANGING THE PROJECT TITLE, 'COMPLETION OF EVACUATION AND ISOLATION CENTER LOCATED AT THE VIEW DECK COMPOUND BOUNDED ON THE WEST BY THE QUIRINO HILL ELEMENTARY SCHOOL AND ON THE EAST BY SAN ROQUE CHURCH' UNDER THE 2022 ANNUAL INVESTMENT PLAN AMOUNTING TO P500,000.00 TO 'COMPLETION AND ISOLATION AND EVACUATION CENTER INCLUDING ITS PERIMETER FENCE TO SECURE THE AREA WHICH IS LOCATED AT THE VIEW DECK COMPOUND BOUNDED ON THE WEST BY THE QUIRINO HILL ELEMENTARY SCHOOL AND ON THE EAST BY SAN ROQUE CHURCH' AT MIDDLE QUIRINO HILL BARANGAY, BAGUIO CITY.
2023	014-2023	FURTHER AMENDING SECTION 4 OF ORDINANCE NUMBERED 28, SERIES OF 2018 (AMENDING ORDINANCE NUMBERED 108, SERIES OF 2008 [REGULATING THE USE OF PARKING SPACES AND BLUE LANES FOR THE USE OF PERSONS WITH DISABILITIES (PWDS)]).
2023	015-2023	AN ORDINANCE CREATING THE BAGUIO CITY CULTURE AND ARTS COUNCIL (BCCAC), DEFINING ITS FUNCTIONS, AND APPROPRIATING FUNDS THEREOF.
2023	016-2023	APPROVING THE REQUEST FOR AUTHORITY TO CHARGE THE AMOUNT OF P19,183.49 AGAINST THE 2023 CURRENT APPROPRIATIONS OF THE CITY ENVIRONMENT AND PARKS MANAGEMENT OFFICE (CEPMO) UNDER ACCOUNT CODE: 5-02-03-090 (FUEL, OIL AND LUBRICANTS EXPENSES) FOR THE PAYMENT OF UNPAID GASOLINE AND DIESEL OIL CONSUMPTION OF VEHICLES AND EQUIPMENT FOR THE PERIOD TO DECEMBER 2022.
2023	017-2023	APPROVING THE REQUEST FOR AUTHORITY TO CHARGE THE TOTAL AMOUNT OF P138,064.96 AGAINST THE 2023 CURRENT APPROPRIATIONS OF THE MANAGEMENT INFORMATION TECHNOLOGY DIVISION (MITD) UNDER THE CITY MAYOR'S OFFICE UNDER ACCOUNT CODE 5-02-03-030 (INTERNET SUBSCRIPTION EXPENSES) FOR THE PAYMENT OF UNBILLED WEBSITE HOSTING STATEMENT IN JANUARY 2021 TO DECEMBER 2021 FROM THE HOSTING PROVIDER BITSTOP NETWORK SOLUTIONS, INC. (BNSI).
2023	018-2023	APPROVING FREE ACCOMMODATION OR ENTRANCE AT THE BAGUIO BOTANICAL GARDEN OF IDENTIFIED PARTICIPANTS TO THE ECO-WALK ON 7 FEBRUARY 2023 AT 8:00 A.M. TO 12:00 P.M. ORGANIZED BY THE PERSONS WITH DISABILITY AFFAIRS OFFICE (PDAO).
2023	019-2023	APPROVING THE REQUEST FOR AUTHORITY TO CHARGE THE AMOUNT OF P3,471.72 AGAINST THE 2023 CURRENT APPROPRIATIONS OF THE CITY DISASTER RISK REDUCTION AND MANAGEMENT OFFICE (CDRRMO) UNDER ACCOUNT CODE 5-02-03-090 (FUEL, OIL AND LUBRICANTS EXPENSES) FOR THE FULL PAYMENT OF UNPAID CONSUMPTION OF THEIR OFFICE VEHICLE WITH PLATE NUMBER SKE 110 INCURRED IN DECEMBER 2022 IN THE TOTAL AMOUNT OF P15,471.72.
2023	020-2023	APPROVING THE REQUEST FOR AUTHORITY TO CHARGE THE AMOUNT OF P909.36 AGAINST THE 2023 CURRENT APPROPRIATIONS OF THE CITY DISASTER RISK REDUCTION AND MANAGEMENT OFFICE (CDRRMO) UNDER ACCOUNT CODE 5-02-03-090 (FUEL, OIL AND LUBRICANTS EXPENSES) FOR THE PAYMENT OF FUEL CONSUMPTION OF THE GENERATOR USED DURING THE GROUNDBREAKING CEREMONY AT KENNON ROAD ON 05 DECEMBER 2022.
2023	021-2023	APPROVING THE REQUEST FOR AUTHORITY TO CHARGE THE AMOUNT OF P63,953.45 AGAINST THE 2023 CURRENT APPROPRIATIONS OF THE CITY ENVIRONMENT AND PARKS MANAGEMENT OFFICE (CEPMO) UNDER ACCOUNT CODE 5-02-04-020 (ELECTRICITY EXPENSES) FOR THE PAYMENT OF UNPAID ELECTRICITY CONSUMPTION OF CITY PARKS AND FIELD OFFICES COVERING THE PERIOD 22 NOVEMBER 2022 TO 26 JANUARY 2023.
2023	022-2023	FURTHER AMENDING ORDINANCE NUMBERED 050, SERIES OF 1995 (GOVERNING THE USE OF UNIFORMS BY CITY GOVERNMENT OFFICIALS AND EMPLOYEES AND FOR OTHER PURPOSES) AS AMENDED BY ORDINANCE NUMBERED 114, SERIES OF 2017 AND ORDINANCE NUMBERED 24, SERIES OF 2021.
2023	023-2023	AN ORDINANCE PRESCRIBING QUALIFICATION STANDARDS FOR THE POSITION OF SUPERVISING LABOR AND EMPLOYMENT OFFICER, SG-22/1, IN THE PUBLIC EMPLOYMENT SERVICE OFFICE (PESO) UNDER THE CITY MAYOR'S OFFICE.
2023	024-2023	APPROVING THE REQUEST FOR AUTHORITY TO CHARGE THE TOTAL AMOUNT OF P12,655.48 AGAINST THE 2023 CURRENT APPROPRIATIONS OF THE CITY ASSESSOR'S OFFICE UNDER ACCOUNT CODE 5-02-03-090 (FUEL, OIL AND LUBRICANTS EXPENSES) FOR THE PAYMENT OF UNPAID FUEL CONSUMPTION OF THEIR OFFICE VEHICLES INCURRED IN DECEMBER 2022.
2023	025-2023	AN ORDINANCE SETTING A ONE-WAY TRAFFIC SCHEME ALONG CRYSTAL AND PEARL ALLEY AT UPPER ROCK QUARRY BARANGAY, BAGUIO CITY FROM DACOROON RESIDENCE EXIT GOING DOWN TO SUDAYAN STREET BETWEEN GONZALES RESIDENCE AND IGADNA'S RESIDENCE
2023	026-2023	APPROVING THE REQUEST FOR AUTHORITY TO CHARGE THE AMOUNT OF P23,000.00 AGAINST THE 2023 CURRENT APPROPRIATIONS OF THE CITY ADMINISTRATOR'S OFFICE UNDER ACCOUNT CODE 5-02-05-990 (OTHER SUPPLIES AND MATERIALS EXPENSES) FOR THE PAYMENT OF TOKENS OF PERSONALIZED T-CHAIRS PURCHASED SINCE 2020 AND WERE GIVEN TO DELEGATION MEMBERS AS KEEPSAKES OF THE DAVAO, PARTICULARLY DOMESTIC AND INTERNATIONAL SISTER CITIES.
2023	027-2023	AMENDING ORDINANCE NUMBERED 12, SERIES OF 2013 (ESTABLISHING THE PUBLIC UTILITIES MONITORING PROGRAM FOR GOVERNMENT OFFICES/BUILDINGS AND PROVIDING INCENTIVE FOR THE SAME) AND REDUCTION IN THE CONSUMPTION OF WATER AND ELECTRICITY.
2023	028-2023	AN ORDINANCE REPEALING ORDINANCE NUMBERED 23, SERIES OF 2010 [REQUIRING THE PRESENTATION OF SOCIAL SECURITY SYSTEM (SSS) CLEARANCE CERTIFICATE PRIOR TO ISSUANCE OF MAYOR'S PERMIT OR BUSINESS LICENSE/PERMIT TO EMPLOYERS/BUSINESS ESTABLISHMENTS AND AGENCIES AND FURTHER REQUIRING THE DISPLAY OF THE SSS CERTIFICATE OF SAID THE BUSINESS ESTABLISHMENTS AND OFFICES].
2023	029-2023	AN ORDINANCE GOVERNING THE OPERATION, MANAGEMENT AND MAINTENANCE OF THE CITY DISASTER RISK REDUCTION AND MANAGEMENT OFFICE (CDRRMO) BUILDING AND AUTHORIZING THE COLLECTION OF FEES FOR THE USE THEREOF.
2023	030-2023	AUTHORIZING A SUPPLEMENTAL BUDGET FROM THE CITY DISASTER RISK REDUCTION AND MANAGEMENT FUND-TRUST FUND IN THE TOTAL AMOUNT OF EIGHT MILLION PESOS (₱8,000,000.00) FOR THE PROCUREMENT OF NECESSARY SUPPLIES AND EQUIPMENT TO FACILITATE TEMPORARY STALLS OF AFFECTED VENDORS OF BLOCKS 3 AND 4 OF THE BAGUIO CITY PUBLIC MARKET, AND ALSO TO RESTORE THE ROOFING OF THE LIVESTOCK AREA THEREAT.
2023	031-2023	REALIGNING THE AMOUNT OF P20,000,000.00 FROM THE PROJECT 'SIDEWALK RECOVERY AND IMPROVEMENT AT UPPER P. BURGOS GOING TO STO. TOMAS MAGALANG,' TO KINGSTON MAGAYSAY UNDER THE 2022 ANNUAL INVESTMENT PLAN TO THE PROJECT PHASE OF ROAD RIGHT-OF-WAY AND SIDEWALK RECOVERY AT CITY CAMP (NORTH) STO. TOMAS ROAD)' AT STO. TOMAS, BAGUIO CITY.
2023	032-2023	AUHTORIZING A SUPPLEMENTAL BUDGET IN THE TOTAL AMOUNT OF ONE HUNDRED SEVENTY-EIGHT MILLION ONE HUNDRED TWENTY THOUSAND PESOS (₱178,120,000.00) FOR THE FUNDING OF VARIOUS PRIORITY PROJECTS IDENTIFIED IN THE APPROVED FIRST (1ST) SUPPLEMENTAL ANNUAL INVESTMENT PROGRAM FOR CALENDAR YEAR 2023 OF THE CITY GOVERNMENT OF BAGUIO UNDER RESOLUTIONS NUMBERED 133 AND 146, BOTH SERIES OF 2023
2023	033-2023	APPROVING THE REQUEST FOR AUTHORITY TO CHARGE THE TOTAL AMOUNT OF ₱5,305.86 AGAINST THE 2023 CURRENT APPROPRIATIONS OF THE CITY SOCIAL WELFARE AND DEVELOPMENT OFFICE (CSWDO) UNDER ACCOUNT CODE 5-01-01-010 (SALARIES AND WAGES-REGULAR) – ₱5,105.86; ACCOUNT CODE 5-01-03-020 (PAG-IBIG CONTRIBUTIONS) – ₱100.00; AND ACCOUNT CODE 5-01-03-040 (EMPLOYEES COMPENSATION INSURANCE PREMIUMS) – ₱100.00, FOR THE PAYMENT OF GOVERNMENT ADJUSTED GOVERNMENT SERVICE INSURANCE SYSTEM (GSIS) SHARE, PAG-IBIG AND SOCIAL INSURANCE FUND (SIF) OF THE NEWLY APPOINTED MS. ELLEN G. WILLIAM AS SOCIAL WELFARE OFFICER IV OF THE SAID OFFICE FOR THE MONTH OF DECEMBER 2022.
2023	034-2023	APPROVING THE REQUEST FOR AUTHORITY TO CHARGE THE AMOUNT OF P4,612.79 AGAINST THE 2023 CURRENT APPROPRIATIONS OF THE CITY ENVIRONMENT AND PARKS MANAGEMENT OFFICE (CEPMO) UNDER ACCOUNT CODE 5-01-03-010 (RETIREMENT AND LIFE INSURANCE) FOR THE PAYMENT OF UNPAID TERMINAL LEAVE BENEFIT OF MR. ANDREW D. NACATAB, FORMER FORESTER I OF THE SAID OFFICE.
2023	035-2023	APPROVING THE REQUEST FOR AUTHORITY TO CHARGE THE TOTAL AMOUNT OF P18,800.50 AGAINST THE 2023 CURRENT APPROPRIATIONS OF THE CITY MAYOR'S OFFICE UNDER ACCOUNT CODE 5-01-02-140 (YEAR-END BONUS) IN THE AMOUNT OF P14,050.50, AND ACCOUNT CODE 5-01-05-130 (CASH GIFT) IN THE AMOUNT OF P4,750.00, FOR THE PAYMENT OF YEAR-END BONUS AND CASH GIFT OF MR. ARMAND C. DURAN, FORMER ADMINISTRATIVE AIDE III (DRIVER I) OF THE SAID OFFICE, WHO RETIRED FROM GOVERNMENT SERVICE EFFECTIVE
2023	036-2023	APPROVING THE REQUEST FOR AUTHORITY TO CHARGE THE AMOUNT OF P3,050.00 AGAINST THE 2023 CURRENT APPROPRIATIONS OF THE CITY SOCIAL WELFARE AND DEVELOPMENT OFFICE (CSWDO) UNDER ACCOUNT CODE 5-02-02-010 (TRAINING EXPENSES) FOR THE PAYMENT OF GASOLINE, JIG WORLD IN THE PURCHASE ORDER NO. 1336 USED DURING THE CONDUCT OF PARTICIPATORY COMMUNITY BUILDING ON 17 AND 18 NOVEMBER 2020.
2023	037-2023	APPROVING THE REQUEST FOR AUTHORITY TO CHARGE THE AMOUNT OF P1,600,000.00 AGAINST THE 2023 CURRENT APPROPRIATIONS OF THE CITY SOCIAL WELFARE AND DEVELOPMENT OFFICE (CSWDO) UNDER ACCOUNT CODE 5-02-07-060-10 (MOTOR VEHICLES) FOR THE PURCHASE OF OFFICE MOTOR VEHICLE, PARTICULARLY A DIESEL PASSENGER VAN WITH ENGINE DISPLACEMENT OF 2500 CC AND ENGINE NOT EXCEEDING FOUR (4) CYLINDERS.
2023	038-2023	APPROVING THE REQUEST FOR AUTHORITY TO CHARGE THE TOTAL AMOUNT OF P336,117.34 AGAINST THE 2023 CURRENT APPROPRIATIONS OF THE CITY ADMINISTRATOR'S OFFICE UNDER ACCOUNT CODE 5-02-04-020 (ELECTRICITY EXPENSES) AND DISBURSE THE SAME FOR THE PAYMENT OF ELECTRIC COMPANY BILLS INCURRED AT THE SWIMMING POOL FACILITY FOR THE MONTHS OF NOVEMBER 2022 IN THE AMOUNT OF P80,598.30, AND DECEMBER 2022 IN THE TOTAL AMOUNT OF P255,519.04.
2023	039-2023	AN ORDINANCE DECLARING BAGUIO CITY AS A CHARACTER CITY, ADOPTING ITS CHARACTER CITY PROGRAMS, AND FOR OTHER PURPOSES.
2023	040-2023	APPROVING THE REQUEST OF MRK QUEEN OF PEACE BARANGAY, BAGUIO CITY FOR THE CLOSURE OF QUEEN OF PEACE ROAD FROM 1:00 IN THE AFTERNOON OF 06 MAY 2023 (SATURDAY) UNTIL 11:59 IN THE EVENING OF 07 MAY 2023 (SUNDAY) FOR THE CONDUCT OF THEIR BARANGAY FIESTA 2023
2023	041-2023	AUTHORIZING A SUPPLEMENTAL BUDGET IN THE TOTAL AMOUNT OF SEVEN MILLION PESOS (₱7,000,000.00) FOR THE FUNDING OF VARIOUS PRIORITY PROJECTS IDENTIFIED IN THE APPROVED FIRST (1ST) SUPPLEMENTAL ANNUAL INVESTMENT PROGRAM FOR CALENDAR YEAR 2023 OF THE CITY GOVERNMENT OF BAGUIO UNDER RESOLUTIONS NUMBERED 133 AND 146, BOTH SERIES OF 2023, SUBJECT TO CONDITIONS.
2023	042-2023	AUTHORIZING A SUPPLEMENTAL BUDGET IN THE TOTAL AMOUNT OF FOURTEEN MILLION ONE HUNDRED EIGHTEEN SIS HUNDRED PESOS (₱14,118,600.00) FOR THE FUNDING OF VARIOUS PRIORITY PROJECTS IDENTIFIED IN THE APPROVED THIRD (3RD) SUPPLEMENTAL ANNUAL INVESTMENT PROGRAM FOR CALENDAR YEAR 2023 OF THE CITY GOVERNMENT OF BAGUIO
2023	043-2023	APPROVING THE REQUEST FOR AUTHORITY TO REALIGN/TRANSFER IN THE SCHOOLS DIVISION OF BAGUIO CITY THE AMOUNT OF FOUR MILLION PESOS (P4,000,000.00) FROM ACCOUNT CODE 5-02-13-020 (REPAIRS AND MAINTENANCE-BUILDINGS AND OTHER STRUCTURES) TO ACCOUNT CODE 1-07-04-010 (BUILDINGS) UNDER OBLIGATION REQUEST NO. 211-2020 DATED 29 DECEMBER 2020 TO COVER THE FUNDING REQUIREMENT FOR THE PROJECT ENTITLED 'MODERNIZATION OF EDUCATIONAL FACILITIES – REPAIR AND UPGRADING OF DIVISION OFFICE COMFORT ROOMS AND OTHER FACILITIES FOR PERSONS WITH DISABILITIES.'
2023	044-2023	AN ORDINANCE ADOPTING A CITY DEVELOPMENTAL APPROACH TO MENDICANCY, CREATING A TASK FORCE FOR THE PURPOSE AND DEFINING THE SCOPE OF WORK AND FUNCTIONS THEREOF.
2023	045-2023	AMENDING SECTIONS 3, 7 AND 9 OF ORDINANCE NUMBERED 116, SERIES OF 2019 (AN ORDINANCE PROVIDING FOR THE CITY GOVERNMENT OF BAGUIO COLLEGE SCHOLARSHIP PROGRAM FOR DESERVING STUDENTS, PROVIDING FUNDS THEREFOR AND FOR OTHER PURPOSES).
2023	046-2023	AN ORDINANCE AMENDING SECTION 164 OF ORDINANCE NUMBERED 18, SERIES OF 2016 TO CLARIFY THAT THE COLLECTION OF SEWERAGE FEES IN ACCORDANCE WITH SECTION 163 OF THE SAID ORDINANCE IS ONLY FROM THE ACTUAL USER.
2023	047-2023	AUTHORIZING A SUPPLEMENTAL BUDGET IN THE TOTAL AMOUNT OF TWENTY-SEVEN MILLION PESOS (₱27,000,000.00) FOR THE FUNDING OF THE PROJECT 'COMPLETION OF THE REHABILITATION OF MINES VIEW BUILDING' AS IDENTIFIED IN THE APPROVED THIRD (3rd) SUPPLEMENTAL ANNUAL INVESTMENT PROGRAM FOR CALENDAR YEAR 2023 OF THE CITY GOVERNMENT OF BAGUIO UNDER RESOLUTION NUMBERED 244, SERIES OF 2023
2023	048-2023	APPROVING THE REQUEST FOR AUTHORITY TO CHARGE THE TOTAL AMOUNT OF P8,817.00 AGAINST THE 2023 CURRENT APPROPRIATIONS OF THE CITY HEALTH SERVICES OFFICE (CHSO) UNDER ACCOUNT CODE 5-01-02-110 (HAZARD PAY) IN THE AMOUNT OF P8,817.00 AND ACCOUNT CODE 5-01-030 (PRODUCTIVITY INCENTIVE) ALLOWANCE IN THE AMOUNT OF P5,000.00, FOR THE PAYMENT OF DEFICIENCY FOR HAZARD PAY AND PRODUCTIVITY INCENTIVE ALLOWANCE FOR THE PERIOD DECEMBER 2022 OF MS. MYRNA G. SABADO, NURSE II FROM GOVERNMENT SERVICE EFFECTIVE 13 DECEMBER 2022.
2023	049-2023	APPROVING THE REQUEST FOR AUTHORITY TO CHARGE THE AMOUNT OF P2,930,784.25 AGAINST THE 2023 CURRENT APPROPRIATIONS OF THE CITY TREASURY OFFICE (CTO) UNDER THE CAPITAL OUTLAY - CONTINUING APPROPRIATIONS FOR THE PROCUREMENT OF OFFCIE MOTOR VEHICLES.
2023	050-2023	AMENDING ORDINANCE NUMBERED 34, SERIES OF 2023 SUCH THAT THE UNPAID TERMINAL BENEFIT OF MR. ANDREW D. NACATAB SHALL BE CHARGED AGAINST THE 2023 CURRENT APPROPRIATIONS OF THE CITY ENVIRONMENT AND PARKS MANAGEMENT OFFICE (CEPMO) UNDER ACCOUNT CODE 5-01-01-010 (SALARIES AND WAGES-REGULAR) INSTEAD OF ACCOUNT CODE 5-01-03-010 (RETIREMENT AND LIFE INSURANCE).
2023	051-2023	AN ORDINANCE REQUIRING THE USE OF LIFE VESTS WHEN RIDING WATERCRAFTS AT BURNHAM PARK LAKE IN THE CITY OF BAGUIO.
2023	052-2023	AMENDING ORDINANCE NUMBERED 33, SERIES OF 2023 SUCH THAT THE AMOUNT OF P6,105.86 SHALL BE CHARGED UNDER ACCOUNT CODE NO. 5-01-01-010 (SALARIES AND WAGES-REGULAR) AGAINST THE 2023 CURRENT APPROPRIATIONS OF THE CITY SOCIAL WELFARE AND DEVELOPMENT OFFICE (CSWDO) INSTEAD OF P5,105.86 FOR THE PAYMENT OF GOVERNMENT ADJUSTED GOVERNMENT SERVICE INSURANCE SYSTEM (GSIS) OF THE NEWLY APPOINTED SOCIAL WELFARE OFFICER IV OF THE SAID OFFICE, MS. ELLEN G. WILLIAM, FOR THE MONTH OF DECEMBER 2022.
2023	053-2023	AN ORDINANCE ADOPTING A YOUTH WELFARE AND EMPOWERMENT CODE FOR THE CITY OF BAGUIO.
2023	054-2023	AMENDING THE PROVISIONS OF ORDINANCE NUMBERED 021, SERIES OF 2000 (CODE OF PUBLIC SAFETY DURING SPECIAL CELEBRATIONS IN THE CITY OF BAGUIO).
2023	055-2023	GRANTING THE SAMAHANG TAEKWONDO NG PILIPINAS (STP), A 30% DISCOUNT ON THE RENTAL OF THE BAGUIO CONVENTION AND CULTURAL CENTER (BCCC) IN THE CONDUCT OF THE NATIONAL TAEKWONDO CHAMPIONSHIPS ON 17 TO 18 JUNE 2023 IN THE CITY OF BAGUIO, SUBJECT TO THE CONDITION THAT THE CITY GOVERNMENT OF BAGUIO SHALL BE A CO-SPONSOR TO THE SAID EVENT.
2023	056-2023	AN ORDINANCE ALLOWING THE OFFICE OF THE SENIOR CITIZENS AFFAIRS (OSCA) TO COLLECT REPLACEMENT FEES FOR LOST OSCA SENIOR CITIZEN ID CARDS FOR LOST OSCA SENIOR CITIZEN ID OF THE CITY GOVERNMENT OF BAGUIO FROM SENIOR CITIZENS.
2023	057-2023	AN ORDINANCE IN THE ADOPTION AND INSTITUTIONALIZATION OF THE DISASTER RISK REDUCTION AND MANAGEMENT FOR HEALTH (DRRM-H) SYSTEM AT THE BAGUIO CHSO FOR IMPLEMENTATION AT THE CITY HEALTH SERVICES OFFICE (CHSO).
2023	058-2023	REALIGNING THE TOTAL AMOUNT OF P1,000,000.00 FROM THE PROJECTS, 'CONSTRUCTION OF A BDRRM STORAGE ROOM' IN THE AMOUNT OF P500,000.00; AND 'CONSTRUCTION OF SEPTIC-IN-1 PHASE 6 AT BARANGAY MULTI-PURPOSE HALL TO RIMANDO ROAD' IN THE AMOUNT OF P500,000.00, BOTH UNDER THE 2022 ANNUAL INVESTMENT PLAN, TO REHABILITATION OF STAIRS AND CONSTRUCTION OF CANOPY ALONG INTERIOR MALVAR ST.' AT AURORA HILL PROPER BARANGAY, BAGUIO CITY.
2023	059-2023	REALIGNING THE AMOUNT OF P750,000.00 FROM THE PROJECT, 'REHABILITATION OF HILLSIDE DAY CARE CENTER ADJACENT TO HILLSIDE HIGH SCHOOL ANNEX, PUROK 7' UNDER THE 2022 ANNUAL INVESTMENT PLAN TO 'IMPROVEMENT OF BARANGAY CULTURE AND ARTS CENTER, STOCK ROOM AND SEPARATE RESTROOMS FOR MALE AND FEMALE LOCATED AT PUROK 2' HILLSIDE BARANGAY, BAGUIO CITY.
2023	060-2023	REALIGNING THE AMOUNT OF P500,000.00 FROM THE PROJECT, 'IMPROVEMENT OF MULTI-PURPOSE HALL (EXTENSION BUILDING) AT PUROK 2' UNDER THE 2023 ANNUAL INVESTMENT PLAN TO 'CONSTRUCTION OF DAY CARE CENTER' AT SAN ANTONIO VILLAGE BARANGAY, BAGUIO CITY.
2023	061-2023	APPROVING THE REQUEST FOR AUTHORITY TO CHARGE THE TOTAL AMOUNT OF P14,462.62 AGAINST THE 2023 CURRENT APPROPRIATIONS OF THE CITY HEALTH SERVICES OFFICE (CHSO) UNDER ACCOUNT CODE 5-01-01-010 (SALARIES AND WAGES-REGULAR) FOR THE PAYMENT OF UNPAID RETIREMENT BENEFITS OF MS. BRIGETTE B. ANGWAY IN THE AMOUNT OF P5,350.12; AND MS. MARICAV. JURSAY IN THE AMOUNT OF P9,112.50, BOTH RETIRED EMPLOYEES OF CHSO
2023	062-2023	APPROVING THE REQUEST FOR AUTHORITY TO TRANSFER IN THE CITY VETERINARY AND AGRICULTURE OFFICE (CVAO) THE AMOUNT OF P600,000.00 UNDER ACCOUNT CODE 1-07-05-990 (OTHER MACHINERY AND EQUIPMENT) TO ACCOUNT CODES 5-02-04-010 (WATER EXPENSES) - P300,000.00; AND 5-02-13-050 (REPAIRS AND MAINTENANCE - MACHINERY AND EQUIPMENT) - P300,000.00; AND THE AMOUNT OF P36,000.00 UNDER ACCOUNT CODE 1-07-05-030 (INFORMATION AND COMMUNICATION TECHNOLOGY EQUIPMENT) TO ACCOUNT CODE 5-02-05-990 (OTHER SUPPLIES AND MATERIALS EXPENSES), TO AUGMENT THE NEEDED DAILY WATER SUPPLY NEEDS AND THE ANTIQUATED REPAIR OF THE DEEP WELL SYSTEM, AND THE PROPER CHARGING OF ACCOUNT FOR THE MULTIMEDIA PROJECTOR NEEDED BY THE OFFICE.
2023	063-2023	AN ORDINANCE PROVIDING FOR POLICIES AND STRATEGIES ON RESEARCH, SUSTAINABILITY, INNOVATION TECHNOLOGY TRANSFER, CREATIVE AND INNOVATION ALLIANCE BETWEEN THE CITY GOVERNMENT OF BAGUIO, ECONOMIC INDUSTRY, NON-GOVERNMENT ORGANIZATIONS (NGOs) AND EDUCATIONAL INSTITUTIONS, PROVIDING FUNDS THEREFOR, AND FOR OTHER PURPOSES.
2023	064-2023	AN ORDINANCE PRESCRIBING POLICIES FOR THE INSTITUTIONALIZATION OF A VOLUNTEER PROGRAM FOR THE CITY OF BAGUIO AND PROVIDING FOR THE EMPOWERMENT AND DEVELOPMENT
2023	065-2023	AN ORDINANCE ON THE RULES AND REGULATIONS IN THE ENTRY, HANDLING AND SALE OF FRESH, FROZEN AND PROCESSED FISH AND OTHER FISHERY PRODUCTS IN THE CITY OF BAGUIO.
2023	066-2023	GRANTING FINANCIAL ASSISTANCE IN THE AMOUNT OF ONE MILLION PESOS (P1,000,000.00) FROM THE 2023 CURRENT APPROPRIATIONS UNDER THE CITY DISASTER RISK REDUCTION AND MANAGEMENT QUICK RESPONSE FUND OF THE CITY GOVERNMENT OF BAGUIO TO THE DIFFERENT LOCAL GOVERNMENT UNITS (LGUs) IN THE PROVINCE OF ORIENTAL MINDORO WHICH WAS DECLARED UNDER A STATE OF CALAMITY PER RESOLUTION NO. 6340, SERIES OF 2023 DUE TO OIL SPILL FROM THE SUNKEN SHIP MT PRINCESS EMPRESS ON 28 FEBRUARY 2023.
2023	067-2023	APPROVING THE REQUEST FOR AUTHORITY TO CHARGE THE AMOUNT OF P2,214,200.00 AGAINST THE CONTINUING APPROPRIATIONS OF THE BAGUIO CITY FIRE STATION UNDER CODE 1-07-06-01 (MOTOR VEHICLES) FOR THE PURCHASE OF A SERVICE VEHICLE THAT WILL SUPPORT THE NEED OF THE STATION.
2023	068-2023	APPROVING THE REQUEST FOR THE PAYMENT OF UNPAID BONUS AND CASH GIFT IN THE AMOUNT OF P36,725.00 TO BE CHARGED AGAINST THE 2023 CURRENT APPROPRIATIONS OF THE CITY ENVIRONMENT AND PARKS MANAGEMENT OFFICE (CEPMO) UNDER ACCOUNT CODE 5-01-01-010 (SALARIES AND WAGES - REGULAR) TO MR. ANDREW D. NACATAB, FORMER FORESTER OF THE SAID OFFICE.
2023	069-2023	AMENDING SECTION 8 OF ORDINANCE NUMBERED 86, SERIES OF 2021 [AN ORDINANCE GRANTING AMNESTY PROGRAM FOR A PERIOD OF THREE (3) MONTHS FOR VIOLATIONS OF PERTINENT PROVISIONS OF TAX ORDINANCE NUMBERED 2000-001 [AN ORDINANCE PROVIDING A SET OF RULES AND REGULATIONS GOVERNING THE ADMINISTRATION, APPRAISAL, ASSESSMENT, LEVY AND COLLECTION OF REALTY TAXES, BUSINESS TAXES, PERMIT FEES, BUILDING AND LOT RENTALS IN THE CITY OF BAGUIO AND SUCH OTHER FEES AND CHARGES THEREFOR PURSUANT TO THE PROVISIONS OF THE LOCAL GOVERNMENT CODE OF 1991] IN THE BAGUIO CITY PUBLIC MARKET, INCLUDING IN ALL CITY-OWNED SATELLITE MARKETS AND SLAUGHTERHOUSE COMPOUND.
2023	070-2023	APPROVING THE REQUEST FOR AUTHORITY TO TRANSFER FUNDS UNDER THE 2023 CURRENT APPROPRIATIONS OF THE CITY DISASTER RISK REDUCTION AND MANAGEMENT OFFICE (CDRRMO) IN THE AMOUNT OF ₱200,000.00 UNDER ACCOUNT CODE 1-07-05-070 (COMMUNICATION EQUIPMENT) TO ACCOUNT CODE 5-02-03-990 (OTHER SUPPLIES AND MATERIALS EXPENSES) FOR THE PROCUREMENT OF INTERCOM.
2023	071-2023	GRANTING MR. LEO L. SANTECO, CO-ORGANIZER, A THIRTY PERCENT (30%) DISCOUNT ON THE RENTAL OF THE BAGUIO CONVENTION AND CULTURAL CENTER (BCCC) FOR THEIR EVENT ASIAN SPORT JIU-JITSU FEDERATION (ASJJF) BAGUIO INTERNATIONAL JIU-JITSU OPEN 2023 ON 07 TO 08 OCTOBER 2023 IN THE CITY OF BAGUIO, SUBJECT TO THE CONDITION THAT THE CITY GOVERNMENT OF BAGUIO SHALL BE A CO-SPONSOR TO THE SAID EVENT.
2023	072-2023	APPROVING THE REQUEST FOR AUTHORITY TO TRANSFER IN THE CITY MAYOR'S OFFICE THE AMOUNT OF ₱490,000.00 IN ITS 2023 CURRENT APPROPRIATIONS UNDER ACCOUNT CODE 5-01-01-010 (SALARIES AND WAGES-REGULAR) TO ACCOUNT CODE 5-01-04-030 (TERMINAL LEAVE BENEFITS) FOR THE PAYMENT OF TERMINAL LEAVE BENEFITS CLAIM OF FIVE (5) PRIMARY CONFIDENTIAL STAFF AND TWO (2) PERMANENT EMPLOYEES WHO RECENTLY RESIGNED IN THE SAID OFFICE.
2023	073-2023	AN ORDINANCE AMENDING SECTIONS 239, 251 AND 255 OF ORDINANCE NUMBERED 18, SERIES OF 2016 [ENVIRONMENT CODE OF THE CITY OF BAGUIO].
2023	074-2023	AN ORDINANCE AMENDING SECTIONS 1, 2 AND 3 OF ORDINANCE NUMBERED 102, SERIES OF 2008 [REQUIRING ALL BUSINESS ESTABLISHMENTS WITH ENTERTAINERS, AND NIGHT WORKERS TO REQUIRE THEIR EMPLOYEES TO SUBMIT AN AUTHENTICATED BIRTH CERTIFICATE FROM THE NATIONAL STATISTICS OFFICE (NSO)-AUTHENTICATED BIRTH CERTIFICATES IN COMPLIANCE WITH THEIR WORKING PERMITS IN THE CITY OF BAGUIO]
2023	075-2023	APPROVING THE REQUEST FOR THE PAYMENT OF MAGNA CARTA BENEFITS IN THE TOTAL AMOUNT OF TWENTY-EIGHT MILLION THREE HUNDRED EIGHT THOUSAND PESOS (₱28,308,000.00) TO QUALIFIED EMPLOYEES OF THE CITY HEALTH SERVICES OFFICE (CHSO), CITY SOCIAL WELFARE AND DEVELOPMENT OFFICE (CSWDO), AND CITY VETERINARY AND AGRICULTURE OFFICE (CVAO), FOR THE PERIOD 01 JANUARY 2023 TO 31 DECEMBER 2023.
2023	076-2023	APPROVING THE REQUEST FOR AUTHORITY TO CHARGE THE AMOUNT OF ₱1,900,000.00 AGAINST THE CURRENT APPROPRIATIONS OF THE CITY SOCIAL WELFARE AND DEVELOPMENT OFFICE (CSWDO) UNDER ACCOUNT CODE 1-07-06-010 (MOTOR VEHICLES) FOR THE PURCHASE OF OFFICE SPORTS UTILITY VEHICLE (SUV) WITH AN ENGINE DISPLACEMENT NOT EXCEEDING 3,000 CC (DIESEL-FED) FOUR (4)-CYLINDERS, SUBJECT TO COMPLIANCE OF THE REQUIREMENTS.
2023	077-2023	"""AMENDING THE PROVISIONS OF ORDINANCE NUMBERED 49, SERIES OF 2019 [PROHIBITING AND REGULATING THE USE OF MOBILE DEVICES AND OTHER DISTRACTIVE DEVICES AND ITEMS WHILE WALKING AND CROSSING THE STREETS AND SIDEWALKS IN THE CITY OF BAGUIO]."
2023	078-2023	AMENDING THE PROVISIONS OF ORDINANCE NUMBERED 49, SERIES OF 2019 [PROHIBITING AND REGULATING THE USE OF MOBILE DEVICES AND OTHER DISTRACTIVE DEVICES AND ITEMS WHILE WALKING AND CROSSING THE STREETS AND SIDEWALKS IN THE CITY OF BAGUIO].
2023	079-2023	AUTHORIZING A SUPPLEMENTAL BUDGET IN THE TOTAL AMOUNT OF SIXTY-FIVE MILLION EIGHT HUNDRED SIXTY-FIVE THOUSAND PESOS (₱65,865,000.00) FOR THE FUNDING OF VARIOUS PRIORITY PROJECTS IDENTIFIED IN THE APPROVED FOURTH (4TH) SUPPLEMENTAL ANNUAL INVESTMENT PROGRAM FOR CALENDAR YEAR 2023 OF THE CITY GOVERNMENT OF BAGUIO.
2023	080-2023	GRANTING THE REQUEST OF DR. JOSE ENRICO H. LAZARO, PRESIDENT OF THE PHILIPPINE SOCIETY FOR CELL BIOLOGY, FOR A FIFTY PERCENT (50%) DISCOUNT ON ALL THE FEES/CHARGES RELATED TO THE USE OF THE BAGUIO CONVENTION AND CULTURAL CENTER (BCCC) AS VENUE OF THEIR UPCOMING 6TH INTERNATIONAL AND 14TH ANNUAL NATIONAL CONVENTION AND SCIENTIFIC MEETING, SUBJECT TO THE CONDITION THAT THE CITY GOVERNMENT OF BAGUIO SHALL BE A CO-SPONSOR OF THE SAID EVENT.
2023	081-2023	AMENDING THE PROVISIONS OF ORDINANCE NUMBERED 15, SERIES OF 2011 [BANNING PARKING OF ALL MOTOR VEHICLES MARKED 'FOR SALE' ON ALL ROADS IN THE CITY OF BAGUIO].
2023	082-2023	APPROVING THE REQUEST FOR AUTHORITY TO CHARGE THE AMOUNT OF ₱268,000.00 AGAINST THE 2023 CURRENT APPROPRIATIONS OF THE OFFICE OF THE SANGGUNIANG PANLUNGSOD UNDER THE FOLLOWING ACCOUNT CODES: 5-01-01-010 (SALARIES AND WAGES – REGULAR) – ₱70,000.00; 5-01-02-010 (PERSONAL ECONOMIC RELIEF ALLOWANCE – PERA) – ₱10,000.00; 5-01-03-010 (RETIREMENT AND LIFE INSURANCE PREMIUMS) – ₱10,000.00; 5-01-03-020 (PAG-IBIG CONTRIBUTIONS) – ₱1,500.00; 5-01-03-030 (PHILHEALTH CONTRIBUTIONS) – ₱1,500.00; 5-01-03-040 (EMPLOYEES COMPENSATION INSURANCE PREMIUMS) – ₱1,500.00; 5-01-02-140 (YEAR-END BONUS) – ₱55,000.00; 5-01-02-150 (CASH GIFT) – ₱20,000.00; 5-01-02-990 (OTHER BONUSES AND ALLOWANCES) – ₱100,000.00; FOR SIX COTERMINOUS EMPLOYEES WHOSE TERM ENDED ON 01 JULY 2016.
2023	083-2023	APPROVING THE REQUEST FOR AUTHORITY TO TRANSFER FUNDS UNDER THE 2023 CURRENT APPROPRIATIONS OF THE CITY HUMAN RESOURCE MANAGEMENT OFFICE (CHRMO) FROM ACCOUNT CODE 5-02-99-990 (OTHER MAINTENANCE AND OPERATING EXPENSES) TO ACCOUNT CODE 1-07-05-990 (OTHER MACHINERY AND EQUIPMENT) THE AMOUNT OF ₱100,000.00 FOR THE PROCUREMENT OF KEYBOARD FOR THE USE OF THE CITY’S UNI TI UMILI PERFORMING ARTS GROUP.
2023	084-2023	APPROVING THE REQUEST FOR AUTHORITY TO TRANSFER FUNDS UNDER THE 2023 CURRENT APPROPRIATIONS OF THE CITY MAYOR'S OFFICE FROM ACCOUNT CODE 5-02-05-030 (INTERNET SUBSCRIPTION EXPENSES) TO ACCOUNT CODE 5-02-13-040 (REPAIRS AND MAINTENANCE - BUILDINGS AND OTHER STRUCTURES) THE AMOUNT OF ₱2,570,535.17 AND TO DISBURSE THE SAME FOR THE RENOVATION OF THE RESEARCH AND DEVELOPMENT HUB (RDH) AT THE BAGUIO CITY POLICE OFFICE (BCPO), SUBJECT TO PROCUREMENT LAW.
2023	085-2023	AMENDING SECTION 10 OF TAX ORDINANCE NUMBERED 2012-01, SERIES OF 2012 [PRESCRIBING RULES AND REGULATIONS GOVERNING THE OPERATION OF THE SLAUGHTERHOUSE, LIVESTOCK AND MEAT INSPECTION SERVICE IN THE CITY OF BAGUIO AND AMENDING SECTION 34 A TO G AND SECTION 35 OF TAX ORDINANCE NUMBERED 2000-001].
2023	086-2023	AMENDING SECTION 8, PARAGRAPHS B AND C, OF TAX ORDINANCE NUMBERED 2000-001 [AN ORDINANCE PROVIDING A SET OF RULES AND REGULATIONS GOVERNING THE ADMINISTRATION, APPRAISAL, ASSESSMENT, LEVY AND COLLECTION OF REALTY TAXES, BUSINESS TAXES, PERMIT FEES, BUILDING AND LOT RENTALS IN THE CITY OF BAGUIO AND SUCH OTHER FEES AND CHARGES THEREFOR PURSUANT TO THE PROVISIONS OF THE LOCAL GOVERNMENT CODE OF 1991].
2023	087-2023	FURTHER AMENDING SECTION 23 OF TAX ORDINANCE NUMBERED 2000-001 [AN ORDINANCE PROVIDING, A SET OF RULES AND REGULATIONS GOVERNING THE ADMINISTRATION, APPRAISAL, ASSESSMENT, LEVY AND COLLECTION OF REALTY TAXES, BUSINESS TAXES, PERMIT FEES, BUILDING AND LOT RENTALS IN THE CITY OF BAGUIO AND SUCH OTHER FEES AND CHARGES THEREFOR PURSUANT TO THE PROVISIONS OF THE LOCAL GOVERNMENT CODE OF 1991.], AS AMENDED BY TAX ORDINANCE NUMBERED 2014-002.
2023	088-2023	AN ORDINANCE CREATING THE MEAT AND FISHERY PRODUCTS MONITORING TASK FORCE IN THE CITY OF BAGUIO AND DEFINING ITS FUNCTIONS.
2023	089-2023	AN ORDINANCE PRESCRIBING NEW RULES AND REGULATIONS IN THE CONDUCT OF FUN RUN AND OTHER RACES IN THE CITY OF BAGUIO
2023	090-2023	AN ORDINANCE INSTITUTIONALIZING THE MID-AUTUMN FESTIVAL IN THE CITY OF BAGUIO AND PROVIDING GUIDELINES THEREOF
2023	091-2023	AUHTORIZING THE ANNUAL BUDGET OF THE CITY GOVERNMENT OF THE CITY GOVERNMENT OF BAGUIO FOR FISCAL YEAR 2024 IN THE TOTAL AMOUNT OF TWO HUNDRED BILLION SEVEN HUNDRED FORTY-FIVE MILLION TWO HUNDRED SEVENTY-FOUR THOUSAND ONE HUNDRED SEVENTY-ONE (₱2,745,274,171.00) COVERING THE VARIOUS EXPENDITURES FOR THE OPERATION OF THE CITY GOVERNMENT OF BAGUIO AND APPROPRIATING THE NECESSARY FUNDS FOR THE PURPOSE.
2023	092-2023	APPROVING THE REQUEST FOR AUTHORITY TO CHARGE THE TOTAL AMOUNT OF ₱131,030.00 AGAINST THE 2023 CURRENT APPROPRIATIONS OF THE CITY HEALTH SERVICES OFFICE (CHSO) UNDER ACCOUNT CODES: 5-02-13-040 (REPAIRS AND MAINTENANCE – BUILDINGS AND OTHER STRUCTURES) – ₱114,930.00; AND 5-02-13-060 (REPAIRS AND MAINTENANCE – TRANSPORTATION AND EQUIPMENT) – ₱16,100.00 FOR THE REPAIR OF THEIR OFFICE BUILDING.
2023	093-2023	AN ORDINANCE PROMOTING THE CREATION, USE, AND MAINTENANCE OF HEALTHY OPEN SPACES IN COMMUNITIES, AND OTHER HEALTH AND ENVIRONMENT INITIATIVES IN THE CITY OF BAGUIO.
2023	094-2023	FURTHER AMENDING SECTION 3 OF ORDINANCE NUMBERED 116, SERIES OF 2019 [AN ORDINANCE PROVIDING FOR THE CITY GOVERNMENT OF BAGUIO COLLEGE EDUCATION FINANCIAL ASSISTANCE GRANT PROGRAM TO STUDENTS, PROVIDING FUNDS THEREFOR AND FOR OTHER PURPOSES] AS AMENDED BY ORDINANCE NUMBERED 45, SERIES OF 2023 [AMENDING SECTIONS 3, 7 AND 9 OF ORDINANCE NUMBERED 116, SERIES OF 2019].
2023	095-2023	FURTHER AMENDING SECTION 24 OF TAX ORDINANCE NUMBERED 2000-001 [AN ORDINANCE PROVIDING A SET OF RULES AND REGULATIONS GOVERNING THE ADMINISTRATION, APPRAISAL, ASSESSMENT, LEVY AND COLLECTION OF REALTY TAXES, BUSINESS TAXES, PERMIT FEES, BUILDING AND LOT RENTALS IN THE CITY OF BAGUIO AND SUCH OTHER FEES AND CHARGES THEREFOR PURSUANT TO THE PROVISIONS OF THE LOCAL GOVERNMENT CODE OF 1991] AS AMENDED BY TAX ORDINANCE NUMBERED 2003-05 [AMENDING SECTIONS 24 AND 27, CHAPTER VI OF TAX ORDINANCE NUMBERED 2000-001] AND TAX ORDINANCE NUMBERED 2005-02 [AMENDING ITEM NO. 6, SECTION 24, CHAPTER VI OF TAX ORDINANCE NUMBERED 2000-001].
2023	096-2023	AN ORDINANCE PROVIDING FREE MEALS TO BAGUIO CITY YOUTH ENROLLED IN THE DIFFERENT HIGHER EDUCATIONAL INSTITUTIONS IN THE CITY OF BAGUIO, ESTABLISHING FOR ITS PURPOSE A FREE YOUTH MEALS PROGRAM, AND APPROPRIATING FUNDS THEREFOR.
2023	097-2023	AN ORDINANCE STRENGTHENING THE EXISTING SATELLITE MARKETS AND ESTABLISHING ADDITIONAL DISTRICT SATELLITE MARKETS IN THE CITY OF BAGUIO, ALLOCATING FUNDS THEREFOR AND FOR OTHER PURPOSES
2023	098-2023	AMENDING CERTAIN PROVISIONS OF ORDINANCE NUMBER 47, SERIES OF 2021, OTHERWISE KNOWN AS THE BAGUIO CITY COMPREHENSIVE SPORTS CODE
2023	099-2023	ORDINANCE PRESCRIBING PROCEDURE FOR ADMINISTRATIVE COMPLAINTS AGAINST SK ELECTIVE OFFICIALS IN BAGUIO
2023	100-2023	AUTHORIZING A SUPPLEMENTAL BUDGET NO. 3 IN THE TOTAL AMOUNT OF ONE HUNDRED FIVE THOUSAND PESOS (₱105,000.00) FOR THE FUNDING OF VARIOUS PROGRAMS/PROJECTS/ACTIVITIES (PPAS) OF THE BAGUIO CITY BUREAU OF JAIL MANAGEMENT AND PENOLOGY (BJMP)–FEMALE DORM.
2023	101-2023	GRANTING CASH INCENTIVE TO ALL OFFICIALS AND EMPLOYEES OF THE CITY GOVERNMENT OF BAGUIO PURSUANT TO SECTION 25, ARTICLE II AND SECTION 2, ARTICLE X OF THE 1987 PHILIPPINE CONSTITUTION; SECTION 458 (A) (1) (VIII) AND (XI) OF THE LOCAL GOVERNMENT CODE IN RELATION TO EXECUTIVE ORDER NO. 292; AND THE LATEST SUPREME COURT DECISIONS.
2023	102-2023	AN ORDINANCE APPROPRIATING THE TOTAL AMOUNT OF THREE HUNDRED THIRTY-FIVE THOUSAND SEVEN HUNDRED THIRTY-SEVEN PESOS AND SIXTEEN CENTAVOS (₱335,737.16) TO SATISFY THE MONETARY JUDGMENT AWARD DUE TO SPOUSES NATHANIEL T. VALENCIA AND GLENDA B. VALENCIA.
2023	103-2023	INSTITUTIONALIZING THE BAGUIO CITY PARENT ACADEMY PROGRAM, DEFINING ITS PURPOSE, AND APPROPRIATING FUNDS THEREOF.
2023	104-2023	ORDINANCE DECLARING SEPTEMBER 4 OF EVERY YEAR AS “DANIEL H. BURNHAM DAY” IN THE CITY OF BAGUIO
2023	105-2023	AN ORDINANCE DECLARING THE SECOND WEEK OF DECEMBER OF EVERY YEAR AS ARCHITECTURE WEEK IN THE CITY OF BAGUIO.
2023	106-2023	AUTHORIZING A SUPPLEMENTAL BUDGET NO.4 IN THE TOTAL AMOUNT OF NINETY-ONE MILLION PESOS (₱91,000,000.00) FOR THE FUNDING OF VARIOUS PRIORITY PROJECTS IDENTIFIED IN THE APPROVED SEVENTH (7TH) SUPPLEMENTAL ANNUAL INVESTMENT PROGRAM FOR CALENDAR YEAR 2023 OF THE CITY GOVERNMENT OF BAGUIO.
2023	107-2023	APPROVING THE REQUEST FOR AUTHORITY TO TRANSFER FUNDS UNDER THE 2023 CURRENT APPROPRIATIONS OF THE CITY BUILDINGS AND ARCHITECT OFFICE (CBAO) FROM ACCOUNT CODE 5-02-12-990 (OTHER GENERAL SERVICES) TO ACCOUNT CODE 1-07-05-030 (INFORMATION AND COMMUNICATION TECHNOLOGY EQUIPMENT) THE AMOUNT OF ₱400,000.00 FOR THE PURCHASE OF A DESKTOP COMPUTER FOR INTENSIVE CLOUD-BASED GEOGRAPHIC INFORMATION SYSTEM (GIS) WORKLOAD AND PROCESSES IN THE SAID OFFICE.
2023	108-2023	APPROVING THE REQUEST FOR AUTHORITY TO CHARGE THE TOTAL AMOUNT OF FOUR HUNDRED TWENTY-SEVEN THOUSAND PESOS (₱427,000.00) AGAINST THE 2023 CURRENT APPROPRIATIONS OF THE OFFICE OF THE SANGGUNIANG PANLUNGSOD UNDER THE FOLLOWING ACCOUNT CODES: - 5-01-01-010 (SALARIES AND WAGES – REGULAR) – ₱150,000.00 - 5-01-02-020 (REPRESENTATION ALLOWANCE (RA)) – ₱8,500.00 - 5-01-02-030 (TRANSPORTATION ALLOWANCE (TA)) – ₱8,500.00 - 5-01-02-010 (PERSONAL ECONOMIC RELIEF ALLOWANCE (PERA)) – ₱10,000.00 - 5-01-03-010 (RETIREMENT AND LIFE INSURANCE PREMIUMS) – ₱20,000.00 - 5-01-03-020 (PAG-IBIG CONTRIBUTIONS) – ₱1,000.00 - 5-01-03-040 (EMPLOYEES COMPENSATION INSURANCE PREMIUMS) – ₱1,000.00 - 5-01-03-030 (PHILHEALTH CONTRIBUTIONS) – ₱1,000.00 - 5-01-02-140 (YEAR-END BONUS) – ₱100,000.00- 5-01-02-150 (CASH GIFT) – ₱25,000.00 - 5-01-02-990 (OTHER BONUSES AND ALLOWANCES) – ₱100,000.00 FOR THE PAYMENT OF BENEFITS DUE TO ATTORNEY RICHARD A. CARIÑO AND FIVE OTHER FORMER OFFICIALS AND EMPLOYEES OF THE SAID OFFICE.
2023	109-2023	APPROVING THE REQUEST FOR AUTHORITY TO CHARGE THE TOTAL AMOUNT OF SIX HUNDRED THOUSAND PESOS (₱600,000.00) AGAINST THE 2023 CURRENT APPROPRIATIONS OF THE OFFICE OF THE SANGGUNIANG PANLUNGSOD UNDER ACCOUNT CODE 5-01-01-010 (SALARIES AND WAGES – REGULAR) FOR THE PAYMENT OF SALARY DIFFERENTIAL FOR THE PERIOD 30 JUNE 2019 TO 31 DECEMBER 2022 OF HONORABLE COUNCILORS FRED L. BAGBAGEN, ISABELO B. COSALAN JR., AND BETTY LOURDES F. TABANDA.
2023	110-2023	AN ORDINANCE PROVIDING UPDATED GUIDELINES FOR THE IMPLEMENTATION OF THE INSTITUTIONALIZED ADOPT-A-PARK PROJECT IN THE CITY OF BAGUIO.
2023	111-2023	APPROVING THE REQUEST FOR AUTHORITY TO TRANSFER FUNDS UNDER THE 2023 CURRENT APPROPRIATIONS OF THE BAGUIO CITY SCHOOLS DIVISION OFFICE FROM ACCOUNT CODE 5-02-03-990 (OTHER SUPPLIES AND MATERIALS EXPENSES) TO ACCOUNT CODE 1-07-04-020 (SCHOOL BUILDINGS) THE AMOUNT OF ₱1,200,000.00 AND TO DISBURSE THE SAME FOR THE CONSTRUCTION OF COMFORT ROOM AT DOMINICAN-MIRADOR ELEMENTARY SCHOOL, BAGUIO CITY.
2023	112-2023	AUTHORIZING A SUPPLEMENTAL BUDGET NO.5 IN THE TOTAL AMOUNT OF TWO HUNDRED-EIGHT MILLION SEVEN HUNDRED EIGHTY-THREE THOUSAND SIX HUNDRED TWENTY-THREE PESOS (₱208,783,623.00) FOR THE FUNDING OF VARIOUS PRIORITY PROJECTS IDENTIFIED IN THE APPROVED SIXTH (6TH) AND SEVENTH (7TH) SUPPLEMENTAL ANNUAL INVESTMENT PROGRAM (SAIPS)FOR CALENDAR YEAR 2023 OF THE CITY GOVERNMENT OF BAGUIO.
2023	113-2023	APPROVING THE REQUEST FOR AUTHORITY TO CHARGE THE TOTAL AMOUNT OF TWO HUNDRED ONE THOUSAND THREE HUNDRED FOUR PESOS (₱201,304.00) AGAINST THE 2023 CURRENT APPROPRIATIONS OF THE SMART CITY COMMAND CENTER (SC3), SUPERVISED BY THE MANAGEMENT INFORMATION AND TECHNOLOGY DIVISION, CITY MAYOR’S OFFICE, UNDER ACCOUNT CODE 5-02-04-020 (ELECTRICITY EXPENSES), FOR THE PAYMENT OF UNPAID ELECTRICITY EXPENSES INCURRED FOR THE PERIOD 13 AUGUST 2021 TO 31 DECEMBER 2022 DUE TO THE ELECTRIC CONSUMPTION OF SC3’S IOT BOXES, CCTVS, AND AIR QUALITY MONITORING DEVICES INSTALLED AT VARIOUS LOCATIONS WITHIN THE CITY OF BAGUIO.
2024	001-2024	AN ORDINANCE INSTITUTIONALIZING A BAGUIO CITY VOLKSWAGEN APPRECIATION WEEK IN THE CITY OF BAGUIO EVERY FIRST WEEK OF DECEMBER OF EVERY YEAR AND PROVIDING GUIDELINES THEREOF.
2024	002-2024	AN ORDINANCE INSTITUTIONALIZING THE BAGUIO CITY COSPLAY FESTIVAL AND PROVIDING GUIDELINES THEREOF.
2024	003-2024	AN ORDINANCE SETTING GUIDELINES FOR BAGUIO CITY WRITERS, AUTHORS, AND PUBLISHERS IN FURNISHING, PROVIDING, OR DEPOSITING COPIES OF BOOKS ORIGINALLY PRINTED, PRODUCED, OR PUBLISHED IN THE CITY OF BAGUIO TO THE BAGUIO CITY PUBLIC LIBRARY.
2024	004-2024	AN ORDINANCE RENAMING A PORTION OF ASIN ROAD, BAGUIO CITY PARTICULARLY FROM THE NAGUILIAN-ASIN ROAD JUNCTION TO THE ASIN ROAD-SAN ROQUE-SAN LUIS JUNCTION AS 'ASIN ROAD-RECOLETOS LOOP'.
2024	005-2024	AN ORDINANCE CREATING THE BAGUIO CITY LOCAL BLOOD COUNCIL (BCLBC), DEFINING ITS PURPOSE AND FUNCTIONS, AND APPROPRIATING FUNDS THEREOF.
2024	006-2024	AN ORDINANCE APPROVING THE TEMPORARY CLOSURE AND USE OF VARIOUS ROADS AND THE RE-ROUTING OF VICTORY LINER BUSES AND OTHER BUS LINES FOR THE CELEBRATION OF THE BAGUIO FLOWER FESTIVAL: PANAGBENGA 2024, SUBJECT TO CONDITIONS.
2024	007-2024	AN ORDINANCE INSTITUTIONALIZING 'MATAKAL JEN OBDA' SKILLS FESTIVAL IN THE CITY OF BAGUIO EVERY LAST WEEK OF SEPTEMBER OF EVERY YEAR, CREATING A WORKING COMMITTEE FOR THE PURPOSE, AND PROVIDING FUNDS FOR THE ACTIVITIES.
2024	008-2024	CORRECTING AND AMENDING THE ELIGIBILITY QUALIFICATION FOR THE POSITION OF ENGINEER II PROVIDED UNDER SECTION 2 OF ORDINANCE NUMBERED 78, SERIES OF 2023 [AN ORDINANCE CREATING THE POSITION OF ENGINEER II (ELECTRONICS ENGINEER), SG-16/1, IN THE CITY BUILDINGS AND ARCHITECTURE OFFICE (CBAO), APPROPRIATING FUNDS THEREFOR, AND FOR OTHER PURPOSES].
2024	009-2024	APPROVING THE REQUEST FOR AUTHORITY TO CHARGE THE AMOUNT OF P537,254.50 AGAINST THE 2024 CURRENT APPROPRIATIONS OF THE CITY ENVIRONMENT AND PARKS MANAGEMENT OFFICE (CEPMO) UNDER ACCOUNT CODE 5-02-04-020 (ELECTRICITY EXPENSES) FOR THE PAYMENT OF UNPAID ELECTRICITY CONSUMPTION OF CITY PARKS AND FIELD OFFICES COVERING THE PERIOD 18 NOVEMBER 2023 TO 26 JANUARY 2024.
2024	010-2024	APPROVING THE REQUEST FOR AUTHORITY TO CHARGE THE TOTAL AMOUNT OF P8,650.00 AGAINST THE 2024 CURRENT APPROPRIATIONS OF THE CITY PLANNING, DEVELOPMENT AND SUSTAINABILITY OFFICE (CPDSO) UNDER THE PROGRAM/PROJECT OF COMPREHENSIVE LAND USE PLAN (CLUP)/ COMPREHENSIVE DEVELOPMENT PLAN (CDP) WITH THE ACCOUNT CODE 5-02-99-030 (REPRESENTATION EXPENSES) FOR THE COST OF SNACKS SERVED DURING THE CITY DEVELOPMENT COUNCIL MEETING HELD ON 29 NOVEMBER 2023.
2024	011-2024	APPROVING THE REQUEST FOR AUTHORITY TO CHARGE FROM THE 2024 CURRENT APPROPRIATIONS OF THE CITY ADMINISTRATOR'S OFFICE (CADMO) THE 2023 EXPENDITURES AND OBLIGATIONS REPRESENTING UNPAID INCENTIVES OF LOCAL ATHLETES AND COACHES DURING THEIR PARTICIPATION IN VARIOUS SPORTS EVENTS AND THE UNPAID 2023 WATER BILL OF THE SWIMMING POOL, SUBJECT TO AVAILABILITY OF FUNDS.
2024	012-2024	APPROVING THE REQUEST FOR AUTHORITY TO CHARGE THE AMOUNT OF P2,675,000.00 AGAINST THE CONTINUING APPROPRIATIONS OF THE CITY GENERAL SERVICE OFFICE (CGSO) UNDER ACCOUNT CODE 1-07-06-010 (MOTOR VEHICLES) FOR THE PURCHASE OF AN OFFICE PASSENGER VEHICLE.
2024	013-2024	APPROVING THE REQUEST OF REV. FR. VICTORINO K. AGCAOILI, CO-CHAIRMAN, BISHOP CARLITO J. CENZON FOUNDATION, INC. (BCJCFI), FOR SUPPORT AND WAIVER OF AMUSEMENT TAX AND OTHER FEES REQUIRED FOR THE CONDUCT OF THE 20TH BISHOP OTTO CENZON'S GOLF TOURNAMENT ON 03 MAY 2024 AT THE CAMP JOHN HAY GOLF AND COUNTRY CLUB IN THE CITY OF BAGUIO.
2024	014-2024	APPROVING THE REQUEST FOR AUTHORITY TO TRANSFER FUNDS UNDER THE 2024 CURRENT APPROPRIATIONS OF THE CITY VETERINARY AND AGRICULTURE OFFICE (CVAO) FROM ACCOUNT CODE 1-07-07-010 (FURNITURE AND FIXTURES) TO ACCOUNT CODE 5-02-03-990 (OTHER SUPPLIES AND MATERIALS EXPENSES) THE AMOUNT OF P500,000.00 AND TO DISBURSE THE SAME FOR THE OFFICE PARTITIONS IN THE SAID OFFICE.
2024	015-2024	INSTITUTIONALIZING THE ECOLOGICAL WASTE MANAGEMENT AND SUSTAINABILITY FAIR IN THE CITY OF BAGUIO.
2024	016-2024	APPROVING THE REQUEST FOR AUTHORITY TO TRANSFER FUNDS UNDER THE 2024 CURRENT APPROPRIATIONS OF THE CITY BUILDINGS AND ARCHITECTURE OFFICE (CBAO) FROM ACCOUNT CODE 1-07-05-990 (OTHER MACHINERY AND EQUIPMENT) TO ACCOUNT CODE 5-02-03-990 (OTHER SUPPLIES AND MATERIALS EXPENSES) THE AMOUNT OF P150,000.00 AND TO DISBURSE THE SAME FOR THE PURCHASE OF STEEL CABINETS TO BE USED FOR THE FILING OF CONFIDENTIAL DOCUMENTS WITH COURT CASES OF THE SAID OFFICE.
2024	017-2024	APPROVING THE REQUEST FOR AUTHORITY TO TRANSFER FUNDS FROM ACCOUNT CODE 5-01-01-010 (SALARIES AND WAGES-REGULAR) TO ACCOUNT CODE 5-01-04-030 (TERMINAL LEAVE BENEFITS) THE AMOUNT OF P126,000.00, AND TO CHARGE THE AMOUNT OF P5,000.00 FROM ACCOUNT CODE 5-01-02-080 (PRODUCTIVITY INCENTIVE ALLOWANCE), BOTH UNDER THE 2024 CURRENT APPROPRIATIONS OF THE CITY MAYOR'S OFFICE (CMO), FOR THE PAYMENT OF TERMINAL LEAVE BENEFITS AND PERFORMANCE ENHANCEMENT INCENTIVE FOR THE YEAR 2023 OF THREE (3) PERMANENT EMPLOYEES WHO RECENTLY RESIGNED IN THE SAID OFFICE.
2024	018-2024	AN ORDINANCE INSTITUTIONALIZING THE CLEAN-AS-YOU-GO (CLAYGO) PRACTICE IN CERTAIN FOOD-SERVING ESTABLISHMENTS IN THE CITY OF BAGUIO AND PROVIDING PENALTIES FOR VIOLATIONS THEREOF.
2024	019-2024	APPROVING THE REQUEST FOR AUTHORITY TO CHARGE THE AMOUNT OF P37,940.00 AGAINST THE 2024 CURRENT APPROPRIATIONS OF THE CITY ADMINISTRATOR'S OFFICE (CADMO) UNDER ACCOUNT CODE 5-02-13-060 (REPAIRS AND MAINTENANCE-TRANSPORTATION EQUIPMENT) FOR THE PAYMENT OF ITEMS INCURRED IN 2023 FOR THE MAINTENANCE OF SERVICE VEHICLE MITSUBISHI ESTRADA WITH PLATE NO. SKA-802 OF THE SAID OFFICE.
2024	020-2024	APPROVING THE REQUEST FOR AUTHORITY TO CHARGE THE TOTAL AMOUNT OF P384,500.00 AGAINST THE 2024 CURRENT APPROPRIATIONS OF THE CITY ADMINISTRATOR'S OFFICE UNDER ACCOUNT CODE 5-02-03-990 (OTHER SUPPLIES AND MATERIALS EXPENSES) TO COVER THE COST OF THE PREVIOUSLY PURCHASED ITEMS IN THE 2023 BUDGET OF THE SAID OFFICE OF A CUSTOMIZED FOLDER - P76,000.00, BARONG WITH ETHNIC CLOTH ACCENT - P115,500.00; AND WELCOME TOKEN (KEY TO THE CITY) - P193,500.00.
2024	021-2024	AUTHORIZING SUPPLEMENTAL BUDGET NO. 1 IN THE TOTAL AMOUNT OF TWO HUNDRED ELEVEN MILLION THIRTY-FIVE THOUSAND PESOS (P211,035,000.00) FOR THE FUNDING OF VARIOUS PROGRAMS, PROJECTS, AND ACTIVITIES APPROVED IN THE 1ST SUPPLEMENTAL ANNUAL INVESTMENT PROGRAMS (SAIP) FOR FISCAL YEAR 2024 OF THE CITY GOVERNMENT OF BAGUIO UNDER RESOLUTION NUMBERED 130, SERIES OF 2024.
2024	022-2024	AN ORDINANCE ADOPTING THE BAGUIO CITY LOCAL PUBLIC TRANSPORT ROUTE PLAN (LPTRP) 2021-2025, SUBJECT TO FULL COMPLIANCE WITH ALL APPLICABLE LAWS, RULES, AND REGULATIONS.
2024	023-2024	AUTHORIZING SUPPLEMENTAL BUDGET NO. 2 IN THE TOTAL AMOUNT OF TWENTY-TWO MILLION FIVE HUNDRED SEVENTY-ONE THOUSAND PESOS (P22,571,000.00) FOR THE FUNDING OF VARIOUS PROGRAMS, PROJECTS, AND ACTIVITIES APPROVED IN THE 1ST SUPPLEMENTAL ANNUAL INVESTMENT PROGRAM (SAIP) FOR FISCAL YEAR 2024 OF THE CITY GOVERNMENT OF BAGUIO UNDER RESOLUTION NUMBERED 130, SERIES OF 2024.
2024	024-2024	APPROVING THE REQUEST FOR AUTHORITY TO CHARGE THE AMOUNT OF P6,300.00 AGAINST THE 2024 CURRENT APPROPRIATIONS OF THE CITY BUILDINGS AND ARCHITECTURE OFFICE (CBAO) UNDER ACCOUNT CODE 5-01-01-010 (SALARIES AND WAGES-REGULAR) EARMARKED FOR POSITIONS THAT REMAIN UNFILLED FOR THE PAYMENT OF OVERTIME PAY FOR THE MONTH OF NOVEMBER 2023 OF MR. ARIEL VALDEZ, FORMER CASUAL ELECTRICIAN II, OF THE SAID OFFICE.
2024	025-2024	AN ORDINANCE STRENGTHENING THE VACCINATION PROGRAM IN THE CITY OF BAGUIO BY MOBILIZING COMMUNITY VOLUNTEERS TO BE KNOWN AS 'BAKUNA CHAMPIONS', PROVIDING FUNDS THEREFOR, AND FOR OTHER PURPOSES.
2024	026-2024	AN ORDINANCE INSTITUTIONALIZING THE CELEBRATION OF 'HEALTH WORKERS' DAY' ON MAY 7 OF EVERY YEAR IN THE CITY OF BAGUIO.
2024	027-2024	APPROVING THE REQUEST FOR AUTHORITY TO TRANSFER FUNDS FROM THE SAVINGS OF THE CITY MAYOR'S OFFICE (CMO) UNDER ACCOUNT CODE 5-01-01-010 (SALARIES AND WAGES-REGULAR) TO ACCOUNT CODE 5-01-04-030 (TERMINAL LEAVE BENEFITS), THE AMOUNT OF P175,000.00 UNDER ITS 2024 CURRENT APPROPRIATIONS FOR THE PAYMENT OF TERMINAL LEAVE BENEFITS OF TWO (2) PERMANENT EMPLOYEES WHO RECENTLY RESIGNED IN THE SAID OFFICE.
2024	028-2024	APPROVING THE REQUEST FOR AUTHORITY TO CHARGE THE AMOUNT OF P281,360.98 FROM THE 2024 CURRENT APPROPRIATIONS OF THE CITY TREASURY OFFICE (CTO) UNDER ACCOUNT CODE 5-02-04-020 (ELECTRICITY EXPENSES) FOR THE PAYMENT OF UNPAID ELECTRICITY CONSUMPTION OF BLOCK 4 EXTENSION CITY MARKET DIVISION FROM DECEMBER 2022 TO DECEMBER 2023.
2024	029-2024	AMENDING SECTION 7 OF ORDINANCE NUMBERED 56, SERIES OF 2023 [AN ORDINANCE ALLOWING THE OFFICE OF THE SENIOR CITIZENS AFFAIRS (OSCA) TO COLLECT REPLACEMENT FEES FOR LOST OSCA SENIOR CITIZEN IDENTIFICATION CARDS WITH OFFICIAL RECEIPT OF THE CITY GOVERNMENT OF BAGUIO FROM SENIOR CITIZENS].
2024	030-2024	AMENDING SECTION 2 OF ORDINANCE NUMBERED 80, SERIES OF 2022 [GRANTING OF ONE-TIME RICE ALLOWANCE TO ALL QUALIFIED OFFICIALS AND EMPLOYEES OF THE CITY GOVERNMENT OF BAGUIO FOR FISCAL YEAR 2022].
2024	031-2024	AN ORDINANCE ESTABLISHING THE CITY PROJECT MONITORING COUNCIL (CPMC), OUTLINING ITS COMPOSITION AND FUNCTIONS, AND PROVIDING FUNDS FOR THE PURPOSE.
2024	032-2024	REALIGNING THE AMOUNT OF P850,000.00 FROM THE PROJECT 'CONSTRUCTION OF BARANGAY ROAD FROM IGLESIA NI CRISTO CHURCH DOWN TO NABULAY'S RESIDENCE AT PUROK 2' FUNDED FROM VARIOUS PROJECTS UNDER THE 2020 ANNUAL INVESTMENT PLAN TO 'RECOVERY OF GOVERNMENT ROAD IN FRONT OF SIGNEY'S RESIDENCE' AT CAMP 8 BARANGAY, BAGUIO CITY.
2024	033-2024	APPROVING THE REQUEST FOR AUTHORITY TO CHARGE THE TOTAL AMOUNT OF P30,000.00 AGAINST THE 2024 CURRENT APPROPRIATIONS OF THE OFFICE OF THE SANGGUNIANG PANLUNGSOD (SP) UNDER ACCOUNT CODES 5-01-02-140 (YEAR END BONUS) - P10,000.00; 5-01-02-150 (CASH GIFT) - P5,000.00; AND 5-01-02-990 (OTHER BONUSES AND ALLOWANCES) - P15,000.00, FOR THE PAYMENT OF BENEFITS OF MR. JASON B. SUMAD-EN, FORMER EMPLOYEE OF THE SAID OFFICE.
2024	034-2024	APPROVING THE REQUEST FOR AUTHORITY TO CHARGE THE AMOUNT OF P44,342.08 AGAINST THE 2024 CURRENT APPROPRIATIONS OF THE CITY HEALTH SERVICES OFFICE (CHSO) UNDER ACCOUNT CODE 5-02-04-020 (ELECTRICITY EXPENSES) TO COVER THE UNPAID ELECTRIC BILLS OF THE LOAKAN HEALTH CENTER FROM 2016 TO THE PRESENT.
2024	035-2024	GRANTING A THIRTY PERCENT (30%) DISCOUNT ON THE RENTAL OF THE BAGUIO CONVENTION AND CULTURAL CENTER (BCCC) FOR THE EVENT '2ND ASIAN SPORT JIU-JITSU FEDERATION (ASJJF) BAGUIO INTERNATIONAL JIU-JITSU OPEN 2024' TO BE HELD ON 05 OCTOBER 2024 IN THE CITY OF BAGUIO, SUBJECT TO THE CONDITION THAT THE CITY GOVERNMENT OF BAGUIO SHALL BE A CO-SPONSOR TO THE SAID EVENT.
2024	036-2024	AN ORDINANCE CREATING AN ADMINISTRATIVE BOARD FOR THE ABATEMENT OF PUBLIC NUISANCES IN THE CITY OF BAGUIO.
2024	037-2024	APPROVING THE REQUEST FOR AUTHORITY TO CHARGE THE AMOUNT OF P3,548.76 AGAINST THE 2024 CURRENT APPROPRIATIONS OF THE CITY DISASTER RISK REDUCTION AND MANAGEMENT OFFICE (CDRRMO) UNDER ACCOUNT CODE 5-02-03-090 (FUEL, OIL AND LUBRICANTS EXPENSES) FOR THE PAYMENT OF THE FUEL USED ON 13 DECEMBER 2023 OF THE NEWLY PURCHASED VEHICLE WITH PLATE NO. SYA 1011 OF THE SAID OFFICE FOR EMERGENCY USE WHICH WAS NOT OBLIGATED IN THE CALENDAR YEAR 2023 BUDGET.
2024	038-2024	APPROVING THE REQUEST FOR AUTHORITY TO CHARGE THE AMOUNT OF P100,000.00 AGAINST THE 2024 CURRENT APPROPRIATIONS OF THE OFFICE OF THE SANGGUNIANG PANLUNGSOD (SP) UNDER ACCOUNT CODE 5-01-04-030 (TERMINAL LEAVE BENEFITS) FOR THE PAYMENT OF TERMINAL LEAVE BENEFITS OF EMPLOYEES WHO RESIGNED AND CASUAL STAFF WHO WERE NOT RENEWED FOR THE PERIOD 01 JULY 2024 TO 31 DECEMBER 2024 OF THE SAID OFFICE.
2024	039-2024	APPROVING THE REQUEST FOR AUTHORITY TO TRANSFER FUNDS IN THE TOTAL AMOUNT OF P134,250.00 UNDER THE 2024 CURRENT APPROPRIATIONS OF THE CITY MAYOR'S OFFICE (CMO) FROM ACCOUNT CODES 1-07-05-020 (OFFICE EQUIPMENT) -P78,650.00; AND 1-07-05-030 (ICT EQUIPMENT) P55,600.00, TO ACCOUNT CODE 5-02-03-990 (MAINTENANCE AND OTHER OPERATING EXPENSES).
2024	040-2024	FURTHER AMENDING SECTION 6 OF ORDINANCE NUMBERED 01, SERIES OF 2003, AS AMENDED BY ORDINANCE NUMBERED 31, SERIES OF 2004 AND ORDINANCE NUMBERED 107, SERIES OF 2008.
2024	041-2024	APPROVING THE REQUEST FOR AUTHORITY TO CHARGE THE AMOUNT OF P377,309.02 AGAINST THE 2024 CURRENT APPROPRIATIONS OF THE CITY SOCIAL WELFARE AND DEVELOPMENT OFFICE (CSWDO) UNDER ACCOUNT CODE 5-01-01-010 (SALARIES AND WAGES-REGULAR) FOR THE PAYMENT OF TERMINAL BENEFIT OF MS. EVANGELINE A. FANOSAN, FORMER SOCIAL WELFARE OFFICER I OF THE SAID OFFICE WHO RETIRED FROM SERVICE EFFECTIVE 01 APRIL 2023.
2024	042-2024	AN ORDINANCE GRANTING ANNIVERSARY BONUS TO ALL OFFICIALS AND EMPLOYEES OF THE CITY GOVERNMENT OF BAGUIO ON THE OCCASION OF THE CELEBRATION OF THE 115TH CHARTER ANNIVERSARY OF BAGUIO CITY FOR THE FISCAL YEAR 2024.
2024	043-2024	AN ORDINANCE SETTING A ONE-WAY TRAFFIC SCHEME ALONG NEW LUCBAN ROAD AND NEW LUCBAN EXTENSION ROAD IN THE CITY OF BAGUIO DURING THE IMPLEMENTATION OF THE PROJECT 'REHABILITATION OF SEWER LINE AND ROAD IMPROVEMENT AT NEW LUCBAN ROAD, NEW LUCBAN BARANGAY' UNTIL ITS COMPLETION.
2024	044-2024	AN ORDINANCE APPROPRIATING AN INITIAL AMOUNT OF ONE HUNDRED-FIFTY THOUSAND PESOS (P150,000.00) FOR THE PURCHASE OF ALCOHOL BREATH ANALYZERS (ABAS) AND DRUG TESTING KITS FOR THE EFFECTIVE IMPLEMENTATION OF REPUBLIC ACT NO. 10586, OTHERWISE KNOWN AS THE 'ANTI-DRUNK AND DRUGGED DRIVING ACT OF 2013', IN THE CITY OF BAGUIO.
2024	045-2024	AN ORDINANCE REGULATING AND GOVERNING THE OPERATION AND MAINTENANCE OF MALCOLM SQUARE (PEOPLE'S PARK), BAGUIO CITY.
2024	046-2024	AN ORDINANCE PRESCRIBING THE MANDATORY SUBMISSION TO THE CITY HEALTH SERVICES OFFICE (CHSO) OF WATER TEST RESULTS WITH POSITIVE FINDINGS FROM ALL WATER TESTING FACILITIES.
2024	047-2024	AUTHORIZING SUPPLEMENTAL BUDGET NO. 3 IN THE TOTAL AMOUNT OF EIGHTEEN MILLION TWO HUNDRED TWENTY-THREE THOUSAND NINE HUNDRED PESOS (P18,223,900.00) FROM THE REVERSION OF UNEXPENDED OBLIGATIONS IN THE CALENDAR YEAR 2022 TO THE SURPLUS ACCOUNT OF THE GENERAL FUND.
2024	048-2024	CHANGING THE PROJECT TITLE, 'COMPLETE STREET AND ROAD DEVELOPMENT OF CARANTES STREET AND E. JACINTO STREET' UNDER THE 2024 ANNUAL INVESTMENT PLAN AMOUNTING TO P20,000,000.00 TO 'COMPLETE STREET AND ROAD DEVELOPMENT OF E. JACINTO STREET AND PERFECTO STREET' IN THE CITY OF BAGUIO.
2024	049-2024	APPROVING THE REQUEST FOR AUTHORITY TO CHARGE THE AMOUNT OF P6,129.01 AGAINST THE 2024 CURRENT APPROPRIATIONS OF THE CITY VETERINARY AND AGRICULTURE OFFICE (CVAO) UNDER ACCOUNT CODE 5-02-04-020 (ELECTRICITY EXPENSES) FOR THE PAYMENT OF UNPAID ELECTRICITY CONSUMPTION UNDER ACCOUNT NUMBER 4112-1053-06 OF BENECO ELECTRIC BILL FOR THE PERIOD 19 JANUARY 2023 TO 21 DECEMBER 2023 IN THE OPERATION OF THE SHARED SERVICE FACILITY - MEAT PROCESSING CENTER AT SLAUGHTERHOUSE COMPOUND, BAGUIO CITY.
2024	050-2024	AN ORDINANCE APPROPRIATING FUNDS FOR MEDICAL ALLOWANCE IN AN AMOUNT NOT EXCEEDING SEVEN THOUSAND PESOS (P7,000.00) EACH PER ANNUM TO ALL QUALIFIED GOVERNMENT OFFICIALS AND EMPLOYEES OF THE CITY GOVERNMENT OF BAGUIO AS A SUBSIDY FOR THE AVAILMENT OF HEALTH MAINTENANCE ORGANIZATION (HMO)-TYPE BENEFITS BEGINNING FISCAL YEAR 2025 IN ACCORDANCE WITH SECTION 7 OF EXECUTIVE ORDER NO. 64, SERIES OF 2024.
2024	051-2024	APPROVING THE REQUEST FOR AUTHORITY TO CHARGE THE AMOUNT OF P188,808.90 AGAINST THE 2024 CURRENT APPROPRIATIONS OF THE BURNHAM PARK OFFICE UNDER ACCOUNT CODE 5-02-04-020 (ELECTRICITY EXPENSES) FOR THE PAYMENT OF THE RENTAL COST OF THREE (3) DISTRIBUTION TRANSFORMERS INSTALLED AND ENERGIZED BY THE BENGUET ELECTRIC COOPERATIVE, INC. (BENECO) AT THE ROSE GARDEN ON 29 NOVEMBER 2023 WHICH SUPPLIED THE TEMPORARY POWER REQUIREMENTS OF THE CITY'S ACTIVITY ENTITLED 'AN ENCHANTING BAGUIO CHRISTMAS' IN DECEMBER 2023.
2024	052-2024	APPROVING THE REQUESTS OF WALTRIX PRODUCTIONS AND DMC ENTERTAINMENT PRODUCTION MANAGEMENT FOR SUPPORT ON THE WAIVER OF AMUSEMENT TAX, WAIVER OF FEES FOR INSTALLATION OF MARKETING COLLATERAL MATERIALS, AND ISSUANCE OF A SPECIAL PERMIT FOR THE CONDUCT OF THE CONCERT OF THE BRITISH SINGER CHLOE FOSTON TO DO THE CARPENTERS REBORN TRIBUTE SHOW WITH HER BAND FROM GLASGLOW, ENGLAND ON 22 SEPTEMBER 2024 AT THE UNIVERSITY OF BAGUIO CARDINALS GYM.
2024	053-2024	APPROVING THE REQUEST FOR ADDITIONAL FUNDING FOR THE SPORTS FUND IN THE AMOUNT OF TWELVE MILLION PESOS (P12,000,000.00) TO BE USED IN PREPARATION FOR THE PARTICIPATION OF THE ATHLETES OF THE CITY OF BAGUIO IN THE ANNUAL GRASSROOTS PROGRAM OF THE PHILIPPINE SPORTS COMMISSION (PSC)-PHILIPPINE YOUTH GAMES 'BATANG PINOY' NATIONAL CHAMPIONSHIPS 2024 FROM 23 TO 28 NOVEMBER 2024 IN PUERTO PRINCESA, PALAWAN, SUBJECT TO AVAILABILITY OF FUNDS.
2024	054-2024	AN ORDINANCE INSTITUTIONALIZING THE LOCAL SEARCH FOR THE NATATANGING PAMILYANG PILIPINO (NPP) PROGRAM IN THE CITY OF BAGUIO.
2024	055-2024	AN ORDINANCE INCREASING THE SUBSIDY TO BARANGAYS IN THE CITY OF BAGUIO.
2024	056-2024	APPROVING THE REQUEST OF THE HOTEL AND RESTAURANT ASSOCIATION OF BAGUIO (HRAB) FOR TAX EXEMPTIONS FOR THE DOOR TICKETS (ENTRANCE FEES) OF ITS 'ANNUAL HOTEL AND RESTAURANT TOURISM WEEK' AND FOR THE MR. & MS. HRAB COMPETITION.
2024	057-2024	AUTHORIZING SUPPLEMENTAL BUDGET NO. 4 AMOUNTING TO P66,186,000.00 FOR VARIOUS PROJECTS INCLUDING PROCUREMENT OF A BACKHOE LOADER, MANLIFT BOOM TRUCK, TANKER FIRE TRUCK, A WOOD CHIPPER, AND THE ENCLOSURE OF KIAS BARANGAY COVERED COURT.
2024	058-2024	AN ORDINANCE INSTITUTIONALIZING THE CREATION OF THE BAGUIO CITY MICRO, SMALL AND MEDIUM ENTERPRISES DEVELOPMENT COUNCIL (MSMEDC).
2024	059-2024	AMENDING THE PROVISIONS OF ORDINANCE NUMBERED 07, SERIES OF 2022 [AN ORDINANCE INSTITUTIONALIZING THE GAWAD LINGAP PROGRAM (GLP) IN THE CITY OF BAGUIO FOR PUBLIC ELEMENTARY AND SECONDARY STUDENTS, AND PROVIDING FUNDS HEREOF].
2024	060-2024	AN ORDINANCE PROVIDING FOR THE REVISED GUIDELINES FOR IMPLEMENTATION OF ASSISTANCE TO INDIVIDUALS IN CRISIS SITUATIONS (AICS) IN THE CITY OF BAGUIO, AND AMENDING IN ITS ENTIRETY ORDINANCE NUMBERED 16, SERIES OF 2019 [PROVIDING GUIDELINES FOR THE IMPLEMENTATION OF ASSISTANCE TO INDIVIDUALS IN CRISIS SITUATIONS IN THE CITY OF BAGUIO].
2024	060-2024	AN ORDINANCE PROVIDING FOR THE REVISED GUIDELINES FOR IMPLEMENTATION OF ASSISTANCE TO INDIVIDUALS IN CRISIS SITUATIONS (AICS) IN THE CITY OF BAGUIO, AND AMENDING IN ITS ENTIRETY ORDINANCE NUMBERED 16, SERIES OF 2019 [PROVIDING GUIDELINES FOR THE IMPLEMENTATION OF ASSISTANCE TO INDIVIDUALS IN CRISIS SITUATIONS IN THE CITY OF BAGUIO].
2024	061-2024	AN ORDINANCE ESTABLISHING THE BAGUIO CITY INTEGRATED CANCER CONTROL PROGRAM.
2024	062-2024	AN ORDINANCE CREATING THE 'BAGUIO CITY MEN OPPOSED TO VIOLENCE AGAINST WOMEN EVERYWHERE (MOVE) ORGANIZATION', APPROPRIATING FUNDS THEREOF AND FOR OTHER PURPOSES.
2024	063-2024	AN ORDINANCE ON THE ROLLOUT OF THE TRAINING ON THE FORMULATION OF COMPREHENSIVE LOCAL JUVENILE INTERVENTION PROGRAM (CLJIP) AND CHILD RIGHTS-BASED LOCAL ORDINANCES AND PROVIDING FUNDS FOR THE PURPOSE.
2024	064-2024	AUTHORIZING SUPPLEMENTAL BUDGET NO. 5 IN THE TOTAL AMOUNT OF SEVENTEEN MILLION PESOS (P17,000,000.00) FOR THE FUNDING OF THE EXPENSES OF BATANG PINOY DELEGATES/PARTICIPANTS.
2024	065-2024	APPROVING THE REQUEST FOR TAX EXEMPTION FOR THE SPECIAL PERMITS OF THE PARENT-TEACHER ASSOCIATION (PTA) OF BRENT INTERNATIONAL SCHOOL FROM ALL KINDS OF FEES IN THE CONDUCT OF THEIR CHARITABLE 'SHOPPER'S DAY' EVENT TO BE HELD ON 23 NOVEMBER 2024 AT THE BRENT INTERNATIONAL SCHOOL BAGUIO GYM.
2024	066-2024	AUTHORIZING SUPPLEMENTAL BUDGET NO. 6 AMOUNTING TO P49,830,000.00 FOR VARIOUS PROJECTS INCLUDING PALARONG PAMBARANGAY, NUTRITION AND MENTAL HEALTH PROJECTS, AND VARIOUS INFRASTRUCTURE PROJECTS.
2024	067-2024	GRANTING FINANCIAL ASSISTANCE IN THE AMOUNT OF ONE MILLION PESOS (P1,000,000.00) FROM THE 2024 CURRENT APPROPRIATIONS UNDER THE CITY DISASTER RISK REDUCTION AND MANAGEMENT QUICK RESPONSE FUND OF THE CITY GOVERNMENT OF BAGUIO TO THE PROVINCE OF BATANES WHICH WAS DECLARED UNDER THE STATE OF CALAMITY DUE TO THE MASSIVE DEVASTATION BROUGHT BY TYPHOON JULIAN.
2024	068-2025	AUTHORIZING SUPPLEMENTAL BUDGET NO. 7 IN THE TOTAL AMOUNT OF ONE MILLION FIVE HUNDRED SEVENTY-THREE THOUSAND PESOS (₱1,573,000.00) FOR THE 'PAYMENT OF ESTIMATED BACK WAGES OF ATTY. AUGUSTIN P. LABAN III' APPROVED IN THE 5TH SUPPLEMENTAL ANNUAL INVESTMENT PROGRAMS (SAIP) FOR FISCAL YEAR 2024 OF THE CITY GOVERNMENT OF BAGUIO UNDER RESOLUTION NUMBERED 649, SERIES OF 2024.
2024	069-2024	APPROVING THE REQUEST FOR AUTHORITY TO CHARGE THE AMOUNT OF P97,147.46 AGAINST THE 2024 CURRENT APPROPRIATIONS OF THE CITY BUILDINGS AND ARCHITECTURE OFFICE (CBAO) EARMARKED FOR POSITIONS THAT REMAIN UNFILLED FOR THE PAYMENT OF MONETARY CLAIMS OF MS. MARIA JOENAH CATACUTAN, FORMER ADMINISTRATIVE AIDE VI (CASH CLERK II), WHO RESIGNED FROM GOVERNMENT SERVICE EFFECTIVE 14 AUGUST 2023 OF THE SAID OFFICE.
2024	070-2024	AMENDING SECTION 6 OF ORDINANCE NUMBERED 55, SERIES OF 2017 [ANTI-COLORUM ORDINANCE OF THE CITY OF BAGUIO].
2024	071-2024	AUTHORIZING SUPPLEMENTAL BUDGET NO. 8 IN THE TOTAL AMOUNT OF FIVE HUNDRED THOUSAND PESOS (P500,000.00) FOR THE FUNDING OF THE PROJECT 'CONTINUATION ON DEVELOPMENT OF LIVELIHOOD CENTER LOCATED AT THE 1ST BASEMENT OF THE MULTI-PURPOSE BLDG. (PARKING STRUCTURE) OF LEONILA HILL (WEST BAYAN PARK) BARANGAY', APPROVED IN THE 5TH SUPPLEMENTAL ANNUAL INVESTMENT PROGRAMS (SAIP) FOR FISCAL YEAR 2024 OF THE CITY GOVERNMENT OF BAGUIO UNDER RESOLUTION NUMBERED 649, SERIES OF 2024.
2024	072-2024	AUTHORIZING THE ANNUAL BUDGET OF THE CITY GOVERNMENT OF BAGUIO FOR FISCAL YEAR 2025 IN THE TOTAL AMOUNT OF THREE BILLION SIX HUNDRED NINETY-TWO THOUSAND PESOS (P3,000,692,000.00) COVERING THE VARIOUS EXPENDITURES FOR THE OPERATION OF THE CITY GOVERNMENT OF BAGUIO AND APPROPRIATING THE NECESSARY FUNDS FOR THE PURPOSE.
2024	073-2024	AUTHORIZING SUPPLEMENTAL BUDGET NO. 9 IN THE TOTAL AMOUNT OF TEN MILLION PESOS (P10,000,000.00) FOR THE FUNDING OF THE PROJECT 'LAND BANKING PURCHASE OF LOT ADJACENT TO THE ASIN DISTRICT HEALTH CENTER (ADDITIONAL FUNDING)', APPROVED IN THE 4TH SUPPLEMENTAL ANNUAL INVESTMENT PROGRAM (SAIP) FOR FISCAL YEAR 2024 OF THE CITY GOVERNMENT OF BAGUIO UNDER RESOLUTION NUMBERED 495, SERIES OF 2024.
2024	074-2024	APPROVING THE REQUEST OF HAPPY HOMES OLD LUCBAN BARANGAY, BAGUIO CITY FOR THE CLOSURE OF THE RIGHT SIDE OF THE ROAD, SPECIFICALLY IN PUROK 3, BENITEZ AREA TO CALANGO FRONTAGE, AT HAPPY HOMES OLD LUCBAN BARANGAY, BAGUIO CITY, FROM 01 DECEMBER 2024 AT 10:00 IN THE MORNING UNTIL 19 DECEMBER 2024 AT 5:00 IN THE AFTERNOON FOR THE CONDUCT OF THEIR BARANGAY COMMUNITY GARAGE SALE.
2024	075-2024	APPROVING THE REQUEST OF HAPPY HOMES OLD LUCBAN BARANGAY FOR THE CLOSURE OF THE RIGHT SIDE OF THE ROAD, SPECIFICALLY IN PUROK 3, RODRIGUEZ AREA TO CALANGO FRONTAGE, AT HAPPY HOMES OLD LUCBAN BARANGAY, BAGUIO CITY, FROM 20 DECEMBER 2024 (FRIDAY) AT 10:00 IN THE MORNING UNTIL 21 DECEMBER 2024 (SATURDAY) AT 11:59 IN THE EVENING FOR THE CONDUCT OF THEIR BARANGAY CHRISTMAS CELEBRATION 2024.
2024	076-2024	APPROVING THE REQUEST FOR A FIFTY PERCENT (50%) DISCOUNT ON THE MONTHLY KWARTAS OF THE TEMPORARY RELOCATED OCCUPANTS OF THE SECOND AND THIRD FLOOR OF THE RILLERA BUILDING, BAGUIO CITY PUBLIC MARKET, UNTIL A TAX ORDINANCE IS CRAFTED FOR THE AUTHORIZED RATE FOR THE FEES.
2024	077-2024	FURTHER AMENDING SECTION 27, CHAPTER VI OF TAX ORDINANCE NUMBERED 2000-001, AS AMENDED BY TAX ORDINANCE NUMBERED 2003-05, SPECIFICALLY, THOSE SERVICES BEING PROVIDED BY THE CITY HEALTH SERVICES OFFICE (CHSO).
2024	078-2024	AN ORDINANCE PROTECTING THE RIGHTS AND FUNDAMENTAL FREEDOMS OF HUMAN RIGHTS DEFENDERS OPERATING IN THE CITY OF BAGUIO, ESTABLISHING PROTECTIVE MECHANISMS, AND APPROPRIATING FUNDS FOR THE PURPOSE.
2024	079-2024	AMENDING CERTAIN PROVISIONS OF ORDINANCE NUMBERED 71, SERIES OF 2012 [THE BAGUIO CITY INVESTMENTS AND INCENTIVES CODE (BCIIC) [AMENDING ORDINANCE NUMBERED 35, SERIES OF 2008]].
2024	080-2024	AUTHORIZING A SUPPLEMENTAL BUDGET NO. 11 IN THE TOTAL AMOUNT OF TWENTY-SEVEN MILLION EIGHT HUNDRED THIRTY-TWO THOUSAND NINE HUNDRED EIGHTY-ONE PESOS (₱27,832,981.00) FOR THE FUNDING OF VARIOUS PROGRAMS, PROJECTS, AND ACTIVITIES IDENTIFIED IN THE APPROVED SIXTH (6TH) SUPPLEMENTAL ANNUAL INVESTMENT PROGRAM FOR CALENDAR YEAR 2024 OF THE CITY GOVERNMENT OF BAGUIO.
2024	081-2024	AUTHORIZING A SUPPLEMENTAL BUDGET NO. 11 IN THE TOTAL AMOUNT OF TWENTY-SEVEN MILLION EIGHT HUNDRED THIRTY-TWO THOUSAND NINE HUNDRED EIGHTY-ONE PESOS (₱27,832,981.00) FOR THE FUNDING OF VARIOUS PROGRAMS, PROJECTS, AND ACTIVITIES IDENTIFIED IN THE APPROVED SIXTH (6TH) SUPPLEMENTAL ANNUAL INVESTMENT PROGRAM FOR CALENDAR YEAR 2024 OF THE CITY GOVERNMENT OF BAGUIO.
2024	082-2025	AUTHORIZING SUPPLEMENTAL BUDGET NO. 12 IN THE AMOUNT OF SIX MILLION TWO HUNDRED THOUSAND PESOS (₱6,200,000.00) FOR THE PROJECT 'PROMOTIONAL AND/OR INFORMATIONAL SIGNAGE AT TOURISM SITES IN BAGUIO CITY', APPROVED IN THE 5TH SUPPLEMENTAL ANNUAL INVESTMENT PROGRAMS (SAIP) FOR FISCAL YEAR 2024 OF THE CITY GOVERNMENT OF BAGUIO UNDER RESOLUTION NUMBERED 687, SERIES OF 2024.
2024	083-2024	GRANTING FINANCIAL ASSISTANCE IN THE AMOUNT OF FIVE HUNDRED THOUSAND PESOS (P500,000.00) FROM THE 2024 CURRENT APPROPRIATIONS UNDER THE CITY DISASTER RISK REDUCTION AND MANAGEMENT QUICK RESPONSE FUND OF THE CITY GOVERNMENT OF BAGUIO TO THE PROVINCE OF NEGROS OCCIDENTAL, WHICH WAS DECLARED UNDER THE STATE OF CALAMITY DUE TO THE MASSIVE DEVASTATION BROUGHT BY THE ERUPTION OF MOUNT KANLAON.
2024	084-2024	APPROVING THE REQUEST FOR AUTHORITY TO CHARGE THE AMOUNT OF P20,000.00 AGAINST THE 2024 CURRENT APPROPRIATIONS OF THE CITY MAYOR'S OFFICE UNDER ACCOUNT CODE 5-01-01-010 (SALARIES AND WAGES-REGULAR) FOR THE PAYMENT OF TERMINAL LEAVE BENEFITS OF MR. CJ C. MARZAN, FORMER SECURITY AGENT I (PRIMARILY CONFIDENTIAL) OF THE SAID OFFICE.
2024	085-2024	APPROVING THE REQUEST FOR AUTHORITY TO CHARGE THE AMOUNT OF P37,809.82 AGAINST THE 2024 CURRENT APPROPRIATIONS OF THE CITY MAYOR'S OFFICE (CMO) UNDER ACCOUNT CODE 5-02-13-060 (REPAIR AND MAINTENANCE - TRANSPORTATION EQUIPMENT) FOR THE PAYMENT OF THE REPAIR AND COST OF THE BATTERY OF THEIR OFFICE SERVICE VEHICLE BEARING WITH PLATE NUMBER SJV 133 TO SETTLE THEIR OBLIGATION WITH DILTEX MART.
2024	086-2024	APPROVING THE REQUEST FOR AUTHORITY TO CHARGE THE AMOUNT OF P6,274,354.22 AGAINST THE CONTINUING APPROPRIATIONS OF THE OFFICE OF THE SANGGUNIANG PANLUNGSOD (SP) UNDER ACCOUNT CODE 1-07-06-010 (MOTOR VEHICLES) FOR THE PURCHASE OF TWO (2) ADDITIONAL OFFICE PASSENGER VEHICLES.
2024	087-2024	AUTHORIZING SUPPLEMENTAL BUDGET NO. 13 IN THE TOTAL AMOUNT OF ONE HUNDRED-TWENTY MILLION PESOS (P120,000,000.00) APPROVED IN THE 2ND SUPPLEMENTAL INVESTMENT PROGRAM (SAIP) FOR FISCAL YEAR 2024 FOR THE FUNDING OF THE PROJECT 'IMPROVEMENT/UPGRADING/REHABILITATION OF THE BAGUIO ATHLETIC BOWL' APPROVED UNDER RESOLUTION NUMBERED 476, SERIES OF 2024.
2025	001-2025	GRANTING FINANCIAL ASSISTANCE IN THE AMOUNT OF THREE HUNDRED THOUSAND PESOS (P300,000.00) FROM THE 2025 CURRENT APPROPRIATIONS UNDER THE CITY DISASTER RISK REDUCTION AND MANAGEMENT QUICK RESPONSE FUND OF THE CITY GOVERNMENT OF BAGUIO TO THE CAMP 6 BARANGAY OF THE MUNICIPALITY OF TUBA, BENGUET TO AID IN THEIR RECOVERY AND REHABILITATION EFFORTS FOLLOWING THE DESTRUCTION BROUGHT ABOUT BY STRUCTURAL FIRE WHICH AFFECTED MULTIPLE FAMILIES.
2025	002-2025	APPROVING THE REQUESTS OF WALTRIX PRODUCTIONS FOR SUPPORT ON THE WAIVER OF AMUSEMENT TA, WAIVER OF FEES FOR INSTALLATION OF MARKETING COLLATERAL MATERIALS, AND ISSUANCE OF A SPECIAL PERMIT FOR THE CONDUCT OF THEIR EVENT 'MAKI-CONCERT' SERIES ON 24 JANUARY 2025 (FRIDAY) AT THE UNIVERSITY OF BAGUIO CARDINALS GYM.
2025	003-2025	AN ORDINANCE ALLOCATING THE SPACES IN FRONT OF THE PHILIPPINE NATIONAL RED CROSS - BAGUIO CITY CHAPTER OFFICE BUILDING ALONG HARRISON ROAD FOR PARKING/ENTRY/EXIT OF ITS AMBULANCE UNITS AND CLIENTS AVAILING OF ITS SERVICES.
2025	004-2025	AN ORDINANCE APPROVING THE TEMPORARY CLOSURE AND USE OF VARIOUS ROADS AND THE RE-ROUTING OF VICTORY LINER BUSES AND OTHER BUS LINES FOR THE CELEBRATION OF THE BAGUIO FLOWER FESTIVAL: PANAGBENGA 2025, SUBJECT TO CONDITIONS.
2025	005-2025	AN ORDINANCE GRANTING A THIRTY PERCENT (30%) DISCOUNT ON THE RENTAL OF THE BAGUIO CONVENTION AND CULTURAL CENTER (BCCC), INCLUDING THE USE OF LIGHTS, SOUND SYSTEM, FULL LED WALL, STAGE, TABLES, AND CHAIRS FOR THE EVENT TITLED 'FIF PHILIPPINES 2ND NELSON TOTANES CLASSIC 2025' BY CHARLOTTE TIBAWEN, ASSISTANT HEAD LUZON OF THE FITNESS INTERNATIONAL FEDERATION (FIF), TO BE HELD ON 26 APRIL 2025 IN THE CITY OF BAGUIO, PROVIDED THAT THE CITY GOVERNMENT OF BAGUIO SHALL BE A CO-HOST TO THE SAID EVENT.
2025	006-2025	AMENDING CERTAIN PROVISIONS OF ORDINANCE NUMBERED 29, SERIES OF 2021 [PROVIDING FOR A MENTAL HEALTH CARE AND DEVELOPMENTAL WELLNESS PROGRAM FOR THE CITY OF BAGUIO AND APPROPRIATING FUNDS THEREOF] AND INSERTING SECTIONS 18.A. (PENALTIES) AND 18.B. THEREIN.
2025	007-2025	AN ORDINANCE SIMPLIFYING THE REQUIREMENTS FOR THE ISSUANCE OF CERTIFICATES OF FINAL ELECTRICAL INSPECTION (CFEI) OR CERTIFICATES OF ELECTRICAL INSPECTION (CEI) BY THE CITY GOVERNMENT OF BAGUIO THROUGH THE CITY BUILDING OFFICIAL FOR INDEPENDENT ELECTRICAL SERVICE CONNECTIONS IN RESIDENTIAL STRUCTURES IN THE CITY OF BAGUIO.
2025	008-2025	APPROVING THE REQUEST FOR AUTHORITY TO CHARGE THE AMOUNT OF P12,585.00 AGAINST THE 2025 CURRENT APPROPRIATIONS OF THE CITY BUILDINGS AND ARCHITECTURE OFFICE (CBAO) UNDER ACCOUNT CODE 5-02-99-990 (OTHER MAINTENANCE AND OPERATING EXPENSES) FOR THE PAYMENT OF THE COST OF ELECTRICAL MATERIALS USED IN THE CHRISTMAS VILLAGE 2021.
2025	009-2025	APPROVING THE REQUEST FOR AUTHORITY TO CHARGE THE AMOUNT OF P50,167.18 AGAINST THE 2025 CURRENT APPROPRIATIONS OF THE CITY SOCIAL WELFARE AND DEVELOPMENT OFFICE (CSWDO) UNDER ACCOUNT CODE 5-01-01-010 (SALARIES AND WAGES-REGULAR) FOR THE PAYMENT OF TERMINAL BENEFIT OF MS. MARLENE N. EROT, FORMER SOCIAL WELFARE AIDE OF THE SAID OFFICE WHO RETIRED FROM SERVICE EFFECTIVE 31 OCTOBER 2024.
2025	010-2025	THE CONSOLIDATED ANTI-MOSQUITO-BORNE DISEASES ORDINANCE OF THE CITY OF BAGUIO.
2025	011-2025	REALIGNING THE AMOUNT OF P9,986,000.00 FROM THE PROJECT 'ENCLOSURE OF KIAS BARANGAY COVERED COURT AND CONSTRUCTION OF OTHER AMENITIES SO THAT IT CAN BE USED AS AN EVACUATION CENTER OF THE BARANGAY' FUNDED FROM VARIOUS PROJECTS UNDER THE 2020 ANNUAL INVESTMENT PLAN TO 'CONSTRUCTION OF AN EVACUATION CENTER COMPLETE WITH AMENITIES BESIDE THE KIAS COVERED COURT' AT KIAS BARANGAY, BAGUIO CITY.
2025	012-2025	APPROVING THE REQUEST FOR EXEMPTION FROM GOVERNMENT FEES AND TAXES ASSOCIATED WITH THE USE OF AN AREA ALONG SESSION ROAD DURING THE PANAGBENGA 2025 FESTIVAL FOR THE PERIOD 24 TO 28 FEBRUARY 2025 AND 01 TO 02 MARCH 2025 TO CONDUCT INITIATIVES DEDICATED TO PUBLIC HEALTH AND WELFARE ON TOPICS ON HIV, MENTAL HEALTH, SMOKE-FREE PRACTICES, AND INFORMATION, EDUCATION, AND COMMUNICATION (IEC) PROMOTION TO RAISE AWARENESS AND PROVIDE ESSENTIAL SERVICES TO THE COMMUNITY.
2025	014-2025	APPROVING THE REQUEST FOR AUTHORITY TO CHARGE THE AMOUNT OF P22,000.00 AGAINST THE 2025 CURRENT APPROPRIATIONS OF THE CITY MAYOR'S OFFICE UNDER ACCOUNT CODE 5-01-04-030 (TERMINAL LEAVE BENEFITS) FOR THE PAYMENT OF TERMINAL BENEFIT OF MS. JANET C. AGUIRRE, FORMER LICENSING OFFICER II OF THE PERMITS AND LICENSING DIVISION, CITY MAYOR'S OFFICE (PLD-CMO).
2025	015-2025	APPROVING THE REQUEST FOR AUTHORITY TO CHARGE THE AMOUNT OF P18,632.00 AGAINST THE 2025 CURRENT APPROPRIATIONS OF THE CITY MAYOR'S OFFICE UNDER ACCOUNT CODE 5-02-10-030 (EXTRAORDINARY AND MISCELLANEOUS EXPENSES) FOR THE PAYMENT OF THE COST INCURRED BY PUNONG BARANGAY LEVY LLOYD B. ORCALES OF SOUTH CENTRAL AURORA HILL BARANGAY, BAGUIO CITY, AS THE OFFICIAL REPRESENTATIVE OF THE CITY GOVERNMENT OF BAGUIO THROUGH THE CITY PLANNING, DEVELOPMENT AND SUSTAINABILITY OFFICE (CPDSO), DURING HIS OFFICIAL PARTICIPATION IN THE SDG HOUSING AND SUSTAINABILITY FORUM HELD ON 02 TO 10 NOVEMBER 2024 IN CAIRO, EGYPT.
2025	016-2025	AN ORDINANCE GRANTING RELIEF ON SURCHARGES AND INTERESTS ON LOCAL TRANSFER TAX ON REAL PROPERTY IN THE CITY OF BAGUIO.
2025	017-2025	AN ORDINANCE INVITING THE RESIDENTS OF BAGUIO CITY, LA TRINIDAD, ITOGON, SABLAN, TUBA, AND TUBLAY (BLISTT) TO THE BAGUIO BOTANICAL GARDEN FROM 20 MARCH 2025 TO 20 APRIL 2025 FOR FREE VISITS AS A POST-PANAGBENGA GESTURE OF GRATITUDE OF THE CITY GOVERNMENT OF BAGUIO.
2025	018-2025	APPROVING THE USE OF MALCOLM SQUARE AS THE OFFICIAL VENUE FOR THE LABOR DAY KADIWA FARMERS' MARKET 2025 FROM 30 APRIL 2025 TO 04 MAY 2025 AND WAIVING THE RENTAL FEES, AS WELL AS THE FEES LEVIED FOR THE USE OF ELECTRICITY AND SPECIAL PERMITS.
2025	019-2025	AN ORDINANCE SETTING A ONE-WAY TRAFFIC SCHEME AT TORRES BUGALLON STREET, WEST MODERNSITE BARANGAY, BAGUIO CITY, DURING THE IMPLEMENTATION OF THE PROJECT 'BASIC INFRASTRUCTURE PROGRAM (BIP)-CONSTRUCTION OF ROAD, TORRES BUGALLON ROAD, BARANGAY WEST MODERNSITE, BAGUIO CITY' UNTIL ITS COMPLETION.
2025	020-2025	APPROVING THE REQUEST OF HAPPY HOMES OLD LUCBAN BARANGAY COUNCIL FOR THE CLOSURE OF THE RIGHT SIDE OF THE ROAD, SPECIFICALLY IN PUROK 3, BENITEZ AREA TO CALANGO FRONTAGE, AT HAPPY HOMES OLD LUCBAN BARANGAY, BAGUIO CITY, FROM 24 MARCH 2025 AT 9:00 IN THE MORNING UNTIL 31 MARCH 2025 AT 5:00 IN THE AFTERNOON FOR THE CONDUCT OF THE LIVELIHOOD ACTIVITY OF WOMEN'S ORGANIZATION IN THE BARANGAY IN CELEBRATION OF WOMEN'S MONTH.
2025	021-2025	AN ORDINANCE WAIVING THE EIGHTY PERCENT (80%) SHARE FROM THE ADMINISTRATIVE FINE IMPOSED UNDER PRESIDENTIAL DECREE NO. 1096 ON BUILDINGS CONSTRUCTED WITHOUT PERMITS PRIOR TO THE EFFECTIVITY OF SAID DECREE AND THE REVISED IMPLEMENTING RULES AND REGULATIONS IN 2005 AND FOR OTHER PURPOSES.
2025	022-2025	APPROVING THE REQUEST FOR AUTHORITY TO CHARGE THE AMOUNT OF P4,500.00 AGAINST THE 2025 CURRENT APPROPRIATIONS OF THE CITY HUMAN RESOURCE MANAGEMENT OFFICE (CHRMO) UNDER ACCOUNT CODE 5-02-03-990 (OTHER SUPPLIES AND MATERIALS EXPENSES) FOR THE PAYMENT OF THE SUPPLY OF PLAQUES PROCURED FROM PINDER AND ART DESIGN STUDIO UNDER PURCHASE ORDER NO. 335.
2025	023-2025	APPROVING THE REQUEST FOR AUTHORITY TO CHARGE THE AMOUNT OF P82,882.73 AGAINST THE 2025 CURRENT APPROPRIATIONS OF THE CITY BUILDINGS AND ARCHITECTURE OFFICE (CBAO) UNDER ACCOUNT CODE 5-01-01-010 (SALARIES AND WAGES-REGULAR) ON THE SALARY SAVINGS EARMARKED FOR POSITIONS THAT REMAIN UNFILLED OF THE SAID OFFICE FOR THE PAYMENT OF OVERTIME PAY FOR THE MONTH OF NOVEMBER 2024.
2025	024-2025	APPROVING THE REQUEST FOR AUTHORITY TO CHARGE THE TOTAL AMOUNT OF P268.12 AGAINST THE 2025 CURRENT APPROPRIATIONS OF THE CITY VETERINARY AND AGRICULTURE OFFICE (CVAO) UNDER ACCOUNT CODES: 5-01-03-010 (GSIS PREMIUM) - P228.79; AND 5-01-03-030 (PHILHEALTH PREMIUM) - P39.33, FOR THE PAYMENT OF UNCLAIMED SALARIES AND TERMINAL LEAVE BENEFITS OF MR. JERVIN BRUCE M. CANAO AND MR. REDNER P. DAYOTAO, WHO WAS SEPARATED FROM THE CITY GOVERNMENT OF BAGUIO EFFECTIVE 31 AUGUST 2024 AND 27 AUGUST 2024, RESPECTIVELY.
2025	025-2025	AMENDING ORDINANCE NUMBERED 02, SERIES OF 2025 [APPROVING THE REQUESTS OF WALTRIX PRODUCTIONS FOR SUPPORT ON THE WAIVER OF AMUSEMENT TAX, WAIVER OF FEES FOR INSTALLATION OF MARKETING COLLATERAL MATERIALS, AND ISSUANCE OF A SPECIAL PERMIT FOR THE CONDUCT OF THEIR EVENT 'MAKI-CONCERT' SERIES ON 24 JANUARY 2025 (FRIDAY) AT THE UNIVERSITY OF BAGUIO CARDINALS GYM].
2025	026-2025	PEOPLE'S COUNCIL ORDINANCE AND PEOPLE'S PARTICIPATION IN GOVERNANCE ORDINANCE OF THE CITY OF BAGUIO, AND AMENDING ORDINANCE NUMBERED 36, SERIES OF 2018 [GOVERNING THE CONDUCT OF PARTICIPATORY LEGISLATION IN THE CITY OF BAGUIO], FOR THE PURPOSE.
2025	027-2025	INSTITUTIONALIZING THE COMMEMORATION OF GREGORIA DE JESUS, KNOWN AS THE 'LAKAMBINI NG KATIPUNAN' AND WIFE OF OUR NATIONAL HERO, ANDRES BONIFACIO, ON HER 150TH BIRTH ANNIVERSARY THIS YEAR 2025, PROVIDING PROGRAMS IN RECOGNITION OF HER SIGNIFICANT CONTRIBUTION TO PHILIPPINE HISTORY, AND APPROPRIATING FUNDS THEREFOR.
2025	028-2025	APPROVING THE REQUEST FOR AUTHORITY TO CHARGE THE TOTAL AMOUNT OF P28,233.05 AGAINST THE 2025 CURRENT APPROPRIATIONS OF THE CITY HEALTH SERVICES OFFICE (CHSO) UNDER VARIOUS PERSONNEL SERVICES (PS) ACCOUNTS FOR THE PAYMENT OF UNPAID PERSONNEL BENEFITS OF MR. RR A. DELA CRUZ, MR. JOHN GERALD B. PAGUI-EN, AND MR. MARK STEFAN M. PACIO, ALL RESIGNED EMPLOYEES OF THE SAID OFFICE.
2025	029-2025	APPROVING THE REQUEST FOR AUTHORITY TO CHARGE THE TOTAL AMOUNT OF P34,050.00 AGAINST THE 2025 CURRENT APPROPRIATIONS OF THE CITY ASSESSOR'S OFFICE UNDER ACCOUNT CODES: 5-01-01-010 (SALARIES AND WAGES REGULAR) - P9,200.00; 5-01-02-010 (PERSONAL ECONOMIC RELIEF ALLOWANCE) - P1,100.00; 5-01-02-140 (YEAR-END BONUS) - P16,900.00; 5-01-02-150 (CASH GIFT) - P5,000.00; 5-01-03-010 (RETIREMENT AND LIFE INSURANCE PREMIUM) - P1,300.00; 5-01-03-020 (PAG-IBIG CONTRIBUTIONS) - P200.00; 5-01-03-030 (PHILHEALTH CONTRIBUTIONS) - P250.00; AND 5-01-03-040 (EMPLOYEES COMPENSATION INSURANCE PREMIUMS) - P100.00, FOR THE PAYMENT OF UNPAID SALARIES AND WAGES OF MS. CECILIA C. ASPIRAS, FORMER ADMINISTRATIVE AIDE IV OF THE SAID OFFICE, WHO RETIRED FROM GOVERNMENT SERVICE EFFECTIVE 18 NOVEMBER 2024.
2025	030-2025	APPROVING THE REQUESTS OF MS. JOANNE URAGA, LINE PRODUCTION PERSONNEL OF THE CNCA PRODUCTIONS, FOR THE WAIVER OF THE AMUSEMENT TAX, WAIVER OF FEES FOR INSTALLATION OF MARKETING COLLATERAL MATERIALS, AND APPROVAL AND ISSUANCE OF SPECIAL PERMITS OF THE EVENT TJ MONTERDE 'SARILI NATING MUNDO' CONCERT ON 21 JUNE 2025 (SATURDAY) AND 22 JUNE 2025 (SUNDAY) AT THE UNIVERSITY OF BAGUIO (UB) CARDINALS GYM, BAGUIO CITY.
2025	031-2025	AN ORDINANCE EXTENDING THE FREE ACCESS TO THE BAGUIO BOTANICAL GARDEN FOR THE RESIDENTS OF BAGUIO CITY, LA TRINIDAD, ITOGON, SABLAN, TUBA, AND TUBLAY (BLISTT) FROM 21 APRIL 2025 TO 20 MAY 2025.
2025	032-2025	APPROVING THE REQUEST OF THE SAN LORENZO RUIZ PARISH, LOAKAN PROPER, BAGUIO CITY, FOR A 30% DISCOUNT ON THE RENTAL FEE OF THE VENUE FOR THEIR UPCOMING FUNDRAISING CONCERT ENTITLED 'LOVE IN 3 WORDS: A JOURNEY TOWARDS UNCONDITIONAL LOVE' SCHEDULED ON 04 MAY 2025 (SUNDAY), AT 7:00 P.M. AT THE BAGUIO CONVENTION AND CULTURAL CENTER.
2025	033-2025	APPROVING THE REQUEST OF THE MRR QUEEN OF PEACE BARANGAY COUNCIL FOR THE CLOSURE OF THE QUEEN OF PEACE ROAD AT MRR QUEEN OF PEACE BARANGAY, BAGUIO CITY, ON 03 MAY 2025 (SATURDAY) AT 1:00 IN THE AFTERNOON UNTIL 04 MAY 2025 (SUNDAY) AT 11:59 IN THE EVENING FOR THE CONDUCT OF THEIR BARANGAY FIESTA 2025 WITH THE THEME 'KULTURA AT KALIKASAN: PAGKAKAISA PARA SA KINABUKASAN'.
2025	034-2025	APPROVING THE REQUESTS OF ATTY. MARISSA J. MADRID-DACAYANAN, CO-CONVENOR, SANG-ATAN BLISTT BIKE FESTIVAL 2025, IN RELATION TO THE CONDUCT OF THE 3RD SANG-ATAN BLISTT BIKE FESTIVAL FROM 01 MAY 2025 TO JUNE 3, 2025 ACROSS VARIOUS LOCATIONS IN THE CITY OF BAGUIO.
2025	035-2025	GRANTING AUTHORITY TO MS. ROSARIO V. ALBERTO, RACE DIRECTOR, TO HOLD A FUN RUN EVENT IN BEHALF OF THE BAGUIO GENERAL HOSPITAL AND MEDICAL CENTER (BGHMC) - PHYSICAL FITNESS COMMITTEE ON 21 JUNE 2025 (SATURDAY) AT 5:00 IN THE MORNING, SUBJECT TO CONDITIONS.
2025	036-2025	APPROVING THE REQUEST FOR AUTHORITY TO CHARGE THE AMOUNT OF P19,000.00 AGAINST THE 2025 CURRENT APPROPRIATIONS OF THE CITY MAYOR'S OFFICE - EARLY WARNING AND SURVEILLANCE SYSTEM UNDER ACCOUNT CODE 5-01-01-020 (SALARIES AND WAGES-CASUAL/CONTRACTUAL) FOR THE PAYMENT OF THE TERMINAL LEAVE BENEFIT OF AMIEL JOHN B. FLORES, FORMER CASUAL EMPLOYEE OF THE SAID OFFICE WHO RESIGNED IN DECEMBER 2024.
2025	037-2025	AN ORDINANCE INSTITUTIONALIZING THE MARKET ENCOUNTER AS AN OPENING ACTIVITY EVERY FIRST SUNDAY OF OCTOBER OF EVERY YEAR IN CELEBRATION OF THE COOPERATIVE MONTH IN THE CITY OF BAGUIO TO PROVIDE AN OPPORTUNITY FOR COOPERATIVES TO SHOWCASE THEIR PRODUCTS AND SERVICES.
2025	038-2025	AN ORDINANCE INSTITUTIONALIZING THE WOMEN OFFICIALS FOR-A-DAY (WOFAD) IN THE BARANGAYS AND IN THE EXECUTIVE AND LEGISLATIVE OFFICES OF THE CITY GOVERNMENT OF BAGUIO AS PART OF THE CELEBRATION OF WOMEN'S MONTH IN MARCH OF EVERY YEAR IN THE CITY OF BAGUIO.
2025	039-2025	FURTHER AMENDING SECTIONS 3, 7, AND 9 OF ORDINANCE NUMBERED 116, SERIES OF 2019 [AN ORDINANCE PROVIDING FOR THE CITY GOVERNMENT OF BAGUIO COLLEGE EDUCATION FINANCIAL ASSISTANCE/GRANT PROGRAM TO STUDENTS, PROVIDING FUNDS THEREFOR AND FOR OTHER PURPOSES], AS AMENDED BY ORDINANCE NUMBERED 45, SERIES OF 2023 [AMENDING SECTIONS 3, 7, AND 9 OF ORDINANCE NUMBERED 116, SERIES OF 2019].
2025	040-2025	AUTHORIZING SUPPLEMENTAL BUDGET NO. 1 IN THE AMOUNT OF TWENTY-FIVE MILLION PESOS (P25,000,000.00) FOR THE PROJECT 'MAHARLIKA LIVELIHOOD COMPLEX REHABILITATION AND INTERIM OPERATIONS' FOR THE OPERATIONAL BUDGET OF THE MAHARLIKA LIVELIHOOD COMPLEX FOR THE THREE (3) MONTH PERIOD, STARTING 31 MAY 2025, APPROVED UNDER RESOLUTION NUMBERED 340, SERIES OF 2025.
2025	041-2025	AMENDING SECTION 4 OF ORDINANCE NUMBERED 02, SERIES OF 2022 [AN ORDINANCE INSTITUTIONALIZING THE SALENG (PINE TREE) FESTIVAL IN THE CITY OF BAGUIO].
2025	042-2025	AN ORDINANCE APPROVING THE BAGUIO CITY INTEGRATED TERMINAL (BCIT) PROJECT, WITH CONDITIONS.
2025	043-2025	AN ORDINANCE INSTITUTIONALIZING COMMUNITY ARTSCAPE: ADAPTED AS 'DUGAD MI': BARANGAY STORIES IN VISUAL AND PERFORMING ARTS AND OTHER FORMS OF CREATIVE EXPRESSION IN THE CITY OF BAGUIO.
2025	044-2025	APPROVING THE REQUEST FOR AUTHORITY TO CHARGE THE TOTAL AMOUNT OF FIVE HUNDRED THOUSAND PESOS (₱500,000.00) AGAINST THE 2025 CURRENT APPROPRIATIONS OF THE CITY GENERAL SERVICES OFFICE (CGSO) UNDER ACCOUNT CODE 5-02-04-020 (ELECTRICITY EXPENSES) FOR THE PAYMENT OF UNPAID ELECTRIC BILL OF VARIOUS FACILITIES OF THE CITY GOVERNMENT OF BAGUIO INCURRED IN THE YEAR 2024.
2025	045-2025	APPROVING THE REQUEST FOR AUTHORITY TO CHARGE THE AMOUNT OF ₱11,890.44 AGAINST THE 2025 CURRENT APPROPRIATIONS OF THE CITY HUMAN RESOURCE MANAGEMENT OFFICE (CHRMO) UNDER ACCOUNT CODE 5-01-04-030 (TERMINAL LEAVE BENEFITS) FOR THE PAYMENT OF THE TERMINAL BENEFIT OF MS. JOANNE L. DOMINGO, FORMER ADMINISTRATIVE ASSISTANT II OF THE SAID OFFICE.
2025	046-2025	AUTHORIZING A SUPPLEMENTAL BUDGET NO. 2 IN THE TOTAL AMOUNT OF ONE HUNDRED FOURTEEN MILLION FOUR HUNDRED SIXTY-EIGHT THOUSAND ONE HUNDRED TWENTY-FIVE PESOS (₱114,468,125.00) FOR THE FUNDING OF VARIOUS PROGRAMS, PROJECTS, AND ACTIVITIES IN ITEMS NOS. 4, 5, 6, 7, 8, 9, 10, 11, 12, 13, 14, 15, 16, 17, 18, 19, 20, 21, 22, 23, 24, 25, 26 AND 27, IDENTIFIED IN THE APPROVED FIRST (1ST) SUPPLEMENTAL ANNUAL INVESTMENT PROGRAM FOR CALENDAR YEAR 2025 OF THE CITY GOVERNMENT OF BAGUIO.
2025	047-2025	APPROVING THE REQUEST FOR AUTHORITY TO CHARGE THE AMOUNT OF ₱1,600,000.00 AGAINST THE 2025 CONTINUING APPROPRIATIONS OF THE CITY GENERAL SERVICES OFFICE (CGSO) UNDER ACCOUNT CODE 1-07-06-010 (MOTOR VEHICLE) FOR THE PURCHASE OF A UTILITY VEHICLE TO BE USED BY THE ASSET AND PROPERTY MANAGEMENT DIVISION OF THE SAID OFFICE, SUBJECT TO COMPLIANCE WITH THE REQUIREMENTS.
2025	048-2025	CHANGING THE PROJECT TITLE, 'RECOVERY OF ROAD-RIGHT-OF-WAY ALONG MAGSAYSAY AVENUE FROM LYMAN OGILBY CENTRUM BUILDING TOWARDS M. ROXAS ROAD' IN THE APPROPRIATION ORDINANCE NUMBERED 61, SERIES OF 2022, AMONG THE PRIORITIES APPROVED IN THE FIRST (1ST) SUPPLEMENTAL ANNUAL INVESTMENT PROGRAM FOR FISCAL YEAR 2022 OF THE CITY GOVERNMENT OF BAGUIO UNDER RESOLUTION NUMBERED 244, SERIES OF 2022’ AMOUNTING TO ₱3,500,000.00 TO 'RECOVERY OF ROAD-RIGHT-OF-WAY ALONG MAGSAYSAY AVENUE FROM LYMAN OGILBY CENTRUM BUILDING TOWARDS M. ROXAS ROAD (PHASE II)' IN THE CITY OF BAGUIO.
2025	049-2025	APPROVING THE REQUEST FOR AUTHORITY TO CHARGE THE AMOUNT OF ₱5,000.00 AGAINST THE 2025 CURRENT APPROPRIATIONS OF THE CITY TREASURY OFFICE (CTO) UNDER ACCOUNT CODE 5-01-01-010 (SALARIES AND WAGES-REGULAR) FOR THE PAYMENT OF AN ADDITIONAL LOYALTY AWARD TO MR. DOMINADOR O. ABELLA JR., WHO IS A 10TH-YEAR LOYALTY AWARDEE IN 2024.
2025	050-2025	APPROVING THE REQUEST FOR AUTHORITY TO CHARGE THE AMOUNT OF THIRTY THOUSAND ONE HUNDRED THIRTY-EIGHT PESOS AND 39/100 (₱30,138.39) AGAINST THE 2025 CURRENT APPROPRIATIONS OF THE CITY TREASURY OFFICE UNDER ACCOUNT CODE 5-02-04-020 (ELECTRICITY EXPENSES) FOR THE PAYMENT OF UNPAID ELECTRIC BILLS FOR THE CALENDAR YEAR 2023.
2025	051-2025	AN ORDINANCE INSTITUTIONALIZING THE 'BARANGAY PAGBASA PROGRAM' IN THE CITY OF BAGUIO, DEFINING ITS PURPOSE AND APPROPRIATING FUNDS THEREOF.
2025	052-2025	AUTHORIZING A SUPPLEMENTAL BUDGET NO. 3 IN THE TOTAL AMOUNT OF TWENTY-FOUR MILLION PESOS (₱24,000,000.00) FOR THE FUNDING OF THE VARIOUS PROGRAMS, PROJECTS, AND ACTIVITIES IN ITEMS NOS. 1, 2 AND 3, IDENTIFIED IN THE APPROVED FIRST (1ST) SUPPLEMENTAL ANNUAL INVESTMENT PROGRAM FOR CALENDAR YEAR 2025 OF THE CITY GOVERNMENT OF BAGUIO.
2025	053-2025	APPROVING THE REQUEST FOR AUTHORITY TO CHARGE THE AMOUNT OF ₱1,260,040.25 AGAINST THE 2025 CURRENT APPROPRIATIONS OF THE CITY ADMINISTRATOR'S OFFICE (CADMO) UNDER ACCOUNT CODE 5-02-04-010 (WATER EXPENSES) IN THE AMOUNT OF ₱90,040.25 AND ACCOUNT CODE 5-02-06-020 (PRIZES) IN THE AMOUNT OF ₱1,170,000.00 FOR THE PAYMENT OF THE UNPAID 2022 WATER BILLS OF THE SWIMMING POOL AND THE UNPAID INCENTIVES OF ATHLETES FOR CALENDAR YEAR 2024, RESPECTIVELY.
2025	054-2025	APPROVING THE REQUEST FOR AUTHORITY TO CHARGE THE AMOUNT OF ₱3,557.09 AGAINST THE 2025 CURRENT APPROPRIATIONS OF THE CITY PLANNING, DEVELOPMENT AND SUSTAINABILITY OFFICE (CPDSO) UNDER ACCOUNT CODE 5-02-03-090 (FUEL, OIL AND LUBRICANT EXPENSES) FOR THE PAYMENT OF THE FUEL USED ON 13 DECEMBER 2024 OF THE VEHICLE WITH PLATE NO. D2D 415 OF THE SAID OFFICE.
2025	055-2025	APPROVING THE REQUEST OF THE DEPARTMENT OF AGRICULTURE (DA) TO WAIVE THE SPECIAL PERMITS FEES FOR THE YOUNG FARMERS CHALLENGE BOOTHS DURING THE CONDUCT OF THE YOUNG FARMERS CHALLENGE BATCH 2024 NATIONAL AWARDING CEREMONY ON 17 JULY 2025 AT THE BAGUIO CONVENTION AND CULTURAL CENTER, BAGUIO CITY.
2025	056-2025	APPROVING THE REQUEST FOR AUTHORITY TO CHARGE THE AMOUNT OF P594.49 TO THE 2025 CURRENT APPROPRIATIONS OF THE MANAGEMENT INFORMATION AND TECHNOLOGY DIVISION, CITY MAYOR'S OFFICE (MITD-CMO), UNDER ACCOUNT CODE 5-02-05-030 (INTERNET SUBSCRIPTION EXPENSES) TO COVER THE UNOBLIGATED ZOOM PRO ACCOUNT EXPENSES OF MITD FOR THE PERIOD NOVEMBER 29, 2024, TO DECEMBER 28, 2024.
2025	057-2025	APPROVING THE REQUEST FOR AUTHORITY TO CHARGE THE AMOUNT OF P24,500.00 TO THE 2025 CURRENT APPROPRIATIONS OF THE CITY MAYOR'S OFFICE UNDER ACCOUNT CODE 5-02-02-010 (TRAINING EXPENSES) ON THE CULTURE AND ARTS PROGRAM FOR THE FUNDING REQUIREMENTS OF THE UNPAID MEALS SERVED TO PARTICIPANTS OF THE BAGUIO IMAGINEERS' COACHING AND WORKSHOP FOR PRODUCT DEVELOPMENT HELD ON SEPTEMBER 24 TO 25, 2024 AT THE BAGUIO CONVENTION AND CULTURAL CENTER.
2025	058-2025	APPROVING THE REQUEST TO CHARGE THE AMOUNT OF P80,000.00 AGAINST THE 2025 CURRENT APPROPRIATIONS OF THE CITY BUILDINGS AND ARCHITECTURE OFFICE (CBAO) UNDER ACCOUNT CODE 5-01-01-010 (SALARIES AND WAGES - REGULAR) EARMARKED FOR POSITIONS THAT REMAIN UNFILLED IN THE SAID OFFICE FOR THE PAYMENT OF MONETARY CLAIMS OF AR. ARSENIO GLENN MARTIN F. RILLERA, FORMER ARCHITECT II OF THE SAID OFFICE, WHO RESIGNED EFFECTIVE 14 FEBRUARY 2025.
2025	059-2025	APPROVING THE REQUEST FOR THE IMMEDIATE TEMPORARY ROAD CLOSURE ALONG SAN CARLOS HEIGHTS, PUROK 24, IRISAN BARANGAY, BAGUIO CITY, FOR THE REPAIR OF THE ERODED CRIB WALL UNTIL SUCH TIME THAT THE PROJECT IS COMPLETED.
2025	060-2025	AUTHORIZING A SUPPLEMENTAL BUDGET NO. 4 IN THE TOTAL AMOUNT OF ONE HUNDRED NINETY-THREE MILLION SEVEN HUNDRED SIXTY-SIX THOUSAND TWO HUNDRED PESOS (P193,766,200.00) FROM THE FOLLOWING SOURCES: DRRM TRUST FUND; BOTANICAL TRUST FUND; AND UNAPPROPRIATED SURPLUS, TO COVER THE VARIOUS PROGRAMS, PROJECTS, AND ACTIVITIES OF VARIOUS OFFICES UNDER THE THIRD (3RD) SUPPLEMENTAL ANNUAL INVESTMENT PROGRAM (SAIP) FOR CALENDAR YEAR 2025 OF THE CITY GOVERNMENT OF BAGUIO UNDER RESOLUTION NUMBERED 354, SERIES OF 2025, DATED 02 JUNE 2025.
2025	061-2025	APPROVING THE REQUEST FOR AUTHORITY TO CHARGE THE TOTAL AMOUNT OF FORTY-SIX THOUSAND EIGHT HUNDRED FORTY-SIX PESOS AND 30/100 (P46,846.30) AGAINST THE 2025 CURRENT APPROPRIATIONS OF THE CITY HEALTH SERVICES OFFICE (CHSO) EARMARKED FOR VARIOUS PERSONNEL SERVICES (PS) ACCOUNTS TO PAY THE VARIOUS PERSONNEL BENEFITS OF RESIGNED EMPLOYEES OF THE SAID OFFICE.
2025	062-2025	AN ORDINANCE FURTHER GRANTING SIX (6) MONTHS OF FREE ACCESS TO THE BAGUIO BOTANICAL GARDEN FOR BAGUIO CITY, LA TRINIDAD, ITOGON, SABLAN, TUBA, AND TUBLAY (BLISTT) RESIDENTS FROM 01 AUGUST 2025 TO 31 JANUARY 2026, A TESTAMENT TO COMMUNITY PARTNERSHIP AND SUSTAINABLE TOURISM.
2025	063-2025	AN ORDINANCE PROVIDING GUIDELINES FOR THE GRANT OF A CASH SUBSIDY TO ELIGIBLE SOLO PARENTS IN THE CITY OF BAGUIO.
2025	064-2025	"APPROVING THE REQUEST OF DUCK SPORTS & MUSIC PRODUCTIONS INC. FOR THE CONSIDERATION OF THE WAIVER OF AMUSEMENT TAX FOR THE CONDUCT OF THEIR EVENT ""BEN&BEN LIVE IN BAGUIO: THE TRAVELLER ACROSS DIMENSIONS TOUR"" ON 23 AND 24 AUGUST 2025 AT THE CAMP JOHN HAY CONVENTION CENTER."
2025	065-2025	AN ORDINANCE ESTABLISHING A BAGUIO CITY ANIMAL CARE AND ADOPTION CENTER, AND PROVIDING FUNDS THEREOF.
2025	066-2025	"APPROVING THE REQUEST OF THE MB SKY PRODUCTION FOR THE FREE USE OF THE BAGUIO CONVENTION AND CULTURAL CENTER (BCCC) FOR THE GRAND FINALS VENUE OF THE ""LITTLE MISS BAGUIO 2025"" AS PART OF THE BAGUIO CHARTER DAY CELEBRATION ON 13 SEPTEMBER 2025 AT 4:00 P.M., AND THE CASH PRIZES AMOUNTING TO P20,000.00 FOR THE TOP THREE (3) WINNERS."
2025	067-2025	APPROVING THE REQUEST FOR AUTHORITY TO CHARGE THE AMOUNT OF P67,547.72 AGAINST THE 2025 CURRENT APPROPRIATIONS OF THE CITY ENGINEERING OFFICE (CEO) EARMARKED FOR VARIOUS PERSONNEL SERVICES (PS) ACCOUNTS TO PAY THE PERSONNEL BENEFITS OF SEPARATED EMPLOYEES OF THE SAID OFFICE.
2025	068-2025	AN ORDINANCE GRANTING A ONE-TIME NON-EXTENDABLE RELIEF ON SURCHARGES AND INTEREST FOR DELINQUENT BUSINESS TAXPAYERS IN THE CITY OF BAGUIO.
2025	069-2025	APPROVING THE REQUEST FOR AUTHORITY TO CHARGE THE AMOUNT OF P34,600.00 AGAINST THE 2025 CURRENT APPROPRIATIONS OF THE CITY ADMINISTRATOR'S OFFICE (CADMO) UNDER ACCOUNT CODE 5-02-13-060 (REPAIR AND MAINTENANCE - TRANSPORTATION EQUIPMENT) FOR THE PAYMENT OF UNPAID EXPENSES FOR THE YEAR 2024 OF ITEMS FOR THE MAINTENANCE OF THEIR OFFICE SERVICE VEHICLE, MITSUBISHI XPANDER, 030110, UNDER PR NO. 1103.
2025	070-2025	APPROVING THE REQUEST TO WAIVE THE AMUSEMENT TAX FOR THE TICKET SELLING OF THE MISS BAGUIO 2025 PRELIMINARIES AND GRAND CORONATION NIGHT SCHEDULED ON 01 AND 06 SEPTEMBER 2025, RESPECTIVELY.
2025	071-2025	"APPROVING THE REQUEST OF THE BRENT INTERNATIONAL SCHOOL BAGUIO FOR EXEMPTION FROM PAYMENT OF TAXES DUE FOR THE FUNDRAISING ACTIVITY ""BRENT CHRISTMAS BAZAAR"" ON NOVEMBER 29 TO 30, 2025, AT THE BRENT MEMORIAL GYMNASIUM."
2025	072-2025	APPROVING THE REQUEST FOR AUTHORITY TO CHARGE THE AMOUNT OF P20,000.00 AGAINST THE 2025 CURRENT APPROPRIATIONS OF THE CITY BUILDINGS AND ARCHITECTURE OFFICE (CBAO) EARMARKED FOR POSITIONS THAT REMAIN UNFILLED FOR THE PAYMENT OF SALARY AND PERSONNEL ECONOMIC RELIEF ALLOWANCE (PERA) FOR THE PERIOD OCTOBER 22 TO 31, 2024, OF AR. MARY ANGELINE D. VINLUAN, FORMER ARCHITECT II, OF THE SAID OFFICE.
2025	073-2025	APPROVING THE REQUEST FOR AUTHORITY TO UTILIZE THE SAVINGS OF THE 2025 CURRENT APPROPRIATIONS OF THE CITY ENGINEERING OFFICE (CEO) EARMARKED FOR PERSONNEL SERVICES (PS) IN THE AMOUNT OF SIXTY-SEVEN THOUSAND FIVE HUNDRED FORTY-SEVEN PESOS AND 72/100 (P67,547.72) FOR THE PAYMENT OF BENEFITS OF THE EMPLOYEES OF SAID OFFICE WHO RESIGNED FROM THE SERVICE IN 2024.
2025	074-2025	AN ORDINANCE GRANTING FULL AMUSEMENT TAX EXEMPTION TO THE HOTEL AND RESTAURANT ASSOCIATION OF BAGUIO (HRAB) FOR TWO (2) SPECIFIED 2025 EVENTS IN THE CITY OF BAGUIO.
2025	075-2025	GRANTING A FINANCIAL ASSISTANCE FUND IN THE AMOUNT OF TWO MILLION PESOS (P2,000,000.00) FROM THE CITY DISASTER RISK REDUCTION AND MANAGEMENT QUICK RESPONSE FUND OF THE CITY GOVERNMENT OF BAGUIO TO BOGO CITY, SAN REMIGIO, MEDELLIN, AND DAANBANTAYAN IN THE NORTHERN PROVINCE OF CEBU, WHICH WERE DEVASTATED BY A POWERFUL MAGNITUDE 6.9 EARTHQUAKE ON 30 SEPTEMBER 2025.
2025	076-2025	AMENDING CERTAIN PROVISIONS OF ORDINANCE NUMBERED 23, SERIES OF 2021[CREATING A BARANGAY INFORMATION MANAGEMENT SYSTEM IN ALL BARANGAYS IN THE CITY OF BAGUIO AND FOR OTHER PURPOSES].
2025	077-2025	GRANTING FINANCIAL ASSISTANCE FUND IN THE TOTAL AMOUNT OF TWO MILLION FIVE HUNDRED THOUSAND PESOS (P2,500,000.00) FROM THE CITY DISASTER RISK REDUCTION AND MANAGEMENT QUICK RESPONSE FUND OF THE CITY GOVERNMENT OF BAGUIO TO THE PROVINCES OF MASBATE - P500,000.00, AND DAVAO ORIENTAL - P2,000,000.00, WHICH WERE DECLARED UNDER A STATE OF CALAMITY, SUBJECT TO COMPLIANCE WITH COMMISSION ON AUDIT (COA) CIRCULAR NO. 2013-002 ON THE INTER-LOCAL GOVERNMENT UNIT (LGU) FINANCIAL TRANSACTIONS.
2025	078-2025	APPROVING THE REQUEST FOR AUTHORITY TO CHARGE THE AMOUNT OF P27,875.00 AGAINST THE 2025 CURRENT APPROPRIATIONS OF THE BAGUIO CITY POLICE OFFICE (BCPO) UNDER ACCOUNT CODE 5-02-13-060 (REPAIR AND MAINTENANCE-TRANSPORTATION OF EQUIPMENT) FOR THE PAYMENT OF FIVE (5) PIECES OF TIRES AND TIRE VALVE FOR GOVERNMENT SERVICE VEHICLE WITH PLATE NO. SJG 770 ISSUED TO POLICE STATION 10-BCPO.
2025	079-2025	AN ORDINANCE AWARDING PHILIPPINE NATIONAL FLAGS TO DECEASED BAGUIO CITY PUBLIC SCHOOL TEACHERS AND PUBLIC CHILD DEVELOPMENT WORKERS DURING THE WAKE OR FUNERAL SERVICES.
2025	080-2025	AN ORDINANCE MANDATING THE CONDUCT OF A FEASIBILITY STUDY FOR THE ESTABLISHMENT OF A BAGUIO CITY HOSPITAL.
2025	081-2025	INSTITUTIONALIZING THE IMPLEMENTATION OF PAG-ANGAT PANGKABUHAYAN PROGRAM (3PS) IN THE CITY OF BAGUIO, AND ESTABLISHING GUIDELINES THEREFOR.
2025	082-2025	APPROVING THE REQUEST FOR AUTHORITY TO CHARGE THE AMOUNT OF P104,000.00 AGAINST THE 2025 CURRENT APPROPRIATIONS OF THE OFFICE OF THE SANGGUNIANG PANLUNGSOD (SP) UNDER ACCOUNT CODES: 5-01-01-010 (SALARIES AND WAGES - REGULAR) - P75,000.00; 5-01-02-020 (REPRESENTATION ALLOWANCE - RA) - P8,500.00; 5-01-02-030 (TRANSPORTATION ALLOWANCE - TA) - P8,500.00; 5-01-02-010 (PERSONAL ECONOMIC RELIEF ALLOWANCE - PERA) - P2,000.00; 5-01-03-010 (RETIREMENT AND LIFE INSURANCE PREMIUMS) - P9,000.00; 5-01-03-020 (PAG-IBIG CONTRIBUTIONS) - P300.00; 5-01-03-040 (EMPLOYEES COMPENSATION INSURANCE PREMIUMS) - ?200.00; AND 5-01-03-030 (PHILHEALTH CONTRIBUTIONS) - ?500.00, FOR THE PAYMENT OF SALARIES AND WAGES, AND OTHER BENEFITS OF ENGR. ISABELO B. COSALAN JR., FORMER SP MEMBER OF THE SAID OFFICE.
2025	083-2025	APPROVING THE REQUEST FOR AUTHORITY TO CHARGE THE AMOUNT OF P24,280.60 AGAINST THE 2025 CURRENT APPROPRIATIONS OF THE CITY TREASURY OFFICE FOR THE PAYMENT OF CLAIMS FOR PERFORMANCE-BASED BONUS (PBB) AND COLLECTIVE NEGOTIATION AGREEMENT (CNA) INCENTIVE OF  MR. NOEL V. FLORA, FORMER REVENUE COLLECTION CLERK II OF THE SAID OFFICE.
2025	084-2025	APPROVING THE REQUEST FOR AUTHORITY TO CHARGE THE AMOUNT OF P13,000.00 AGAINST THE 2025 CURRENT APPROPRIATIONS OF THE OFFICE OF THE SANGGUNIANG PANLUNGSOD (SP) UNDER ACCOUNT CODE 5-01-04-030 (TERMINAL LEAVE BENEFITS) FOR THE PAYMENT OF TERMINAL PAY OF MR. ALEXANDER C. SORIANO SR., FORMER EMPLOYEE OF THE SAID OFFICE.
2025	085-2025	APPROVING THE REQUEST FOR THE UTILIZATION OF AN EXISTING BUDGET ALLOCATION IN THE CITY CIVIL REGISTRY OFFICE UNDER ACCOUNT CODE 1-07-06-010 (MOTOR VEHICLE) IN THE AMOUNT OF P2,488,970.00 FOR THE PROCUREMENT OF AN OFFICE SERVICE MOTOR VEHICLE.
2025	086-2025	THE SANITATION CODE OF BAGUIO CITY
2025	087-2025	APPROVING THE REQUEST OF THE BAGUIO DIOCESAN ASSOCIATION OF PARISH PREX (PARISH RENEWAL EXPERIENCE) SECRETARIES (BDAPPS) FOR THE WAIVER OF FEES ON THE REMAINING BALANCE FOR THE USE OF THE BAGUIO ATHLETIC BOWL FROM 07 TO 09 NOVEMBER 2025 FOR THE 16TH PREX NATIONAL CONVENTION.
2025	088-2025	AUTHORIZING A SUPPLEMENTAL BUDGET NO. 5 IN THE TOTAL AMOUNT OF SIXTY-NINE MILLION PESOS (P69,000,000.00) FROM THE FOLLOWING SOURCES: NEW REVENUE AND UNAPPROPRIATED SURPLUS TO COVER VARIOUS PROGRAMS, PROJECTS, AND ACTIVITIES OF VARIOUS OFFICES UNDER THE FIFTH (5TH) SUPPLEMENTAL ANNUAL INVESTMENT PROGRAM (SAIP) FOR CALENDAR YEAR 2025 OF THE CITY GOVERNMENT OF BAGUIO UNDER RESOLUTIONS NUMBERED 568 AND 575, BOTH SERIES OF 2025, DATED 08 SEPTEMBER 2025 AND 11 SEPTEMBER 2025, RESPECTIVELY.
2025	089-2025	AMENDING SECTION 1 OF ORDINANCE NUMBERED 55, SERIES OF 2024 [AN ORDINANCE INCREASING THE SUBSIDY TO BARANGAYS IN THE CITY OF  BAGUIO].
2025	090-2025	AUTHORIZING THE ANNUAL BUDGET OF THE CITY GOVERNMENT OF BAGUIO FOR FISCAL YEAR 2026 IN THE TOTAL AMOUNT OF THREE BILLION SIX HUNDRED FIFTY-ONE MILLION FIVE HUNDRED NINETY-TWO THOUSAND FIVE HUNDRED SIXTY PESOS (P3,651,592,560.00), COVERING THE VARIOUS EXPENDITURES FOR THE OPERATION OF THE CITY GOVERNMENT OF BAGUIO AND APPROPRIATING THE NECESSARY FUNDS FOR THE PURPOSE.
2025	091-2025	"CHANGING THE PROJECT TITLE, ""COMPLETION OF OUTDOOR BLEACHERS AT ATHLETIC BOWL"" IN APPROPRIATION ORDINANCE NUMBERED 88, SERIES OF 2025, AMONG THE PROJECTS APPROVED IN THE FIFTH (5TH) SUPPLEMENTAL ANNUAL INVESTMENT PROGRAM (SAIP) FOR FISCAL YEAR 2025 OF THE CITY GOVERNMENT OF BAGUIO UNDER RESOLUTIONS NUMBERED 568  AND 575 , BOTH SERIES OF 2025, DATED 08 SEPTEMBER 2025 AND 11 SEPTEMBER 2025, RESPECTIVELY, IN THE AMOUNT OF P15,000,000.00, TO ""UPGRADING/REHABILITATION OF OUTDOOR BLEACHERS AT ATHLETIC BOWL"" IN THE CITY OF BAGUIO."
2025	092-2025	APPROVING THE REQUEST FOR AUTHORITY TO CHARGE THE AMOUNT OF THREE HUNDRED FORTY-SIX THOUSAND TWO HUNDRED FIFTY PESOS (P346,250.00) AGAINST THE 2025 CURRENT APPROPRIATIONS OF THE CITY HEALTH SERVICES OFFICE (CHSO) EARMARKED FOR SUPPLIES FOR THE PAYMENT OF UNPAID ITEMS IN PREVIOUS YEARS.
2025	093-2025	APPROVING THE REQUEST FOR AUTHORITY TO CHARGE THE AMOUNT OF SIXTY THOUSAND PESOS (P60,000.00) AGAINST THE 2025 CURRENT APPROPRIATIONS OF THE CITY ADMINISTRATOR'S OFFICE (CADMO) UNDER ACCOUNT CODE 5-02-99-990 (OTHER MAINTENANCE AND OPERATING EXPENSES) FOR THE PAYMENT OF EXPENSES INCURRED FOR THE GONG FESTIVAL 2024.
2025	094-2025	FURTHER AMENDING SECTION 6 OF ORDINANCE NUMBERED 01, SERIES OF 2003 , AS AMENDED BY ORDINANCE NUMBERED 31, SERIES OF 2004  AND ORDINANCE NUMBERED 107, SERIES OF 2008 . (NUMBER CODING)
2025	095-2025	AN ORDINANCE RATIONALIZING THE PRIMARILY CONFIDENTIAL AND COTERMINOUS/CASUAL POSITIONS IN THE SANGGUNIANG PANLUNGSOD (CITY COUNCIL) OF BAGUIO.
2025	096-2025	AN ORDINANCE DECLARING THE MONTH OF JUNE AS BAGUIO CITY SOCIAL WORKERS' MONTH AND JUNE 19TH OF EVERY YEAR AS BAGUIO CITY SOCIAL WORKERS DAY IN RECOGNITION OF ALL REGISTERED SOCIAL WORKERS IN THE CITY OF BAGUIO, WHETHER EMPLOYED IN PUBLIC OR PRIVATE SECTORS, AND FOR ITS ANNUAL OBSERVANCE.
2025	097-2025	APPROVING THE REQUEST FOR THE USE OF THE ROAD IN THE AREA OF MALCOLM SQUARE FOR THE YOUTH ENTREP FEST (EXPERIENCING RESPONSIBLE ENTERPRISE BY THE COMMUNITY) ON 14 DECEMBER 2025 FROM 7:00 A.M. TO 6:00 P.M. TO BE CONDUCTED BY THE BAGUIO CHARACTER COUNCIL, THROUGH THE PUBLIC EMPLOYMENT SERVICE OFFICE, CITY MAYOR'S OFFICE (PESO-CMO).
2025	098-2025	AUTHORIZING A SUPPLEMENTAL BUDGET NO. 6 IN THE TOTAL AMOUNT OF NINETY-FIVE MILLION PESOS (P95,000,000.00) FROM THE FOLLOWING SOURCES: PERSONAL SERVICES (PS), AND  MAINTENANCE AND OTHER OPERATING EXPENSES (MOOE) OF VARIOUS OFFICES TO COVER THE GRANT OF COLLECTIVE NEGOTIATION AGREEMENT (CNA) AND SERVICE RECOGNITION INCENTIVE (SRI) TO ALL QUALIFIED OFFICIALS AND EMPLOYEES OF THE CITY GOVERNMENT OF BAGUIO, AND GRATUITY PAY TO CONTRACT OF SERVICE AND JOB ORDER WORKERS, FOR CALENDAR YEAR 2025.
2025	099-2025	AMENDING CERTAIN PROVISIONS OF ORDINANCE NUMBERED 16, SERIES OF 2019 [PROVIDING THE GUIDELINES FOR THE IMPLEMENTATION OF ASSISTANCE TO INDIVIDUALS IN CRISIS SITUATIONS (AICS) IN THE CITY OF BAGUIO].
2025	100-2025	APPROVING THE REQUEST FOR AUTHORITY TO CHARGE THE AMOUNT OF P10,000.00 AGAINST THE 2025 CURRENT APPROPRIATIONS OF THE CITY MAYOR'S OFFICE (CMO) UNDER ACCOUNT CODE 5-02-13-060 (REPAIR AND MAINTENANCE - TRANSPORTATION EQUIPMENT) FOR THE PAYMENT OF REPAIR AND MAINTENANCE OF THE OFFICE SERVICE VEHICLE BEARING PLATE NUMBER SND 8337.
2025	101-2025	"APPROVING THE REQUEST FOR AUTHORITY TO CHARGE THE AMOUNT OF TWO HUNDRED FIFTY THOUSAND PESOS (P250,000.00) AGAINST THE 2025 CURRENT APPROPRIATIONS OF THE BAGUIO CITY JAIL - FEMALE DORMITORY (BCJ-FD) UNDER ACCOUNT CODE 5-02-13-040 (REPAIRS AND MAINTENANCE - BUILDINGS AND OTHER STRUCTURES) FOR THE PAYMENT OF THE COMPLETED PROJECT ""REPAIR AND IMPROVEMENT OF EXISTING ALLEY TO BE UTILIZED AS QUARANTINE AND ISOLATION CELL OF BAGUIO CITY JAIL - FEMALE DORMITORY"""
2025	102-2025	AN ORDINANCE INCREASING THE SALARY SUBSIDY OF THE CITY PARENT-PAID CHILD DEVELOPMENT WORKERS FROM EIGHT THOUSAND PESOS (P8,000.00) TO TEN THOUSAND PESOS (P10,000.00) PER MONTH, EFFECTIVE JANUARY 2026.
2025	103-2025	AN ORDINANCE RATIONALIZING THE GUIDELINES IN THE ISSUANCE OF CLEARANCES FOR THE DISPOSITION OF THE LANDS RESERVED FOR THE WORKINGMEN'S VILLAGE PURPOSES AS PER PROCLAMATION NO. 358, DATED 17 DECEMBER 1938, THAT WAS REVOKED BY PROCLAMATION NO. 364, DATED 27 JANUARY 1953, AND REPEALING FOR THE PURPOSE ORDINANCE NUMBERED 65, SERIES OF 1948, AS AMENDED, AND AUTHORIZING THE COLLECTION OF CERTAIN FEES.
2025	104-2025	AN ORDINANCE ESTABLISHING THE LOCAL SENIOR SOCIAL PENSION PROGRAM OF THE CITY OF BAGUIO.
2025	105-2025	GRANTING FINANCIAL ASSISTANCE FUND IN THE TOTAL AMOUNT OF SIX HUNDRED THOUSAND PESOS (P600,000.00) FROM THE CITY DISASTER RISK REDUCTION AND MANAGEMENT QUICK RESPONSE FUND OF THE CITY GOVERNMENT OF BAGUIO TO THE PROVINCES OF IFUGAO - P200,00.00; KALINGA - P200,00.00; AND MOUNTAIN PROVINCE - P200,00.00, WHICH WERE DECLARED UNDER A STATE OF CALAMITY, SUBJECT TO COMPLIANCE WITH THE COMMISSION ON AUDIT (COA) CIRCULAR NO. 2013-002 ON THE INTER-LOCAL GOVERNMENT UNIT (LGU) FINANCIAL TRANSACTIONS.
2025	106-2025	AUTHORIZING A SUPPLEMENTAL BUDGET NO. 7 IN THE TOTAL AMOUNT OF TWENTY FIVE MILLION FOUR HUNDRED FOUR THOUSAND PESOS (P25,404,000.00) TO FUND VARIOUS PROJECTS AND ACTIVITIES IN THE SUPPLEMENTAL ANNUAL INVESTMENT PLAN (SAIP), CHARGEABLE AGAINST THE SURPLUS ACCOUNT OF THE GENERAL FUND, UNDER APPROPRIATION ORDINANCE NUMBERED 72, SERIES OF 2024 .
2026	001-2026	"APPROVING THE REQUEST FOR THE AUTHORITY TO CHARGE THE AMOUNT OF P317,895.52 AGAINST THE 2026 APPROPRIATIONS OF THE BAGUIO CITY POLICE OFFICE UNDER ACCOUNT CODE 5-02-13-040 (REPAIRS AND MAINTENANCE - BUILDINGS AND OTHER STRUCTURES) FOR THE PAYMENT OF THE COMPLETED PROJECT TITLED ""RENOVATION OF POLICE STATION 8, COMPAC 1, KENNON ROAD VIEW DECK""."
2026	002-2026	APPROVING THE REQUEST FOR THE TRANSFER OF FUNDS IN THE TOTAL AMOUNT OF FOUR HUNDRED THOUSAND PESOS (P400,000.00) AGAINST THE 2025 APPROPRIATIONS OF THE CITY DISASTER RISK REDUCTION MANAGEMENT OFFICE (CDRRMO) UNDER ACCOUNT CODES 5-02-13-040 (RM-BUILDINGS AND OTHER STRUCTURES) - P250,000.00; AND 5-02-13-050 (RM-MACHINERY AND EQUIPMENT) - P150,000.00, TO ACCOUNT CODE 1-07-05-990 (OTHER MACHINERY AND EQUIPMENT) - P400,000.00, FOR THE PURCHASE OF AUTOMATIC VOLTAGE REGULATOR (AVR) AND AUTOMATIC RESCUE DEVICE (ARD) FOR THE ELEVATOR.
2026	003-2026	APPROVING THE REQUEST FOR AUTHORITY TO UTILIZE THE AMOUNT OF TWO MILLION SIX HUNDRED FIFTY-FOUR THOUSAND SIX PESOS AND 92/100 (P2,654,006.92) UNDER THE CITY TREASURY OFFICE CONTINUING APPROPRIATION FOR THE PROCUREMENT OF A MOTOR VEHICLE TO BE USED IN THE PERFORMANCE OF THEIR OFFICIAL OFFICE FUNCTIONS.
2026	004-2026	APPROVING THE REQUEST FOR AUTHORITY TO CHARGE THE AMOUNT OF P5,000.00 AGAINST THE 2026 CURRENT APPROPRIATIONS OF THE CITY MAYOR'S OFFICE UNDER ACCOUNT CODE 5-01-01-020 (SALARIES AND WAGES-CASUAL/CONTRACTUAL) FOR THE PAYMENT OF PRODUCTIVITY ENHANCEMENT INCENTIVE (PEI) OF A CASUAL EMPLOYEE OF THE CITY MAYOR'S OFFICE - EARLY WARNING AND SURVEILLANCE SYSTEMS WHO RESIGNED IN DECEMBER 2024.
2026	005-2026	"APPROVING THE REFUND OF THE RENTAL FEES PAID FOR THE USE OF THE BAGUIO CONVENTION AND CULTURAL CENTER FOR THE EVENT ""BAGUIO VOGUE: WHERE FASHION MEETS CULTURE"" HELD ON 20 SEPTEMBER 2025."
2026	006-2026	APPROVING THE REQUEST TO RESCHEDULE THE YOUTH ENTREP FEST (EXPERIENCING RESPONSIBLE ENTERPRISE BY THE COMMUNITY) TO 25 JANUARY 2026 FROM 6:00 A.M. TO 6:00 P.M., AND THE USE OF THE ROAD IN THE AREA OF MALCOLM SQUARE TO BE CONDUCTED BY THE BAGUIO CHARACTER COUNCIL, THROUGH THE PUBLIC EMPLOYMENT SERVICE OFFICE, CITY MAYOR'S OFFICE (PESO-CMO).
2026	007-2026	AN ORDINANCE PROHIBITING ACTS OF ONLINE SEXUAL ABUSE AND EXPLOITATION OF CHILDREN (OSAEC) AND THE ANTI-CHILD SEXUAL ABUSE OR EXPLOITATION MATERIALS (ACSAEM) IN THE CITY OF BAGUIO WITH CORRESPONDING PENALTIES, THEREAFTER PROVIDING A SUPPORTIVE ENVIRONMENT FOR THE SURVIVORS.
2026	008-2026	AN ORDINANCE APPROVING THE TEMPORARY CLOSURE AND USE OF VARIOUS ROADS AND THE RE-ROUTING OF VICTORY LINER BUSES AND OTHER BUS LINES FOR THE CELEBRATION OF THE BAGUIO FLOWER FESTIVAL: PANAGBENGA 2026, SUBJECT TO CONDITIONS.
2026	009-2026	"AN ORDINANCE IMPLEMENTING REPUBLIC ACT NO. 4136 , OTHERWISE KNOWN AS THE ""LAND TRANSPORTATION AND TRAFFIC CODE"", REQUIRING THE USE OF DAYTIME RUNNING LIGHTS ON ALL MOTOR VEHICLES WHILE IN OPERATION ON PUBLIC HIGHWAYS, ROADS, AND PARKING FACILITIES WITHIN BAGUIO CITY."
2026	010-2026	AN ORDINANCE ESTABLISHING THE EYE HEALTH PROGRAM IN THE CITY OF BAGUIO.
2026	011-2026	AN ORDINANCE PROMOTING LITERACY IN THE CITY OF BAGUIO, CREATING FOR THIS PURPOSE THE BAGUIO CITY LITERACY COUNCIL, DEFINING ITS PRIMARY PURPOSE AND FUNCTIONS, AND APPROPRIATING FUNDS THEREOF.
2026	012-2026	AN ORDINANCE INCREASING THE HONORARIUM OF THE HEAD OF THE OFFICE OF SENIOR CITIZENS AFFAIRS (OSCA), AMENDING SECTION 1 OF ORDINANCE NUMBERED 12, SERIES OF 2008.
2026	013-2026	"APPROVING THE REQUESTS OF WALTRIX PRODUCTIONS FOR THE WAIVER OF AMUSEMENT TAX, WAIVER OF FEES FOR THE INSTALLATION OF MARKETING COLLATERAL MATERIALS, AND THE ISSUANCE OF SPECIAL PERMITS FOR THE IMPLEMENTATION OF THE EVENT ""CUP OF JOE CONCERT"" ON 06 FEBRUARY AT THE UNIVERSITY OF BAGUIO CARDINALS GYM."
2026	014-2026	APPROVING THE REQUEST FOR AUTHORITY TO REFUND THE AGGREGATE AMOUNT OF SIX HUNDRED SIXTY-SIX THOUSAND EIGHT HUNDRED THIRTY-SIX AND 01/100 PESOS (P666,836.01) TO THE VARIOUS SUBLESSORS OF THE MAHARLIKA LIVELIHOOD CENTER (MLC).
2026	015-2026	"AN ORDINANCE ADOPTING AND ESTABLISHING THE ""PANSA-NOPEN TAYO"" CIRCULAR ECONOMY FRAMEWORK TO GUIDE INCLUSIVE AND SUSTAINABLE DEVELOPMENT IN THE CITY OF BAGUIO."
2026	016-2026	AN ORDINANCE AUTHORIZING THE CITY MAYOR OF BAGUIO CITY TO INSTITUTE NEGOTIATION AND EXPROPRIATION PROCEEDINGS FOR THE ACQUISITION OF A PORTION OF THE ROAD LOCATED IN BADIHOY STREET, GUISAD SURONG, BAGUIO CITY, WHICH HAS LONG BEEN USED AS THE ONLY ACCESS ROAD BY RESIDENTS, IN VIEW OF THE IMMINENT THREAT OF ITS CLOSURE.
2026	017-2026	APPROVING THE REQUEST FOR AUTHORITY TO CHARGE THE AMOUNT OF EIGHTEEN THOUSAND FOUR HUNDRED SEVENTY-TWO PESOS AND THIRTY-FIVE CENTAVOS (P18,472.35) AGAINST THE 2026 CURRENT APPROPRIATIONS OF THE CITY SOCIAL WELFARE AND DEVELOPMENT OFFICE (CSWDO) UNDER ACCOUNT CODES 5-01-01-010 (SALARIES AND WAGES - REGULAR) - P3,734.45; 5-01-03-040 (EMPLOYEES' COMPENSATION INSURANCE PREMIUMS) - P846.55; 5-01-03-030 (PHILHEALTH CONTRIBUTIONS) - P173.37; 5-01-02-110 (HAZARD PAY) - P13,067.98; AND  5-01-02-050 (SUBSISTENCE ALLOWANCE) - P650.00, TO AUGMENT EMPLOYEES' COMPENSATION AND PAYMENT OF THEIR PREMIUM CONTRIBUTIONS FOR THE MONTH OF JANUARY 2026 OF THE SAID OFFICE.
2026	018-2026	"APPROVING THE REQUEST FOR AUTHORITY TO CHARGE THE AMOUNT OF ONE HUNDRED FORTY THOUSAND PESOS (P140,000.00) AGAINST THE 2026 CURRENT APPROPRIATIONS OF THE CITY LIBRARY OFFICE UNDER ACCOUNT CODE 5-02-13-040 (REPAIRS AND MAINTENANCE - BUILDINGS AND OTHER STRUCTURES) FOR THE PAYMENT OF THE COMPLETED PROJECT ""IMPROVEMENT OF CITY LIBRARY""."
2026	019-2026	APPROVING THE REQUEST FOR AUTHORITY TO CHARGE THE AMOUNT OF ONE MILLION TWO HUNDRED FORTY-FIVE THOUSAND PESOS (P1,245,000.00) AGAINST THE 2026 CURRENT APPROPRIATIONS OF THE CITY ADMINISTRATOR'S OFFICE UNDER ACCOUNT CODE 5-02-06-020 (PRIZES), REPRESENTING THE PRIZES INTENDED TO COVER THE PAYMENT OF CASH INCENTIVES FOR ATHLETES WHO WON IN THE 2025 SOUTHEAST ASIAN GAMES, TOGETHER WITH THEIR COACHES.
2026	020-2026	AN ORDINANCE ENHANCING THE BAGUIO VISITOR INFORMATION AND TRAVEL ASSISTANCE (VISITA) AS THE OFFICIAL TOURISM WEB-BASED APPLICATION OF BAGUIO CITY, OUTLINING ITS EXPANDED FUNCTIONS, USE, AND IMPLEMENTATION, AND PROVIDING FUNDS THEREFOR.
2026	021-2026	APPROVING THE REQUEST FOR AUTHORITY TO CHARGE THE TOTAL AMOUNT OF P34,387.16 AGAINST THE 2026 CURRENT APPROPRIATIONS OF THE CITY BUILDINGS AND ARCHITECTURE OFFICE (CBAO) EARMARKED FOR POSITIONS THAT REMAIN UNFILLED IN THE SAID OFFICE FOR THE PAYMENT OF MONETARY CLAIMS OF AR. MARY ANGELINE D. VINLUAN, FORMER ARCHITECT II, WHOSE RETIREMENT TOOK EFFECT ON 16 MAY 2025.
2026	022-2026	APPROVING THE REQUEST FOR AUTHORITY TO CHARGE THE TOTAL AMOUNT OF P163,748.76 AGAINST THE 2026 CURRENT APPROPRIATIONS OF THE CITY ENVIRONMENT AND PARKS MANAGEMENT OFFICE (CEPMO) FOR THE PAYMENT OF SALARIES, YEAR-END BONUS, AND CASH GIFT OF VARIOUS RETIREES OF THE SAID OFFICE.
2026	023-2026	APPROVING THE REQUEST FOR A SETTLEMENT AGREEMENT WITH THE BAGUIO WATER DISTRICT (BWD) FOR THE PAYMENT OF UNPAID WATER CHARGES IN THE AMOUNT OF P74,306.45 INCURRED DURING CONSTRUCTION WORKS AT THE BAGUIO CITY SPORTS COMPLEX SWIMMING POOL BY ME SICAT CONSTRUCTION, WITHOUT PREJUDICE TO THE CITY GOVERNMENT OF BAGUIO'S CONTINUING LEGAL ACTION AGAINST THE SAID CONTRACTOR TO RECOVER THE SAID AMOUNT.
2026	024-2026	"APPROVING THE TEMPORARY ROAD CLOSURE OF BURNHAM LAKE DRIVE, HARRISON ROAD, ABAD SANTOS DRIVE, KISAD ROAD, AND CHANUM STREET IN THE CITY OF BAGUIO ON 31 MAY 2026 (SUNDAY),  TO FACILITATE THE CONDUCT OF THE ""HARI NG AHON SEASON 4 - LEG 5 CRITERIUM RACE""."
2026	025-2026	AUTHORIZING A SUPPLEMENTAL BUDGET NO. 1 IN THE TOTAL AMOUNT OF SIX HUNDRED FIFTY-TWO MILLION TWO HUNDRED FORTY-FIVE THOUSAND SIX HUNDRED FIFTY PESOS (P652,245,650.00) FROM THE UNAPPROPRIATED SURPLUS OF THE GENERAL FUND/REALIGNMENT/CHANGE OF TITLE, AND TRUST FUND ON FEES COLLECTED UNDER REPUBLIC ACT NO. 10172  TO FUND VARIOUS PROGRAMS, PROJECTS, AND ACTIVITIES INCLUDED UNDER SUPPLEMENTAL ANNUAL INVESTMENT PROGRAM (SAIP) NO. 1 UNDER RESOLUTION NUMBERED 103, SERIES OF 2026, DATED 09 FEBRUARY 2026, AND RESOLUTION NUMBERED 119, SERIES OF 2026, DATED 26 FEBRUARY 2026, RESPECTIVELY.
2026	026-2026	AN ORDINANCE PROVIDING FOR THE INTERIM POLICY GUIDELINES OF THE MAHARLIKA LIVELIHOOD CENTER (MLC) PENDING THE FORMULATION OF ITS MASTER DEVELOPMENT PLAN AND ESTABLISHMENT AS A LOCAL ECONOMIC ENTERPRISE (LEE).
2026	027-2026	AN ORDINANCE ESTABLISHING THE HEALTHY PUBLIC FOOD PROCUREMENT POLICY OF THE CITY OF BAGUIO.
2026	028-2026	APPROVING THE REQUEST OF THE PALMA-URBANO BARANGAY COUNCIL FOR THE TEMPORARY CLOSURE OF NACNAC STREET IN PALMA-URBANO BARANGAY, BAGUIO CITY, FROM 16 MARCH 2026 TO 12 APRIL 2026, FOR THE CONDUCT OF A BARANGAY LIVELIHOOD FAIR.
2026	029-2026	"APPROVING THE REQUESTS OF WALTRIX PRODUCTIONS FOR THE WAIVER OF AMUSEMENT TAX, WAIVER OF FEES FOR MARKETING COLLATERAL, AND THE ISSUANCE OF SPECIAL PERMITS FOR THE EVENT ""WOLFGANG: THE REUNION"" CONCERT ON 21 MARCH 2026 AT THE UNIVERSITY OF BAGUIO CARDINALS GYM."
2026	030-2026	"AN ORDINANCE APPROPRIATING AN ANNUAL BUDGET OF THREE HUNDRED THOUSAND PESOS (P300,000.00) FOR THE IMPLEMENTATION OF REPUBLIC ACT NO. 7438 , OTHERWISE KNOWN AS THE ""RIGHTS OF PERSONS ARRESTED, DETAINED OR UNDER CUSTODIAL INVESTIGATION"", IN BAGUIO CITY, AND FOR OTHER PURPOSES."
2026	031-2026	GRANTING A FIFTY PERCENT (50%) DISCOUNT ON THE SPECIAL PERMITS OF THE WORLD FOOD EXPO (WOFEX) BAGUIO 2026, SCHEDULED FROM 26 TO 29 MARCH 2026 AT THE BAGUIO CONVENTION AND CULTURAL CENTER, IN CONSIDERATION OF THEIR ADDITIONAL EXPENSES FOR GENERATOR RENTAL AND IN RECOGNITION OF THEIR SIGNIFICANT CONTRIBUTIONS TO THE LOCAL ECONOMY AND ENTREPRENEURIAL DEVELOPMENT.
2026	032-2026	APPROVING THE REQUEST FOR AUTHORITY TO CHARGE THE TOTAL AMOUNT OF P3,368.98 AGAINST THE 2026 CURRENT APPROPRIATIONS OF THE CITY TREASURY OFFICE UNDER ACCOUNT CODES: 5-01-02-010 (PERSONAL ECONOMIC RELIEF ALLOWANCE) - P1,090.90; 5-01-03-020 (PAG-IBIG CONTRIBUTIONS) - P194.90; 5-01-03-030 (PHILHEALTH CONTRIBUTIONS) - P500.00; 5-01-03-040 (EMPLOYEES COMPENSATION INSURANCE PREMIUMS) - P200.00; AND 5-01-03-010 (RETIREMENT AND LIFE INSURANCE CONTRIBUTIONS) - P1,383.18, TO COVER THE UNOBLIGATED AND UNPAID SALARY AND OTHER PERSONAL SERVICES OF THE SAID OFFICE FOR THE YEAR 2025.
2026	033-2026	APPROVING THE REQUEST FOR AUTHORITY TO CHARGE THE AMOUNT OF P101,882.56 AGAINST THE 2026 CURRENT APPROPRIATIONS OF THE CITY SOCIAL WELFARE AND DEVELOPMENT OFFICE (CSWDO) TO COVER THE UNOBLIGATED AND UNPAID TERMINAL LEAVE BENEFITS FOR THE YEAR 2024.
2026	034-2026	APPROVING THE REQUEST FOR AUTHORITY TO CHARGE THE AMOUNT OF TWO HUNDRED SEVENTY-FIVE THOUSAND THREE HUNDRED PESOS (P275,300.00) AGAINST THE 2026 CURRENT APPROPRIATIONS OF THE CITY HEALTH SERVICES OFFICE (CHSO), EARMARKED FOR VARIOUS PERSONNEL SERVICES (PS) ACCOUNTS IN VACANT PLANTILLA POSITIONS OF ITEM NOS. 122 AND 166, BOTH MEDICAL OFFICER IV, FOR THE PAYMENT OF THE EMPLOYEE BENEFITS OF PERSONNEL WHO WERE SEPARATED FROM SERVICE IN THE SAID OFFICE.
2026	035-2026	APPROVING THE REQUEST FOR AUTHORITY TO CHARGE THE AMOUNT OF P34,825.00 AGAINST THE 2026 CURRENT APPROPRIATIONS OF THE CITY ADMINISTRATOR'S OFFICE UNDER ACCOUNT CODE 5-02-99-030 (REPRESENTATION EXPENSES) TO COVER THE UNPAID 2025 EXPENDITURE ON THE LUNCH BUFFET FOR OFFICIALS FROM THE PHILIPPINE SPORTS COMMISSION (PSC), BAGUIO CITY OFFICIALS, AND THE WORKING COMMITTEE DURING THE BATANG PINOY AWARDING OF CASH INCENTIVES AND CEREMONIAL TURNOVER OF GYM EQUIPMENT.
2026	036-2026	"AUTHORIZING A SUPPLEMENTAL BUDGET NO. 2 IN THE TOTAL AMOUNT OF SIX HUNDRED SIXTY-SIX THOUSAND EIGHT HUNDRED THIRTY-SIX PESOS AND 01/100 (P666,836.01) FROM THE SURPLUS OF THE MAHARLIKA LIVELIHOOD CENTER (MLC) TO FUND THE PROGRAM/PROJECT/ACTIVITY IN ITEM NO. 4, ""REFUND OF THE MAHARLIKA LIVELIHOOD CENTER (MLC) TENANTS/SUBLESSORS"", INCLUDED UNDER SUPPLEMENTAL ANNUAL INVESTMENT PROGRAM (SAIP) NO. 2 UNDER RESOLUTION NUMBERED 300, SERIES OF 2026."
2026	037-2026	APPROVING THE REQUEST FOR AUTHORITY TO CHARGE THE AMOUNT OF SEVENTY-NINE THOUSAND FOUR HUNDRED EIGHTY-EIGHT PESOS (P79,488.00) AGAINST THE CURRENT APPROPRIATIONS UNDER ACCOUNT CODE NO. 5-02-99-060 (MEMBERSHIP DUES AND CONTRIBUTIONS TO ORGANIZATIONS) OF THE GENERAL FUND - ANNUAL DUES FOR THE FUNDING REQUIREMENT OF THE PAYMENT OF THE CITY'S 2024 AND 2025 MEMBERSHIP FEES TO ICLEI LOCAL GOVERNMENTS FOR SUSTAINABILITY.
2026	038-2026	AN ORDINANCE WAIVING THE ENTRANCE FEES OF ACCREDITED LOCAL TOUR GUIDES, TOUR OPERATORS, TRAVEL AGENTS, TOUR COORDINATORS, AND TOUR MANAGERS IN ALL CITY-OPERATED TOURIST SITES IN THE CITY OF BAGUIO AND ENCOURAGING PRIVATE ESTABLISHMENTS TO ADOPT THE SAME.
2026	039-2026	APPROVING THE REQUESTS OF THE BAGUIO DIALYSIS PATIENTS ORGANIZATION INC. TO HOLD A PRODUCTIVITY FAIR ON MAY 5 TO 20, 2026, AND THE WAIVER OF LOCAL TAXES, FEES, AND CHARGES TO CONCESSIONAIRES AT JUAN LUNA DRIVE, BURNHAM PARK, BAGUIO CITY
2026	040-2026	"APPROVING THE REQUEST OF THE DEPARTMENT OF LABOR AND EMPLOYMENT-CORDILLERA ADMINISTRATIVE REGION (DOLE-CAR) FOR THE WAIVER OF APPLICABLE LOCAL TAXES, FEES, AND CHARGES FOR PARTICIPATING MICRO, SMALL, AND MEDIUM ENTERPRISES (MSMES) IN THE CONDUCT OF THE ""KADIWA NG PANGULO"" JOB FAIRS ON 01 MAY 2026 TO 03 MAY 2026, AND 12 JUNE 2026 TO 14 JUNE 2026, AT MALCOLM SQUARE, BAGUIO CITY."
2026	041-2026	"APPROVING THE REQUESTS FOR THE WAIVER OF APPLICABLE LOCAL TAXES, FEES, AND CHARGES, AND THE EXTENSION OF THE CONDUCT OF THE ""ABATAN TI SIRIB"" SERVICE CARAVAN FOR YOUTH AND SOLO PARENT CONCESSIONAIRES AT MALCOLM SQUARE, AND THE LIVELIHOOD FAIR FOR YOUTH ENTREPRENEURS ALONG PERFECTO STREET, FROM 27 APRIL 2026 TO 01 MAY 2026, IN THE CITY OF BAGUIO."
2026	042-2026	APPROVING THE REQUEST OF THE COALITION BAGUIO-BENGUET LABAN SA KORAPSYON ON THE WAIVER OF LOCAL TAXES, FEES, AND CHARGES ON THE USE OF IGOROT PARK, BURNHAM PARK, BAGUIO CITY, AS THE VENUE FOR THE MAYO UNO (LABOR DAY) PROGRAM ON 01 MAY 2026.
2026	043-2026	AN ORDINANCE INSTITUTIONALIZING BAGUIO CITY SKATEBOARDING DAY IN THE CITY OF BAGUIO AND PROVIDING GUIDELINES THEREOF.
2026	044-2026	AN ORDINANCE ESTABLISHING THE EMERGENCY MEDICAL SERVICES COUNCIL OF BAGUIO CITY, DEFINING ITS POWERS AND FUNCTIONS, AND PROVIDING FUNDS THEREFOR.
2026	045-2026	APPROVING THE REQUEST FOR AUTHORITY TO CHARGE THE TOTAL AMOUNT OF TWO HUNDRED THOUSAND PESOS (P200,000.00) AGAINST THE 2026 CURRENT APPROPRIATIONS OF THE CITY PLANNING, DEVELOPMENT AND SUSTAINABILITY OFFICE (CPDSO) UNDER ACCOUNT CODE 5-02-99-990 (OTHER MAINTENANCE AND OPERATING EXPENSES) FOR THE PAYMENT OF CASH PRIZES ALLOCATED FOR THE VARIOUS AWARD CATEGORIES OF IMPACT WEEK 2025, AN INITIATIVE DESIGNED TO CULTIVATE YOUTH-LED INNOVATION, PROMOTE SUSTAINABLE DEVELOPMENT PRACTICES, AND STRENGTHEN COMMUNITY-DRIVEN SOLUTIONS WITHIN THE CITY OF BAGUIO.
2026	046-2026	APPROVING THE REQUEST FOR AUTHORITY TO CHARGE THE AMOUNT OF TWO MILLION FOUR HUNDRED SEVENTY-FOUR THOUSAND EIGHT HUNDRED SEVENTY-ONE PESOS AND 25/100 (P2,474,871.25) AGAINST THE CONTINUING APPROPRIATION OF THE CITY LIBRARY OFFICE UNDER ACCOUNT CODE 1-07-06-010 (MOTOR VEHICLES) FOR THE PURCHASE OF A NEW MOTOR VEHICLE IN THE CITY LIBRARY OFFICE.
2026	047-2026	AN ORDINANCE AMENDING AND ENHANCING ORDINANCE NUMBERED 043, SERIES OF 1996 [REQUIRING CONTRACTORS AND PUBLIC UTILITY COMPANIES DOING REPAIR OF ROADS AND FACILITIES TO INSTALL REFLECTORIZED EARLY WARNING DEVICES IN PROPER PLACES AT THEIR WORK AREA TO PREVENT ACCIDENTS INVOLVING MOTORISTS AND PEDESTRIANS ESPECIALLY AT NIGHT] PERTAINING TO THE INSTALLATION OF REFLECTORIZED EARLY WARNING DEVICES AT ROAD REPAIR AND CONSTRUCTION SITES.
2026	048-2026	APPROVING THE REQUEST FOR AUTHORITY TO CHARGE THE TOTAL AMOUNT OF EIGHTY-SEVEN THOUSAND FIVE HUNDRED PESOS (P87,500.00) AGAINST THE 2026 CURRENT APPROPRIATIONS OF THE SPECIAL SERVICES DIVISION, CITY MAYOR'S OFFICE (SSD-CMO) UNDER ACCOUNT CODE 5-02-99-050 (RENT EXPENSES) - P17,500.00 - FOR THE PAYMENT OF RENT EXPENSE INCURRED DURING THE PUNONG BARANGAYS MEETING WITH THE CITY MAYOR AND DEPARTMENT HEADS HELD ON 28 MARCH 2025 AT THE BAGUIO CONVENTION AND CULTURAL CENTER; AND ACCOUNT CODE 5-02-06-020 (PRIZES) - P70,000.00 - FOR THE PRIZES AWARDED TO THE TOP SEVEN (7) BARANGAYS DURING THE SEARCH FOR BEST PERFORMING BARANGAY HELD ON 21 NOVEMBER 2025.
2026	049-2026	APPROVING THE REQUEST FOR AUTHORITY TO CHARGE THE AMOUNT OF EIGHTEEN THOUSAND THREE HUNDRED SEVENTY-FIVE PESOS (P18,375.00) AGAINST THE 2026 CURRENT APPROPRIATIONS OF THE CITY TOURISM, CULTURE, AND ARTS OFFICE UNDER ACCOUNT CODE 5-02-99-050 (RENT EXPENSES) FOR THE PAYMENT OF RENTAL FEE FOR THE CENRO-BAGUIO TOURISM SERVICE CENTER AND REST AREA.
2026	050-2026	"AUTHORIZING A SUPPLEMENTAL BUDGET NO. 3 IN THE AMOUNT OF FIFTY-SIX MILLION PESOS (?56,000,000.00) FROM THE LOCAL GOVERNMENT SUPPORT FUND (LGSF) TO FUND THE ""ASSISTANCE TO INDIGENT INDIVIDUALS OR FAMILIES-FOOD ASSISTANCE/RICE DISTRIBUTION PROJECT"", INCLUDED IN THE SECOND (2ND) SUPPLEMENTAL ANNUAL INVESTMENT PROGRAM (SAIP) UNDER RESOLUTION NUMBERED 291, SERIES OF 2026 DATED 13 APRIL 2026."
2026	051-2026	AUTHORIZING A SUPPLEMENTAL BUDGET NO. 4 IN THE TOTAL AMOUNT OF THREE HUNDRED SEVENTY-NINE MILLION THREE HUNDRED FIFTY-THREE THOUSAND FIFTY-FIVE PESOS AND 81/100 (P379,353,055.81) FROM VARIOUS SOURCES TO FUND VARIOUS PROGRAMS, PROJECTS, AND ACTIVITIES OF VARIOUS OFFICES UNDER THE CITY'S ANNUAL INVESTMENT PROGRAM (AIP) UNDER RESOLUTION NUMBERED 778, SERIES OF 2025, DATED 13 NOVEMBER 2025, AND SUPPLEMENTAL ANNUAL INVESTMENT PROGRAM (SAIP) NO. 1 AND 2 PURSUANT TO RESOLUTION NUMBERED 103, SERIES OF 2026, RESOLUTION NUMBERED 291, SERIES OF 2026, AND RESOLUTION NUMBERED 300, SERIES OF 2026, DATED 09 FEBRUARY 2026, 13 APRIL 2026, AND 20 APRIL 2026, RESPECTIVELY.
2026	052-2026	AMENDING ORDINANCE NUMBERED 08, SERIES OF 2021, BY PROVIDING FOR AN INCREASE IN THE HONORARIUM OF QUALIFIED SENIOR CITIZENS RENDERING SERVICES AT THE OFFICE OF THE SENIOR CITIZENS IN THE CITY OF BAGUIO.
2026	053-2026	"AN ORDINANCE INSTITUTIONALIZING THE OPERATION OF ""PAG-AYWANAN"" (SENIOR CITIZEN CENTERS) AS A COMMUNITY-BASED MODEL FOR ELDERLY CARE AND FAMILY SUPPORT IN BAGUIO CITY."
2026	054-2026	APPROVING THE REQUESTS FOR THE TRANSFER OF FUNDS IN THE AMOUNT OF ONE HUNDRED FORTY-EIGHT THOUSAND EIGHT HUNDRED PESOS (P148,800.00) AGAINST THE 2026 CURRENT APPROPRIATIONS OF THE CITY ADMINISTRATOR'S OFFICE UNDER ACCOUNT CODE 5-02-99-030 (REPRESENTATION EXPENSES) TO ACCOUNT CODE 5-02-03-990 (OTHER SUPPLIES AND MATERIALS), AND THE AUTHORITY TO CHARGE THE SAME AMOUNT TO SUPPORT THE REQUEST OF THE CITY ADMINISTRATOR FOR THE PAYMENT OF THE EXPENSES INCURRED FOR THE ARCHERY EQUIPMENT, WHICH WAS NOT PROCESSED AFTER THE BOOKS OF ACCOUNTS HAS BEEN CLOSED.
2026	055-2026	APPROVING THE REQUEST FOR AUTHORITY TO CHARGE THE UNBOOKED OBLIGATION OF THE CITY ENGINEERING OFFICE IN THE AMOUNT OF ONE HUNDRED FIFTEEN THOUSAND PESOS (P115,000.00), REPRESENTING THE UNPAID EXPENSES FOR THE YEAR 2025, AGAINST THE 2026 CURRENT APPROPRIATIONS OF THE SAID OFFICE UNDER ACCOUNT CODE 5-02-13-050 (REPAIR AND MAINTENANCE - MACHINERY AND EQUIPMENT), FOR THE PAYMENT OF THE EXPENSES INCURRED FOR THE CALIBRATION OF EQUIPMENT OF THE MATERIALS TESTING AND QUALITY CONTROL DIVISION.
2026	056-2026	APPROVING THE REQUESTS FOR AUTHORITY TO CHARGE THE AMOUNT OF SEVEN HUNDRED FORTY-ONE THOUSAND PESOS (P741,000.00), REPRESENTING THE UNPAID EXPENSES FOR THE YEAR 2025, AGAINST THE 2026 CURRENT APPROPRIATIONS OF THE CITY ENGINEERING OFFICE (CEO) UNDER ACCOUNT CODE 5-02-13-030 (REPAIR AND MAINTENANCE-INFRASTRUCTURE ASSETS), FOR THE PAYMENT OF THE EXPENSES INCURRED FOR THE REPAIR AND MAINTENANCE OF TRAFFIC SIGNAL LIGHTS, WHICH WAS NOT PROCESSED AFTER THE BOOKS OF ACCOUNTS HAS BEEN CLOSED.
2026	057-2026	AN ORDINANCE PROVIDING FOR THE APPOINTMENT, REGISTRATION, ACCREDITATION, RETENTION, AND GRANTING OF INCENTIVES TO BARANGAY HEALTH WORKERS (BHWS) IN THE CITY OF BAGUIO AND CREATING THE CITY BHW REGISTRATION AND ACCREDITATION COMMITTEE (BHW-CRAC).
2026	058-2026	AN ORDINANCE MANDATING ROAD SAFETY PROTOCOLS, VEHICLE ROADWORTHINESS CHECKS, AND ESCORT COST REIMBURSEMENT FOR HEAVY VEHICLES ON STEEP TERRAIN ROADS IN BAGUIO CITY.
2026	059-2026	"AUTHORIZING A SUPPLEMENTAL BUDGET NO. 5 IN THE AMOUNT OF ONE MILLION FOUR HUNDRED SIXTY THOUSAND PESOS (P1,460,000.00) FROM THE CITY DISASTER RISK REDUCTION AND MANAGEMENT (CDRRM) FUND TO FUND THE PROGRAM/PROJECT/ ACTIVITY IN ITEM NO. 114, ""RESTORATION OF DAMAGE CEILING, ROOF EAVES, FLASHING, AND WINDOWS WITH ADDITIONAL STEEL SUPPORT, IRISAN MULTI PURPOSE HALL"", INCLUDED UNDER SUPPLEMENTAL ANNUAL INVESTMENT PROGRAM (SAIP) NO. 1 PURSUANT TO RESOLUTION NUMBERED 119, SERIES OF 2026."
2026	060-2026	AUTHORIZING THE USE OF THE CITY DISASTER RISK REDUCTION AND MANAGEMENT - QUICK RESPONSE FUND (CDRRM-QRF) OF THE CITY GOVERNMENT OF BAGUIO IN THE AMOUNT OF THREE MILLION PESOS (P3,000,000.00) AS FINANCIAL ASSISTANCE TO THE EARTHQUAKE-AFFECTED LOCAL GOVERNMENT UNITS (LGUS) IN MINDANAO WHICH WERE DEVASTATED AND DECLARED UNDER A STATE OF CALAMITY DUE TO THE DAMAGING MAGNITUDE 7.8 OFFSHORE EARTHQUAKE, SUBJECT TO COMPLIANCE WITH THE COMMISSION ON AUDIT (COA) CIRCULAR NO. 2013-002 ON THE INTER-LOCAL GOVERNMENT UNIT (LGU) FINANCIAL
2026	061-2026	APPROVING THE REQUEST FOR AUTHORITY TO CHARGE THE TOTAL AMOUNT OF P14,742.80 AGAINST THE 2026 CURRENT APPROPRIATIONS OF THE CITY ENVIRONMENT AND PARKS MANAGEMENT OFFICE (CEPMO) UNDER ACCOUNT CODE 5-01-02-140 (YEAR END BONUS) - P14,642.80; AND ACCOUNT CODE 5-01-03-040 (EMPLOYEES COMPENSATION INSURANCE PREMIUMS) - P100.00, FOR THE PAYMENT OF UNPAID YEAR-END BONUS AND EMPLOYEES COMPENSATION INSURANCE PREMIUMS (SIF) OF EMPLOYEES OF THE SAID OFFICE WHO HAVE RETIRED FROM GOVERNMENT SERVICE.
2026	062-2026	APPROVING THE REQUEST FOR AUTHORITY TO CHARGE THE TOTAL AMOUNT OF P4,790,000.00 FOR THE PAYMENT OF THE SECURITY AND JANITORIAL SERVICES OF THE MAHARLIKA LIVELIHOOD CENTER (MLC) FOR THE PERIOD OCTOBER TO DECEMBER 2025 AGAINST THE 2026 CURRENT APPROPRIATIONS OF THE CITY GENERAL SERVICES OFFICE (CGSO) UNDER ACCOUNT CODE 5-02-12-030 (SECURITY SERVICES) - P3,600,000.00; AND ACCOUNT CODE 5-02-12-020 (JANITORIAL SERVICES) - P1,190,000.00.
2026	063-2026	AN ORDINANCE MANDATING EVENT ORGANIZERS UTILIZING PUBLIC LAND, SUCH AS STREETS, PLAZAS, AND OTHER GOVERNMENT-OWNED SPACES, TO IMPLEMENT A WASTE MANAGEMENT SCHEME AND PROVIDING PENALTIES FOR VIOLATION THEREOF.
2026	064-2026	AN ORDINANCE ADOPTING CHILD BUDGET AND EXPENDITURE TAGGING AND TRACKING (CBETT), INSTITUTIONALIZING THE ALLOCATION, TAGGING, AND MONITORING OF FUNDS FOR CHILDREN, AND FOR OTHER PURPOSES.
2026	065-2026	AN ORDINANCE IMPLEMENTING A BAGUIO CITY SUSTAINABLE TOURISM SUMMIT TO BE CONDUCTED EVERY THREE (3) YEARS.
2026	066-2026	AN ORDINANCE ESTABLISHING THE BAGUIO CITY SANITATION, SEPTAGE, AND WASTEWATER MANAGEMENT SYSTEM, AND AUTHORIZING THE COLLECTION OF REVISED SANITATION FEES, SERVICE CHARGES AND OTHER FEES, REPEALING FOR THE PURPOSES ORDINANCE NUMBERED 36, SERIES OF 2020, ALSO KNOWN AS THE “SEPTAGE MANAGEMENT ORDINANCE OF THE CITY OF BAGUIO”, SECTION 163 TO 166 OF ORDINANCE NUMBERED 18, SERIES OF 2016, AS AMENDED, ALSO KNOWN AS THE “ENVIRONMENT CODE OF THE CITY OF BAGUIO”, AND SUCH OTHER PROVISIONS OF ORDINANCES INCONSISTENT HEREWITH, AND FOR OTHER PURPOSES.
2026	067-2026	APPROVING THE REQUEST FOR AUTHORITY TO CHARGE THE TOTAL AMOUNT OF THIRTY-FOUR MILLION ONE HUNDRED FIFTEEN THOUSAND PESOS (₱34,115,000.00) CHARGEABLE AGAINST THE DISASTER RISK REDUCTION AND MANAGEMENT FUND (DRRMF) SPECIAL TRUST FUND ACCUMULATED FROM VARIOUS YEARS FOR THE DIFFERENT PROGRAMS, PROJECTS, AND ACTIVITIES RELATIVE TO THE IMPLEMENTATION OF FLOOD CONTROL, SLOPE PROTECTION, DRAINAGE REHABILITATION, ROAD RESTORATION, AND PROCUREMENT PROJECTS IN THE  CITY OF BAGUIO.
2026	068-2026	AN ORDINANCE INSTITUTIONALIZING THE “PALARONG PAMBARANGAY” IN THE CITY OF BAGUIO, PROVIDING FUNDS THEREFOR, AND FOR OTHER PURPOSES.
2026	069-2026	AN ORDINANCE PRESCRIBING PAYMENT OF GARBAGE FEES IN THE CITY OF BAGUIO IN ACCORDANCE WITH REPUBLIC ACT NO. 9003, OTHERWISE KNOWN AS THE “ECOLOGICAL SOLID WASTE ACT OF 2000”, REPEALING FOR THE PURPOSE SECTION 32 OF TAX ORDINANCE NUMBERED 2000-01 , PROVIDING SOME MECHANISMS FOR ITS COLLECTION AND IMPOSING PENALTIES FOR VIOLATIONS.
2026	070-2026	APPROVING THE REQUESTS OF CNCA PRODUCTIONS AND WALTRIX PRODUCTIONS FOR THE WAIVER OF AMUSEMENT TAX, WAIVER OF FEES FOR INSTALLATION OF MARKETING COLLATERAL MATERIALS, AND THE ISSUANCE OF SPECIAL PERMITS FOR THE CONCERT ENTITLED “IN BETWEEN” FEATURING OPM ARTISTS TJ MONTERDE AND KZ TANDINGAN, DIRECTED BY JOHN PRATS, TO BE HELD ON 18 JULY 2026 AT THE UNIVERSITY OF BAGUIO CARDINALS GYM.
2026	071-2026	AUTHORIZING A SUPPLEMENTAL BUDGET NO. 6 IN THE AMOUNT OF ONE MILLION THREE HUNDRED THIRTY-THREE THOUSAND PESOS (₱1,333,000.00), CHARGEABLE AGAINST THE UNAPPROPRIATED SURPLUS, TO FUND THE IMPLEMENTATION OF THE “REFUND OF THE MAHARLIKA LIVELIHOOD CENTER (MLC) TENANTS/SUBLESSORS” UNDER THE CITY’S SUPPLEMENTAL ANNUAL INVESTMENT PROGRAM (SAIP) NO. 2 UNDER RESOLUTION NUMBERED 300, SERIES OF 2026.
2026	072-2026	"AUTHORIZING A SUPPLEMENTAL BUDGET NO. 7 IN THE AMOUNT OF SEVEN MILLION EIGHT HUNDRED EIGHTY THOUSAND (P7,880,000.00), CHARGEABLE AGAINST THE UNAPPROPRIATED SURPLUS, TO FUND THE IMPLEMENTATION OF THE ""SMOKE FREE TASK FORCE ANNUAL OPERATION PLAN"", WITH AIP REFERENCE CODE 3000-000-2-1-13-004-000-000, UNDER THE CITY'S SUPPLEMENTAL ANNUAL INVESTMENT PROGRAM (SAIP) NO. 2 UNDER RESOLUTION NUMBERED 300, SERIES OF 2026, SUBJECT TO THE SUBMISSION TO THE SANGGUNIANG PANLUNGSOD (CITY COUNCIL) OF BAGUIO THE BREAKDOWN OF THE AMOUNT BEING APPROPRIATED."
2026	073-2026	THE 2026 REVISED GENDER AND DEVELOPMENT (GAD) CODE OF THE CITY OF BAGUIO.
2026	074-2026	"APPROVING THE CONDUCT OF ""ABATAN TI SIRIB 2: YOUTH FAIR"" FROM 02 TO 17 AUGUST 2026, ALONG PERFECTO STREET FROM THE FRONT OF U-NEED TO THE FRONT OF TIONG SAN HARRISON, MALCOLM SQUARE BARANGAY, BAGUIO CITY, AS ONE OF THE OFFICIAL ACTIVITIES OF THE LINGGO NG KABATAAN 2026 CELEBRATION IN THE CITY OF BAGUIO, AND THE TEMPORARY USE OF THE IDENTIFIED PORTION OF PERFECTO STREET TO PROVIDE A SAFE, ACCESSIBLE, AND STRATEGIC VENUE FOR THE FAIR."
2026	075-2026	APPROVING THE REQUESTS FOR THE TRANSFER OF FUNDS IN THE AMOUNT OF ONE HUNDRED FIFTY-ONE THOUSAND FIVE HUNDRED FOURTEEN AND 32/100 PESOS (P151,514.32) FROM THE CURRENT ACCOUNT OF THE CITY TREASURY OFFICE UNDER ACCOUNT CODE    5-01-01-010 (SALARIES AND WAGES - REGULAR) FROM THE SAVINGS OF THE VACANT POSITION OF ADMINISTRATIVE OFFICER I, SG-10, ITEM NO. 21, TO ACCOUNT CODE 5-01-04-030 (TERMINAL LEAVE BENEFITS), AND THE AUTHORITY TO CHARGE THE SAME AMOUNT FOR THE PAYMENT OF TERMINAL LEAVE BENEFITS OF MS. SANDRA VIVIAN P. LOGRONIO.
